?x	?xLabel	?en	?links	?art	?paisLabel	?alts
<http://www.wikidata.org/entity/Q458609>	"Dortmunder Actien-Brauerei"@es	"Dortmunder Actien Brauerei"@en	9	<https://es.wikipedia.org/wiki/Cerveza_DAB>	"Alemania"@es	""
<http://www.wikidata.org/entity/Q478119>	"Amstel"@es	"Amstel Brewery"@en	28	<https://es.wikipedia.org/wiki/Amstel_(cerveza)>	"Países Bajos"@es	"Cerveza Amstel|Amstel Light"
<http://www.wikidata.org/entity/Q503112>	"Cerveza Pilsen Callao"@es	"Pilsen Callao"@en	6	<https://es.wikipedia.org/wiki/Cerveza_Pilsen_Callao>	"Perú"@es	"Pilsen Callao|Cerveza Pilsen"
<http://www.wikidata.org/entity/Q520174>	"Karlsberg"@es	"Karlsberg"@en	10	<https://es.wikipedia.org/wiki/Karlsberg>	"Alemania"@es	""
<http://www.wikidata.org/entity/Q521673>	"Grupo Modelo"@es	"Grupo Modelo"@en	17	<https://es.wikipedia.org/wiki/Grupo_Modelo>	"México"@es	"Cervecería Modelo de México, S. de R.L. de C.V.|Modelo"
<http://www.wikidata.org/entity/Q562552>	"Oettinger Brauerei"@es	"Oettinger Brewery"@en	14	<https://es.wikipedia.org/wiki/Oettinger_Brauerei>	"Alemania"@es	""
<http://www.wikidata.org/entity/Q566990>	"Schlenkerla"@es	"Schlenkerla"@en	13	<https://es.wikipedia.org/wiki/Schlenkerla>	"Alemania"@es	"Zum blauen Löwen|Brauerei Heller"
<http://www.wikidata.org/entity/Q568797>	"Radeberger"@es	"Radeberger Brewery"@en	12	<https://es.wikipedia.org/wiki/Radeberger>	"Alemania"@es	"Cerveza Radeberger"
<http://www.wikidata.org/entity/Q590921>	"La Trappe"@es	"La Trappe"@en	15	<https://es.wikipedia.org/wiki/La_Trappe>	"Países Bajos"@es	""
<http://www.wikidata.org/entity/Q595750>	"Cervecería y Maltería Quilmes"@es	"Cerveza Quilmes"@en	13	<https://es.wikipedia.org/wiki/Quilmes_(cerveza)>	"Argentina"@es	""
<http://www.wikidata.org/entity/Q896517>	"Karlsquell"@es	"Karlsquell"@en	4	<https://es.wikipedia.org/wiki/Karlsquell>	"Bélgica"@es	""
<http://www.wikidata.org/entity/Q897293>	"Brahma"@es	"Brahma"@en	15	<https://es.wikipedia.org/wiki/Brahma_(cerveza)>	"Brasil"@es	"Brahma (cervecera)"
<http://www.wikidata.org/entity/Q1035257>	"Cara Pils"@es	"Cara Pils"@en	8	<https://es.wikipedia.org/wiki/Cara_Pils>	"Bélgica"@es	""
<http://www.wikidata.org/entity/Q1041750>	"Carling"@es	"Carling"@en	11	<https://es.wikipedia.org/wiki/Carling_(cerveza)>	"Canadá"@es	""
<http://www.wikidata.org/entity/Q1056400>	"Cervecería Bucanero S.A."@es	"Bucanero Brewery S.A."@en	9	<https://es.wikipedia.org/wiki/Cervecer%C3%ADa_Bucanero_S.A.>	"Cuba"@es	"Cervecería Bucanero|Bucanero S.A.|Bucanero|Cubanero"
<http://www.wikidata.org/entity/Q1056430>	"HEINEKEN México"@es	"HEINEKEN Mexico"@en	10	<https://es.wikipedia.org/wiki/Cervecer%C3%ADa_Cuauht%C3%A9moc_Moctezuma>	"México"@es	"Dos Equis|Cervecería Cuauhtemoc Moctezuma|Cerveceria Cuauhtémoc Moctezuma|Cerveceria Cuauhtemoc Moctezuma|Cervecería Cuauhtémoc|Cervecería Cuauhtemoc|Cerveceria Cuauhtémoc|Cerveceria Cuauhtemoc"
<http://www.wikidata.org/entity/Q1071385>	"Velkopopovický Kozel"@es	"Velkopopovický Kozel"@en	22	<https://es.wikipedia.org/wiki/Velkopopovick%C3%BD_Kozel>	"República Checa"@es	""
<http://www.wikidata.org/entity/Q1073087>	"Smithwick's"@es	"Smithwick's"@en	11	<https://es.wikipedia.org/wiki/Smithwick%27s>		""
<http://www.wikidata.org/entity/Q1134872>	"cervecería Hoegaarden"@es	"Hoegaarden Brewery"@en	29	<https://es.wikipedia.org/wiki/Hoegaarden_(f%C3%A1brica_de_cerveza)>	"Bélgica"@es	""
<http://www.wikidata.org/entity/Q1142160>	"Cruzcampo"@es	"Cruzcampo"@en	9	<https://es.wikipedia.org/wiki/Cruzcampo>	"España"@es	"La Cruz del Campo|Cerveza Cruzcampo"
<http://www.wikidata.org/entity/Q1143305>	"Sumol Compal"@es	"Sumol Compal"@en	7	<https://es.wikipedia.org/wiki/Sumol_%2B_Compal>	"Portugal"@es	""
<http://www.wikidata.org/entity/Q1144830>	"Westmalle"@es	"Westmalle Brewery"@en	24	<https://es.wikipedia.org/wiki/Westmalle_(cerveza)>	"Bélgica"@es	""
<http://www.wikidata.org/entity/Q1587723>	"Hartwall"@es	"Hartwall"@en	14	<https://es.wikipedia.org/wiki/Hartwall>	"Finlandia"@es	""
<http://www.wikidata.org/entity/Q3360035>	"Cerveza Paceña"@es	"Paceña"@en	3	<https://es.wikipedia.org/wiki/Cerveza_Pace%C3%B1a>	"Bolivia"@es	"Paceña|Cerveza paceña|Cerveza pacena"
<http://www.wikidata.org/entity/Q3372581>	"John Smith's Brewery"@es	"John Smith's Brewery"@en	7	<https://es.wikipedia.org/wiki/Cervecer%C3%ADa_John_Smith>	"Reino Unido"@es	""
<http://www.wikidata.org/entity/Q3390014>	"Voll-Damm Doble Malta"@es	"Voll-Damm"@en	6	<https://es.wikipedia.org/wiki/Voll-Damm_Doble_Malta>	"España"@es	"Voll Damm"
<http://www.wikidata.org/entity/Q3394030>	"Estrella Galicia"@es	"Estrella Galicia"@en	12	<https://es.wikipedia.org/wiki/Estrella_Galicia>	"España"@es	""
<http://www.wikidata.org/entity/Q106854>	"Beck's"@es	"Beck's"@en	21	<https://es.wikipedia.org/wiki/Beck%27s>	"Alemania"@es	""
<http://www.wikidata.org/entity/Q113215>	"Grupo Carlsberg"@es	"Carlsberg Group"@en	54	<https://es.wikipedia.org/wiki/Grupo_Carlsberg>	"Dinamarca"@es	"Carlsberg"
<http://www.wikidata.org/entity/Q127305>	"Paulaner"@es	"Paulaner Brewery"@en	28	<https://es.wikipedia.org/wiki/Paulaner>	"Alemania"@es	""
<http://www.wikidata.org/entity/Q1341618>	"Leffe"@es	"Leffe"@en	24	<https://es.wikipedia.org/wiki/Leffe_(cerveza)>		""
<http://www.wikidata.org/entity/Q1345267>	"Suntory"@es	"Suntory"@en	31	<https://es.wikipedia.org/wiki/Suntory>	"Japón"@es	"Suntory Limited"
<http://www.wikidata.org/entity/Q1368052>	"Westvleteren"@es	"Westvleteren Brewery"@en	20	<https://es.wikipedia.org/wiki/Westvleteren_(cerveza)>	"Bélgica"@es	""
<http://www.wikidata.org/entity/Q1370611>	"Estrella Damm"@es	"Estrella Damm"@en	17	<https://es.wikipedia.org/wiki/Estrella_Damm>	"España"@es	""
<http://www.wikidata.org/entity/Q1378288>	"Free Beer"@es	"Free Beer"@en	17	<https://es.wikipedia.org/wiki/Free_Beer>	"Reino de Dinamarca"@es	""
<http://www.wikidata.org/entity/Q1407305>	"Coors Brewing Company"@es	"Coors Brewing Company"@en	15	<https://es.wikipedia.org/wiki/Coors_Brewing_Company>	"Estados Unidos"@es	""
<http://www.wikidata.org/entity/Q595892>	"Taedonggang"@es	"Taedonggang"@en	18	<https://es.wikipedia.org/wiki/Taedonggang>		""
<http://www.wikidata.org/entity/Q601859>	"Jever"@es	"Jever Brewery"@en	16	<https://es.wikipedia.org/wiki/Jever_(cerveza)>	"Alemania"@es	""
<http://www.wikidata.org/entity/Q603384>	"Brouwerij Boon"@es	"Brouwerij Boon"@en	8	<https://es.wikipedia.org/wiki/Brouwerij_Boon>	"Bélgica"@es	""
<http://www.wikidata.org/entity/Q608350>	"Veltins"@es	"Veltins Brewery"@en	13	<https://es.wikipedia.org/wiki/Veltins>	"Alemania"@es	""
<http://www.wikidata.org/entity/Q610086>	"Achel"@es	"Achel Brewery"@en	17	<https://es.wikipedia.org/wiki/Achel>	"Bélgica"@es	""
<http://www.wikidata.org/entity/Q610672>	"Budweiser"@es	"Budweiser"@en	38	<https://es.wikipedia.org/wiki/Budweiser_(cerveza)>		"coquimbo"
<http://www.wikidata.org/entity/Q1310990>	"Kirin Brewery Company"@es	"Kirin Brewery"@en	5	<https://es.wikipedia.org/wiki/Kirin_Brewery_Company>	"Japón"@es	""
<http://www.wikidata.org/entity/Q1325408>	"Elbrewery"@es	"Elbrewery"@en	8	<https://es.wikipedia.org/wiki/Elbrewery>	"Polonia"@es	""
<http://www.wikidata.org/entity/Q1333395>	"Els Quatre Gats"@es	"Els Quatre Gats"@en	22	<https://es.wikipedia.org/wiki/Els_Quatre_Gats>	"España"@es	"Els Quatre gats|Casa Martí|Casa Marti"
<http://www.wikidata.org/entity/Q1148414>	"Molson"@es	"Molson"@en	11	<https://es.wikipedia.org/wiki/Molson>	"Canadá"@es	""
<http://www.wikidata.org/entity/Q1154088>	"La Fin du Monde"@es	"La Fin du Monde"@en	4	<https://es.wikipedia.org/wiki/La_Fin_du_Monde>	"Canadá"@es	""
<http://www.wikidata.org/entity/Q1157108>	"Cerveza Sol"@es	"Cerveza Sol"@en	10	<https://es.wikipedia.org/wiki/Cerveza_Sol>	"México"@es	"Sol"
<http://www.wikidata.org/entity/Q1632494>	"Cervecería Huyghe"@es	"Huyghe Brewery"@en	7	<https://es.wikipedia.org/wiki/Huyghe>	"Bélgica"@es	"Cerveceria Huyghe"
<http://www.wikidata.org/entity/Q1741320>	"Kilkenny"@es	"Kilkenny"@en	18	<https://es.wikipedia.org/wiki/Kilkenny_(cerveza)>	"Irlanda"@es	""
<http://www.wikidata.org/entity/Q3445434>	"Cerveza Superior"@es	"Superior"@en	6	<https://es.wikipedia.org/wiki/Cerveza_Superior>		""
<http://www.wikidata.org/entity/Q3467674>	"Xibeca"@es	"Xibeca"@en	6	<https://es.wikipedia.org/wiki/Xibeca>		""
<http://www.wikidata.org/entity/Q3496897>	"Brouwerij 't IJ"@es	"Brouwerij 't IJ"@en	7	<https://es.wikipedia.org/wiki/Brouwerij_%27t_IJ>	"Países Bajos"@es	""
<http://www.wikidata.org/entity/Q3503168>	"Żywiec"@es	"Żywiec"@en	9	<https://es.wikipedia.org/wiki/%C5%BBywiec_(cerveza)>		"Zywiec"
<http://www.wikidata.org/entity/Q1524208>	"Gilde Brauerei"@es	"Gilde Brewery"@en	4	<https://es.wikipedia.org/wiki/Gilde_Brauerei>	"Alemania"@es	""
<http://www.wikidata.org/entity/Q1536205>	"Karlovačko"@es	"Karlovačko"@en	18	<https://es.wikipedia.org/wiki/Karlova%C4%8Dko>	"Croacia"@es	""
<http://www.wikidata.org/entity/Q1546373>	"Murphy's Irish Stout"@es	"Murphy's Irish Stout"@en	14	<https://es.wikipedia.org/wiki/Murphy%27s_Irish_Stout>		"Murphy's"
<http://www.wikidata.org/entity/Q1546845>	"Cerveza Grimbergen"@es	"Grimbergen"@en	10	<https://es.wikipedia.org/wiki/Grimbergen_(cerveza)>		"Grimbergen"
<http://www.wikidata.org/entity/Q12261409>	"Keler"@es		3	<https://es.wikipedia.org/wiki/Keler>		""
<http://www.wikidata.org/entity/Q128738>	"Anheuser-Busch InBev"@es	"Anheuser-Busch InBev"@en	40	<https://es.wikipedia.org/wiki/Anheuser-Busch_InBev>	"Bélgica"@es	"Anheuser Busch InBev"
<http://www.wikidata.org/entity/Q152532>	"Skol"@es	"Skol"@en	26	<https://es.wikipedia.org/wiki/Skol>	"Reino Unido"@es	"Cerveza Skol"
<http://www.wikidata.org/entity/Q153075>	"Grolsch"@es	"Grolsch"@en	28	<https://es.wikipedia.org/wiki/Grolsch>	"Países Bajos"@es	""
<http://www.wikidata.org/entity/Q153546>	"Augustiner Bräu"@es	"Augustiner Bräu"@en	15	<https://es.wikipedia.org/wiki/Augustiner_Br%C3%A4u>	"Alemania"@es	""
<http://www.wikidata.org/entity/Q153960>	"Jupiler"@es	"Jupiler"@en	24	<https://es.wikipedia.org/wiki/Jupiler>	"Bélgica"@es	"Cerveza Jupiler"
<http://www.wikidata.org/entity/Q180855>	"Heineken International"@es	"Heineken International"@en	52	<https://es.wikipedia.org/wiki/Heineken_International>	"Países Bajos"@es	"Cerveza Heineken"
<http://www.wikidata.org/entity/Q194297>	"Guinness"@es	"Guinness"@en	62	<https://es.wikipedia.org/wiki/Guinness>	"Irlanda"@es	"Guiness|Cerveza Guinness|Cerveza Guiness"
<http://www.wikidata.org/entity/Q256392>	"Löwenbräu"@es	"Löwenbräu Brewery"@en	19	<https://es.wikipedia.org/wiki/L%C3%B6wenbr%C3%A4u>	"Alemania"@es	""
<http://www.wikidata.org/entity/Q612166>	"Franziskaner"@es	"Franziskaner-Brauerei"@en	12	<https://es.wikipedia.org/wiki/Franziskaner>	"Alemania"@es	""
<http://www.wikidata.org/entity/Q615718>	"Kwak"@es	"Pauwel Kwak"@en	11	<https://es.wikipedia.org/wiki/Kwak>	"Bélgica"@es	"Pauwel Kwak"
<http://www.wikidata.org/entity/Q633720>	"Liefmans"@es	"Liefmans Brewery"@en	8	<https://es.wikipedia.org/wiki/Liefmans>	"Bélgica"@es	""
<http://www.wikidata.org/entity/Q650340>	"abadía de San Sixto"@es	"Westvleteren Abbey"@en	9	<https://es.wikipedia.org/wiki/Abad%C3%ADa_de_San_Sixto>	"Bélgica"@es	"abadia de San Sixto"
<http://www.wikidata.org/entity/Q658637>	"Miller Brewing Company"@es	"Miller Brewing Company"@en	21	<https://es.wikipedia.org/wiki/Miller_Brewing_Company>	"Estados Unidos"@es	""
<http://www.wikidata.org/entity/Q694218>	"Krombacher Brauerei"@es	"Krombacher Brauerei"@en	19	<https://es.wikipedia.org/wiki/Krombacher_Brauerei>	"Alemania"@es	"Krombacher"
<http://www.wikidata.org/entity/Q696787>	"Warsteiner Brauerei"@es	"Warsteiner"@en	17	<https://es.wikipedia.org/wiki/Warsteiner>	"Alemania"@es	"Warsteiner Brauerei Haus Cramer KG|Warsteiner"
<http://www.wikidata.org/entity/Q698957>	"Erdinger"@es	"Erdinger"@en	21	<https://es.wikipedia.org/wiki/Erdinger>	"Alemania"@es	""
<http://www.wikidata.org/entity/Q706698>	"Bitburger"@es	"Bitburger brewery"@en	18	<https://es.wikipedia.org/wiki/Bitburger>	"Alemania"@es	""
<http://www.wikidata.org/entity/Q720479>	"Asahi Breweries"@es	"Asahi Breweries"@en	32	<https://es.wikipedia.org/wiki/Asahi_Breweries>	"Japón"@es	"Asahi Super Dry|Asahi Group Holdings|Asahi"
<http://www.wikidata.org/entity/Q762922>	"Torre U de Dortmund"@es	"Dortmund U-Tower"@en	7	<https://es.wikipedia.org/wiki/Torre_U_de_Dortmund>	"Alemania"@es	""
<http://www.wikidata.org/entity/Q773164>	"Alken-Maes"@es	"Alken-Maes"@en	9	<https://es.wikipedia.org/wiki/Alken-Maes>	"Bélgica"@es	""
<http://www.wikidata.org/entity/Q787066>	"Spaten-Franziskaner-Bräu"@es	"Spaten-Franziskaner-Bräu"@en	10	<https://es.wikipedia.org/wiki/Spaten-Franziskaner-Br%C3%A4u>	"Alemania"@es	""
<http://www.wikidata.org/entity/Q805734>	"Baltika"@es	"Baltika Breweries"@en	24	<https://es.wikipedia.org/wiki/Baltika>	"Rusia"@es	""
<http://www.wikidata.org/entity/Q812294>	"Bayerische Staatsbrauerei Weihenstephan"@es	"Bavarian State Brewery Weihenstephan"@en	17	<https://es.wikipedia.org/wiki/Bayerische_Staatsbrauerei_Weihenstephan>	"Alemania"@es	"Bayerische staatsbrauerei weihenstephan"
<http://www.wikidata.org/entity/Q900109>	"Cervecería Aying"@es	"Ayinger Brewery"@en	6	<https://es.wikipedia.org/wiki/Cervecer%C3%ADa_Aying>	"Alemania"@es	"Cerveceria Aying"
<http://www.wikidata.org/entity/Q900204>	"Brauerei Gebr. Maisel"@es	"Maisel's"@en	8	<https://es.wikipedia.org/wiki/Brauerei_Gebr._Maisel>	"Alemania"@es	""
<http://www.wikidata.org/entity/Q900302>	"Brauerei Locher"@es	"Brauerei Locher"@en	5	<https://es.wikipedia.org/wiki/Brauerei_Locher>	"Suiza"@es	""
<http://www.wikidata.org/entity/Q257229>	"Föroya Bjór"@es	"Föroya Bjór"@en	14	<https://es.wikipedia.org/wiki/F%C3%B6roya_Bj%C3%B3r>	"Islas Feroe"@es	""
<http://www.wikidata.org/entity/Q278905>	"A. Le Coq"@es	"A. Le Coq"@en	20	<https://es.wikipedia.org/wiki/A._Le_Coq>	"Estonia"@es	"A. le coq|A Le Coq|A le coq"
<http://www.wikidata.org/entity/Q284135>	"Cervecería Backus y Johnston"@es	"Backus and Johnston Brewery"@en	3	<https://es.wikipedia.org/wiki/Cervecer%C3%ADa_Backus_%26_Johnston>	"Perú"@es	"Unión de Cervecerías Peruanas Backus y Johnston|Union de Cervecerias Peruanas Backus y Johnston|Cerveceria Backus y Johnston|Backus y Johnston"
<http://www.wikidata.org/entity/Q288727>	"Sapporo Brewery"@es	"Sapporo Breweries"@en	20	<https://es.wikipedia.org/wiki/Sapporo_Brewery>	"Japón"@es	""
<http://www.wikidata.org/entity/Q313542>	"Cerveza Tsingtao"@es	"Tsingtao Brewery"@en	31	<https://es.wikipedia.org/wiki/Cerveza_Tsingtao>	"República Popular China"@es	"Tsingtao"
<http://www.wikidata.org/entity/Q314054>	"Köstritzer Schwarzbier"@es	"Köstritzer"@en	10	<https://es.wikipedia.org/wiki/K%C3%B6stritzer_Schwarzbier>	"Alemania Oriental"@es	"Kostritzer Schwarzbier|Cerveza Köstritzer Schwarzbier|Cerveza Kostritzer Schwarzbier"
<http://www.wikidata.org/entity/Q314054>	"Köstritzer Schwarzbier"@es	"Köstritzer"@en	10	<https://es.wikipedia.org/wiki/K%C3%B6stritzer_Schwarzbier>	"Alemania"@es	"Kostritzer Schwarzbier|Cerveza Köstritzer Schwarzbier|Cerveza Kostritzer Schwarzbier"
<http://www.wikidata.org/entity/Q331630>	"Pilsner Urquell"@es	"Pilsner Urquell"@en	38	<https://es.wikipedia.org/wiki/Pilsner_Urquell>	"República Checa"@es	""
<http://www.wikidata.org/entity/Q340194>	"Nøgne Ø"@es	"Nøgne Ø"@en	11	<https://es.wikipedia.org/wiki/N%C3%B8gne_%C3%98>	"Noruega"@es	""
<http://www.wikidata.org/entity/Q387897>	"Duvel Moortgat"@es	"Duvel Moortgat Brewery"@en	13	<https://es.wikipedia.org/wiki/Duvel_Moortgat>	"Bélgica"@es	""
<http://www.wikidata.org/entity/Q448720>	"Rothaus"@es	"Rothaus"@en	7	<https://es.wikipedia.org/wiki/Rothaus>	"Alemania"@es	""
<http://www.wikidata.org/entity/Q455794>	"Abadía de Eldena"@es	"Eldena Abbey"@en	10	<https://es.wikipedia.org/wiki/Abad%C3%ADa_de_Eldena>	"Alemania"@es	""
<http://www.wikidata.org/entity/Q848019>	"Borsodi"@es	"Borsodi"@en	3	<https://es.wikipedia.org/wiki/Borsodi>		""
<http://www.wikidata.org/entity/Q854383>	"Heineken"@es	"Heineken"@en	28	<https://es.wikipedia.org/wiki/Heineken>		"Heineken Pilsener"
<http://www.wikidata.org/entity/Q855563>	"Rochefort"@es	"Rochefort"@en	21	<https://es.wikipedia.org/wiki/Rochefort_(cerveza)>	"Bélgica"@es	""
<http://www.wikidata.org/entity/Q861622>	"Cervecería Polar"@es	"Cervecería Polar"@en	3	<https://es.wikipedia.org/wiki/Cervecer%C3%ADa_Polar>	"Venezuela"@es	"Cerveceria Polar"
<http://www.wikidata.org/entity/Q862750>	"Mahou San Miguel"@es	"Group Mahou San Miguel"@en	12	<https://es.wikipedia.org/wiki/Mahou-San_Miguel>	"España"@es	"Grupo Mahou San Miguel"
<http://www.wikidata.org/entity/Q864987>	"Corona Extra"@es	"Corona"@en	39	<https://es.wikipedia.org/wiki/Corona_(cerveza)>	"México"@es	"Cerveza Corona|Corona"
<http://www.wikidata.org/entity/Q865840>	"Birra Moretti"@es	"Birra Moretti"@en	14	<https://es.wikipedia.org/wiki/Birra_Moretti>	"Italia"@es	""
<http://www.wikidata.org/entity/Q865859>	"Birra Peroni"@es	"Peroni Brewery"@en	18	<https://es.wikipedia.org/wiki/Birra_Peroni_(empresa)>	"Italia"@es	"Birra Peroni (empresa)"
<http://www.wikidata.org/entity/Q881489>	"abadía de Scheyern"@es	"Scheyern Abbey"@en	10	<https://es.wikipedia.org/wiki/Abad%C3%ADa_de_Scheyern>	"Alemania"@es	"abadia de Scheyern"
<http://www.wikidata.org/entity/Q911367>	"BrewDog"@es	"BrewDog"@en	21	<https://es.wikipedia.org/wiki/BrewDog>	"Reino Unido"@es	""
<http://www.wikidata.org/entity/Q924355>	"XXXX"@es	"XXXX"@en	21	<https://es.wikipedia.org/wiki/XXXX_(Fourex)>	"Australia"@es	""
<http://www.wikidata.org/entity/Q929276>	"Stella Artois"@es	"Stella Artois"@en	32	<https://es.wikipedia.org/wiki/Stella_Artois>	"Bélgica"@es	"Cerveza Stella Artois"
<http://www.wikidata.org/entity/Q935317>	"Staropramen"@es	"Staropramen"@en	25	<https://es.wikipedia.org/wiki/Staropramen>	"República Checa"@es	""
<http://www.wikidata.org/entity/Q948831>	"Plzeňský Prazdroj"@es	"Plzeňský Prazdroj"@en	12	<https://es.wikipedia.org/wiki/Plze%C5%88sk%C3%BD_Prazdroj>	"República Checa"@es	"Pilsner Urquell Brewery"
<http://www.wikidata.org/entity/Q1001644>	"Budweiser Budvar"@es	"Budweiser Budvar"@en	24	<https://es.wikipedia.org/wiki/Bud%C4%9Bjovick%C3%BD_Budvar_(cervecer%C3%ADa)>	"República Checa"@es	"Budweiser Budvár"
<http://www.wikidata.org/entity/Q1422061>	"Labatt Brewing Company"@es	"Labatt Brewing Company"@en	9	<https://es.wikipedia.org/wiki/Labatt_Brewing_Company>	"Canadá"@es	""
<http://www.wikidata.org/entity/Q1423785>	"Foster's Lager"@es	"Foster's"@en	14	<https://es.wikipedia.org/wiki/Foster%27s_Lager>	"Australia"@es	""
<http://www.wikidata.org/entity/Q1435628>	"Fomento Económico Mexicano"@es	"FEMSA"@en	13	<https://es.wikipedia.org/wiki/Fomento_Econ%C3%B3mico_Mexicano>	"México"@es	"Fomento Económico Mexicano, SAB de CV|Fomento Economico Mexicano, SAB de CV|Fomento Económico Mexicano, S.A.B. de C.V.|Fomento Economico Mexicano, S.A.B. de C.V.|Fomento Económico Mexicano S.A.B. de C.V.|Fomento Economico Mexicano S.A.B. de C.V.|Fomento Economico Mexicano S A B de C V|Fomento Economico Mexicano|FEMSA"
<http://www.wikidata.org/entity/Q1764694>	"Brooklyn Brewery"@es	"Brooklyn Brewery"@en	9	<https://es.wikipedia.org/wiki/Brooklyn_Brewery>	"Estados Unidos"@es	""
<http://www.wikidata.org/entity/Q1776382>	"Klosterbrauerei Andechs"@es	"Klosterbrauerei Andechs"@en	7	<https://es.wikipedia.org/wiki/Klosterbrauerei_Andechs>	"Alemania"@es	""
<http://www.wikidata.org/entity/Q1813698>	"Cerveza Imperial"@es	"Imperial"@en	8	<https://es.wikipedia.org/wiki/Cerveza_Imperial_(Costa_Rica)>		"Cerveza"
<http://www.wikidata.org/entity/Q1828277>	"Brouwerij De Molen"@es	"Brouwerij De Molen"@en	5	<https://es.wikipedia.org/wiki/Brouwerij_De_Molen>	"Países Bajos"@es	""
<http://www.wikidata.org/entity/Q1862698>	"Tiger"@es	"Tiger Beer"@en	19	<https://es.wikipedia.org/wiki/Tiger_(cerveza)>		""
<http://www.wikidata.org/entity/Q3625676>	"Bohemia"@es	"Bohemia"@en	6	<https://es.wikipedia.org/wiki/Bohemia_(cerveza_mexicana)>	"México"@es	""
<http://www.wikidata.org/entity/Q3640369>	"Cerveza Polar"@es		3	<https://es.wikipedia.org/wiki/Polar_(cerveza)>	"Venezuela"@es	"Polarcita|Polar (cerveza)|Cerveza Polar Pilsen"
<http://www.wikidata.org/entity/Q3660964>	"Estrella Damm Daura"@es		2	<https://es.wikipedia.org/wiki/Estrella_Damm_Daura>		""
<http://www.wikidata.org/entity/Q12794668>	"Laško"@es	"Laško"@en	5	<https://es.wikipedia.org/wiki/La%C5%A1ko_(cerveza)>		""
<http://www.wikidata.org/entity/Q15428539>	"Spencer"@es	"Spencer Trappist Ale"@en	7	<https://es.wikipedia.org/wiki/Spencer_(cerveza)>		""
<http://www.wikidata.org/entity/Q15874936>	"Michelob ULTRA"@es	"Michelob"@en	2	<https://es.wikipedia.org/wiki/Michelob_ULTRA>	"Estados Unidos"@es	""
<http://www.wikidata.org/entity/Q16010125>	"Affligem (cervecería)"@es	"Affligem Brewery"@en	5	<https://es.wikipedia.org/wiki/Affligem_(cervecer%C3%ADa)>	"Bélgica"@es	""
<http://www.wikidata.org/entity/Q16255800>	"Khukuri"@es	"Khukuri"@en	2	<https://es.wikipedia.org/wiki/Khukuri_Beer>		""
<http://www.wikidata.org/entity/Q20994791>	"Cervecería Aubel"@es	"Cervecería Aubel"@en	2	<https://es.wikipedia.org/wiki/Cervecer%C3%ADa_Aubel>	"Chile"@es	"Cerveceria Aubel"
<http://www.wikidata.org/entity/Q21487158>	"Baltica"@es	"Baltica"@en	1	<https://es.wikipedia.org/wiki/B%C3%A1ltica_(cerveza)>		""
<http://www.wikidata.org/entity/Q4739126>	"Amager Bryghus"@es	"Amager Bryghus"@en	5	<https://es.wikipedia.org/wiki/Amager_Bryghus>	"Dinamarca"@es	""
<http://www.wikidata.org/entity/Q5065318>	"Cervecería Nacional Dominicana"@es	"Cervecería Nacional Dominicana"@en	4	<https://es.wikipedia.org/wiki/Cervecer%C3%ADa_Nacional_Dominicana>	"República Dominicana"@es	"Cerveceria Nacional Dominicana"
<http://www.wikidata.org/entity/Q5253950>	"Fuller's"@es	"Fuller's Brewery"@en	10	<https://es.wikipedia.org/wiki/Fuller%27s>	"Reino Unido"@es	""
<http://www.wikidata.org/entity/Q16490215>	"Capital"@es	"Capital"@en	1	<https://es.wikipedia.org/wiki/Capital_(cervecer%C3%ADa)>	"Chile"@es	""
<http://www.wikidata.org/entity/Q16985221>	"Cervecerías de Burton"@es	"Brewers of Burton"@en	2	<https://es.wikipedia.org/wiki/Cerveceras_de_Burton>		""
<http://www.wikidata.org/entity/Q17190954>	"Pripps"@es	"Pripps"@en	10	<https://es.wikipedia.org/wiki/Pripps>	"Suecia"@es	""
<http://www.wikidata.org/entity/Q26690152>	"Dougall's"@es	"Dougall's"@en	1	<https://es.wikipedia.org/wiki/Dougall%27s>	"España"@es	""
<http://www.wikidata.org/entity/Q127610065>	"Cervecería Tecate"@es		2	<https://es.wikipedia.org/wiki/Cervecer%C3%ADa_Tecate>		""
<http://www.wikidata.org/entity/Q75438>	"Żywiec Brewery"@en	"Żywiec Brewery"@en	12		"Polonia"@es	""
<http://www.wikidata.org/entity/Q83850>	"Birra Stela"@en	"Birra Stela"@en	4		"Albania"@es	""
<http://www.wikidata.org/entity/Q128237>	"Slavena"@en	"Slavena"@en	1		"Bulgaria"@es	""
<http://www.wikidata.org/entity/Q128270>	"Astika Brewery"@en	"Astika Brewery"@en	1		"Bulgaria"@es	""
<http://www.wikidata.org/entity/Q129487>	"Kamenitza"@en	"Kamenitza"@en	9			""
<http://www.wikidata.org/entity/Q129645>	"Sabeco"@en	"Sabeco"@en	10		"Vietnam"@es	""
<http://www.wikidata.org/entity/Q134899>	"Zhigulevskoye"@es	"Zhigulevskoye"@en	13			""
<http://www.wikidata.org/entity/Q136957>	"Privatbrauerei Jacob Stauder"@en	"Privatbrauerei Jacob Stauder"@en	4		"Alemania"@es	""
<http://www.wikidata.org/entity/Q145670>	"Hansa Brewery"@en	"Hansa Brewery"@en	5		"Noruega"@es	""
<http://www.wikidata.org/entity/Q151205>	"Heinrich Reissdorf"@en	"Heinrich Reissdorf"@en	6		"Alemania"@es	""
<http://www.wikidata.org/entity/Q151474>	"Brauerei Königshof"@en	"Brauerei Königshof"@en	4		"Alemania"@es	""
<http://www.wikidata.org/entity/Q151607>	"Gaffel Becker & Co"@en	"Gaffel Becker & Co"@en	5		"Alemania"@es	""
<http://www.wikidata.org/entity/Q151713>	"Q151713"		4		"Alemania"@es	""
<http://www.wikidata.org/entity/Q152143>	"Q152143"		2		"Alemania"@es	""
<http://www.wikidata.org/entity/Q152161>	"Ketschenburg-Brauerei"@en	"Ketschenburg-Brauerei"@en	3		"Alemania"@es	""
<http://www.wikidata.org/entity/Q152169>	"Q152169"		3		"Alemania"@es	""
<http://www.wikidata.org/entity/Q152174>	"Q152174"		2		"Alemania"@es	""
<http://www.wikidata.org/entity/Q152198>	"Brauerei Päffgen"@es	"Brauerei Päffgen"@en	2		"Alemania"@es	""
<http://www.wikidata.org/entity/Q153741>	"Bönnsch"@en	"Bönnsch"@en	4			""
<http://www.wikidata.org/entity/Q153852>	"Cölner Hofbräu Früh"@es	"Cölner Hofbräu Früh"@en	7		"Alemania"@es	""
<http://www.wikidata.org/entity/Q154024>	"Q154024"		3		"Alemania"@es	""
<http://www.wikidata.org/entity/Q181084>	"Pirinsko Pivo"@en	"Pirinsko Pivo"@en	12		"Bulgaria"@es	""
<http://www.wikidata.org/entity/Q204880>	"Licher Brewery"@en	"Licher Brewery"@en	4		"Alemania"@es	""
<http://www.wikidata.org/entity/Q205601>	"Oriental Brewery"@es	"Oriental Brewery"@en	8		"Brasil"@es	""
<http://www.wikidata.org/entity/Q225900>	"Cardinal Brewery"@en	"Cardinal Brewery"@en	6		"Suiza"@es	""
<http://www.wikidata.org/entity/Q228955>	"Zum Grünen Baum"@en	"Zum Grünen Baum"@en	2		"Alemania"@es	""
<http://www.wikidata.org/entity/Q244637>	"Zwiefalter Klosterbräu"@en	"Zwiefalter Klosterbräu"@en	3		"Alemania"@es	""
<http://www.wikidata.org/entity/Q254751>	"Q254751"		4		"Alemania"@es	""
<http://www.wikidata.org/entity/Q259865>	"Unibroue"@en	"Unibroue"@en	5		"Canadá"@es	""
<http://www.wikidata.org/entity/Q263980>	"Soproni"@es	"Soproni"@en	6			""
<http://www.wikidata.org/entity/Q266565>	"Markus Wasmeier Freilichtmuseum Schliersee"@en	"Markus Wasmeier Freilichtmuseum Schliersee"@en	3		"Alemania"@es	""
<http://www.wikidata.org/entity/Q270809>	"Q270809"		6		"Suecia"@es	""
<http://www.wikidata.org/entity/Q279660>	"Nils Oscar Brewery"@en	"Nils Oscar Brewery"@en	3		"Suecia"@es	""
<http://www.wikidata.org/entity/Q282879>	"Pécs Brewery"@en	"Pécs Brewery"@en	5		"Hungría"@es	""
<http://www.wikidata.org/entity/Q303690>	"Aass Brewery"@en	"Aass Brewery"@en	5		"Noruega"@es	""
<http://www.wikidata.org/entity/Q304091>	"Moosehead Brewery"@en	"Moosehead Brewery"@en	5		"Canadá"@es	""
<http://www.wikidata.org/entity/Q317103>	"Hasseröder"@en	"Hasseröder"@en	3		"Alemania"@es	""
<http://www.wikidata.org/entity/Q317402>	"Berliner Kindl"@es	"Berliner Kindl"@en	7		"Imperio aleman (1871-1949)"@es	"Vereinsbrauerei Berliner Gastwirte zu Berlin AG"
<http://www.wikidata.org/entity/Q317402>	"Berliner Kindl"@es	"Berliner Kindl"@en	7		"Alemania"@es	"Vereinsbrauerei Berliner Gastwirte zu Berlin AG"
<http://www.wikidata.org/entity/Q323095>	"Einbecker Brewery"@en	"Einbecker Brewery"@en	6		"Alemania"@es	""
<http://www.wikidata.org/entity/Q323969>	"Ganter Brewery"@en	"Ganter Brewery"@en	5		"Alemania"@es	""
<http://www.wikidata.org/entity/Q328194>	"Brasserie Météor"@en	"Brasserie Météor"@en	3		"Francia"@es	""
<http://www.wikidata.org/entity/Q334066>	"abadía de Neuburg"@es	"Neuburg Abbey"@en	9		"Alemania"@es	"monasterio de Neuburg"
<http://www.wikidata.org/entity/Q343261>	"Reisewitz brewery"@en	"Reisewitz brewery"@en	2		"Alemania"@es	""
<http://www.wikidata.org/entity/Q343264>	"Actien-Brauerei Homburg v. d. Höhe"@en	"Actien-Brauerei Homburg v. d. Höhe"@en	1		"Alemania"@es	""
<http://www.wikidata.org/entity/Q358035>	"Adler-Brauerei Coswig"@en	"Adler-Brauerei Coswig"@en	3		"Alemania"@es	""
<http://www.wikidata.org/entity/Q377626>	"Henninger Brewery"@en	"Henninger Brewery"@en	5		"Alemania"@es	""
<http://www.wikidata.org/entity/Q382849>	"Postel"@en	"Postel"@en	4			""
<http://www.wikidata.org/entity/Q392195>	"Jopen"@en	"Jopen"@en	4		"Países Bajos"@es	""
<http://www.wikidata.org/entity/Q422019>	"Aktien-Brauerei-Gesellschaft Friedrichshöhe"@es	"Aktien-Brauerei-Gesellschaft Friedrichshöhe"@en	3		"Alemania"@es	""
<http://www.wikidata.org/entity/Q422030>	"Q422030"		1		"Alemania"@es	""
<http://www.wikidata.org/entity/Q422034>	"Aktienbrauerei Kaufbeuren"@en	"Aktienbrauerei Kaufbeuren"@en	6		"Imperio aleman (1871-1949)"@es	""
<http://www.wikidata.org/entity/Q422034>	"Aktienbrauerei Kaufbeuren"@en	"Aktienbrauerei Kaufbeuren"@en	6		"Alemania"@es	""
<http://www.wikidata.org/entity/Q422038>	"Q422038"		1		"Alemania"@es	""
<http://www.wikidata.org/entity/Q436921>	"Altenburger Brauerei"@es	"Altenburger Brauerei"@en	5		"Alemania"@es	""
<http://www.wikidata.org/entity/Q439148>	"Altes Brauhaus (Kempten)"@en	"Altes Brauhaus (Kempten)"@en	2		"Alemania"@es	""
<http://www.wikidata.org/entity/Q439162>	"Altes Brauhaus Rietkötter"@en	"Altes Brauhaus Rietkötter"@en	2		"Alemania"@es	""
<http://www.wikidata.org/entity/Q439166>	"Altes Brauhaus zu Fallersleben"@en	"Altes Brauhaus zu Fallersleben"@en	2		"Alemania"@es	""
<http://www.wikidata.org/entity/Q459088>	"Q459088"		1		"Alemania"@es	""
<http://www.wikidata.org/entity/Q460206>	"Holsten-Brauerei"@es	"Holsten Brewery"@en	9		"Alemania"@es	""
<http://www.wikidata.org/entity/Q479003>	"Oranjeboom"@en	"Oranjeboom"@en	5		"Países Bajos"@es	""
<http://www.wikidata.org/entity/Q489187>	"Anchor Brewing Company"@es	"Anchor Brewing Company"@en	10		"Estados Unidos"@es	""
<http://www.wikidata.org/entity/Q491736>	"Brauerei Anderten"@en	"Brauerei Anderten"@en	2		"Alemania"@es	""
<http://www.wikidata.org/entity/Q493271>	"East African Breweries"@en	"East African Breweries"@en	9		"Kenia"@es	""
<http://www.wikidata.org/entity/Q494166>	"Fischer Brewery"@en	"Fischer Brewery"@en	5		"Francia"@es	""
<http://www.wikidata.org/entity/Q508089>	"Q508089"		2		"Senegal"@es	""
<http://www.wikidata.org/entity/Q519781>	"Blanche de Namur"@en	"Blanche de Namur"@en	8		"Bélgica"@es	""
<http://www.wikidata.org/entity/Q557112>	"Ankerbräu Nördlingen"@en	"Ankerbräu Nördlingen"@en	3		"Alemania"@es	""
<http://www.wikidata.org/entity/Q568684>	"Hacker-Pschorr Brewery"@en	"Hacker-Pschorr Brewery"@en	13		"Alemania"@es	""
<http://www.wikidata.org/entity/Q583949>	"Mort Subite"@en	"Mort Subite"@en	4		"Bélgica"@es	""
<http://www.wikidata.org/entity/Q598129>	"Q598129"		2		"Alemania Oriental"@es	""
<http://www.wikidata.org/entity/Q618044>	"Apatinska Brewery"@en	"Apatinska Brewery"@en	9		"Serbia"@es	""
<http://www.wikidata.org/entity/Q637645>	"Arcobräu"@en	"Arcobräu"@en	5		"Alemania"@es	""
<http://www.wikidata.org/entity/Q644625>	"Brasil Kirin"@es	"Brasil Kirin"@en	8		"Brasil"@es	""
<http://www.wikidata.org/entity/Q646458>	"Gubernija"@en	"Gubernija"@en	10		"Lituania"@es	""
<http://www.wikidata.org/entity/Q668023>	"Cartuja de Gaming"@es	"Gaming Charterhouse"@en	7		"Austria"@es	""
<http://www.wikidata.org/entity/Q672384>	"Ottakringer"@es		8		"Austria"@es	"Brauerei Ottakringer"
<http://www.wikidata.org/entity/Q682660>	"Flensburger Brauerei"@en	"Flensburger Brauerei"@en	14		"Alemania"@es	""
<http://www.wikidata.org/entity/Q683303>	"Hürlimann Brewery"@en	"Hürlimann Brewery"@en	4		"Suiza"@es	""
<http://www.wikidata.org/entity/Q686666>	"Feldschlösschen"@en	"Feldschlösschen"@en	11		"Suiza"@es	""
<http://www.wikidata.org/entity/Q696650>	"Gösser"@en	"Gösser"@en	13		"Austria"@es	""
<http://www.wikidata.org/entity/Q697534>	"Staatliches Hofbräuhaus in München"@en	"Staatliches Hofbräuhaus in München"@en	15		"Alemania"@es	""
<http://www.wikidata.org/entity/Q721311>	"Q721311"		1		"Alemania"@es	""
<http://www.wikidata.org/entity/Q746293>	"Xingu"@es	"Xingu"@en	2			""
<http://www.wikidata.org/entity/Q747216>	"Bornem"@en	"Bornem"@en	4			""
<http://www.wikidata.org/entity/Q900322>	"Q900322"		1		"Alemania"@es	""
<http://www.wikidata.org/entity/Q900320>	"Brauerei Max Leibinger"@en	"Brauerei Max Leibinger"@en	2		"Alemania"@es	""
<http://www.wikidata.org/entity/Q900327>	"Q900327"		1		"Alemania"@es	""
<http://www.wikidata.org/entity/Q900324>	"Brauerei Murau"@en	"Brauerei Murau"@en	1		"Austria"@es	""
<http://www.wikidata.org/entity/Q900330>	"Brauerei Märkl"@en	"Brauerei Märkl"@en	3		"Alemania"@es	""
<http://www.wikidata.org/entity/Q900335>	"Brauerei Puntigam"@en	"Brauerei Puntigam"@en	3		"Austria"@es	""
<http://www.wikidata.org/entity/Q900339>	"Q900339"		3		"Alemania"@es	""
<http://www.wikidata.org/entity/Q900342>	"Ariana Brewery"@en	"Ariana Brewery"@en	5		"Bulgaria"@es	""
<http://www.wikidata.org/entity/Q900343>	"Rapp Brewery"@en	"Rapp Brewery"@en	2		"Alemania"@es	""
<http://www.wikidata.org/entity/Q900347>	"Q900347"		1		"Alemania"@es	""
<http://www.wikidata.org/entity/Q900345>	"Brauerei Reichenbrand"@es	"Brauerei Reichenbrand"@en	1		"Alemania"@es	""
<http://www.wikidata.org/entity/Q900351>	"Brauerei Rittmayer"@en	"Brauerei Rittmayer"@en	2		"Alemania"@es	""
<http://www.wikidata.org/entity/Q900354>	"Q900354"		2		"Austria"@es	""
<http://www.wikidata.org/entity/Q900363>	"Q900363"		1		"Alemania"@es	""
<http://www.wikidata.org/entity/Q900361>	"Q900361"		1		"Austria"@es	""
<http://www.wikidata.org/entity/Q900366>	"Brauerei"@en	"Brauerei"@en	2		"Alemania"@es	""
<http://www.wikidata.org/entity/Q900368>	"Brauerei Schloss Eggenberg"@en	"Brauerei Schloss Eggenberg"@en	2		"Austria"@es	""
<http://www.wikidata.org/entity/Q900372>	"Q900372"		1		"Alemania"@es	""
<http://www.wikidata.org/entity/Q900376>	"Q900376"		3		"Alemania Oriental"@es	""
<http://www.wikidata.org/entity/Q900376>	"Q900376"		3		"Alemania"@es	""
<http://www.wikidata.org/entity/Q900382>	"Q900382"		3		"Alemania"@es	""
<http://www.wikidata.org/entity/Q900381>	"Q900381"		1		"Austria"@es	""
<http://www.wikidata.org/entity/Q900387>	"Brauerei Schwelm"@en	"Brauerei Schwelm"@en	2		"Alemania"@es	""
<http://www.wikidata.org/entity/Q900391>	"Private Landbrauerei Schönram"@en	"Private Landbrauerei Schönram"@en	2		"Alemania"@es	""
<http://www.wikidata.org/entity/Q900389>	"Brauerei Schwechat"@en	"Brauerei Schwechat"@en	3		"Austria"@es	""
<http://www.wikidata.org/entity/Q900395>	"Brauerei Stadtbühl"@en	"Brauerei Stadtbühl"@en	2		"Suiza"@es	""
<http://www.wikidata.org/entity/Q900397>	"Brauerei Spezial"@en	"Brauerei Spezial"@en	2		"Alemania"@es	""
<http://www.wikidata.org/entity/Q900400>	"Brauerei Weimar-Ehringsdorf"@es	"Brauerei Weimar-Ehringsdorf"@en	3		"Alemania"@es	""
<http://www.wikidata.org/entity/Q900407>	"Brauerei Westheim"@es	"Brauerei Westheim"@en	2		"Alemania"@es	""
<http://www.wikidata.org/entity/Q900404>	"Brauerei Wieninger"@en	"Brauerei Wieninger"@en	2		"Alemania"@es	""
<http://www.wikidata.org/entity/Q900409>	"Brauerei Wieselburg"@en	"Brauerei Wieselburg"@en	2		"Austria"@es	""
<http://www.wikidata.org/entity/Q900412>	"Brauerei Wilhelm Krieger"@en	"Brauerei Wilhelm Krieger"@en	2		"Alemania"@es	""
<http://www.wikidata.org/entity/Q900413>	"Zassenhaus brewery"@en	"Zassenhaus brewery"@en	2		"Alemania"@es	""
<http://www.wikidata.org/entity/Q900416>	"Brauerei Wädenswil"@en	"Brauerei Wädenswil"@en	2		"Suiza"@es	""
<http://www.wikidata.org/entity/Q900427>	"Brauerei zur Malzmühle"@en	"Brauerei zur Malzmühle"@en	4		"Alemania"@es	""
<http://www.wikidata.org/entity/Q900425>	"Brewery „Zum Schlüssel“, Düsseldorf"@en	"Brewery „Zum Schlüssel“, Düsseldorf"@en	2		"Alemania"@es	""
<http://www.wikidata.org/entity/Q900434>	"Brauerei Zum Schiffchen, Düsseldorf"@en	"Brauerei Zum Schiffchen, Düsseldorf"@en	2		"Alemania"@es	""
<http://www.wikidata.org/entity/Q900432>	"Q900432"		1		"Alemania"@es	""
<http://www.wikidata.org/entity/Q900437>	"Kapplerbräu"@en	"Kapplerbräu"@en	2		"Alemania"@es	""
<http://www.wikidata.org/entity/Q900469>	"Braugold"@en	"Braugold"@en	5		"Alemania Oriental"@es	""
<http://www.wikidata.org/entity/Q900474>	"Q900474"		2		"Alemania"@es	""
<http://www.wikidata.org/entity/Q900481>	"Q900481"		1		"Alemania"@es	""
<http://www.wikidata.org/entity/Q900486>	"Brauhaus Gusswerk"@en	"Brauhaus Gusswerk"@en	1		"Austria"@es	""
<http://www.wikidata.org/entity/Q900491>	"Brauhaus Im Roten Ochsen"@en	"Brauhaus Im Roten Ochsen"@en	2		"Alemania"@es	""
<http://www.wikidata.org/entity/Q900500>	"Brauhaus Pfaffenhofen"@en	"Brauhaus Pfaffenhofen"@en	2		"Alemania"@es	""
<http://www.wikidata.org/entity/Q900506>	"Riegele"@en	"Riegele"@en	6		"Alemania"@es	""
<http://www.wikidata.org/entity/Q900504>	"Brauhaus Sion"@en	"Brauhaus Sion"@en	2		"Alemania"@es	""
<http://www.wikidata.org/entity/Q900510>	"Brauhaus am Kreuzberg"@en	"Brauhaus am Kreuzberg"@en	2		"Alemania"@es	""
<http://www.wikidata.org/entity/Q900508>	"Brauhaus der Stadt Wien"@en	"Brauhaus der Stadt Wien"@en	1		"Austria"@es	""
<http://www.wikidata.org/entity/Q900514>	"Löwenapotheke am Kornmarkt"@en	"Löwenapotheke am Kornmarkt"@en	2		"Alemania"@es	""
<http://www.wikidata.org/entity/Q909817>	"Dreher Breweries"@en	"Dreher Breweries"@en	10		"Hungría"@es	""
<http://www.wikidata.org/entity/Q935473>	"Q935473"		1		"Bélgica"@es	""
<http://www.wikidata.org/entity/Q969673>	"Em Kölsche Boor"@en	"Em Kölsche Boor"@en	2		"Alemania"@es	""
<http://www.wikidata.org/entity/Q971751>	"Bintang Beer"@en	"Bintang Beer"@en	10			""
<http://www.wikidata.org/entity/Q973275>	"Abbaye de Cambron"@en	"Abbaye de Cambron"@en	3		"Bélgica"@es	""
<http://www.wikidata.org/entity/Q977482>	"Cisk"@en	"Cisk"@en	2		"Malta"@es	""
<http://www.wikidata.org/entity/Q980404>	"Q980404"		2			""
<http://www.wikidata.org/entity/Q991894>	"Brauerei G.A. Bruch"@en	"Brauerei G.A. Bruch"@en	3		"Alemania"@es	""
<http://www.wikidata.org/entity/Q995568>	"Q995568"		1		"Alemania"@es	""
<http://www.wikidata.org/entity/Q996897>	"Q996897"		1		"Alemania Oriental"@es	""
<http://www.wikidata.org/entity/Q999745>	"Q999745"		8			""
<http://www.wikidata.org/entity/Q1000737>	"Marthabräu"@en	"Marthabräu"@en	2		"Alemania"@es	""
<http://www.wikidata.org/entity/Q1011070>	"Globus Cannery"@en	"Globus Cannery"@en	3		"Hungría"@es	""
<http://www.wikidata.org/entity/Q1017471>	"Bush"@en	"Bush"@en	6		"Bélgica"@es	""
<http://www.wikidata.org/entity/Q1019155>	"Bärenquell-Brauerei"@en	"Bärenquell-Brauerei"@en	3		"Alemania"@es	""
<http://www.wikidata.org/entity/Q1019732>	"Böhmisch Brauhaus Großröhrsdorf"@es	"Böhmisch Brauhaus Großröhrsdorf"@en	3		"Alemania"@es	""
<http://www.wikidata.org/entity/Q1019779>	"Böhmisches Brauhaus"@en	"Böhmisches Brauhaus"@en	2		"Alemania"@es	""
<http://www.wikidata.org/entity/Q1019921>	"Börde-Brauerei"@es	"Börde-Brauerei"@en	2		"Alemania"@es	""
<http://www.wikidata.org/entity/Q1020177>	"Bötzow-Brauerei"@en	"Bötzow-Brauerei"@en	2		"Alemania"@es	""
<http://www.wikidata.org/entity/Q1021191>	"Q1021191"		2		"Alemania"@es	""
<http://www.wikidata.org/entity/Q1021189>	"Bürgerliches Brauhaus München"@en	"Bürgerliches Brauhaus München"@en	3		"Alemania"@es	""
<http://www.wikidata.org/entity/Q1026242>	"Calanda Bräu"@en	"Calanda Bräu"@en	6		"Suiza"@es	""
<http://www.wikidata.org/entity/Q1031937>	"Heineken Hungária"@en	"Heineken Hungária"@en	2			""
<http://www.wikidata.org/entity/Q1048121>	"Q1048121"		3		"Alemania"@es	""
<http://www.wikidata.org/entity/Q1083003>	"Christianssands Bryggeri"@en	"Christianssands Bryggeri"@en	7		"Noruega"@es	""
<http://www.wikidata.org/entity/Q1092501>	"Ciney"@en	"Ciney"@en	6			""
<http://www.wikidata.org/entity/Q1103455>	"Cluss"@en	"Cluss"@en	2		"Imperio aleman (1871-1949)"@es	""
<http://www.wikidata.org/entity/Q1103455>	"Cluss"@en	"Cluss"@en	2		"Alemania"@es	""
<http://www.wikidata.org/entity/Q1104762>	"Cobra Beer"@en	"Cobra Beer"@en	10			""
<http://www.wikidata.org/entity/Q1109975>	"Müser-Brauerei"@en	"Müser-Brauerei"@en	2		"Alemania"@es	""
<http://www.wikidata.org/entity/Q1129508>	"Fix"@en	"Fix"@en	8		"Grecia"@es	""
<http://www.wikidata.org/entity/Q1135433>	"Corsendonk"@en	"Corsendonk"@en	5			""
<http://www.wikidata.org/entity/Q1145709>	"Lindenbrauerei"@en	"Lindenbrauerei"@en	3		"Alemania"@es	""
<http://www.wikidata.org/entity/Q1146548>	"Sorgendorfer Brauerei"@en	"Sorgendorfer Brauerei"@en	2		"Austria"@es	""
<http://www.wikidata.org/entity/Q1146659>	"Cuvée des Trolls"@en	"Cuvée des Trolls"@en	5		"Bélgica"@es	""
<http://www.wikidata.org/entity/Q1156773>	"Dachsbräu"@en	"Dachsbräu"@en	3		"Alemania"@es	""
<http://www.wikidata.org/entity/Q1164954>	"Dubuisson Brewery"@es	"Dubuisson Brewery"@en	7		"Bélgica"@es	""
<http://www.wikidata.org/entity/Q1165858>	"Darguner Brauerei"@es	"Darguner Brauerei"@en	4		"Alemania"@es	""
<http://www.wikidata.org/entity/Q1166481>	"Darmstädter Privatbrauerei"@en	"Darmstädter Privatbrauerei"@en	3		"Alemania"@es	""
<http://www.wikidata.org/entity/Q1179773>	"Brewery De Block"@en	"Brewery De Block"@en	4		"Bélgica"@es	""
<http://www.wikidata.org/entity/Q1179933>	"De Halve Maan brewery"@en	"De Halve Maan brewery"@en	7		"Bélgica"@es	""
<http://www.wikidata.org/entity/Q1208528>	"Diamant-Brauerei"@es	"Diamant-Brauerei"@en	1		"Alemania"@es	""
<http://www.wikidata.org/entity/Q1220049>	"Diebels"@en	"Diebels"@en	5		"Alemania"@es	""
<http://www.wikidata.org/entity/Q1225662>	"Q1225662"		3			""
<http://www.wikidata.org/entity/Q1229442>	"Distelhäuser Brewery"@en	"Distelhäuser Brewery"@en	6		"Alemania"@es	""
<http://www.wikidata.org/entity/Q1232781>	"Elbschloss-Brauerei"@en	"Elbschloss-Brauerei"@en	1		"Imperio aleman (1871-1949)"@es	""
<http://www.wikidata.org/entity/Q1232781>	"Elbschloss-Brauerei"@en	"Elbschloss-Brauerei"@en	1		"Alemania"@es	""
<http://www.wikidata.org/entity/Q1236487>	"Q1236487"		2		"Alemania"@es	""
<http://www.wikidata.org/entity/Q1241865>	"Donner Bräu"@en	"Donner Bräu"@en	2		"Alemania"@es	""
<http://www.wikidata.org/entity/Q1242802>	"Q1242802"		1		"Alemania"@es	""
<http://www.wikidata.org/entity/Q1242890>	"Q1242890"		2		"Alemania Oriental"@es	""
<http://www.wikidata.org/entity/Q1244254>	"Q1244254"		1		"Alemania"@es	""
<http://www.wikidata.org/entity/Q1246395>	"Weißbierbrauerei Willner"@en	"Weißbierbrauerei Willner"@en	2		"Alemania"@es	""
<http://www.wikidata.org/entity/Q1248218>	"Brauerei Fiedler"@en	"Brauerei Fiedler"@en	2		"Alemania Oriental"@es	""
<http://www.wikidata.org/entity/Q1248638>	"Q1248638"		1		"Alemania"@es	""
<http://www.wikidata.org/entity/Q1250741>	"Dortmunder Bergmann Brauerei"@en	"Dortmunder Bergmann Brauerei"@en	3		"Alemania"@es	""
<http://www.wikidata.org/entity/Q1250750>	"Dortmunder Gildenbrauerei"@en	"Dortmunder Gildenbrauerei"@en	1		"Alemania"@es	""
<http://www.wikidata.org/entity/Q1250768>	"Q1250768"		1		"Alemania"@es	""
<http://www.wikidata.org/entity/Q1250787>	"Q1250787"		2		"Alemania"@es	""
<http://www.wikidata.org/entity/Q1250802>	"Q1250802"		1		"Alemania"@es	""
<http://www.wikidata.org/entity/Q1250806>	"Thier Brewery"@en	"Thier Brewery"@en	2		"Alemania"@es	""
<http://www.wikidata.org/entity/Q1250816>	"Dortmunder Union - Brauerei"@en	"Dortmunder Union - Brauerei"@en	3		"Alemania"@es	""
<http://www.wikidata.org/entity/Q1252344>	"Armageddon"@en	"Armageddon"@en	4		"Reino Unido"@es	""
<http://www.wikidata.org/entity/Q1263209>	"Q1263209"		5			""
<http://www.wikidata.org/entity/Q1268467>	"Hofbrauhaus Berchtesgaden"@en	"Hofbrauhaus Berchtesgaden"@en	3		"Alemania"@es	""
<http://www.wikidata.org/entity/Q1268688>	"Kronen"@en	"Kronen"@en	3		"Alemania"@es	""
<http://www.wikidata.org/entity/Q1269232>	"Lapin Kulta"@es	"Lapin Kulta"@en	18			""
<http://www.wikidata.org/entity/Q1277388>	"Pripps Blå"@en	"Pripps Blå"@en	3			""
<http://www.wikidata.org/entity/Q1277693>	"Hövels Hausbrauerei"@en	"Hövels Hausbrauerei"@en	2		"Alemania"@es	""
<http://www.wikidata.org/entity/Q1277801>	"Karlsburg-Brauerei"@en	"Karlsburg-Brauerei"@en	2		"Alemania"@es	""
<http://www.wikidata.org/entity/Q1278616>	"Pfungstädter Brauerei"@en	"Pfungstädter Brauerei"@en	3		"Alemania"@es	""
<http://www.wikidata.org/entity/Q1278765>	"Q1278765"		1		"Alemania"@es	""
<http://www.wikidata.org/entity/Q1283441>	"Edelweißbrauerei Farny"@en	"Edelweißbrauerei Farny"@en	3		"Alemania"@es	""
<http://www.wikidata.org/entity/Q1290320>	"Soproni 1895"@en	"Soproni 1895"@en	1			""
<http://www.wikidata.org/entity/Q1290321>	"Soproni Fekete Démon"@en	"Soproni Fekete Démon"@en	1			""
<http://www.wikidata.org/entity/Q1290930>	"Schloss Brake"@en	"Schloss Brake"@en	2		"Alemania"@es	""
<http://www.wikidata.org/entity/Q1292898>	"Meinel-Bräu"@en	"Meinel-Bräu"@en	3		"Alemania"@es	""
<http://www.wikidata.org/entity/Q1294370>	"Q1294370"		1		"Hungría"@es	""
<http://www.wikidata.org/entity/Q1294374>	"Szalon"@en	"Szalon"@en	2			""
<http://www.wikidata.org/entity/Q1295815>	"Efes Beverage Group"@es	"Efes Pilsen"@en	11		"Turquía"@es	""
<http://www.wikidata.org/entity/Q1299917>	"Sagres"@es	"Central de Cervejas"@en	5		"Portugal"@es	""
<http://www.wikidata.org/entity/Q1301640>	"Q1301640"		1		"Alemania"@es	""
<http://www.wikidata.org/entity/Q1302314>	"Q1302314"		1			""
<http://www.wikidata.org/entity/Q1306270>	"Augustiner Bräu Kloster Mülln"@es	"Augustiner Brewery Mülln"@en	2		"Austria"@es	""
<http://www.wikidata.org/entity/Q1309106>	"Einsiedler Brauhaus"@es	"Einsiedler Brauhaus"@en	4		"Alemania Oriental"@es	""
<http://www.wikidata.org/entity/Q1309106>	"Einsiedler Brauhaus"@es	"Einsiedler Brauhaus"@en	4		"Alemania"@es	""
<http://www.wikidata.org/entity/Q1311398>	"Eisenbahn"@en	"Eisenbahn"@en	5		"Brasil"@es	""
<http://www.wikidata.org/entity/Q1313123>	"Foster's Group Limited"@en	"Foster's Group Limited"@en	10		"Australia"@es	""
<http://www.wikidata.org/entity/Q1315325>	"Q1315325"		2		"Alemania"@es	""
<http://www.wikidata.org/entity/Q1321513>	"Q1321513"		2		"Alemania"@es	""
<http://www.wikidata.org/entity/Q1322813>	"Warka"@en	"Warka"@en	5			""
<http://www.wikidata.org/entity/Q1330500>	"Tui Brewery"@en	"Tui Brewery"@en	2		"Nueva Zelanda"@es	""
<http://www.wikidata.org/entity/Q1334431>	"Ringnes"@en	"Ringnes"@en	12		"Noruega"@es	""
<http://www.wikidata.org/entity/Q1337267>	"TCB Beteiligungsgesellschaft"@es	"TCB Beteiligungsgesellschaft"@en	2		"Alemania"@es	""
<http://www.wikidata.org/entity/Q1337812>	"Schmiedelfeld Castle"@en	"Schmiedelfeld Castle"@en	2		"Alemania"@es	""
<http://www.wikidata.org/entity/Q1338310>	"Pivovar Louny"@en	"Pivovar Louny"@en	3		"República Checa"@es	""
<http://www.wikidata.org/entity/Q1339794>	"Q1339794"		1		"Alemania"@es	""
<http://www.wikidata.org/entity/Q1342474>	"Cervecería Van Honsebrouck"@es	"Van Honsebrouck Brewery"@en	7		"Bélgica"@es	""
<http://www.wikidata.org/entity/Q1354046>	"Brauerei, Markt Piesting"@en	"Brauerei, Markt Piesting"@en	2		"Austria"@es	""
<http://www.wikidata.org/entity/Q1354245>	"Unionsbräu"@en	"Unionsbräu"@en	2		"Alemania"@es	""
<http://www.wikidata.org/entity/Q1355176>	"Erl-Bräu"@en	"Erl-Bräu"@en	3		"Alemania"@es	""
<http://www.wikidata.org/entity/Q1360601>	"Privatbrauerei Moritz Fiege"@en	"Privatbrauerei Moritz Fiege"@en	4		"Alemania"@es	""
<http://www.wikidata.org/entity/Q1362504>	"Rupp-Bräu"@en	"Rupp-Bräu"@en	3		"Alemania"@es	""
<http://www.wikidata.org/entity/Q1362963>	"Q1362963"		1		"Alemania"@es	""
<http://www.wikidata.org/entity/Q1363430>	"Schloss"@en	"Schloss"@en	2		"Alemania"@es	""
<http://www.wikidata.org/entity/Q1364443>	"Q1364443"		2		"Alemania"@es	""
<http://www.wikidata.org/entity/Q1367156>	"Eschweger Klosterbrauerei"@es	"Eschweger Klosterbrauerei"@en	3		"Alemania"@es	""
<http://www.wikidata.org/entity/Q1382723>	"Hubertus Bräu"@en	"Hubertus Bräu"@en	3		"Austria"@es	""
<http://www.wikidata.org/entity/Q1386641>	"Q1386641"		2		"Alemania"@es	""
<http://www.wikidata.org/entity/Q1387555>	"Haus Töller"@en	"Haus Töller"@en	2		"Alemania"@es	""
<http://www.wikidata.org/entity/Q1388950>	"Q1388950"		2		"Alemania"@es	""
<http://www.wikidata.org/entity/Q1395216>	"Brewery Ernst Bauer"@en	"Brewery Ernst Bauer"@en	1		"Alemania Oriental"@es	""
<http://www.wikidata.org/entity/Q1398299>	"Q1398299"		2		"Alemania"@es	""
<http://www.wikidata.org/entity/Q1401813>	"Jenlain"@en	"Jenlain"@en	5		"Francia"@es	""
<http://www.wikidata.org/entity/Q1402814>	"Feldschlösschen"@en	"Feldschlösschen"@en	1		"Alemania"@es	""
<http://www.wikidata.org/entity/Q1402815>	"Brauerei Braunschweig"@en	"Brauerei Braunschweig"@en	3		"Imperio aleman (1871-1949)"@es	""
<http://www.wikidata.org/entity/Q1402815>	"Brauerei Braunschweig"@en	"Brauerei Braunschweig"@en	3		"Alemania"@es	""
<http://www.wikidata.org/entity/Q1402818>	"Feldschlößchen"@en	"Feldschlößchen"@en	3		"Alemania"@es	""
<http://www.wikidata.org/entity/Q1403957>	"Adelsburg"@en	"Adelsburg"@en	2		"Alemania"@es	""
<http://www.wikidata.org/entity/Q1404202>	"Q1404202"		2		"Alemania"@es	""
<http://www.wikidata.org/entity/Q1404247>	"Felsenkeller (Dresden)"@es	"Dresdner Felsenkellerbrauerei"@en	2		"Alemania"@es	""
<http://www.wikidata.org/entity/Q1410111>	"Lindemans Brewery"@en	"Lindemans Brewery"@en	5		"Bélgica"@es	""
<http://www.wikidata.org/entity/Q1414562>	"Privatbrauerei Wittingen"@es	"Privatbrauerei Wittingen"@en	4		"Alemania"@es	""
<http://www.wikidata.org/entity/Q1417055>	"Meininger Privatbrauerei"@en	"Meininger Privatbrauerei"@en	2		"Alemania Oriental"@es	""
<http://www.wikidata.org/entity/Q1422369>	"Alexander Keith's Brewery"@en	"Alexander Keith's Brewery"@en	10		"Canadá"@es	""
<http://www.wikidata.org/entity/Q1423821>	"Schlossbrauerei Eichhofen"@en	"Schlossbrauerei Eichhofen"@en	1		"Alemania"@es	""
<http://www.wikidata.org/entity/Q1438023>	"Q1438023"		1		"Alemania"@es	""
<http://www.wikidata.org/entity/Q1439856>	"Founders Organic Brewery"@en	"Founders Organic Brewery"@en	1		"Nueva Zelanda"@es	""
<http://www.wikidata.org/entity/Q1449380>	"Franz Wanka"@en	"Franz Wanka"@en	2		"República Checa"@es	""
<http://www.wikidata.org/entity/Q1450262>	"Kloster Reutberg"@en	"Kloster Reutberg"@en	2		"Alemania"@es	""
<http://www.wikidata.org/entity/Q1452102>	"Q1452102"		2		"Alemania"@es	""
<http://www.wikidata.org/entity/Q1453827>	"Freiberger Brauhaus"@en	"Freiberger Brauhaus"@en	4		"Alemania"@es	""
<http://www.wikidata.org/entity/Q1462827>	"Brewery Geismann Fürth"@en	"Brewery Geismann Fürth"@en	1		"Alemania"@es	""
<http://www.wikidata.org/entity/Q1468190>	"Altmühltaler Getränke"@en	"Altmühltaler Getränke"@en	1		"Alemania"@es	""
<http://www.wikidata.org/entity/Q1471250>	"Fränkisches Freilandmuseum"@en	"Fränkisches Freilandmuseum"@en	1		"Alemania"@es	""
<http://www.wikidata.org/entity/Q1474909>	"Almaza"@es	"Almaza"@en	5		"Líbano"@es	""
<http://www.wikidata.org/entity/Q1475058>	"St. Bernardus"@es	"St. Bernardus Brewery"@en	4			""
<http://www.wikidata.org/entity/Q1483584>	"Fürstenberg Brewery"@en	"Fürstenberg Brewery"@en	6		"Alemania"@es	""
<http://www.wikidata.org/entity/Q1487794>	"Schloßbrauerei Schwarzbach"@es	"Schlossbrauerei Schwarzbach"@en	4		"Alemania"@es	""
<http://www.wikidata.org/entity/Q1493616>	"Gansbräu"@en	"Gansbräu"@en	3		"Alemania"@es	""
<http://www.wikidata.org/entity/Q1494298>	"Garley"@en	"Garley"@en	1		"Alemania Oriental"@es	""
<http://www.wikidata.org/entity/Q798489>	"Olvi"@es	"Olvi"@en	3		"Finlandia"@es	""
<http://www.wikidata.org/entity/Q805254>	"Ballhaus Watzke"@en	"Ballhaus Watzke"@en	3		"Alemania"@es	""
<http://www.wikidata.org/entity/Q811986>	"Bavaria – St. Pauli Brewery"@en	"Bavaria – St. Pauli Brewery"@en	2		"Imperio aleman (1871-1949)"@es	""
<http://www.wikidata.org/entity/Q811986>	"Bavaria – St. Pauli Brewery"@en	"Bavaria – St. Pauli Brewery"@en	2		"Alemania"@es	""
<http://www.wikidata.org/entity/Q812397>	"Bavarian Brewery Museum"@en	"Bavarian Brewery Museum"@en	2		"Alemania"@es	""
<http://www.wikidata.org/entity/Q819284>	"Berg Brauerei"@en	"Berg Brauerei"@en	3		"Alemania"@es	""
<http://www.wikidata.org/entity/Q820160>	"Q820160"		1		"Alemania"@es	""
<http://www.wikidata.org/entity/Q821384>	"Berliner-Kindl-Schultheiss brewery"@en	"Berliner-Kindl-Schultheiss brewery"@en	6		"Alemania"@es	""
<http://www.wikidata.org/entity/Q821466>	"Berliner Bürgerbräu"@es	"Berliner Bürgerbräu"@en	3		"Alemania"@es	""
<http://www.wikidata.org/entity/Q821688>	"Berliner Pilsner"@es	"Berliner Pilsner"@en	6		"Alemania Oriental"@es	""
<http://www.wikidata.org/entity/Q821688>	"Berliner Pilsner"@es	"Berliner Pilsner"@en	6		"Alemania"@es	""
<http://www.wikidata.org/entity/Q844073>	"Yuengling"@es	"Yuengling"@en	14		"Estados Unidos"@es	""
<http://www.wikidata.org/entity/Q857829>	"Timișoara Brewery"@en	"Timișoara Brewery"@en	5		"Rumania"@es	""
<http://www.wikidata.org/entity/Q857934>	"Biermanufaktur Engel"@en	"Biermanufaktur Engel"@en	3		"Alemania"@es	""
<http://www.wikidata.org/entity/Q858051>	"Q858051"		1		"Austria"@es	""
<http://www.wikidata.org/entity/Q860761>	"Cervecería Chimay"@es	"Chimay Brewery"@en	3		"Bélgica"@es	"Cerveceria Chimay"
<http://www.wikidata.org/entity/Q861679>	"Balashi"@es	"Balashi"@en	3		"Aruba"@es	""
<http://www.wikidata.org/entity/Q861973>	"Forst"@en	"Forst"@en	7		"Italia"@es	""
<http://www.wikidata.org/entity/Q863650>	"Binding-Brauerei"@en	"Binding-Brauerei"@en	7		"Alemania"@es	""
<http://www.wikidata.org/entity/Q866161>	"Bischofshof Regensburg"@en	"Bischofshof Regensburg"@en	2		"Alemania"@es	""
<http://www.wikidata.org/entity/Q870325>	"Würzburger Hofbräu"@en	"Würzburger Hofbräu"@en	5		"Alemania"@es	""
<http://www.wikidata.org/entity/Q874166>	"Spatenbräu"@en	"Spatenbräu"@en	7		"Alemania"@es	""
<http://www.wikidata.org/entity/Q876928>	"Schleppe Brauerei"@en	"Schleppe Brauerei"@en	4		"Austria"@es	""
<http://www.wikidata.org/entity/Q877556>	"Stiegl Brewery"@en	"Stiegl Brewery"@en	7		"Austria"@es	""
<http://www.wikidata.org/entity/Q877628>	"Eichbaum"@en	"Eichbaum"@en	7		"Alemania"@es	""
<http://www.wikidata.org/entity/Q878149>	"König Ludwig Schlossbrauerei"@en	"König Ludwig Schlossbrauerei"@en	7		"Alemania"@es	""
<http://www.wikidata.org/entity/Q879110>	"Dinkelacker"@en	"Dinkelacker"@en	6		"Alemania"@es	""
<http://www.wikidata.org/entity/Q879355>	"Hoepfner Brewery"@en	"Hoepfner Brewery"@en	4		"Alemania"@es	""
<http://www.wikidata.org/entity/Q880090>	"Pinkus Müller"@en	"Pinkus Müller"@en	5		"Alemania"@es	""
<http://www.wikidata.org/entity/Q880118>	"Neuzeller Kloster Brewery"@en	"Neuzeller Kloster Brewery"@en	6		"Alemania Oriental"@es	""
<http://www.wikidata.org/entity/Q880551>	"Black Sheep Brewery"@es	"Black Sheep Brewery"@en	5		"Reino Unido"@es	""
<http://www.wikidata.org/entity/Q880640>	"Wernesgrüner"@en	"Wernesgrüner"@en	5		"Alemania"@es	""
<http://www.wikidata.org/entity/Q883074>	"Dairy in the New Garden"@en	"Dairy in the New Garden"@en	5		"Alemania"@es	""
<http://www.wikidata.org/entity/Q891620>	"Bolten-Brauerei"@en	"Bolten-Brauerei"@en	5		"Alemania"@es	""
<http://www.wikidata.org/entity/Q894558>	"Boston Beer Company"@es	"Boston Beer Company"@en	9		"Estados Unidos"@es	""
<http://www.wikidata.org/entity/Q895475>	"Dortmunder Hansa"@en	"Dortmunder Hansa"@en	2		"Alemania"@es	""
<http://www.wikidata.org/entity/Q896042>	"Hagen Open-air Museum"@en	"Hagen Open-air Museum"@en	7		"Alemania"@es	""
<http://www.wikidata.org/entity/Q896511>	"Bornstedt Crown Estate"@en	"Bornstedt Crown Estate"@en	5		"Alemania"@es	""
<http://www.wikidata.org/entity/Q897711>	"Brand brewery"@en	"Brand brewery"@en	7		"Países Bajos"@es	""
<http://www.wikidata.org/entity/Q899484>	"Brasserie d'Achouffe"@en	"Brasserie d'Achouffe"@en	7		"Bélgica"@es	""
<http://www.wikidata.org/entity/Q899983>	"Brauberger brewery"@en	"Brauberger brewery"@en	2		"Alemania"@es	""
<http://www.wikidata.org/entity/Q900019>	"Braucommune Freistadt"@en	"Braucommune Freistadt"@en	3		"Austria"@es	""
<http://www.wikidata.org/entity/Q900091>	"Sünner"@en	"Sünner"@en	2		"Alemania"@es	""
<http://www.wikidata.org/entity/Q900099>	"Aldersbach brewery"@en	"Aldersbach brewery"@en	4		"Alemania"@es	""
<http://www.wikidata.org/entity/Q900101>	"Brauerei Adler"@en	"Brauerei Adler"@en	2		"Suiza"@es	""
<http://www.wikidata.org/entity/Q900106>	"Q900106"		3		"Alemania"@es	""
<http://www.wikidata.org/entity/Q900123>	"Brauerei Becker"@en	"Brauerei Becker"@en	2		"Alemania"@es	""
<http://www.wikidata.org/entity/Q900125>	"Q900125"		1		"Alemania"@es	""
<http://www.wikidata.org/entity/Q900131>	"Q900131"		3		"Alemania"@es	""
<http://www.wikidata.org/entity/Q900128>	"Brauerei Bosch"@en	"Brauerei Bosch"@en	4		"Alemania"@es	""
<http://www.wikidata.org/entity/Q900137>	"Brauereigasthof in Leinburg"@en	"Brauereigasthof in Leinburg"@en	1		"Alemania"@es	""
<http://www.wikidata.org/entity/Q900144>	"Brauerei Carl Bremme"@en	"Brauerei Carl Bremme"@en	2		"Alemania"@es	""
<http://www.wikidata.org/entity/Q900148>	"Brauerei Carl Betz"@es	"Brauerei Carl Betz"@en	2		"Alemania"@es	""
<http://www.wikidata.org/entity/Q900153>	"Q900153"		1		"Alemania"@es	""
<http://www.wikidata.org/entity/Q900156>	"Brauerei Clemens Härle"@en	"Brauerei Clemens Härle"@en	3		"Alemania"@es	""
<http://www.wikidata.org/entity/Q900163>	"Brauerei Egg"@en	"Brauerei Egg"@en	5		"Austria"@es	""
<http://www.wikidata.org/entity/Q900166>	"Eichhof"@en	"Eichhof"@en	4		"Suiza"@es	""
<http://www.wikidata.org/entity/Q900168>	"Brauerei Falken"@en	"Brauerei Falken"@en	2		"Suiza"@es	""
<http://www.wikidata.org/entity/Q900172>	"Q900172"		1		"Austria"@es	""
<http://www.wikidata.org/entity/Q900178>	"Felsenau Brewery"@en	"Felsenau Brewery"@en	3		"Suiza"@es	""
<http://www.wikidata.org/entity/Q900176>	"Brauerei Faust Miltenberg"@en	"Brauerei Faust Miltenberg"@en	3		"Alemania"@es	""
<http://www.wikidata.org/entity/Q900187>	"Q900187"		3		"Alemania"@es	""
<http://www.wikidata.org/entity/Q900195>	"Fuchsbeck brewery"@en	"Fuchsbeck brewery"@en	1		"Alemania"@es	""
<http://www.wikidata.org/entity/Q900193>	"Brauerei Freital"@en	"Brauerei Freital"@en	1		"Alemania Oriental"@es	""
<http://www.wikidata.org/entity/Q900197>	"Brauerei Fässla"@en	"Brauerei Fässla"@en	4		"Alemania"@es	""
<http://www.wikidata.org/entity/Q900202>	"Brauerei Gebrüder Jäcklein"@en	"Brauerei Gebrüder Jäcklein"@en	2		"Alemania"@es	""
<http://www.wikidata.org/entity/Q900200>	"Eck"@en	"Eck"@en	2		"Alemania"@es	""
<http://www.wikidata.org/entity/Q900215>	"Brewery Grasser Huppendorf"@en	"Brewery Grasser Huppendorf"@en	3		"Alemania"@es	""
<http://www.wikidata.org/entity/Q900213>	"Brauerei Gold Ochsen"@en	"Brauerei Gold Ochsen"@en	4		"Alemania"@es	""
<http://www.wikidata.org/entity/Q900219>	"Q900219"		3		"Alemania"@es	""
<http://www.wikidata.org/entity/Q900217>	"Q900217"		1		"Alemania"@es	""
<http://www.wikidata.org/entity/Q900226>	"Brauerei Göller"@en	"Brauerei Göller"@en	3		"Alemania"@es	""
<http://www.wikidata.org/entity/Q900228>	"Q900228"		2		"Alemania"@es	""
<http://www.wikidata.org/entity/Q900234>	"Q900234"		1		"Alemania"@es	""
<http://www.wikidata.org/entity/Q900232>	"Brauerei Hacklberg"@en	"Brauerei Hacklberg"@en	3		"Alemania"@es	""
<http://www.wikidata.org/entity/Q900238>	"Q900238"		1		"Alemania"@es	""
<http://www.wikidata.org/entity/Q900236>	"Q900236"		1		"Alemania"@es	""
<http://www.wikidata.org/entity/Q900242>	"Brauerei Hofstetten Krammer"@en	"Brauerei Hofstetten Krammer"@en	3		"Austria"@es	""
<http://www.wikidata.org/entity/Q900251>	"Znojemský městský pivovar"@en	"Znojemský městský pivovar"@en	3		"República Checa"@es	""
<http://www.wikidata.org/entity/Q900255>	"Brauerei Jos. Baumgartner"@en	"Brauerei Jos. Baumgartner"@en	2		"Austria"@es	""
<http://www.wikidata.org/entity/Q900257>	"Brauerei Kaiserdom"@en	"Brauerei Kaiserdom"@en	6		"Alemania"@es	""
<http://www.wikidata.org/entity/Q900263>	"Dithmarscher Privatbrauerei"@en	"Dithmarscher Privatbrauerei"@en	4		"Alemania"@es	""
<http://www.wikidata.org/entity/Q900266>	"Q900266"		2		"Alemania"@es	""
<http://www.wikidata.org/entity/Q900271>	"Brauerei Kesselsdorf"@en	"Brauerei Kesselsdorf"@en	1		"Alemania"@es	""
<http://www.wikidata.org/entity/Q900269>	"Brauerei Kelbra"@en	"Brauerei Kelbra"@en	2		"Alemania"@es	""
<http://www.wikidata.org/entity/Q900276>	"Q900276"		1		"Alemania"@es	""
<http://www.wikidata.org/entity/Q900282>	"Q900282"		1		"Alemania"@es	""
<http://www.wikidata.org/entity/Q900285>	"Kuchlbauer brewery"@en	"Kuchlbauer brewery"@en	4		"Alemania"@es	""
<http://www.wikidata.org/entity/Q900290>	"Brewery Kundmüller"@en	"Brewery Kundmüller"@en	2		"Alemania"@es	""
<http://www.wikidata.org/entity/Q900289>	"Kopparbergs Brewery"@en	"Kopparbergs Brewery"@en	10		"Suecia"@es	""
<http://www.wikidata.org/entity/Q900295>	"Brauerei Leikeim"@es	"Brauerei Leikeim"@en	4		"Alemania"@es	""
<http://www.wikidata.org/entity/Q900303>	"Brauerei Liesing"@en	"Brauerei Liesing"@en	2		"Austria"@es	""
<http://www.wikidata.org/entity/Q900306>	"Brauerei Lüdde"@en	"Brauerei Lüdde"@en	3		"Alemania"@es	""
<http://www.wikidata.org/entity/Q900309>	"Q900309"		1		"Alemania"@es	""
<http://www.wikidata.org/entity/Q1502941>	"Borsod Brewery"@en	"Borsod Brewery"@en	4		"Hungría"@es	""
<http://www.wikidata.org/entity/Q1516386>	"Mauritius Brauerei Zwickau"@es	"Mauritius Brauerei Zwickau"@en	2		"Alemania"@es	""
<http://www.wikidata.org/entity/Q1517857>	"Friedrich Düll Brewery"@en	"Friedrich Düll Brewery"@en	2		"Alemania"@es	""
<http://www.wikidata.org/entity/Q1523835>	"Herbst Pitt"@en	"Herbst Pitt"@en	1		"Alemania"@es	""
<http://www.wikidata.org/entity/Q1524226>	"Gilden Kölsch Brauerei"@en	"Gilden Kölsch Brauerei"@en	3		"Alemania"@es	""
<http://www.wikidata.org/entity/Q1527803>	"Ratsherrn Brauerei"@en	"Ratsherrn Brauerei"@en	4		"Alemania"@es	""
<http://www.wikidata.org/entity/Q1528970>	"Q1528970"		2		"Alemania"@es	""
<http://www.wikidata.org/entity/Q1532486>	"Herforder Brauerei"@en	"Herforder Brauerei"@en	3		"Alemania"@es	""
<http://www.wikidata.org/entity/Q1532748>	"Glückauf-Brauerei"@en	"Glückauf-Brauerei"@en	1		"Alemania"@es	""
<http://www.wikidata.org/entity/Q1532749>	"Glückauf-Brauerei"@en	"Glückauf-Brauerei"@en	4		"Alemania Oriental"@es	""
<http://www.wikidata.org/entity/Q1532749>	"Glückauf-Brauerei"@en	"Glückauf-Brauerei"@en	4		"Alemania"@es	""
<http://www.wikidata.org/entity/Q1541085>	"Schloss Bruchhausen"@en	"Schloss Bruchhausen"@en	3		"Alemania"@es	""
<http://www.wikidata.org/entity/Q1544436>	"Schloss Königs Wusterhausen"@en	"Schloss Königs Wusterhausen"@en	5		"Alemania"@es	""
<http://www.wikidata.org/entity/Q1547250>	"Q1547250"		4		"Alemania"@es	""
<http://www.wikidata.org/entity/Q1551459>	"Freising Brewery"@en	"Freising Brewery"@en	4		"Alemania"@es	""
<http://www.wikidata.org/entity/Q1551656>	"Q1551656"		2		"Alemania"@es	""
<http://www.wikidata.org/entity/Q1552546>	"Ruppaner-Brauerei Gebrüder Ruppaner"@en	"Ruppaner-Brauerei Gebrüder Ruppaner"@en	3		"Alemania"@es	""
<http://www.wikidata.org/entity/Q1553374>	"Luitpoldstraße 14"@en	"Luitpoldstraße 14"@en	2		"Alemania"@es	""
<http://www.wikidata.org/entity/Q1565893>	"Kloster Dalheim"@en	"Kloster Dalheim"@en	3		"Alemania"@es	""
<http://www.wikidata.org/entity/Q1566383>	"Haake-Beck"@en	"Haake-Beck"@en	2		"Alemania"@es	""
<http://www.wikidata.org/entity/Q1567552>	"Palm Breweries"@en	"Palm Breweries"@en	6		"Bélgica"@es	""
<http://www.wikidata.org/entity/Q1572281>	"Kingfisher"@en	"Kingfisher"@en	13		"India"@es	""
<http://www.wikidata.org/entity/Q1575609>	"Taybeh Brewery"@en	"Taybeh Brewery"@en	12		"Palestina"@es	""
<http://www.wikidata.org/entity/Q1575921>	"Q1575921"		2		"Alemania"@es	""
<http://www.wikidata.org/entity/Q1581385>	"U Fleků"@es	"U Fleků"@en	16		"República Checa"@es	""
<http://www.wikidata.org/entity/Q1583704>	"Hanseatische Brauerei Rostock"@es	"Hanseatische Brauerei Rostock"@en	3		"Alemania"@es	""
<http://www.wikidata.org/entity/Q1583763>	"Hansens Brauerei"@en	"Hansens Brauerei"@en	3		"Alemania"@es	""
<http://www.wikidata.org/entity/Q1589080>	"Hatz-Moninger Brauhaus"@en	"Hatz-Moninger Brauhaus"@en	4		"Imperio aleman (1871-1949)"@es	""
<http://www.wikidata.org/entity/Q1589080>	"Hatz-Moninger Brauhaus"@en	"Hatz-Moninger Brauhaus"@en	4		"Alemania"@es	""
<http://www.wikidata.org/entity/Q1590327>	"Luitpoldstraße 3"@en	"Luitpoldstraße 3"@en	2		"Alemania"@es	""
<http://www.wikidata.org/entity/Q1595969>	"Thai Beverage"@es	"Chang"@en	10		"Tailandia"@es	""
<http://www.wikidata.org/entity/Q1604718>	"Q1604718"		1		"Alemania"@es	""
<http://www.wikidata.org/entity/Q1606900>	"Alpirsbacher Klosterbräu"@en	"Alpirsbacher Klosterbräu"@en	5		"Alemania"@es	""
<http://www.wikidata.org/entity/Q1614112>	"Herrenhäuser Brewery"@en	"Herrenhäuser Brewery"@en	4		"Alemania"@es	""
<http://www.wikidata.org/entity/Q1614299>	"Q1614299"		1		"Alemania"@es	""
<http://www.wikidata.org/entity/Q1614311>	"Herrnbräu"@en	"Herrnbräu"@en	4		"Imperio aleman (1871-1949)"@es	""
<http://www.wikidata.org/entity/Q1614311>	"Herrnbräu"@en	"Herrnbräu"@en	4		"Alemania"@es	""
<http://www.wikidata.org/entity/Q1615321>	"Herzoglich Bayerisches Brauhaus Tegernsee"@en	"Herzoglich Bayerisches Brauhaus Tegernsee"@en	4		"Alemania"@es	""
<http://www.wikidata.org/entity/Q1620387>	"Q1620387"		1		"Alemania"@es	""
<http://www.wikidata.org/entity/Q1622954>	"Hofbrauhaus Arolsen"@en	"Hofbrauhaus Arolsen"@en	2		"Alemania"@es	""
<http://www.wikidata.org/entity/Q1622953>	"Q1622953"		2		"Alemania"@es	""
<http://www.wikidata.org/entity/Q1622959>	"Q1622959"		1		"Alemania"@es	""
<http://www.wikidata.org/entity/Q1622956>	"Hofbrauhaus Wolters"@en	"Hofbrauhaus Wolters"@en	3		"Alemania"@es	""
<http://www.wikidata.org/entity/Q1622961>	"Hofbräu Kaltenhausen"@en	"Hofbräu Kaltenhausen"@en	2		"Austria"@es	""
<http://www.wikidata.org/entity/Q1623185>	"Hofmark Brauerei"@en	"Hofmark Brauerei"@en	2		"Alemania"@es	""
<http://www.wikidata.org/entity/Q1637028>	"Mythos"@en	"Mythos"@en	19		"Grecia"@es	""
<http://www.wikidata.org/entity/Q1640735>	"Q1640735"		1		"Alemania"@es	""
<http://www.wikidata.org/entity/Q1642429>	"Q1642429"		1		"Alemania"@es	""
<http://www.wikidata.org/entity/Q1649984>	"Klosterbräu Bamberg"@en	"Klosterbräu Bamberg"@en	3		"Alemania"@es	""
<http://www.wikidata.org/entity/Q1652532>	"Hütt-Brauerei"@en	"Hütt-Brauerei"@en	3		"Alemania"@es	""
<http://www.wikidata.org/entity/Q1663229>	"Ingobräu"@en	"Ingobräu"@en	2		"Alemania"@es	""
<http://www.wikidata.org/entity/Q1669665>	"Q1669665"		1		"Alemania"@es	""
<http://www.wikidata.org/entity/Q1673225>	"Klosterbräu Irsee"@en	"Klosterbräu Irsee"@en	3		"Alemania"@es	""
<http://www.wikidata.org/entity/Q1673806>	"Brauerei W. Isenbeck & Co"@en	"Brauerei W. Isenbeck & Co"@en	2		"Alemania"@es	""
<http://www.wikidata.org/entity/Q1677032>	"Q1677032"		1		"Alemania"@es	""
<http://www.wikidata.org/entity/Q1680262>	"Q1680262"		1		"Alemania"@es	""
<http://www.wikidata.org/entity/Q1685971>	"Leipziger Brauhaus zu Reudnitz"@en	"Leipziger Brauhaus zu Reudnitz"@en	3		"Alemania"@es	""
<http://www.wikidata.org/entity/Q1694518>	"Privatbrauerei Iserlohn"@en	"Privatbrauerei Iserlohn"@en	2		"Alemania"@es	""
<http://www.wikidata.org/entity/Q1697649>	"Lang-Bräu"@en	"Lang-Bräu"@en	2		"Alemania"@es	""
<http://www.wikidata.org/entity/Q1709042>	"Brauerei Strate"@en	"Brauerei Strate"@en	4		"Alemania"@es	""
<http://www.wikidata.org/entity/Q1721585>	"Kaiser Bräu"@en	"Kaiser Bräu"@en	4		"Alemania"@es	""
<http://www.wikidata.org/entity/Q1727789>	"Waldhaus"@en	"Waldhaus"@en	5		"Alemania"@es	""
<http://www.wikidata.org/entity/Q1730602>	"Schloss Blumenthal"@en	"Schloss Blumenthal"@en	3		"Alemania"@es	""
<http://www.wikidata.org/entity/Q1733221>	"Löwenbrauerei Passau"@en	"Löwenbrauerei Passau"@en	3		"Alemania"@es	""
<http://www.wikidata.org/entity/Q1738228>	"Q1738228"		2		"Austria"@es	""
<http://www.wikidata.org/entity/Q1740959>	"Q1740959"		2		"Alemania"@es	""
<http://www.wikidata.org/entity/Q1742438>	"kulumbacher"@es	"Kulmbacher Brewery"@en	4		"Alemania"@es	""
<http://www.wikidata.org/entity/Q1743548>	"Q1743548"		2		"Alemania"@es	""
<http://www.wikidata.org/entity/Q1743963>	"Kitzmann-Bräu"@en	"Kitzmann-Bräu"@en	2		"Alemania"@es	""
<http://www.wikidata.org/entity/Q1745170>	"Schloss Kaltenberg"@en	"Schloss Kaltenberg"@en	6		"Alemania"@es	""
<http://www.wikidata.org/entity/Q1748810>	"Macks Ølbryggeri"@en	"Macks Ølbryggeri"@en	8		"Noruega"@es	""
<http://www.wikidata.org/entity/Q1751104>	"Lommerzheim"@en	"Lommerzheim"@en	2		"Alemania"@es	""
<http://www.wikidata.org/entity/Q1763150>	"Privatbrauerei Schwerter Meißen"@es	"Privatbrauerei Schwerter Meißen"@en	1		"Alemania"@es	""
<http://www.wikidata.org/entity/Q1770148>	"Schloss Hundisburg"@en	"Schloss Hundisburg"@en	5		"Alemania"@es	""
<http://www.wikidata.org/entity/Q1773786>	"Duvel"@en	"Duvel"@en	8			""
<http://www.wikidata.org/entity/Q1775437>	"Kloster Kreuzberg"@en	"Kloster Kreuzberg"@en	2		"Alemania"@es	""
<http://www.wikidata.org/entity/Q1776275>	"Weissenohe Abbey"@en	"Weissenohe Abbey"@en	4		"Alemania"@es	""
<http://www.wikidata.org/entity/Q1776289>	"Kloster Wöltingerode"@en	"Kloster Wöltingerode"@en	3		"Alemania"@es	""
<http://www.wikidata.org/entity/Q1777013>	"Brauerei Kneitinger"@en	"Brauerei Kneitinger"@en	3		"Alemania"@es	""
<http://www.wikidata.org/entity/Q1777966>	"Königsbacher"@en	"Königsbacher"@en	4		"Alemania"@es	""
<http://www.wikidata.org/entity/Q1788338>	"Meckatzer Löwenbräu"@en	"Meckatzer Löwenbräu"@en	3		"Alemania"@es	""
<http://www.wikidata.org/entity/Q1789348>	"Schlossbrauerei Neunkirchen"@en	"Schlossbrauerei Neunkirchen"@en	2		"Alemania"@es	""
<http://www.wikidata.org/entity/Q1795931>	"König-Brauerei"@es	"König Brauerei"@en	6		"Alemania"@es	""
<http://www.wikidata.org/entity/Q1796123>	"Royal Brewery of Krušovice"@en	"Royal Brewery of Krušovice"@en	11		"República Checa"@es	""
<http://www.wikidata.org/entity/Q1798072>	"Noche Buena"@es	"Noche Buena"@en	5			""
<http://www.wikidata.org/entity/Q1800617>	"Q1800617"		2		"Alemania"@es	""
<http://www.wikidata.org/entity/Q1802314>	"Q1802314"		1		"Alemania"@es	""
<http://www.wikidata.org/entity/Q1803875>	"Landskronbrauerei"@en	"Landskronbrauerei"@en	3		"Alemania"@es	""
<http://www.wikidata.org/entity/Q1811555>	"Q1811555"		1		"Alemania"@es	""
<http://www.wikidata.org/entity/Q1815295>	"Q1815295"		1			""
<http://www.wikidata.org/entity/Q1815615>	"Bloemenbier"@en	"Bloemenbier"@en	3			""
<http://www.wikidata.org/entity/Q1818521>	"Q1818521"		1			""
<http://www.wikidata.org/entity/Q1821492>	"Malheur beer"@en	"Malheur beer"@en	2			""
<http://www.wikidata.org/entity/Q1826073>	"Lindener Aktien-Brauerei"@en	"Lindener Aktien-Brauerei"@en	2		"Alemania"@es	""
<http://www.wikidata.org/entity/Q1826541>	"Q1826541"		1			""
<http://www.wikidata.org/entity/Q1830170>	"Q1830170"		1			""
<http://www.wikidata.org/entity/Q1830377>	"Q1830377"		1			""
<http://www.wikidata.org/entity/Q1831265>	"V Cense"@en	"V Cense"@en	3			""
<http://www.wikidata.org/entity/Q1832632>	"Q1832632"		1			""
<http://www.wikidata.org/entity/Q1833366>	"Q1833366"		1			""
<http://www.wikidata.org/entity/Q1837528>	"Q1837528"		1			""
<http://www.wikidata.org/entity/Q1838985>	"Q1838985"		1		"Bélgica"@es	""
<http://www.wikidata.org/entity/Q1839479>	"Q1839479"		3			""
<http://www.wikidata.org/entity/Q1840244>	"Pilaarbijter"@en	"Pilaarbijter"@en	2			""
<http://www.wikidata.org/entity/Q1842526>	"Q1842526"		1			""
<http://www.wikidata.org/entity/Q1843715>	"Q1843715"		1			""
<http://www.wikidata.org/entity/Q1851356>	"Finesse"@en	"Finesse"@en	1			""
<http://www.wikidata.org/entity/Q1851509>	"Saku Brewery"@en	"Saku Brewery"@en	16		"Estonia"@es	""
<http://www.wikidata.org/entity/Q1851655>	"Q1851655"		1			""
<http://www.wikidata.org/entity/Q1852319>	"Urthel"@en	"Urthel"@en	1			""
<http://www.wikidata.org/entity/Q1852846>	"Q1852846"		1			""
<http://www.wikidata.org/entity/Q1854642>	"Q1854642"		1			""
<http://www.wikidata.org/entity/Q1855060>	"Q1855060"		1		"Bélgica"@es	""
<http://www.wikidata.org/entity/Q1856260>	"Tempo Beverages Ltd"@en	"Tempo Beverages Ltd"@en	11		"Israel"@es	""
<http://www.wikidata.org/entity/Q1857771>	"Q1857771"		1		"Bélgica"@es	""
<http://www.wikidata.org/entity/Q1858280>	"Q1858280"		1			""
<http://www.wikidata.org/entity/Q1863913>	"Q1863913"		1		"Bélgica"@es	""
<http://www.wikidata.org/entity/Q1864213>	"Q1864213"		2			""
<http://www.wikidata.org/entity/Q1864272>	"Q1864272"		1			""
<http://www.wikidata.org/entity/Q1867796>	"Q1867796"		2		"Bélgica"@es	""
<http://www.wikidata.org/entity/Q1867904>	"De Drie Hoefijzers"@en	"De Drie Hoefijzers"@en	2		"Países Bajos"@es	""
<http://www.wikidata.org/entity/Q1868711>	"Girardin Brewery"@en	"Girardin Brewery"@en	5		"Bélgica"@es	""
<http://www.wikidata.org/entity/Q1870298>	"Q1870298"		1			""
<http://www.wikidata.org/entity/Q1871906>	"Lav pivo"@en	"Lav pivo"@en	9			""
<http://www.wikidata.org/entity/Q1875263>	"Brouwerij Aigle Belgica"@en	"Brouwerij Aigle Belgica"@en	2		"Bélgica"@es	""
<http://www.wikidata.org/entity/Q1877640>	"Q1877640"		1			""
<http://www.wikidata.org/entity/Q1879897>	"Löwenbrauerei"@en	"Löwenbrauerei"@en	2		"Alemania"@es	""
<http://www.wikidata.org/entity/Q1879907>	"Löwenbräu Zürich"@en	"Löwenbräu Zürich"@en	2		"Suiza"@es	""
<http://www.wikidata.org/entity/Q1879905>	"Löwenbräu Buttenheim"@en	"Löwenbräu Buttenheim"@en	2		"Alemania"@es	""
<http://www.wikidata.org/entity/Q1879973>	"Q1879973"		1			""
<http://www.wikidata.org/entity/Q1880115>	"Q1880115"		1		"Alemania"@es	""
<http://www.wikidata.org/entity/Q1880196>	"Brauerei zur Walkmühle H. Lück"@en	"Brauerei zur Walkmühle H. Lück"@en	2		"Alemania"@es	""
<http://www.wikidata.org/entity/Q1881269>	"Q1881269"		1			""
<http://www.wikidata.org/entity/Q1881997>	"Van Eecke brewery"@en	"Van Eecke brewery"@en	3		"Bélgica"@es	""
<http://www.wikidata.org/entity/Q1882541>	"Brouwerij Excelsior"@en	"Brouwerij Excelsior"@en	2		"Bélgica"@es	""
<http://www.wikidata.org/entity/Q1882645>	"Q1882645"		1			""
<http://www.wikidata.org/entity/Q1885711>	"Q1885711"		1		"Alemania"@es	""
<http://www.wikidata.org/entity/Q1885778>	"Q1885778"		2			""
<http://www.wikidata.org/entity/Q1886692>	"Wolf"@en	"Wolf"@en	2			""
<http://www.wikidata.org/entity/Q1887500>	"Pipedream"@en	"Pipedream"@en	1		"Bélgica"@es	""
<http://www.wikidata.org/entity/Q1887996>	"Mälzerei"@en	"Mälzerei"@en	3		"Alemania"@es	""
<http://www.wikidata.org/entity/Q1888522>	"Ginder Ale"@en	"Ginder Ale"@en	2			""
<http://www.wikidata.org/entity/Q1890717>	"Q1890717"		1			""
<http://www.wikidata.org/entity/Q1899340>	"Q1899340"		1			""
<http://www.wikidata.org/entity/Q1901527>	"Q1901527"		1			""
<http://www.wikidata.org/entity/Q1905921>	"Q1905921"		1			""
<http://www.wikidata.org/entity/Q1906688>	"Slaapmutske"@en	"Slaapmutske"@en	2			""
<http://www.wikidata.org/entity/Q1907605>	"Brasserie Nationale"@en	"Brasserie Nationale"@en	8		"Luxemburgo"@es	""
<http://www.wikidata.org/entity/Q1908775>	"Mathäser"@en	"Mathäser"@en	4		"Alemania"@es	""
<http://www.wikidata.org/entity/Q1909620>	"Q1909620"		1			""
<http://www.wikidata.org/entity/Q1915127>	"Q1915127"		1		"Bélgica"@es	""
<http://www.wikidata.org/entity/Q1915708>	"Mecklenburgische Brauerei Lübz"@en	"Mecklenburgische Brauerei Lübz"@en	4		"Alemania Oriental"@es	""
<http://www.wikidata.org/entity/Q1917255>	"Sint-Idesbald"@es	"St-Idesbald"@en	4		"Bélgica"@es	"St-Idesbald"
<http://www.wikidata.org/entity/Q1919401>	"Q1919401"		1			""
<http://www.wikidata.org/entity/Q1920014>	"Memminger Brauerei"@en	"Memminger Brauerei"@en	2		"Imperio aleman (1871-1949)"@es	""
<http://www.wikidata.org/entity/Q1920014>	"Memminger Brauerei"@en	"Memminger Brauerei"@en	2		"Alemania"@es	""
<http://www.wikidata.org/entity/Q1920374>	"Enghien"@en	"Enghien"@en	1		"Bélgica"@es	""
<http://www.wikidata.org/entity/Q1920757>	"Q1920757"		1			""
<http://www.wikidata.org/entity/Q1920762>	"Q1920762"		1			""
<http://www.wikidata.org/entity/Q1921048>	"Petrus"@en	"Petrus"@en	3			""
<http://www.wikidata.org/entity/Q1921866>	"Q1921866"		1			""
<http://www.wikidata.org/entity/Q1924262>	"Q1924262"		1			""
<http://www.wikidata.org/entity/Q1926416>	"Wychwood Brewery"@es	"Wychwood Brewery"@en	3		"Reino Unido"@es	""
<http://www.wikidata.org/entity/Q1935524>	"Tournée Générale"@en	"Tournée Générale"@en	1			""
<http://www.wikidata.org/entity/Q1939739>	"Q1939739"		1			""
<http://www.wikidata.org/entity/Q1942919>	"Mohren-Brewery"@en	"Mohren-Brewery"@en	4		"Austria"@es	""
<http://www.wikidata.org/entity/Q1943876>	"Q1943876"		1			""
<http://www.wikidata.org/entity/Q1944613>	"Q1944613"		1			""
<http://www.wikidata.org/entity/Q1950018>	"Heilooër Blond"@en	"Heilooër Blond"@en	1			""
<http://www.wikidata.org/entity/Q1950919>	"Q1950919"		1			""
<http://www.wikidata.org/entity/Q1954166>	"Q1954166"		2			""
<http://www.wikidata.org/entity/Q1954354>	"Q1954354"		2		"Bélgica"@es	""
<http://www.wikidata.org/entity/Q1955959>	"Piedbœuf"@en	"Piedbœuf"@en	2			""
<http://www.wikidata.org/entity/Q1957117>	"Q1957117"		1			""
<http://www.wikidata.org/entity/Q1958315>	"Q1958315"		1		"Alemania"@es	""
<http://www.wikidata.org/entity/Q1959087>	"Hertog Jan Karakter"@en	"Hertog Jan Karakter"@en	1			""
<http://www.wikidata.org/entity/Q1961116>	"Q1961116"		1		"Bélgica"@es	""
<http://www.wikidata.org/entity/Q1964257>	"Namibia Breweries Limited"@en	"Namibia Breweries Limited"@en	4		"Namibia"@es	""
<http://www.wikidata.org/entity/Q1965945>	"Nassauische Privatbrauerei"@en	"Nassauische Privatbrauerei"@en	2		"Alemania"@es	""
<http://www.wikidata.org/entity/Q1966874>	"Q1966874"		1		"Alemania"@es	""
<http://www.wikidata.org/entity/Q1967258>	"Q1967258"		1			""
<http://www.wikidata.org/entity/Q1967378>	"Cervecería Lefebvre"@es	"Lefebvre brewery"@en	6		"Bélgica"@es	""
<http://www.wikidata.org/entity/Q1969936>	"Q1969936"		1			""
<http://www.wikidata.org/entity/Q1970693>	"Mikkeller"@en	"Mikkeller"@en	11		"Dinamarca"@es	""
<http://www.wikidata.org/entity/Q1977286>	"Q1977286"		1			""
<http://www.wikidata.org/entity/Q1978422>	"Q1978422"		1			""
<http://www.wikidata.org/entity/Q1978541>	"Q1978541"		1			""
<http://www.wikidata.org/entity/Q1978698>	"Q1978698"		1			""
<http://www.wikidata.org/entity/Q1979412>	"Q1979412"		1			""
<http://www.wikidata.org/entity/Q1980462>	"Neufang Kulturfabrik"@en	"Neufang Kulturfabrik"@en	3		"Alemania"@es	""
<http://www.wikidata.org/entity/Q1980896>	"Neumarkter Lammsbräu"@es	"Neumarkter Lammsbräu"@en	3		"Alemania"@es	""
<http://www.wikidata.org/entity/Q1981667>	"Brewmeister Brewery"@en	"Brewmeister Brewery"@en	2		"Reino Unido"@es	""
<http://www.wikidata.org/entity/Q1981682>	"Borgoña de Flandes (cerveza)"@es	"Burgundy of Flanders (beer)"@en	4			"Bourgogne des Flandres"
<http://www.wikidata.org/entity/Q1982955>	"Q1982955"		1			""
<http://www.wikidata.org/entity/Q1984450>	"Q1984450"		1			""
<http://www.wikidata.org/entity/Q2120918>	"Püls-Bräu"@en	"Püls-Bräu"@en	2		"Alemania"@es	""
<http://www.wikidata.org/entity/Q2123888>	"Gouden Carolus"@en	"Gouden Carolus"@en	2			""
<http://www.wikidata.org/entity/Q2125485>	"Radeberger Group"@en	"Radeberger Group"@en	8		"Alemania"@es	""
<http://www.wikidata.org/entity/Q2126062>	"Lichtervelds blond"@en	"Lichtervelds blond"@en	2			""
<http://www.wikidata.org/entity/Q2126122>	"Q2126122"		1			""
<http://www.wikidata.org/entity/Q2126239>	"Q2126239"		1		"Bélgica"@es	""
<http://www.wikidata.org/entity/Q2126600>	"Hertog Jan Dubbel"@en	"Hertog Jan Dubbel"@en	2			""
<http://www.wikidata.org/entity/Q2127357>	"Q2127357"		1			""
<http://www.wikidata.org/entity/Q2127669>	"Q2127669"		1			""
<http://www.wikidata.org/entity/Q2128955>	"Faxe Brewery"@en	"Faxe Brewery"@en	10		"Dinamarca"@es	""
<http://www.wikidata.org/entity/Q2131489>	"Q2131489"		2		"Bélgica"@es	""
<http://www.wikidata.org/entity/Q2132844>	"Q2132844"		1			""
<http://www.wikidata.org/entity/Q2132992>	"Q2132992"		1			""
<http://www.wikidata.org/entity/Q2133648>	"Q2133648"		1		"Bélgica"@es	""
<http://www.wikidata.org/entity/Q2136349>	"Q2136349"		1			""
<http://www.wikidata.org/entity/Q2136558>	"Q2136558"		1			""
<http://www.wikidata.org/entity/Q2144412>	"'t Gaverhopke Kerstbier"@en	"'t Gaverhopke Kerstbier"@en	1			""
<http://www.wikidata.org/entity/Q2146615>	"Grisette"@en	"Grisette"@en	4			""
<http://www.wikidata.org/entity/Q2147414>	"Q2147414"		2		"Bélgica"@es	""
<http://www.wikidata.org/entity/Q2150012>	"Q2150012"		1			""
<http://www.wikidata.org/entity/Q2152020>	"Q2152020"		1		"Alemania"@es	""
<http://www.wikidata.org/entity/Q2154042>	"Q2154042"		1			""
<http://www.wikidata.org/entity/Q2156279>	"Q2156279"		1		"Bélgica"@es	""
<http://www.wikidata.org/entity/Q2156377>	"La Binchoise"@en	"La Binchoise"@en	4		"Bélgica"@es	""
<http://www.wikidata.org/entity/Q2156741>	"Q2156741"		1			""
<http://www.wikidata.org/entity/Q2157261>	"Steenbrugge"@en	"Steenbrugge"@en	4			""
<http://www.wikidata.org/entity/Q2157411>	"Q2157411"		1			""
<http://www.wikidata.org/entity/Q2160044>	"Q2160044"		1			""
<http://www.wikidata.org/entity/Q2160562>	"Q2160562"		1			""
<http://www.wikidata.org/entity/Q2160950>	"3 Fonteinen Doesjel"@en	"3 Fonteinen Doesjel"@en	1			""
<http://www.wikidata.org/entity/Q2161923>	"Q2161923"		1			""
<http://www.wikidata.org/entity/Q2163145>	"Q2163145"		1			""
<http://www.wikidata.org/entity/Q2163641>	"Q2163641"		1			""
<http://www.wikidata.org/entity/Q2164124>	"Q2164124"		1			""
<http://www.wikidata.org/entity/Q2164364>	"Brouwerij Omer Vander Ghinste"@en	"Brouwerij Omer Vander Ghinste"@en	5		"Bélgica"@es	""
<http://www.wikidata.org/entity/Q2164905>	"Q2164905"		1			""
<http://www.wikidata.org/entity/Q2165052>	"Q2165052"		1			""
<http://www.wikidata.org/entity/Q2167041>	"Rosenbrauerei Pößneck"@es	"Rosenbrauerei"@en	3		"Alemania"@es	""
<http://www.wikidata.org/entity/Q2167407>	"Den Herberg"@en	"Den Herberg"@en	1		"Bélgica"@es	""
<http://www.wikidata.org/entity/Q2167857>	"Q2167857"		1			""
<http://www.wikidata.org/entity/Q2168329>	"Cervecería Muerte súbita"@es	"Brewery Mort Subite"@en	3		"Bélgica"@es	"Cervecería Mort Subite"
<http://www.wikidata.org/entity/Q2168479>	"Q2168479"		1		"Alemania"@es	""
<http://www.wikidata.org/entity/Q2168868>	"Rotochsenbrauerei"@en	"Rotochsenbrauerei"@en	3		"Alemania"@es	""
<http://www.wikidata.org/entity/Q2169388>	"Q2169388"		1		"Bélgica"@es	""
<http://www.wikidata.org/entity/Q2169487>	"Museumbrouwerij de Roos"@en	"Museumbrouwerij de Roos"@en	1		"Países Bajos"@es	""
<http://www.wikidata.org/entity/Q2171413>	"Q2171413"		1			""
<http://www.wikidata.org/entity/Q2172900>	"Q2172900"		1			""
<http://www.wikidata.org/entity/Q2174139>	"Brouwerij Wilderen"@en	"Brouwerij Wilderen"@en	2		"Bélgica"@es	""
<http://www.wikidata.org/entity/Q2174555>	"Q2174555"		1			""
<http://www.wikidata.org/entity/Q2174901>	"Rugenbräu"@en	"Rugenbräu"@en	3		"Suiza"@es	""
<http://www.wikidata.org/entity/Q2175711>	"Guldenberg"@en	"Guldenberg"@en	1			""
<http://www.wikidata.org/entity/Q2176488>	"Hertog Jan Grand Prestige"@en	"Hertog Jan Grand Prestige"@en	2			""
<http://www.wikidata.org/entity/Q2176975>	"Q2176975"		1			""
<http://www.wikidata.org/entity/Q2180554>	"Q2180554"		1			""
<http://www.wikidata.org/entity/Q2181194>	"Q2181194"		1			""
<http://www.wikidata.org/entity/Q2181387>	"Blanche des Neiges"@en	"Blanche des Neiges"@en	1			""
<http://www.wikidata.org/entity/Q2181927>	"Grafenwalder"@en	"Grafenwalder"@en	2			""
<http://www.wikidata.org/entity/Q2182362>	"Q2182362"		1		"Bélgica"@es	""
<http://www.wikidata.org/entity/Q2183857>	"Q2183857"		1			""
<http://www.wikidata.org/entity/Q2185375>	"Q2185375"		1		"Bélgica"@es	""
<http://www.wikidata.org/entity/Q2185912>	"Brasserie des Rocs"@en	"Brasserie des Rocs"@en	3		"Bélgica"@es	""
<http://www.wikidata.org/entity/Q2186096>	"Q2186096"		2			""
<http://www.wikidata.org/entity/Q2188529>	"Q2188529"		1			""
<http://www.wikidata.org/entity/Q2188545>	"Q2188545"		1			""
<http://www.wikidata.org/entity/Q2188911>	"Q2188911"		1			""
<http://www.wikidata.org/entity/Q2189654>	"Q2189654"		1			""
<http://www.wikidata.org/entity/Q2190054>	"Q2190054"		1			""
<http://www.wikidata.org/entity/Q2190856>	"Q2190856"		1		"Bélgica"@es	""
<http://www.wikidata.org/entity/Q2191000>	"Q2191000"		1			""
<http://www.wikidata.org/entity/Q2191552>	"Q2191552"		1			""
<http://www.wikidata.org/entity/Q2192020>	"Q2192020"		1			""
<http://www.wikidata.org/entity/Q2193489>	"Q2193489"		1			""
<http://www.wikidata.org/entity/Q2194702>	"Q2194702"		1			""
<http://www.wikidata.org/entity/Q2194731>	"Q2194731"		2		"Bélgica"@es	""
<http://www.wikidata.org/entity/Q2195318>	"Brouwerij Rubbens"@en	"Brouwerij Rubbens"@en	2		"Bélgica"@es	""
<http://www.wikidata.org/entity/Q2196155>	"Q2196155"		2			""
<http://www.wikidata.org/entity/Q2196984>	"Q2196984"		4		"Bélgica"@es	""
<http://www.wikidata.org/entity/Q2198059>	"Q2198059"		1			""
<http://www.wikidata.org/entity/Q2198830>	"Q2198830"		1			""
<http://www.wikidata.org/entity/Q2199209>	"Kriek Cantillon 100% Lambic"@en	"Kriek Cantillon 100% Lambic"@en	2			""
<http://www.wikidata.org/entity/Q2201944>	"Q2201944"		1			""
<http://www.wikidata.org/entity/Q2204314>	"Q2204314"		1			""
<http://www.wikidata.org/entity/Q2206306>	"Moeder Overste beer"@en	"Moeder Overste beer"@en	2			""
<http://www.wikidata.org/entity/Q2206530>	"Piedboeuf Brewery"@es	"Piedboeuf Brewery"@en	6		"Bélgica"@es	""
<http://www.wikidata.org/entity/Q2206697>	"Q2206697"		1			""
<http://www.wikidata.org/entity/Q2207286>	"Urthel brewery"@en	"Urthel brewery"@en	1		"Bélgica"@es	""
<http://www.wikidata.org/entity/Q2208517>	"Brouwerij De 7 Deugden"@es	"Brouwerij De 7 Deugden"@en	1		"Países Bajos"@es	""
<http://www.wikidata.org/entity/Q2210147>	"Brewery Domus"@en	"Brewery Domus"@en	3		"Bélgica"@es	""
<http://www.wikidata.org/entity/Q2214317>	"Q2214317"		1			""
<http://www.wikidata.org/entity/Q2214423>	"Authentique"@en	"Authentique"@en	1			""
<http://www.wikidata.org/entity/Q2215264>	"Zuid-Hollandsche Bierbrouwerij"@en	"Zuid-Hollandsche Bierbrouwerij"@en	1		"Países Bajos"@es	""
<http://www.wikidata.org/entity/Q2216374>	"Q2216374"		1			""
<http://www.wikidata.org/entity/Q2219851>	"Uitzet"@en	"Uitzet"@en	1			""
<http://www.wikidata.org/entity/Q2222475>	"Q2222475"		1			""
<http://www.wikidata.org/entity/Q2222590>	"Q2222590"		3			""
<http://www.wikidata.org/entity/Q2223917>	"Q2223917"		3		"Alemania"@es	""
<http://www.wikidata.org/entity/Q2226135>	"Artevelde"@en	"Artevelde"@en	1			""
<http://www.wikidata.org/entity/Q2226895>	"Q2226895"		1			""
<http://www.wikidata.org/entity/Q2226923>	"Q2226923"		1			""
<http://www.wikidata.org/entity/Q2227340>	"Q2227340"		1			""
<http://www.wikidata.org/entity/Q2227418>	"Bravoure"@en	"Bravoure"@en	1			""
<http://www.wikidata.org/entity/Q2228480>	"Q2228480"		1			""
<http://www.wikidata.org/entity/Q2230222>	"Q2230222"		1			""
<http://www.wikidata.org/entity/Q2233541>	"Scherdel Bier"@en	"Scherdel Bier"@en	4		"Alemania"@es	""
<http://www.wikidata.org/entity/Q2233563>	"Q2233563"		1			""
<http://www.wikidata.org/entity/Q2233985>	"Judas beer"@en	"Judas beer"@en	5			""
<http://www.wikidata.org/entity/Q2237179>	"Q2237179"		1			""
<http://www.wikidata.org/entity/Q2238249>	"Q2238249"		1			""
<http://www.wikidata.org/entity/Q2238648>	"Schlegel-Scharpenseel-Brauerei"@en	"Schlegel-Scharpenseel-Brauerei"@en	2		"Alemania"@es	""
<http://www.wikidata.org/entity/Q2239073>	"Hertog Jan"@en	"Hertog Jan"@en	7		"Países Bajos"@es	""
<http://www.wikidata.org/entity/Q2239091>	"Q2239091"		1			""
<http://www.wikidata.org/entity/Q2240106>	"Schloss Au"@en	"Schloss Au"@en	2		"Alemania"@es	""
<http://www.wikidata.org/entity/Q2240409>	"Bière du Corsaire Cuvée Spéciale"@en	"Bière du Corsaire Cuvée Spéciale"@en	1			""
<http://www.wikidata.org/entity/Q2240879>	"Q2240879"		1		"Países Bajos"@es	""
<http://www.wikidata.org/entity/Q2241057>	"Q2241057"		1			""
<http://www.wikidata.org/entity/Q2241466>	"Schloss Haus"@en	"Schloss Haus"@en	2		"Alemania"@es	""
<http://www.wikidata.org/entity/Q2242253>	"Columbus"@en	"Columbus"@en	1			""
<http://www.wikidata.org/entity/Q2243672>	"Schloss Söldenau"@en	"Schloss Söldenau"@en	2		"Alemania"@es	""
<http://www.wikidata.org/entity/Q2244449>	"Schlossbrauerei Herrngiersdorf"@en	"Schlossbrauerei Herrngiersdorf"@en	1		"Alemania"@es	""
<http://www.wikidata.org/entity/Q2244456>	"Schlossbrauerei Hirschau"@en	"Schlossbrauerei Hirschau"@en	3		"Alemania"@es	""
<http://www.wikidata.org/entity/Q2244658>	"Q2244658"		1			""
<http://www.wikidata.org/entity/Q2244899>	"Schlossbrauerei Reuth"@en	"Schlossbrauerei Reuth"@en	2		"Alemania"@es	""
<http://www.wikidata.org/entity/Q2244896>	"Schlossbrauerei Rheder"@en	"Schlossbrauerei Rheder"@en	3		"Alemania"@es	""
<http://www.wikidata.org/entity/Q2244922>	"Tongerlo"@en	"Tongerlo"@en	5			""
<http://www.wikidata.org/entity/Q2245095>	"Q2245095"		1			""
<http://www.wikidata.org/entity/Q2249033>	"Q2249033"		1			""
<http://www.wikidata.org/entity/Q2249745>	"De Boog, Utrecht"@en	"De Boog, Utrecht"@en	2		"Países Bajos"@es	""
<http://www.wikidata.org/entity/Q2250646>	"Gasthaus zur Sonne, Böckingen"@en	"Gasthaus zur Sonne, Böckingen"@en	2		"Alemania"@es	""
<http://www.wikidata.org/entity/Q2252562>	"Schwaben Bräu"@en	"Schwaben Bräu"@en	6		"Alemania"@es	""
<http://www.wikidata.org/entity/Q2254698>	"Witkap Pater beer"@en	"Witkap Pater beer"@en	4			""
<http://www.wikidata.org/entity/Q2257449>	"Q2257449"		1		"Alemania"@es	""
<http://www.wikidata.org/entity/Q2258318>	"Schäffler Bräu"@en	"Schäffler Bräu"@en	2		"Alemania"@es	""
<http://www.wikidata.org/entity/Q2258867>	"Schönbuch Braumanufaktur"@en	"Schönbuch Braumanufaktur"@en	3		"Alemania"@es	""
<http://www.wikidata.org/entity/Q2259010>	"Schöneberger Schlossbrauerei"@en	"Schöneberger Schlossbrauerei"@en	2		"Alemania"@es	""
<http://www.wikidata.org/entity/Q2259011>	"Brasserie à vapeur"@en	"Brasserie à vapeur"@en	4		"Bélgica"@es	""
<http://www.wikidata.org/entity/Q2259028>	"dry hopping"@en	"dry hopping"@en	1			""
<http://www.wikidata.org/entity/Q2259081>	"Birra Raffo"@en	"Birra Raffo"@en	9		"Italia"@es	""
<http://www.wikidata.org/entity/Q2260033>	"Brauerei Schützengarten"@es	"Brauerei Schützengarten"@en	2		"Suiza"@es	""
<http://www.wikidata.org/entity/Q2260445>	"Q2260445"		2		"Bélgica"@es	""
<http://www.wikidata.org/entity/Q2262542>	"Q2262542"		1			""
<http://www.wikidata.org/entity/Q2263643>	"Q2263643"		1			""
<http://www.wikidata.org/entity/Q2264823>	"Q2264823"		1			""
<http://www.wikidata.org/entity/Q2268609>	"Cervecería Kerkom"@es	"Kerkom brewery"@en	2		"Bélgica"@es	""
<http://www.wikidata.org/entity/Q2273917>	"Q2273917"		1			""
<http://www.wikidata.org/entity/Q2274883>	"Q2274883"		1			""
<http://www.wikidata.org/entity/Q2275399>	"Vestekerk"@en	"Vestekerk"@en	2		"Países Bajos"@es	""
<http://www.wikidata.org/entity/Q2278534>	"Faro Girardin"@en	"Faro Girardin"@en	1			""
<http://www.wikidata.org/entity/Q2280416>	"Armand'4"@en	"Armand'4"@en	2			""
<http://www.wikidata.org/entity/Q2287949>	"Q2287949"		1			""
<http://www.wikidata.org/entity/Q2288830>	"Q2288830"		2		"Alemania"@es	""
<http://www.wikidata.org/entity/Q2291152>	"Brewery Verhaeghe"@en	"Brewery Verhaeghe"@en	5		"Bélgica"@es	""
<http://www.wikidata.org/entity/Q2291277>	"Q2291277"		2		"Bélgica"@es	""
<http://www.wikidata.org/entity/Q2295810>	"Q2295810"		1			""
<http://www.wikidata.org/entity/Q2296868>	"Hommelbier"@en	"Hommelbier"@en	4			""
<http://www.wikidata.org/entity/Q2297259>	"Q2297259"		1			""
<http://www.wikidata.org/entity/Q2297320>	"Q2297320"		1			""
<http://www.wikidata.org/entity/Q2297382>	"Q2297382"		1		"Bélgica"@es	""
<http://www.wikidata.org/entity/Q2298919>	"Q2298919"		1			""
<http://www.wikidata.org/entity/Q2300343>	"Q2300343"		1		"Bélgica"@es	""
<http://www.wikidata.org/entity/Q2301868>	"Sonnenbräu"@en	"Sonnenbräu"@en	2		"Suiza"@es	""
<http://www.wikidata.org/entity/Q2303128>	"Q2303128"		1			""
<http://www.wikidata.org/entity/Q2304348>	"Q2304348"		1			""
<http://www.wikidata.org/entity/Q2304689>	"Q2304689"		1			""
<http://www.wikidata.org/entity/Q2304769>	"Q2304769"		1			""
<http://www.wikidata.org/entity/Q2308388>	"Wintersnood"@es		1			""
<http://www.wikidata.org/entity/Q2308687>	"Speight's"@en	"Speight's"@en	6		"Nueva Zelanda"@es	""
<http://www.wikidata.org/entity/Q2309752>	"Q2309752"		1			""
<http://www.wikidata.org/entity/Q2312982>	"Q2312982"		1			""
<http://www.wikidata.org/entity/Q2314890>	"Brasserie des Fagnes"@en	"Brasserie des Fagnes"@en	3		"Bélgica"@es	""
<http://www.wikidata.org/entity/Q2315511>	"Q2315511"		1			""
<http://www.wikidata.org/entity/Q2316009>	"Pink Killer"@en	"Pink Killer"@en	2			""
<http://www.wikidata.org/entity/Q2317535>	"Triple Moine"@en	"Triple Moine"@en	1			""
<http://www.wikidata.org/entity/Q2318550>	"St. Georgen-Bräu"@en	"St. Georgen-Bräu"@en	2		"Alemania"@es	""
<http://www.wikidata.org/entity/Q2319855>	"Brouwerij De Wever"@en	"Brouwerij De Wever"@en	2		"Bélgica"@es	""
<http://www.wikidata.org/entity/Q2320154>	"Q2320154"		1			""
<http://www.wikidata.org/entity/Q2320696>	"Brouwerij De Brabandere"@en	"Brouwerij De Brabandere"@en	4		"Bélgica"@es	""
<http://www.wikidata.org/entity/Q2322356>	"Q2322356"		1		"Alemania"@es	""
<http://www.wikidata.org/entity/Q2324539>	"Saint Lamvinus"@en	"Saint Lamvinus"@en	2			""
<http://www.wikidata.org/entity/Q2325376>	"Q2325376"		2		"Bélgica"@es	""
<http://www.wikidata.org/entity/Q2326274>	"Q2326274"		1		"Alemania"@es	""
<http://www.wikidata.org/entity/Q2327521>	"Brasserie Saint-Monon"@en	"Brasserie Saint-Monon"@en	3		"Bélgica"@es	""
<http://www.wikidata.org/entity/Q2329537>	"Q2329537"		1			""
<http://www.wikidata.org/entity/Q2332316>	"Q2332316"		1			""
<http://www.wikidata.org/entity/Q2332857>	"Starkenberger"@en	"Starkenberger"@en	3		"Austria"@es	""
<http://www.wikidata.org/entity/Q2333058>	"Steenuilke"@en	"Steenuilke"@en	2			""
<http://www.wikidata.org/entity/Q2334338>	"Q2334338"		1			""
<http://www.wikidata.org/entity/Q2334658>	"cervecería de Bellevaux"@es	"brewery of Bellevaux"@en	4		"Bélgica"@es	""
<http://www.wikidata.org/entity/Q2334744>	"Q2334744"		2		"Bélgica"@es	""
<http://www.wikidata.org/entity/Q2337022>	"Q2337022"		1			""
<http://www.wikidata.org/entity/Q2343361>	"Q2343361"		1			""
<http://www.wikidata.org/entity/Q2343731>	"Q2343731"		1			""
<http://www.wikidata.org/entity/Q2343736>	"Bierbrouwerij \"Keizer Barbarossa\""@en	"Bierbrouwerij \"Keizer Barbarossa\""@en	1		"Países Bajos"@es	""
<http://www.wikidata.org/entity/Q2343962>	"Haacht"@en	"Haacht"@en	4		"Bélgica"@es	""
<http://www.wikidata.org/entity/Q2345613>	"Q2345613"		1		"Alemania"@es	""
<http://www.wikidata.org/entity/Q2346140>	"Phoenix Bierbrouwerij"@en	"Phoenix Bierbrouwerij"@en	2		"Países Bajos"@es	""
<http://www.wikidata.org/entity/Q2348733>	"Stiftsbrauerei Schlägl"@en	"Stiftsbrauerei Schlägl"@en	2		"Austria"@es	""
<http://www.wikidata.org/entity/Q2348768>	"'t Hofbrouwerijke"@en	"'t Hofbrouwerijke"@en	1		"Bélgica"@es	""
<http://www.wikidata.org/entity/Q2349195>	"Q2349195"		1			""
<http://www.wikidata.org/entity/Q2349766>	"Kamil"@en	"Kamil"@en	2			""
<http://www.wikidata.org/entity/Q2350495>	"Smisje Brewery"@es	"Smisje Brewery"@en	3		"Bélgica"@es	""
<http://www.wikidata.org/entity/Q2353711>	"Jessenhofke"@en	"Jessenhofke"@en	2			""
<http://www.wikidata.org/entity/Q2354423>	"Zagorka"@en	"Zagorka"@en	8			""
<http://www.wikidata.org/entity/Q2356864>	"Q2356864"		1			""
<http://www.wikidata.org/entity/Q2357033>	"Brouwerij Sterkens"@en	"Brouwerij Sterkens"@en	2		"Bélgica"@es	""
<http://www.wikidata.org/entity/Q2357114>	"Q2357114"		2		"Bélgica"@es	""
<http://www.wikidata.org/entity/Q2359297>	"Q2359297"		1		"Alemania"@es	""
<http://www.wikidata.org/entity/Q2359534>	"Stuttgarter Hofbräu"@en	"Stuttgarter Hofbräu"@en	4		"Alemania"@es	""
<http://www.wikidata.org/entity/Q2359908>	"Q2359908"		1		"Alemania"@es	""
<http://www.wikidata.org/entity/Q2359912>	"Q2359912"		1		"Alemania Oriental"@es	""
<http://www.wikidata.org/entity/Q2360702>	"Störtebeker Braumanufaktur"@es	"Störtebeker Braumanufaktur"@en	5		"Alemania"@es	"Störtebeker Braumanufaktur GmbH"
<http://www.wikidata.org/entity/Q2363148>	"Q2363148"		3		"Alemania Oriental"@es	""
<http://www.wikidata.org/entity/Q2363275>	"Q2363275"		2			""
<http://www.wikidata.org/entity/Q2365411>	"Q2365411"		1			""
<http://www.wikidata.org/entity/Q2367346>	"Q2367346"		1			""
<http://www.wikidata.org/entity/Q2368706>	"Q2368706"		1		"Bélgica"@es	""
<http://www.wikidata.org/entity/Q2369075>	"Rodenbach Brewery"@es	"Rodenbach Brewery"@en	9		"Bélgica"@es	""
<http://www.wikidata.org/entity/Q2371866>	"Q2371866"		1			""
<http://www.wikidata.org/entity/Q2372048>	"Q2372048"		2		"Bélgica"@es	""
<http://www.wikidata.org/entity/Q2378434>	"Gold Pils"@en	"Gold Pils"@en	1			""
<http://www.wikidata.org/entity/Q2380166>	"Stichting Noordhollandse Alternatieve Bierbrouwers"@en	"Stichting Noordhollandse Alternatieve Bierbrouwers"@en	2		"Países Bajos"@es	""
<http://www.wikidata.org/entity/Q2380984>	"Q2380984"		1			""
<http://www.wikidata.org/entity/Q2383017>	"Q2383017"		1			""
<http://www.wikidata.org/entity/Q2383085>	"Q2383085"		1			""
<http://www.wikidata.org/entity/Q2386635>	"Q2386635"		1			""
<http://www.wikidata.org/entity/Q2386867>	"Q2386867"		1			""
<http://www.wikidata.org/entity/Q2387311>	"Q2387311"		1			""
<http://www.wikidata.org/entity/Q2388275>	"Q2388275"		1			""
<http://www.wikidata.org/entity/Q2388489>	"Q2388489"		1			""
<http://www.wikidata.org/entity/Q2389740>	"Q2389740"		1			""
<http://www.wikidata.org/entity/Q2392338>	"Q2392338"		1			""
<http://www.wikidata.org/entity/Q2394676>	"Odenveltlaan 2, Vleuten"@en	"Odenveltlaan 2, Vleuten"@en	2		"Países Bajos"@es	""
<http://www.wikidata.org/entity/Q2395003>	"Gouden Carolus Cuvée van de Keizer"@en	"Gouden Carolus Cuvée van de Keizer"@en	2			""
<http://www.wikidata.org/entity/Q2396353>	"Abbaye d'Aulne"@en	"Abbaye d'Aulne"@en	4		"Bélgica"@es	""
<http://www.wikidata.org/entity/Q2397448>	"Q2397448"		1			""
<http://www.wikidata.org/entity/Q2398339>	"Fantôme Brewery"@es	"Fantôme Brewery"@en	3		"Bélgica"@es	""
<http://www.wikidata.org/entity/Q2398572>	"Q2398572"		2			""
<http://www.wikidata.org/entity/Q2398663>	"Q2398663"		1			""
<http://www.wikidata.org/entity/Q2402592>	"Q2402592"		1			""
<http://www.wikidata.org/entity/Q2403780>	"Q2403780"		1		"Países Bajos"@es	""
<http://www.wikidata.org/entity/Q2404404>	"Q2404404"		2		"Bélgica"@es	""
<http://www.wikidata.org/entity/Q2404537>	"Q2404537"		1			""
<http://www.wikidata.org/entity/Q2404773>	"Q2404773"		1		"Bélgica"@es	""
<http://www.wikidata.org/entity/Q2405333>	"Q2405333"		1			""
<http://www.wikidata.org/entity/Q2407906>	"Q2407906"		1			""
<http://www.wikidata.org/entity/Q2408383>	"Q2408383"		1			""
<http://www.wikidata.org/entity/Q2410498>	"Q2410498"		1			""
<http://www.wikidata.org/entity/Q2411403>	"Bernard"@en	"Bernard"@en	6			""
<http://www.wikidata.org/entity/Q2412997>	"Q2412997"		1		"Bélgica"@es	""
<http://www.wikidata.org/entity/Q2416192>	"Q2416192"		1			""
<http://www.wikidata.org/entity/Q2416830>	"Q2416830"		1			""
<http://www.wikidata.org/entity/Q2417742>	"Red Stripe"@en	"Red Stripe"@en	15			""
<http://www.wikidata.org/entity/Q2418550>	"Q2418550"		1			""
<http://www.wikidata.org/entity/Q2421215>	"cervecería Dupont"@es	"Dupont brewery"@en	5		"Bélgica"@es	""
<http://www.wikidata.org/entity/Q2423464>	"Q2423464"		1			""
<http://www.wikidata.org/entity/Q2423498>	"Q2423498"		1			""
<http://www.wikidata.org/entity/Q2424529>	"Q2424529"		1			""
<http://www.wikidata.org/entity/Q2424921>	"Brasserie de Silly"@en	"Brasserie de Silly"@en	4		"Bélgica"@es	""
<http://www.wikidata.org/entity/Q2425707>	"Brewery Ommegang"@es	"Brewery Ommegang"@en	4		"Estados Unidos"@es	""
<http://www.wikidata.org/entity/Q2426064>	"Bitter Sweet Symphony"@es	"Bitter Sweet Symphony"@en	1			""
<http://www.wikidata.org/entity/Q2426375>	"Coopers Brewery"@en	"Coopers Brewery"@en	4		"Australia"@es	""
<http://www.wikidata.org/entity/Q2426372>	"Q2426372"		1		"Bélgica"@es	""
<http://www.wikidata.org/entity/Q2426731>	"Q2426731"		1			""
<http://www.wikidata.org/entity/Q2429750>	"Q2429750"		1			""
<http://www.wikidata.org/entity/Q2431301>	"Q2431301"		1			""
<http://www.wikidata.org/entity/Q2432125>	"Q2432125"		1			""
<http://www.wikidata.org/entity/Q2433680>	"Leute Bokbier"@en	"Leute Bokbier"@en	2			""
<http://www.wikidata.org/entity/Q2434107>	"Q2434107"		1		"Bélgica"@es	""
<http://www.wikidata.org/entity/Q2435429>	"house Paveestraße 12"@en	"house Paveestraße 12"@en	5		"Bélgica"@es	""
<http://www.wikidata.org/entity/Q2436599>	"Q2436599"		1			""
<http://www.wikidata.org/entity/Q2441655>	"Brouwerij Crombé"@en	"Brouwerij Crombé"@en	2		"Bélgica"@es	""
<http://www.wikidata.org/entity/Q2445460>	"Q2445460"		1			""
<http://www.wikidata.org/entity/Q2446082>	"Q2446082"		1			""
<http://www.wikidata.org/entity/Q2446583>	"Q2446583"		1			""
<http://www.wikidata.org/entity/Q2448461>	"Laško Brewery"@en	"Laško Brewery"@en	13		"Eslovenia"@es	""
<http://www.wikidata.org/entity/Q2449451>	"Brewery Schelde"@en	"Brewery Schelde"@en	1		"Países Bajos"@es	""
<http://www.wikidata.org/entity/Q2449451>	"Brewery Schelde"@en	"Brewery Schelde"@en	1		"Bélgica"@es	""
<http://www.wikidata.org/entity/Q2449936>	"Sloeber"@en	"Sloeber"@en	2			""
<http://www.wikidata.org/entity/Q2450757>	"Val-Dieu"@en	"Val-Dieu"@en	3		"Bélgica"@es	""
<http://www.wikidata.org/entity/Q2450916>	"Trebjesa brewery"@en	"Trebjesa brewery"@en	7		"Montenegro"@es	""
<http://www.wikidata.org/entity/Q2454767>	"Q2454767"		1			""
<http://www.wikidata.org/entity/Q2457956>	"De Hemel city brewery"@en	"De Hemel city brewery"@en	1		"Países Bajos"@es	""
<http://www.wikidata.org/entity/Q2459061>	"Tucher Bräu"@es	"Tucher Brewery"@en	3		"Imperio aleman (1871-1949)"@es	""
<http://www.wikidata.org/entity/Q2459061>	"Tucher Bräu"@es	"Tucher Brewery"@en	3		"Alemania"@es	""
<http://www.wikidata.org/entity/Q2463632>	"Q2463632"		1			""
<http://www.wikidata.org/entity/Q2464855>	"De Leeuw"@en	"De Leeuw"@en	3		"Países Bajos"@es	""
<http://www.wikidata.org/entity/Q2473404>	"Brouwerij Dilewyns"@en	"Brouwerij Dilewyns"@en	2		"Bélgica"@es	""
<http://www.wikidata.org/entity/Q2473557>	"Q2473557"		1			""
<http://www.wikidata.org/entity/Q2473656>	"Uerige"@en	"Uerige"@en	2		"Alemania"@es	""
<http://www.wikidata.org/entity/Q2474926>	"Q2474926"		1			""
<http://www.wikidata.org/entity/Q2476595>	"Brouwerij Zeeberg"@en	"Brouwerij Zeeberg"@en	1		"Bélgica"@es	""
<http://www.wikidata.org/entity/Q2477515>	"Q2477515"		1			""
<http://www.wikidata.org/entity/Q2478931>	"Q2478931"		1		"Bélgica"@es	""
<http://www.wikidata.org/entity/Q2479439>	"Q2479439"		1			""
<http://www.wikidata.org/entity/Q2479885>	"Brouwerij De Krans"@en	"Brouwerij De Krans"@en	2		"Países Bajos"@es	""
<http://www.wikidata.org/entity/Q2480685>	"Q2480685"		1			""
<http://www.wikidata.org/entity/Q2481654>	"Bon Secours"@en	"Bon Secours"@en	3			""
<http://www.wikidata.org/entity/Q2486496>	"Q2486496"		1		"Bélgica"@es	""
<http://www.wikidata.org/entity/Q2486843>	"Q2486843"		1			""
<http://www.wikidata.org/entity/Q2487411>	"Q2487411"		1			""
<http://www.wikidata.org/entity/Q2494005>	"Q2494005"		1			""
<http://www.wikidata.org/entity/Q2494118>	"Q2494118"		1			""
<http://www.wikidata.org/entity/Q2496042>	"Brouwerij Den Hopperd"@en	"Brouwerij Den Hopperd"@en	1		"Bélgica"@es	""
<http://www.wikidata.org/entity/Q2497669>	"Q2497669"		2		"Alemania"@es	""
<http://www.wikidata.org/entity/Q2498687>	"Q2498687"		1			""
<http://www.wikidata.org/entity/Q2499819>	"Q2499819"		1			""
<http://www.wikidata.org/entity/Q2500112>	"Brewery De Troch"@en	"Brewery De Troch"@en	3		"Bélgica"@es	""
<http://www.wikidata.org/entity/Q2502659>	"Ustersbacher"@en	"Ustersbacher"@en	2		"Alemania"@es	""
<http://www.wikidata.org/entity/Q2508242>	"Q2508242"		1			""
<http://www.wikidata.org/entity/Q2509386>	"Piraat"@en	"Piraat"@en	2			""
<http://www.wikidata.org/entity/Q2509970>	"Q2509970"		1			""
<http://www.wikidata.org/entity/Q2511370>	"Buffalo"@en	"Buffalo"@en	2			""
<http://www.wikidata.org/entity/Q2511816>	"Q2511816"		3			""
<http://www.wikidata.org/entity/Q2514078>	"Q2514078"		1			""
<http://www.wikidata.org/entity/Q2515161>	"Vereinsbrauerei Apolda"@es	"Vereinsbrauerei Apolda"@en	4		"Alemania Oriental"@es	""
<http://www.wikidata.org/entity/Q2515161>	"Vereinsbrauerei Apolda"@es	"Vereinsbrauerei Apolda"@en	4		"Alemania"@es	""
<http://www.wikidata.org/entity/Q2515164>	"Q2515164"		1		"Países Bajos"@es	""
<http://www.wikidata.org/entity/Q2516719>	"Q2516719"		1		"Países Bajos"@es	""
<http://www.wikidata.org/entity/Q2516823>	"Q2516823"		2		"Países Bajos"@es	""
<http://www.wikidata.org/entity/Q2519707>	"Q2519707"		1			""
<http://www.wikidata.org/entity/Q2519758>	"Huize Karelstein"@en	"Huize Karelstein"@en	2		"Países Bajos"@es	""
<http://www.wikidata.org/entity/Q2520981>	"Liechtensteiner Brauhaus"@en	"Liechtensteiner Brauhaus"@en	1		"Liechtenstein"@es	""
<http://www.wikidata.org/entity/Q2521221>	"Q2521221"		1			""
<http://www.wikidata.org/entity/Q2522893>	"Q2522893"		1			""
<http://www.wikidata.org/entity/Q2523274>	"Q2523274"		1			""
<http://www.wikidata.org/entity/Q2523764>	"Q2523764"		1			""
<http://www.wikidata.org/entity/Q2524474>	"Viktoria-Quartier"@en	"Viktoria-Quartier"@en	2		"Alemania"@es	""
<http://www.wikidata.org/entity/Q2525133>	"Q2525133"		1			""
<http://www.wikidata.org/entity/Q2528054>	"Q2528054"		1			""
<http://www.wikidata.org/entity/Q2529616>	"Q2529616"		1		"Bélgica"@es	""
<http://www.wikidata.org/entity/Q2530119>	"Q2530119"		2		"Bélgica"@es	""
<http://www.wikidata.org/entity/Q2531539>	"Père Noël"@en	"Père Noël"@en	1			""
<http://www.wikidata.org/entity/Q2534191>	"Vormann Brauerei"@en	"Vormann Brauerei"@en	2		"Alemania"@es	""
<http://www.wikidata.org/entity/Q2535019>	"Q2535019"		1			""
<http://www.wikidata.org/entity/Q2536135>	"Q2536135"		1			""
<http://www.wikidata.org/entity/Q2536542>	"Q2536542"		1			""
<http://www.wikidata.org/entity/Q2536843>	"Q2536843"		1			""
<http://www.wikidata.org/entity/Q2537924>	"Q2537924"		3		"Bélgica"@es	""
<http://www.wikidata.org/entity/Q2538549>	"Windhoek Lager"@en	"Windhoek Lager"@en	3			""
<http://www.wikidata.org/entity/Q2538673>	"Alfa Brewery"@en	"Alfa Brewery"@en	4		"Países Bajos"@es	""
<http://www.wikidata.org/entity/Q2538762>	"Q2538762"		1			""
<http://www.wikidata.org/entity/Q2539025>	"Q2539025"		1			""
<http://www.wikidata.org/entity/Q2540801>	"Waitzinger Bräu"@en	"Waitzinger Bräu"@en	1		"Alemania"@es	""
<http://www.wikidata.org/entity/Q2541592>	"Q2541592"		1			""
<http://www.wikidata.org/entity/Q2541853>	"Waldschlößchen-Brauerei"@es	"Waldschlößchen brewery"@en	2		"Alemania"@es	""
<http://www.wikidata.org/entity/Q2542026>	"Waldwirtschaft Großhesselohe"@en	"Waldwirtschaft Großhesselohe"@en	3		"Alemania"@es	""
<http://www.wikidata.org/entity/Q2543276>	"Q2543276"		1		"Alemania"@es	""
<http://www.wikidata.org/entity/Q2544113>	"Q2544113"		1			""
<http://www.wikidata.org/entity/Q2545522>	"Q2545522"		2			""
<http://www.wikidata.org/entity/Q2546411>	"Brouwerij Krüger"@en	"Brouwerij Krüger"@en	1		"Bélgica"@es	""
<http://www.wikidata.org/entity/Q2546715>	"Brewery La Frasnoise"@en	"Brewery La Frasnoise"@en	3		"Bélgica"@es	""
<http://www.wikidata.org/entity/Q2549797>	"Q2549797"		1		"Bélgica"@es	""
<http://www.wikidata.org/entity/Q2549978>	"Martinas brewery"@en	"Martinas brewery"@en	2		"Bélgica"@es	""
<http://www.wikidata.org/entity/Q2550427>	"Q2550427"		1		"Bélgica"@es	""
<http://www.wikidata.org/entity/Q2555651>	"Q2555651"		1			""
<http://www.wikidata.org/entity/Q2556483>	"Q2556483"		2			""
<http://www.wikidata.org/entity/Q2556800>	"Q2556800"		2		"Alemania"@es	""
<http://www.wikidata.org/entity/Q2557475>	"Weldebräu"@en	"Weldebräu"@en	5		"Alemania"@es	""
<http://www.wikidata.org/entity/Q2561588>	"Q2561588"		1			""
<http://www.wikidata.org/entity/Q2562918>	"Q2562918"		1			""
<http://www.wikidata.org/entity/Q2564899>	"De Bie Brewery"@en	"De Bie Brewery"@en	1		"Bélgica"@es	""
<http://www.wikidata.org/entity/Q2565050>	"Westerwald-Brauerei"@en	"Westerwald-Brauerei"@en	3		"Alemania"@es	""
<http://www.wikidata.org/entity/Q2565108>	"Westfalen Culinarium"@en	"Westfalen Culinarium"@en	2		"Alemania"@es	""
<http://www.wikidata.org/entity/Q2567026>	"Bourbon County Brand Stout"@en	"Bourbon County Brand Stout"@en	1		"Estados Unidos"@es	""
<http://www.wikidata.org/entity/Q2567046>	"Q2567046"		1		"Bélgica"@es	""
<http://www.wikidata.org/entity/Q2567692>	"Wicküler-Brauerei"@en	"Wicküler-Brauerei"@en	2		"Alemania"@es	""
<http://www.wikidata.org/entity/Q2568622>	"Oude Kriek Hanssens"@en	"Oude Kriek Hanssens"@en	1			""
<http://www.wikidata.org/entity/Q2572560>	"Brouwerij Het Nest"@en	"Brouwerij Het Nest"@en	2		"Bélgica"@es	""
<http://www.wikidata.org/entity/Q2573747>	"Q2573747"		1			""
<http://www.wikidata.org/entity/Q2575792>	"Q2575792"		1			""
<http://www.wikidata.org/entity/Q2576981>	"Q2576981"		1			""
<http://www.wikidata.org/entity/Q2578026>	"Jaded Stillwater Artisanal"@es	"Jaded Stillwater Artisanal"@en	1			""
<http://www.wikidata.org/entity/Q2578466>	"3 Schténg"@en	"3 Schténg"@en	2			""
<http://www.wikidata.org/entity/Q2579855>	"Q2579855"		1		"Bélgica"@es	""
<http://www.wikidata.org/entity/Q2579953>	"Q2579953"		1			""
<http://www.wikidata.org/entity/Q2581184>	"Q2581184"		1			""
<http://www.wikidata.org/entity/Q2588994>	"Q2588994"		1		"Bélgica"@es	""
<http://www.wikidata.org/entity/Q2589450>	"Q2589450"		1			""
<http://www.wikidata.org/entity/Q2590737>	"Q2590737"		2			""
<http://www.wikidata.org/entity/Q2592386>	"Q2592386"		1			""
<http://www.wikidata.org/entity/Q2592482>	"Q2592482"		1			""
<http://www.wikidata.org/entity/Q2596166>	"Q2596166"		1			""
<http://www.wikidata.org/entity/Q2596790>	"Q2596790"		1			""
<http://www.wikidata.org/entity/Q2597503>	"Q2597503"		1			""
<http://www.wikidata.org/entity/Q2599465>	"Brouwerij Het Alternatief"@en	"Brouwerij Het Alternatief"@en	1		"Bélgica"@es	""
<http://www.wikidata.org/entity/Q1984997>	"Budelse Brouwerij"@en	"Budelse Brouwerij"@en	4		"Países Bajos"@es	""
<http://www.wikidata.org/entity/Q1985199>	"Q1985199"		1			""
<http://www.wikidata.org/entity/Q1986383>	"Dors"@en	"Dors"@en	2			""
<http://www.wikidata.org/entity/Q1987425>	"cerveceros De Struise"@es	"De Struise brewers"@en	5		"Bélgica"@es	""
<http://www.wikidata.org/entity/Q1989747>	"Q1989747"		1			""
<http://www.wikidata.org/entity/Q1991844>	"Croy"@en	"Croy"@en	1			""
<http://www.wikidata.org/entity/Q1991863>	"Texelse Bierbrouwerij"@en	"Texelse Bierbrouwerij"@en	4		"Países Bajos"@es	""
<http://www.wikidata.org/entity/Q1994313>	"Q1994313"		1			""
<http://www.wikidata.org/entity/Q1996114>	"Q1996114"		2			""
<http://www.wikidata.org/entity/Q1996500>	"Grand Cru Bruocsella"@en	"Grand Cru Bruocsella"@en	2			""
<http://www.wikidata.org/entity/Q1999697>	"Brauerei Albert Egger"@en	"Brauerei Albert Egger"@en	2		"Suiza"@es	""
<http://www.wikidata.org/entity/Q2001157>	"Vlasbier"@en	"Vlasbier"@en	1			""
<http://www.wikidata.org/entity/Q2001225>	"Waterloo"@en	"Waterloo"@en	2			""
<http://www.wikidata.org/entity/Q2002312>	"Q2002312"		1			""
<http://www.wikidata.org/entity/Q2002474>	"Q2002474"		1		"Bélgica"@es	""
<http://www.wikidata.org/entity/Q2005139>	"Q2005139"		1			""
<http://www.wikidata.org/entity/Q2005753>	"Q2005753"		1			""
<http://www.wikidata.org/entity/Q2005819>	"Nussdorfer Bierbrauerei"@es	"Nussdorfer Bierbrauerei"@en	2		"Austria"@es	""
<http://www.wikidata.org/entity/Q2008487>	"Q2008487"		1			""
<http://www.wikidata.org/entity/Q2010460>	"Q2010460"		1		"Alemania"@es	""
<http://www.wikidata.org/entity/Q2011473>	"Fantôme"@en	"Fantôme"@en	3		"Bélgica"@es	""
<http://www.wikidata.org/entity/Q2013069>	"Hertog Jan Oerblond"@en	"Hertog Jan Oerblond"@en	1			""
<http://www.wikidata.org/entity/Q2014333>	"Q2014333"		1			""
<http://www.wikidata.org/entity/Q2018665>	"Brouwerij Boelens"@en	"Brouwerij Boelens"@en	2		"Bélgica"@es	""
<http://www.wikidata.org/entity/Q2021756>	"Brouwerij De Geyter"@en	"Brouwerij De Geyter"@en	1		"Bélgica"@es	""
<http://www.wikidata.org/entity/Q2022638>	"Q2022638"		1			""
<http://www.wikidata.org/entity/Q2022919>	"Q2022919"		1			""
<http://www.wikidata.org/entity/Q2023460>	"Q2023460"		2		"Bélgica"@es	""
<http://www.wikidata.org/entity/Q2023777>	"Q2023777"		2			""
<http://www.wikidata.org/entity/Q2024059>	"Q2024059"		1			""
<http://www.wikidata.org/entity/Q2027249>	"Yebisu Beer"@en	"Yebisu Beer"@en	7			""
<http://www.wikidata.org/entity/Q2028622>	"Q2028622"		1			""
<http://www.wikidata.org/entity/Q2029012>	"Q2029012"		1			""
<http://www.wikidata.org/entity/Q2029392>	"Brouwerij Tielemans"@en	"Brouwerij Tielemans"@en	1		"Bélgica"@es	""
<http://www.wikidata.org/entity/Q2030519>	"Q2030519"		1			""
<http://www.wikidata.org/entity/Q2031287>	"Q2031287"		1		"Bélgica"@es	""
<http://www.wikidata.org/entity/Q2031557>	"Q2031557"		1			""
<http://www.wikidata.org/entity/Q2034445>	"Slot Ostende"@en	"Slot Ostende"@en	3		"Países Bajos"@es	""
<http://www.wikidata.org/entity/Q2034455>	"Osnabrücker Aktien Brauerei"@en	"Osnabrücker Aktien Brauerei"@en	2		"Alemania"@es	""
<http://www.wikidata.org/entity/Q2037266>	"Huisbrouwerij Sint Canarus"@en	"Huisbrouwerij Sint Canarus"@en	3		"Bélgica"@es	""
<http://www.wikidata.org/entity/Q2038665>	"Q2038665"		1			""
<http://www.wikidata.org/entity/Q2041202>	"Q2041202"		1			""
<http://www.wikidata.org/entity/Q2042897>	"Q2042897"		2			""
<http://www.wikidata.org/entity/Q2044023>	"Q2044023"		1			""
<http://www.wikidata.org/entity/Q2045297>	"Pabst Blue Ribbon"@en	"Pabst Blue Ribbon"@en	6			""
<http://www.wikidata.org/entity/Q2046260>	"Pax Pils"@en	"Pax Pils"@en	1		"Bélgica"@es	""
<http://www.wikidata.org/entity/Q2046749>	"Q2046749"		1			""
<http://www.wikidata.org/entity/Q2047536>	"Q2047536"		1		"Bélgica"@es	""
<http://www.wikidata.org/entity/Q2048171>	"Palmbräu"@en	"Palmbräu"@en	3		"Alemania"@es	""
<http://www.wikidata.org/entity/Q2051689>	"Q2051689"		1			""
<http://www.wikidata.org/entity/Q2052477>	"Q2052477"		3		"Alemania"@es	""
<http://www.wikidata.org/entity/Q2060374>	"Q2060374"		2			""
<http://www.wikidata.org/entity/Q2061096>	"Edelweiss"@en	"Edelweiss"@en	7		"Austria"@es	""
<http://www.wikidata.org/entity/Q2061096>	"Edelweiss"@en	"Edelweiss"@en	7		"Estados Unidos"@es	""
<http://www.wikidata.org/entity/Q2061666>	"Q2061666"		1			""
<http://www.wikidata.org/entity/Q2066778>	"Barbe d'Or"@es	"Barbe d'Or"@en	1			""
<http://www.wikidata.org/entity/Q2066837>	"Q2066837"		1		"Bélgica"@es	""
<http://www.wikidata.org/entity/Q2068870>	"Brasserie des Légendes"@en	"Brasserie des Légendes"@en	3		"Bélgica"@es	""
<http://www.wikidata.org/entity/Q2069334>	"Q2069334"		1			""
<http://www.wikidata.org/entity/Q2069463>	"Q2069463"		1			""
<http://www.wikidata.org/entity/Q2071026>	"Q2071026"		1			""
<http://www.wikidata.org/entity/Q2071556>	"speculoos beer"@en	"speculoos beer"@en	1			""
<http://www.wikidata.org/entity/Q2072541>	"Royal Swinkels"@en	"Royal Swinkels"@en	16		"Países Bajos"@es	""
<http://www.wikidata.org/entity/Q2072662>	"Q2072662"		1			""
<http://www.wikidata.org/entity/Q2076291>	"Q2076291"		1			""
<http://www.wikidata.org/entity/Q2080347>	"Brouwerij Jack-Op"@en	"Brouwerij Jack-Op"@en	1		"Bélgica"@es	""
<http://www.wikidata.org/entity/Q2080900>	"Norrlands Guld"@en	"Norrlands Guld"@en	6		"Suecia"@es	""
<http://www.wikidata.org/entity/Q2081181>	"Q2081181"		1			""
<http://www.wikidata.org/entity/Q2081393>	"CRAFT"@en	"CRAFT"@en	2		"Países Bajos"@es	""
<http://www.wikidata.org/entity/Q2084311>	"Pflugbrauerei Hörvelsingen"@en	"Pflugbrauerei Hörvelsingen"@en	2		"Alemania"@es	""
<http://www.wikidata.org/entity/Q2086194>	"Q2086194"		2		"Bélgica"@es	""
<http://www.wikidata.org/entity/Q2091466>	"Q2091466"		1		"Alemania"@es	""
<http://www.wikidata.org/entity/Q2091953>	"Q2091953"		1			""
<http://www.wikidata.org/entity/Q2097895>	"Brouwerij Egmond"@en	"Brouwerij Egmond"@en	3		"Países Bajos"@es	""
<http://www.wikidata.org/entity/Q2098621>	"Brouwerij Walrave"@en	"Brouwerij Walrave"@en	2		"Bélgica"@es	""
<http://www.wikidata.org/entity/Q2099565>	"Q2099565"		1			""
<http://www.wikidata.org/entity/Q2101638>	"Q2101638"		1			""
<http://www.wikidata.org/entity/Q2104172>	"Q2104172"		1		"Bélgica"@es	""
<http://www.wikidata.org/entity/Q2104945>	"Brasserie Caracole"@en	"Brasserie Caracole"@en	4		"Bélgica"@es	""
<http://www.wikidata.org/entity/Q2105002>	"Q2105002"		1			""
<http://www.wikidata.org/entity/Q2106627>	"Pott's Brauerei"@en	"Pott's Brauerei"@en	3		"Alemania"@es	""
<http://www.wikidata.org/entity/Q2107940>	"Q2107940"		1			""
<http://www.wikidata.org/entity/Q2110539>	"Q2110539"		1			""
<http://www.wikidata.org/entity/Q2110734>	"Maximus Brouwerij"@en	"Maximus Brouwerij"@en	2		"Países Bajos"@es	""
<http://www.wikidata.org/entity/Q2110995>	"Q2110995"		1			""
<http://www.wikidata.org/entity/Q2110996>	"Privatbrauerei Schmucker"@en	"Privatbrauerei Schmucker"@en	3		"Alemania"@es	""
<http://www.wikidata.org/entity/Q2111033>	"Privatbrauerei Eibau"@es	"Privatbrauerei Eibau"@en	3		"Alemania"@es	""
<http://www.wikidata.org/entity/Q2111039>	"Privatbrauerei Hofmann"@en	"Privatbrauerei Hofmann"@en	3		"Alemania"@es	""
<http://www.wikidata.org/entity/Q2111037>	"Privatbrauerei Gebr. Mayer"@en	"Privatbrauerei Gebr. Mayer"@en	3		"Alemania"@es	""
<http://www.wikidata.org/entity/Q2111040>	"Braumanufaktur Härke"@en	"Braumanufaktur Härke"@en	3		"Alemania"@es	""
<http://www.wikidata.org/entity/Q2111045>	"Ernst Barre Private Brewery"@en	"Ernst Barre Private Brewery"@en	4		"Alemania"@es	""
<http://www.wikidata.org/entity/Q2111051>	"Q2111051"		1		"Alemania"@es	""
<http://www.wikidata.org/entity/Q2111049>	"Privatbrauerei Specht"@en	"Privatbrauerei Specht"@en	3		"Alemania Oriental"@es	""
<http://www.wikidata.org/entity/Q2111099>	"Private Traditionsbrauerei Meyer"@en	"Private Traditionsbrauerei Meyer"@en	2		"Alemania Oriental"@es	""
<http://www.wikidata.org/entity/Q2112288>	"Q2112288"		1			""
<http://www.wikidata.org/entity/Q2113179>	"Cuvée de Bouillon"@en	"Cuvée de Bouillon"@en	1			""
<http://www.wikidata.org/entity/Q2113177>	"Q2113177"		1		"Bélgica"@es	""
<http://www.wikidata.org/entity/Q2114421>	"Oude Kriek van Schaerbeekse Krieken - 35%"@en	"Oude Kriek van Schaerbeekse Krieken - 35%"@en	1		"Bélgica"@es	""
<http://www.wikidata.org/entity/Q2114860>	"Q2114860"		1			""
<http://www.wikidata.org/entity/Q2117061>	"De Dolle Brouwers"@es	"De Dolle Brouwers"@en	6		"Bélgica"@es	"Cerveceros Locos"
<http://www.wikidata.org/entity/Q2602526>	"Q2602526"		1			""
<http://www.wikidata.org/entity/Q2603962>	"Q2603962"		1		"Bélgica"@es	""
<http://www.wikidata.org/entity/Q2606052>	"Q2606052"		1			""
<http://www.wikidata.org/entity/Q2606241>	"Q2606241"		2			""
<http://www.wikidata.org/entity/Q2607131>	"Q2607131"		1			""
<http://www.wikidata.org/entity/Q2608973>	"3 Fonteinen Oude Kriek"@en	"3 Fonteinen Oude Kriek"@en	1		"Bélgica"@es	""
<http://www.wikidata.org/entity/Q2611202>	"Grelotte"@en	"Grelotte"@en	1			""
<http://www.wikidata.org/entity/Q2620189>	"Brewery De Dochter van de Korenaar"@en	"Brewery De Dochter van de Korenaar"@en	1		"Bélgica"@es	""
<http://www.wikidata.org/entity/Q2622027>	"Kameleon"@en	"Kameleon"@en	1			""
<http://www.wikidata.org/entity/Q2622197>	"Q2622197"		1			""
<http://www.wikidata.org/entity/Q2626409>	"Q2626409"		1			""
<http://www.wikidata.org/entity/Q2629655>	"Q2629655"		1			""
<http://www.wikidata.org/entity/Q2630081>	"Gentse Strop"@en	"Gentse Strop"@en	1			""
<http://www.wikidata.org/entity/Q2633425>	"Q2633425"		1		"Alemania"@es	""
<http://www.wikidata.org/entity/Q2633656>	"Q2633656"		1			""
<http://www.wikidata.org/entity/Q2635939>	"Q2635939"		2		"Bélgica"@es	""
<http://www.wikidata.org/entity/Q2638265>	"Wilderen"@en	"Wilderen"@en	2			""
<http://www.wikidata.org/entity/Q2638319>	"Brouwerij Callewaert"@en	"Brouwerij Callewaert"@en	2		"Bélgica"@es	""
<http://www.wikidata.org/entity/Q2641495>	"Q2641495"		1			""
<http://www.wikidata.org/entity/Q2641843>	"Q2641843"		1			""
<http://www.wikidata.org/entity/Q2642465>	"Q2642465"		1			""
<http://www.wikidata.org/entity/Q2643517>	"Q2643517"		3			""
<http://www.wikidata.org/entity/Q2646603>	"Tauras"@en	"Tauras"@en	7		"Lituania"@es	""
<http://www.wikidata.org/entity/Q2647363>	"Tumulus beer"@en	"Tumulus beer"@en	2			""
<http://www.wikidata.org/entity/Q2648838>	"Q2648838"		2			""
<http://www.wikidata.org/entity/Q2649044>	"Allgäuer Brewery"@en	"Allgäuer Brewery"@en	5		"Imperio aleman (1871-1949)"@es	""
<http://www.wikidata.org/entity/Q2649044>	"Allgäuer Brewery"@en	"Allgäuer Brewery"@en	5		"Alemania"@es	""
<http://www.wikidata.org/entity/Q2651625>	"Brouwerij Anders!"@en	"Brouwerij Anders!"@en	2		"Bélgica"@es	""
<http://www.wikidata.org/entity/Q2651633>	"Altes Brauhaus"@en	"Altes Brauhaus"@en	3		"Alemania"@es	""
<http://www.wikidata.org/entity/Q2652318>	"Q2652318"		1			""
<http://www.wikidata.org/entity/Q2656900>	"Q2656900"		1			""
<http://www.wikidata.org/entity/Q2660707>	"Q2660707"		1		"Países Bajos"@es	""
<http://www.wikidata.org/entity/Q2662325>	"Q2662325"		1		"Bélgica"@es	""
<http://www.wikidata.org/entity/Q2663359>	"Brauerei Fohrenburg"@en	"Brauerei Fohrenburg"@en	4		"Austria"@es	""
<http://www.wikidata.org/entity/Q2663364>	"Brauhaus Stüsser"@en	"Brauhaus Stüsser"@en	2		"Alemania"@es	""
<http://www.wikidata.org/entity/Q2666816>	"Q2666816"		1			""
<http://www.wikidata.org/entity/Q2667883>	"Q2667883"		1			""
<http://www.wikidata.org/entity/Q2667968>	"Q2667968"		1			""
<http://www.wikidata.org/entity/Q2668247>	"Hertog Jan Oud Bruin"@en	"Hertog Jan Oud Bruin"@en	1			""
<http://www.wikidata.org/entity/Q2670277>	"Svaneke Bryghus"@en	"Svaneke Bryghus"@en	4		"Dinamarca"@es	""
<http://www.wikidata.org/entity/Q2673019>	"Saint-Monon"@en	"Saint-Monon"@en	2			""
<http://www.wikidata.org/entity/Q2673624>	"Q2673624"		1			""
<http://www.wikidata.org/entity/Q2674308>	"Q2674308"		1			""
<http://www.wikidata.org/entity/Q2675737>	"Q2675737"		1		"Bélgica"@es	""
<http://www.wikidata.org/entity/Q2678800>	"Q2678800"		1			""
<http://www.wikidata.org/entity/Q2680622>	"Vlaamsche Leeuw"@es	"Vlaamsche Leeuw"@en	2			""
<http://www.wikidata.org/entity/Q2682652>	"Cervecería Brunehaut"@es	"Brewery Brunehaut"@en	4		"Bélgica"@es	""
<http://www.wikidata.org/entity/Q2682801>	"Q2682801"		1			""
<http://www.wikidata.org/entity/Q2682816>	"Q2682816"		1			""
<http://www.wikidata.org/entity/Q2684279>	"De Koninck Brewery"@en	"De Koninck Brewery"@en	5		"Bélgica"@es	""
<http://www.wikidata.org/entity/Q2685662>	"Brouwerij Loterbol"@en	"Brouwerij Loterbol"@en	3		"Bélgica"@es	""
<http://www.wikidata.org/entity/Q2688067>	"Gruut brewery"@en	"Gruut brewery"@en	2		"Bélgica"@es	""
<http://www.wikidata.org/entity/Q2688646>	"Q2688646"		1			""
<http://www.wikidata.org/entity/Q2689313>	"Pico cervecería Alvinne"@es	"Pico brewery Alvinne"@en	4		"Bélgica"@es	""
<http://www.wikidata.org/entity/Q2689718>	"Thouroutenaere"@en	"Thouroutenaere"@en	2			""
<http://www.wikidata.org/entity/Q2693970>	"Falkenkrug"@en	"Falkenkrug"@en	2		"Alemania"@es	""
<http://www.wikidata.org/entity/Q2695720>	"Q2695720"		1		"Bélgica"@es	""
<http://www.wikidata.org/entity/Q2706702>	"Scotch C.T.S."@en	"Scotch C.T.S."@en	3			""
<http://www.wikidata.org/entity/Q2710940>	"Haller Löwenbräu"@en	"Haller Löwenbräu"@en	2		"Alemania"@es	""
<http://www.wikidata.org/entity/Q2712540>	"Q2712540"		1			""
<http://www.wikidata.org/entity/Q2716942>	"Q2716942"		1			""
<http://www.wikidata.org/entity/Q2717925>	"Q2717925"		1			""
<http://www.wikidata.org/entity/Q2720618>	"Q2720618"		1			""
<http://www.wikidata.org/entity/Q2721865>	"Q2721865"		1			""
<http://www.wikidata.org/entity/Q2728051>	"Q2728051"		1			""
<http://www.wikidata.org/entity/Q2728163>	"Gooische Bierbrouwerij"@en	"Gooische Bierbrouwerij"@en	1		"Países Bajos"@es	""
<http://www.wikidata.org/entity/Q2732043>	"Q2732043"		1			""
<http://www.wikidata.org/entity/Q2732609>	"Q2732609"		1		"Bélgica"@es	""
<http://www.wikidata.org/entity/Q2732852>	"Brewery Strubbe"@en	"Brewery Strubbe"@en	2		"Bélgica"@es	""
<http://www.wikidata.org/entity/Q2734149>	"Q2734149"		1			""
<http://www.wikidata.org/entity/Q2736566>	"Chhaang"@en	"Chhaang"@en	20			""
<http://www.wikidata.org/entity/Q2738021>	"Q2738021"		1			""
<http://www.wikidata.org/entity/Q2738738>	"Caper Fumatis"@en	"Caper Fumatis"@en	1			""
<http://www.wikidata.org/entity/Q2740152>	"Q2740152"		3		"Alemania"@es	""
<http://www.wikidata.org/entity/Q2744746>	"La Chouffe"@en	"La Chouffe"@en	6		"Bélgica"@es	""
<http://www.wikidata.org/entity/Q2744801>	"Het Achterom"@en	"Het Achterom"@en	1		"Países Bajos"@es	""
<http://www.wikidata.org/entity/Q2745490>	"Q2745490"		1			""
<http://www.wikidata.org/entity/Q2748215>	"Q2748215"		1			""
<http://www.wikidata.org/entity/Q2749959>	"Q2749959"		1		"Bélgica"@es	""
<http://www.wikidata.org/entity/Q2749999>	"Q2749999"		1			""
<http://www.wikidata.org/entity/Q2751499>	"Barbe Noire"@es	"Barbe Noire"@en	1			""
<http://www.wikidata.org/entity/Q2751525>	"De Ranke Brewery"@en	"De Ranke Brewery"@en	2		"Bélgica"@es	""
<http://www.wikidata.org/entity/Q2752548>	"Q2752548"		1		"Alemania"@es	""
<http://www.wikidata.org/entity/Q2753693>	"Küpper-Brauerei"@en	"Küpper-Brauerei"@en	2		"Alemania"@es	""
<http://www.wikidata.org/entity/Q2754393>	"Q2754393"		1			""
<http://www.wikidata.org/entity/Q2754441>	"OMER. Traditional Blond"@en	"OMER. Traditional Blond"@en	1		"Bélgica"@es	""
<http://www.wikidata.org/entity/Q2754546>	"Gulpener Brewery"@en	"Gulpener Brewery"@en	7		"Países Bajos"@es	""
<http://www.wikidata.org/entity/Q2754830>	"cervecería Timmermans"@es	"Timmermans Brewery"@en	6		"Bélgica"@es	""
<http://www.wikidata.org/entity/Q2755603>	"Q2755603"		1			""
<http://www.wikidata.org/entity/Q2757909>	"Q2757909"		2			""
<http://www.wikidata.org/entity/Q2764496>	"Q2764496"		1			""
<http://www.wikidata.org/entity/Q2768133>	"Lupulus brewery"@en	"Lupulus brewery"@en	3		"Bélgica"@es	""
<http://www.wikidata.org/entity/Q2773302>	"Q2773302"		1			""
<http://www.wikidata.org/entity/Q2773628>	"La Belle Alliance"@en	"La Belle Alliance"@en	1		"Países Bajos"@es	""
<http://www.wikidata.org/entity/Q2778066>	"Q2778066"		1			""
<http://www.wikidata.org/entity/Q2778697>	"Q2778697"		1			""
<http://www.wikidata.org/entity/Q2780413>	"Q2780413"		1			""
<http://www.wikidata.org/entity/Q2780761>	"Brewery Angerik"@en	"Brewery Angerik"@en	4		"Bélgica"@es	""
<http://www.wikidata.org/entity/Q2781131>	"Q2781131"		1			""
<http://www.wikidata.org/entity/Q2781182>	"Cuvée Delphine"@en	"Cuvée Delphine"@en	1			""
<http://www.wikidata.org/entity/Q2782232>	"Brasserie d'Écaussinnes"@en	"Brasserie d'Écaussinnes"@en	2		"Bélgica"@es	""
<http://www.wikidata.org/entity/Q2782244>	"Brouwerij Casino"@en	"Brouwerij Casino"@en	2		"Países Bajos"@es	""
<http://www.wikidata.org/entity/Q2782608>	"Q2782608"		1			""
<http://www.wikidata.org/entity/Q2783640>	"Smisje"@en	"Smisje"@en	2			""
<http://www.wikidata.org/entity/Q2785864>	"Q2785864"		1		"Bélgica"@es	""
<http://www.wikidata.org/entity/Q2787192>	"Q2787192"		1			""
<http://www.wikidata.org/entity/Q2789071>	"Titje"@en	"Titje"@en	1			""
<http://www.wikidata.org/entity/Q2789882>	"Duivels Bier"@en	"Duivels Bier"@en	2			""
<http://www.wikidata.org/entity/Q2791168>	"cervecería Bosteels"@es	"Bosteels brewery"@en	6		"Bélgica"@es	""
<http://www.wikidata.org/entity/Q2794228>	"Q2794228"		2			""
<http://www.wikidata.org/entity/Q2794508>	"Q2794508"		1			""
<http://www.wikidata.org/entity/Q2795555>	"Barbe Rouge"@es	"Barbe Rouge"@en	1			""
<http://www.wikidata.org/entity/Q2795881>	"Q2795881"		1			""
<http://www.wikidata.org/entity/Q2796167>	"Q2796167"		1			""
<http://www.wikidata.org/entity/Q2796655>	"Gaspar"@en	"Gaspar"@en	1		"Bélgica"@es	""
<http://www.wikidata.org/entity/Q2796819>	"Gildenbier"@en	"Gildenbier"@en	1			""
<http://www.wikidata.org/entity/Q2798171>	"Q2798171"		1			""
<http://www.wikidata.org/entity/Q2798394>	"St. Feuillien Saison"@en	"St. Feuillien Saison"@en	1			""
<http://www.wikidata.org/entity/Q2798725>	"Brewery De Graal"@en	"Brewery De Graal"@en	2		"Bélgica"@es	""
<http://www.wikidata.org/entity/Q2798827>	"Q2798827"		1		"Bélgica"@es	""
<http://www.wikidata.org/entity/Q2799322>	"Q2799322"		1			""
<http://www.wikidata.org/entity/Q2799401>	"Brasserie Du Bocq"@en	"Brasserie Du Bocq"@en	4		"Bélgica"@es	""
<http://www.wikidata.org/entity/Q2800059>	"Schussenrieder Brauerei Ott"@en	"Schussenrieder Brauerei Ott"@en	2		"Alemania"@es	""
<http://www.wikidata.org/entity/Q2800096>	"Schwarzbräu"@en	"Schwarzbräu"@en	2		"Alemania"@es	""
<http://www.wikidata.org/entity/Q2801315>	"Q2801315"		1		"Alemania"@es	""
<http://www.wikidata.org/entity/Q2801715>	"Q2801715"		1			""
<http://www.wikidata.org/entity/Q2803467>	"Q2803467"		1			""
<http://www.wikidata.org/entity/Q2809884>	"Zötler Brewery"@en	"Zötler Brewery"@en	4		"Alemania"@es	""
<http://www.wikidata.org/entity/Q2816511>	"3 Monts"@en	"3 Monts"@en	3			""
<http://www.wikidata.org/entity/Q2831151>	"Q2831151"		1			""
<http://www.wikidata.org/entity/Q2833159>	"Q2833159"		1			""
<http://www.wikidata.org/entity/Q2836377>	"Q2836377"		1			""
<http://www.wikidata.org/entity/Q2840519>	"Q2840519"		1			""
<http://www.wikidata.org/entity/Q2848790>	"Q2848790"		1		"Bélgica"@es	""
<http://www.wikidata.org/entity/Q2850902>	"Horal's Oude Geuze Mega Blend"@en	"Horal's Oude Geuze Mega Blend"@en	1			""
<http://www.wikidata.org/entity/Q2855164>	"Brasserie du Val de Sambre"@en	"Brasserie du Val de Sambre"@en	2		"Bélgica"@es	""
<http://www.wikidata.org/entity/Q2855196>	"Q2855196"		1		"Bélgica"@es	""
<http://www.wikidata.org/entity/Q2859291>	"Q2859291"		3		"Francia"@es	""
<http://www.wikidata.org/entity/Q2859364>	"Arabier"@en	"Arabier"@en	3			""
<http://www.wikidata.org/entity/Q2861127>	"Q2861127"		1		"Bélgica"@es	""
<http://www.wikidata.org/entity/Q2862902>	"Q2862902"		1			""
<http://www.wikidata.org/entity/Q2865215>	"Brouwerij van Baasrode"@en	"Brouwerij van Baasrode"@en	1		"Bélgica"@es	""
<http://www.wikidata.org/entity/Q2868130>	"Q2868130"		2		"Bélgica"@es	""
<http://www.wikidata.org/entity/Q2869429>	"Q2869429"		1			""
<http://www.wikidata.org/entity/Q2869584>	"Atomium"@en	"Atomium"@en	1		"Bélgica"@es	""
<http://www.wikidata.org/entity/Q2876047>	"Q2876047"		1		"Bélgica"@es	""
<http://www.wikidata.org/entity/Q2882546>	"Banjalučka Pivara"@en	"Banjalučka Pivara"@en	8		"Bosnia y Herzegovina"@es	""
<http://www.wikidata.org/entity/Q2883517>	"Q2883517"		1			""
<http://www.wikidata.org/entity/Q2893165>	"Beaufort"@en	"Beaufort"@en	1			""
<http://www.wikidata.org/entity/Q2894344>	"Belgh Brasse"@en	"Belgh Brasse"@en	2		"Canadá"@es	""
<http://www.wikidata.org/entity/Q2897064>	"Bergenbier"@en	"Bergenbier"@en	3		"Rumania"@es	""
<http://www.wikidata.org/entity/Q2897076>	"Brouwerij Deca"@en	"Brouwerij Deca"@en	4		"Bélgica"@es	""
<http://www.wikidata.org/entity/Q2905040>	"Q2905040"		1		"Francia"@es	""
<http://www.wikidata.org/entity/Q2905044>	"Q2905044"		2		"Bélgica"@es	""
<http://www.wikidata.org/entity/Q2905051>	"Q2905051"		1			""
<http://www.wikidata.org/entity/Q2905391>	"Carling Black Label"@es	"Carling Black Label"@en	2		"Canadá"@es	"Black Label"
<http://www.wikidata.org/entity/Q2905746>	"Q2905746"		1			""
<http://www.wikidata.org/entity/Q2906025>	"Blanche de Chambly"@en	"Blanche de Chambly"@en	2		"Canadá"@es	""
<http://www.wikidata.org/entity/Q2908795>	"Bohemia"@en	"Bohemia"@en	4		"Brasil"@es	""
<http://www.wikidata.org/entity/Q2913778>	"Q2913778"		1			""
<http://www.wikidata.org/entity/Q2914208>	"Q2914208"		1			""
<http://www.wikidata.org/entity/Q2915680>	"Q2915680"		1			""
<http://www.wikidata.org/entity/Q2918775>	"cervecería Roman"@es	"Roman brewery"@en	5		"Bélgica"@es	""
<http://www.wikidata.org/entity/Q2920689>	"Q2920689"		1			""
<http://www.wikidata.org/entity/Q2922252>	"Dodo beer"@en	"Dodo beer"@en	3			""
<http://www.wikidata.org/entity/Q2922930>	"Q2922930"		1			""
<http://www.wikidata.org/entity/Q2923371>	"Bracongo"@en	"Bracongo"@en	3		"República Democrática del Congo"@es	""
<http://www.wikidata.org/entity/Q2923619>	"Q2923619"		1			""
<http://www.wikidata.org/entity/Q2923625>	"Bralima Brewery"@en	"Bralima Brewery"@en	4		"República Democrática del Congo"@es	""
<http://www.wikidata.org/entity/Q2923989>	"Brewery Au Baron"@en	"Brewery Au Baron"@en	1		"Francia"@es	""
<http://www.wikidata.org/entity/Q2923994>	"brewery Coreff"@en	"brewery Coreff"@en	1		"Francia"@es	""
<http://www.wikidata.org/entity/Q2923995>	"Q2923995"		2		"Francia"@es	""
<http://www.wikidata.org/entity/Q2923998>	"L'Excelsior"@en	"L'Excelsior"@en	3		"Francia"@es	""
<http://www.wikidata.org/entity/Q2924000>	"Dow Breweries"@en	"Dow Breweries"@en	3		"Canadá"@es	""
<http://www.wikidata.org/entity/Q2924004>	"Brasserie Grain d'orge"@en	"Brasserie Grain d'orge"@en	2		"Francia"@es	""
<http://www.wikidata.org/entity/Q2924005>	"Heineken breweries in France"@en	"Heineken breweries in France"@en	1		"Francia"@es	""
<http://www.wikidata.org/entity/Q2924010>	"Q2924010"		1		"Francia"@es	""
<http://www.wikidata.org/entity/Q2924014>	"Q2924014"		1		"Bélgica"@es	""
<http://www.wikidata.org/entity/Q2924012>	"Brasserie La Choulette"@en	"Brasserie La Choulette"@en	2		"Francia"@es	""
<http://www.wikidata.org/entity/Q2924013>	"Brasserie Laden-Wallez"@en	"Brasserie Laden-Wallez"@en	2		"Francia"@es	""
<http://www.wikidata.org/entity/Q2924018>	"Brasserie Melusine"@en	"Brasserie Melusine"@en	2		"Francia"@es	""
<http://www.wikidata.org/entity/Q2924023>	"Brasserie Saint-Germain"@en	"Brasserie Saint-Germain"@en	2		"Francia"@es	""
<http://www.wikidata.org/entity/Q2924020>	"Brasserie Lancelot"@es	"Brasserie Lancelot"@en	5		"Francia"@es	""
<http://www.wikidata.org/entity/Q2924024>	"Brasserie Nationale d'Haiti"@en	"Brasserie Nationale d'Haiti"@en	3		"Haití"@es	""
<http://www.wikidata.org/entity/Q2924028>	"Q2924028"		3		"Francia"@es	""
<http://www.wikidata.org/entity/Q2924035>	"Q2924035"		1		"Bélgica"@es	""
<http://www.wikidata.org/entity/Q2924032>	"brasserie Tri Martolod"@en	"brasserie Tri Martolod"@en	1		"Francia"@es	""
<http://www.wikidata.org/entity/Q2924033>	"Q2924033"		1		"Suiza"@es	""
<http://www.wikidata.org/entity/Q2924043>	"Brasserie Goudale"@en	"Brasserie Goudale"@en	5		"Francia"@es	""
<http://www.wikidata.org/entity/Q2924040>	"Q2924040"		1		"Francia"@es	""
<http://www.wikidata.org/entity/Q2924046>	"Q2924046"		1		"Francia"@es	""
<http://www.wikidata.org/entity/Q2924047>	"Brasserie de Saint-Sylvestre"@en	"Brasserie de Saint-Sylvestre"@en	4		"Francia"@es	""
<http://www.wikidata.org/entity/Q2924044>	"Brasserie de Saint-Omer"@en	"Brasserie de Saint-Omer"@en	5		"Francia"@es	""
<http://www.wikidata.org/entity/Q2924050>	"Q2924050"		3		"Francia"@es	""
<http://www.wikidata.org/entity/Q2924051>	"Brasserie de la Brière"@en	"Brasserie de la Brière"@en	1		"Francia"@es	""
<http://www.wikidata.org/entity/Q2924049>	"Brasserie de Tahiti"@en	"Brasserie de Tahiti"@en	4		"Francia"@es	""
<http://www.wikidata.org/entity/Q2924063>	"Q2924063"		1		"Suiza"@es	""
<http://www.wikidata.org/entity/Q2924067>	"Katanga breweries"@en	"Katanga breweries"@en	1		"República Democrática del Congo"@es	""
<http://www.wikidata.org/entity/Q2924064>	"Brasserie du Mont-Blanc"@es	"Brasserie du Mont-Blanc"@en	4		"Francia"@es	""
<http://www.wikidata.org/entity/Q2924070>	"Les Brasseurs RJ"@en	"Les Brasseurs RJ"@en	2		"Canadá"@es	""
<http://www.wikidata.org/entity/Q2924111>	"Q2924111"		1			""
<http://www.wikidata.org/entity/Q2925764>	"Q2925764"		2			""
<http://www.wikidata.org/entity/Q2929865>	"La Béninoise"@es	"La Béninoise"@en	3			""
<http://www.wikidata.org/entity/Q2930483>	"Q2930483"		1			""
<http://www.wikidata.org/entity/Q2932900>	"Caffrey's Irish Ale"@en	"Caffrey's Irish Ale"@en	3		"Irlanda"@es	""
<http://www.wikidata.org/entity/Q2934789>	"Q2934789"		1		"Bélgica"@es	""
<http://www.wikidata.org/entity/Q2940236>	"Brouwerij Van Bogaert"@en	"Brouwerij Van Bogaert"@en	1		"Bélgica"@es	""
<http://www.wikidata.org/entity/Q2941353>	"Q2941353"		1			""
<http://www.wikidata.org/entity/Q2944151>	"Q2944151"		2			""
<http://www.wikidata.org/entity/Q2947216>	"Q2947216"		5			""
<http://www.wikidata.org/entity/Q2947342>	"Q2947342"		1		"Bélgica"@es	""
<http://www.wikidata.org/entity/Q2951629>	"Q2951629"		1			""
<http://www.wikidata.org/entity/Q2962790>	"Q2962790"		1			""
<http://www.wikidata.org/entity/Q2977130>	"Q2977130"		1			""
<http://www.wikidata.org/entity/Q2978111>	"Q2978111"		1		"Bélgica"@es	""
<http://www.wikidata.org/entity/Q2986930>	"Zlatý Bažant"@en	"Zlatý Bažant"@en	13			""
<http://www.wikidata.org/entity/Q2991341>	"Q2991341"		1		"Bélgica"@es	""
<http://www.wikidata.org/entity/Q2996567>	"Q2996567"		1			""
<http://www.wikidata.org/entity/Q2996856>	"cervecería De Ryck"@es	"De Ryck brewery"@en	3		"Bélgica"@es	""
<http://www.wikidata.org/entity/Q3002428>	"Creemore Springs"@en	"Creemore Springs"@en	3		"Canadá"@es	""
<http://www.wikidata.org/entity/Q3002464>	"Q3002464"		1		"Bélgica"@es	""
<http://www.wikidata.org/entity/Q3021446>	"Brouwerij Ceuterick"@en	"Brouwerij Ceuterick"@en	1		"Bélgica"@es	""
<http://www.wikidata.org/entity/Q3024297>	"Q3024297"		2			""
<http://www.wikidata.org/entity/Q3024535>	"Desnoes & Geddes"@en	"Desnoes & Geddes"@en	4		"Jamaica"@es	""
<http://www.wikidata.org/entity/Q3027013>	"Red Haired Jeanne"@en	"Red Haired Jeanne"@en	1			""
<http://www.wikidata.org/entity/Q3027488>	"Q3027488"		2		"Bélgica"@es	""
<http://www.wikidata.org/entity/Q3030066>	"Q3030066"		1		"Bélgica"@es	""
<http://www.wikidata.org/entity/Q3032537>	"Den Tseut"@en	"Den Tseut"@en	2			""
<http://www.wikidata.org/entity/Q3033355>	"3 Fonteinen"@en	"3 Fonteinen"@en	7		"Bélgica"@es	""
<http://www.wikidata.org/entity/Q3033748>	"Dogfish Head Brewery"@es	"Dogfish Head Brewery"@en	4		"Estados Unidos"@es	""
<http://www.wikidata.org/entity/Q3034288>	"Q3034288"		1		"Bélgica"@es	""
<http://www.wikidata.org/entity/Q3039326>	"Q3039326"		2			""
<http://www.wikidata.org/entity/Q3042178>	"Q3042178"		1			""
<http://www.wikidata.org/entity/Q3057605>	"Bavik"@en	"Bavik"@en	2			""
<http://www.wikidata.org/entity/Q3059290>	"Q3059290"		1		"Bélgica"@es	""
<http://www.wikidata.org/entity/Q3061542>	"Q3061542"		1		"Bélgica"@es	""
<http://www.wikidata.org/entity/Q3067664>	"Q3067664"		1		"Dinamarca"@es	""
<http://www.wikidata.org/entity/Q3069000>	"Q3069000"		1			""
<http://www.wikidata.org/entity/Q3073208>	"Q3073208"		1			""
<http://www.wikidata.org/entity/Q3078781>	"Allied Breweries"@en	"Allied Breweries"@en	2		"Reino Unido"@es	""
<http://www.wikidata.org/entity/Q3078964>	"Ansells Brewery"@es	"Ansells Brewery"@en	3		"Reino Unido"@es	""
<http://www.wikidata.org/entity/Q3080434>	"Q3080434"		1		"Canadá"@es	""
<http://www.wikidata.org/entity/Q3087050>	"Q3087050"		1			""
<http://www.wikidata.org/entity/Q3088553>	"United Breweries Group"@en	"United Breweries Group"@en	9			""
<http://www.wikidata.org/entity/Q3091340>	"Q3091340"		1			""
<http://www.wikidata.org/entity/Q3091800>	"Q3091800"		1			""
<http://www.wikidata.org/entity/Q3095874>	"Hof ten Dormaal brewery"@en	"Hof ten Dormaal brewery"@en	2		"Bélgica"@es	""
<http://www.wikidata.org/entity/Q3097304>	"Q3097304"		1		"Bélgica"@es	""
<http://www.wikidata.org/entity/Q3099735>	"Q3099735"		1			""
<http://www.wikidata.org/entity/Q3101696>	"Noblesse"@en	"Noblesse"@en	1			""
<http://www.wikidata.org/entity/Q3101767>	"Q3101767"		1			""
<http://www.wikidata.org/entity/Q3107294>	"Brains Brewery"@en	"Brains Brewery"@en	7		"Reino Unido"@es	""
<http://www.wikidata.org/entity/Q3110030>	"Q3110030"		2			""
<http://www.wikidata.org/entity/Q3114908>	"Q3114908"		1		"Bélgica"@es	""
<http://www.wikidata.org/entity/Q3123651>	"Q3123651"		1			""
<http://www.wikidata.org/entity/Q3123931>	"Q3123931"		1			""
<http://www.wikidata.org/entity/Q3125964>	"Halida"@en	"Halida"@en	1			""
<http://www.wikidata.org/entity/Q3126015>	"Q3126015"		1			""
<http://www.wikidata.org/entity/Q3127438>	"De Plukker brewery"@en	"De Plukker brewery"@en	2		"Bélgica"@es	""
<http://www.wikidata.org/entity/Q3128138>	"Q3128138"		1			""
<http://www.wikidata.org/entity/Q3128679>	"Q3128679"		1			""
<http://www.wikidata.org/entity/Q3135741>	"Hinano"@en	"Hinano"@en	3			""
<http://www.wikidata.org/entity/Q3136656>	"Dos Equis"@en	"Dos Equis"@en	8		"México"@es	""
<http://www.wikidata.org/entity/Q3136982>	"Brouwerij Heyloo"@en	"Brouwerij Heyloo"@en	1		"Países Bajos"@es	""
<http://www.wikidata.org/entity/Q3139291>	"Q3139291"		1		"Bélgica"@es	""
<http://www.wikidata.org/entity/Q3139355>	"Q3139355"		1			""
<http://www.wikidata.org/entity/Q3149533>	"Q3149533"		1			""
<http://www.wikidata.org/entity/Q3158174>	"Brouwerij Bayard"@en	"Brouwerij Bayard"@en	1		"Bélgica"@es	""
<http://www.wikidata.org/entity/Q3179230>	"Q3179230"		2			""
<http://www.wikidata.org/entity/Q3182007>	"John Martin"@es	"John Martin"@en	4		"Bélgica"@es	""
<http://www.wikidata.org/entity/Q3186419>	"Q3186419"		1			""
<http://www.wikidata.org/entity/Q3192750>	"Kanterbräu"@en	"Kanterbräu"@en	2			""
<http://www.wikidata.org/entity/Q3197640>	"Kiuchi Brewery"@en	"Kiuchi Brewery"@en	5		"Japón"@es	""
<http://www.wikidata.org/entity/Q3198359>	"Kokanee beer"@en	"Kokanee beer"@en	2			""
<http://www.wikidata.org/entity/Q3206450>	"La Barberie"@en	"La Barberie"@en	2		"Canadá"@es	""
<http://www.wikidata.org/entity/Q3206604>	"Brewery Vissenaken"@en	"Brewery Vissenaken"@en	2		"Bélgica"@es	""
<http://www.wikidata.org/entity/Q3206864>	"Q3206864"		1			""
<http://www.wikidata.org/entity/Q3206990>	"La Cagole"@en	"La Cagole"@en	3		"Francia"@es	""
<http://www.wikidata.org/entity/Q3207818>	"Q3207818"		1			""
<http://www.wikidata.org/entity/Q3209236>	"Q3209236"		1			""
<http://www.wikidata.org/entity/Q3209430>	"Goudale"@en	"Goudale"@en	2		"Francia"@es	""
<http://www.wikidata.org/entity/Q3214290>	"Q3214290"		1		"Canadá"@es	""
<http://www.wikidata.org/entity/Q3215900>	"Q3215900"		1			""
<http://www.wikidata.org/entity/Q3217395>	"Q3217395"		1			""
<http://www.wikidata.org/entity/Q3217928>	"Q3217928"		1		"Bélgica"@es	""
<http://www.wikidata.org/entity/Q3219608>	"Q3219608"		1		"Canadá"@es	""
<http://www.wikidata.org/entity/Q3220444>	"Q3220444"		1		"Canadá"@es	""
<http://www.wikidata.org/entity/Q3228912>	"Q3228912"		1		"Bélgica"@es	""
<http://www.wikidata.org/entity/Q3231161>	"Les Brasseurs du Nord"@en	"Les Brasseurs du Nord"@en	2		"Canadá"@es	""
<http://www.wikidata.org/entity/Q3233973>	"Brouwerij De Brabander"@en	"Brouwerij De Brabander"@en	1		"Bélgica"@es	""
<http://www.wikidata.org/entity/Q3237539>	"Q3237539"		1		"Bélgica"@es	""
<http://www.wikidata.org/entity/Q3237537>	"Q3237537"		2			""
<http://www.wikidata.org/entity/Q3237759>	"Q3237759"		1			""
<http://www.wikidata.org/entity/Q3246624>	"Q3246624"		1			""
<http://www.wikidata.org/entity/Q3246988>	"Albani Brewery"@en	"Albani Brewery"@en	7		"Dinamarca"@es	""
<http://www.wikidata.org/entity/Q3259542>	"Q3259542"		1			""
<http://www.wikidata.org/entity/Q3260534>	"Q3260534"		1			""
<http://www.wikidata.org/entity/Q3263817>	"Q3263817"		1			""
<http://www.wikidata.org/entity/Q3266423>	"Brouwerij Emelisse"@es	"Brouwerij Emelisse"@en	2		"Países Bajos"@es	""
<http://www.wikidata.org/entity/Q3285108>	"Q3285108"		1			""
<http://www.wikidata.org/entity/Q3289564>	"Brouwerij Boeykens"@en	"Brouwerij Boeykens"@en	1		"Bélgica"@es	""
<http://www.wikidata.org/entity/Q3294413>	"Markus Bière"@en	"Markus Bière"@en	1		"Francia"@es	""
<http://www.wikidata.org/entity/Q3297844>	"Master"@en	"Master"@en	3			""
<http://www.wikidata.org/entity/Q3303273>	"Birra Malto Brewery"@en	"Birra Malto Brewery"@en	3		"Albania"@es	""
<http://www.wikidata.org/entity/Q3303595>	"McAuslan Brewing"@en	"McAuslan Brewing"@en	2		"Canadá"@es	""
<http://www.wikidata.org/entity/Q3307648>	"Q3307648"		2			""
<http://www.wikidata.org/entity/Q3315575>	"Bersalis"@en	"Bersalis"@en	1			""
<http://www.wikidata.org/entity/Q3319675>	"Q3319675"		1			""
<http://www.wikidata.org/entity/Q3319682>	"Molson Export"@en	"Molson Export"@en	3		"Canadá"@es	""
<http://www.wikidata.org/entity/Q3325882>	"Moulins d'Ascq"@en	"Moulins d'Ascq"@en	2			""
<http://www.wikidata.org/entity/Q3327946>	"Q3327946"		1			""
<http://www.wikidata.org/entity/Q3334023>	"Mützig"@en	"Mützig"@en	2		"Francia"@es	""
<http://www.wikidata.org/entity/Q3335289>	"Spendrups"@en	"Spendrups"@en	9		"Suecia"@es	""
<http://www.wikidata.org/entity/Q3337782>	"Carrousel"@en	"Carrousel"@en	1			""
<http://www.wikidata.org/entity/Q3337802>	"Q3337802"		1			""
<http://www.wikidata.org/entity/Q3346278>	"Number One"@en	"Number One"@en	2			""
<http://www.wikidata.org/entity/Q3346453>	"Q3346453"		1		"Países Bajos"@es	""
<http://www.wikidata.org/entity/Q3350034>	"Okells Brewery"@en	"Okells Brewery"@en	5			""
<http://www.wikidata.org/entity/Q3356414>	"Grans Brewery"@en	"Grans Brewery"@en	6		"Noruega"@es	""
<http://www.wikidata.org/entity/Q3360013>	"Pabst Brewing Company"@en	"Pabst Brewing Company"@en	6		"Estados Unidos"@es	""
<http://www.wikidata.org/entity/Q3362172>	"Belikin"@en	"Belikin"@en	7		"Honduras británica"@es	""
<http://www.wikidata.org/entity/Q3362172>	"Belikin"@en	"Belikin"@en	7		"Belice"@es	""
<http://www.wikidata.org/entity/Q3369882>	"Kerstbie"@en	"Kerstbie"@en	1			""
<http://www.wikidata.org/entity/Q3380937>	"Q3380937"		1			""
<http://www.wikidata.org/entity/Q3381366>	"Phoenix"@en	"Phoenix"@en	2			""
<http://www.wikidata.org/entity/Q3381370>	"Phoenix Beverages"@en	"Phoenix Beverages"@en	3		"Mauricio"@es	""
<http://www.wikidata.org/entity/Q3388848>	"Q3388848"		1		"Bélgica"@es	""
<http://www.wikidata.org/entity/Q3388916>	"Brouwerij De Kroon"@en	"Brouwerij De Kroon"@en	2		"Países Bajos"@es	""
<http://www.wikidata.org/entity/Q3390778>	"Q3390778"		3		"España"@es	""
<http://www.wikidata.org/entity/Q3394024>	"Q3394024"		1			""
<http://www.wikidata.org/entity/Q3402561>	"Q3402561"		1			""
<http://www.wikidata.org/entity/Q3402663>	"Prestige"@en	"Prestige"@en	4			""
<http://www.wikidata.org/entity/Q3403126>	"Prilep Brewery"@en	"Prilep Brewery"@en	2		"Macedonia del Norte"@es	""
<http://www.wikidata.org/entity/Q3409062>	"Aarschotse Bruine"@es	"Aarschotse Bruine"@en	2			"Aarschot castaña"
<http://www.wikidata.org/entity/Q3412122>	"Lindemans Pêcheresse"@en	"Lindemans Pêcheresse"@en	2			""
<http://www.wikidata.org/entity/Q3416366>	"Q3416366"		1			""
<http://www.wikidata.org/entity/Q3422099>	"Q3422099"		1			""
<http://www.wikidata.org/entity/Q3425557>	"Cervecería Costa Rica"@es		1		"Costa Rica"@es	"Cerveceria Costa Rica"
<http://www.wikidata.org/entity/Q3429306>	"Brouwerij Van Havermaet"@en	"Brouwerij Van Havermaet"@en	1		"Bélgica"@es	""
<http://www.wikidata.org/entity/Q3432176>	"Q3432176"		2			""
<http://www.wikidata.org/entity/Q3437132>	"Q3437132"		1		"Bélgica"@es	""
<http://www.wikidata.org/entity/Q3443248>	"Q3443248"		1			""
<http://www.wikidata.org/entity/Q3445750>	"De Leckere"@en	"De Leckere"@en	2		"Países Bajos"@es	""
<http://www.wikidata.org/entity/Q3452342>	"Q3452342"		1			""
<http://www.wikidata.org/entity/Q3456605>	"Q3456605"		2			""
<http://www.wikidata.org/entity/Q3467235>	"Q3467235"		1			""
<http://www.wikidata.org/entity/Q3475459>	"Q3475459"		1			""
<http://www.wikidata.org/entity/Q3475564>	"Brasserie Schutzenberger"@en	"Brasserie Schutzenberger"@en	2		"Francia"@es	""
<http://www.wikidata.org/entity/Q3475578>	"Schwarze & Schlichte"@en	"Schwarze & Schlichte"@en	1		"Alemania"@es	""
<http://www.wikidata.org/entity/Q3475578>	"Schwarze & Schlichte"@en	"Schwarze & Schlichte"@en	1		"Bélgica"@es	""
<http://www.wikidata.org/entity/Q3477603>	"Q3477603"		1			""
<http://www.wikidata.org/entity/Q3480799>	"Q3480799"		1			""
<http://www.wikidata.org/entity/Q3481892>	"Q3481892"		1		"Canadá"@es	""
<http://www.wikidata.org/entity/Q3484095>	"Q3484095"		1			""
<http://www.wikidata.org/entity/Q3485011>	"Q3485011"		1			""
<http://www.wikidata.org/entity/Q3487581>	"Q3487581"		1		"Francia"@es	""
<http://www.wikidata.org/entity/Q3489357>	"Coral cerveza"@es	"Coral"@en	4		"Portugal"@es	""
<http://www.wikidata.org/entity/Q3490068>	"Březňák"@en	"Březňák"@en	6		"República Checa"@es	""
<http://www.wikidata.org/entity/Q3492242>	"South East Asia Brewery"@en	"South East Asia Brewery"@en	1		"Vietnam"@es	""
<http://www.wikidata.org/entity/Q3495222>	"Q3495222"		1			""
<http://www.wikidata.org/entity/Q3495221>	"Q3495221"		1			""
<http://www.wikidata.org/entity/Q3498097>	"Steinlager"@en	"Steinlager"@en	3			""
<http://www.wikidata.org/entity/Q3500299>	"Strela"@en	"Strela"@en	5		"Cabo Verde"@es	""
<http://www.wikidata.org/entity/Q3501860>	"Primátor"@en	"Primátor"@en	4		"República Checa"@es	""
<http://www.wikidata.org/entity/Q3503033>	"Q3503033"		1			""
<http://www.wikidata.org/entity/Q3504323>	"Q3504323"		2			""
<http://www.wikidata.org/entity/Q3507599>	"Q3507599"		1		"Países Bajos"@es	""
<http://www.wikidata.org/entity/Q3508302>	"Svijany Brewery"@en	"Svijany Brewery"@en	5		"República Checa"@es	""
<http://www.wikidata.org/entity/Q3508407>	"Q3508407"		1			""
<http://www.wikidata.org/entity/Q3514294>	"Tomislav"@en	"Tomislav"@en	3			""
<http://www.wikidata.org/entity/Q3517440>	"Tembo"@en	"Tembo"@en	2			""
<http://www.wikidata.org/entity/Q3517624>	"Q3517624"		1			""
<http://www.wikidata.org/entity/Q3518554>	"Floris"@en	"Floris"@en	2			""
<http://www.wikidata.org/entity/Q3529196>	"Tinkoff brewery"@en	"Tinkoff brewery"@en	4		"Rusia"@es	""
<http://www.wikidata.org/entity/Q3533509>	"Q3533509"		1			""
<http://www.wikidata.org/entity/Q3534419>	"Q3534419"		1			""
<http://www.wikidata.org/entity/Q3535551>	"Tourtel"@en	"Tourtel"@en	2			""
<http://www.wikidata.org/entity/Q3536948>	"Okocim Brewery"@en	"Okocim Brewery"@en	9		"Polonia"@es	""
<http://www.wikidata.org/entity/Q3539928>	"Q3539928"		1		"Suiza"@es	""
<http://www.wikidata.org/entity/Q3539936>	"Q3539936"		1			""
<http://www.wikidata.org/entity/Q3544173>	"Q3544173"		1		"Bélgica"@es	""
<http://www.wikidata.org/entity/Q3545227>	"Brouwerij Het Damberd"@en	"Brouwerij Het Damberd"@en	1		"Bélgica"@es	""
<http://www.wikidata.org/entity/Q3547057>	"Tērvete"@en	"Tērvete"@en	1			""
<http://www.wikidata.org/entity/Q3554155>	"Valstar"@en	"Valstar"@en	1			""
<http://www.wikidata.org/entity/Q3578620>	"Écomusée vosgien de la brasserie"@en	"Écomusée vosgien de la brasserie"@en	2		"Francia"@es	""
<http://www.wikidata.org/entity/Q3605228>	"Adelscott"@en	"Adelscott"@en	2			""
<http://www.wikidata.org/entity/Q3624753>	"Asahi Super Dry"@en	"Asahi Super Dry"@en	7		"Japón"@es	""
<http://www.wikidata.org/entity/Q3625461>	"Aventinus"@en	"Aventinus"@en	4			""
<http://www.wikidata.org/entity/Q3625662>	"Negra Modelo"@en	"Negra Modelo"@en	4			""
<http://www.wikidata.org/entity/Q3625680>	"Tecate"@en	"Tecate"@en	5			""
<http://www.wikidata.org/entity/Q3640363>	"Birra Italia"@en	"Birra Italia"@en	1		"Italia"@es	""
<http://www.wikidata.org/entity/Q3640367>	"Pedavena"@en	"Pedavena"@en	6		"Italia"@es	""
<http://www.wikidata.org/entity/Q3655897>	"Carlsberg Sweden"@en	"Carlsberg Sweden"@en	3		"Suecia"@es	""
<http://www.wikidata.org/entity/Q3663199>	"Van Pur"@en	"Van Pur"@en	3		"Polonia"@es	""
<http://www.wikidata.org/entity/Q3785560>	"Swannay Brewery"@en	"Swannay Brewery"@en	3		"Reino Unido"@es	""
<http://www.wikidata.org/entity/Q3894046>	"Gordon Xmas"@en	"Gordon Xmas"@en	1		"Bélgica"@es	""
<http://www.wikidata.org/entity/Q3899023>	"Max"@es	"Max"@en	1			""
<http://www.wikidata.org/entity/Q3904501>	"brasserie Sainte-Hélène"@en	"brasserie Sainte-Hélène"@en	3		"Bélgica"@es	""
<http://www.wikidata.org/entity/Q3915800>	"Q3915800"		1		"Bélgica"@es	""
<http://www.wikidata.org/entity/Q3916550>	"Brouwerij Mena"@en	"Brouwerij Mena"@en	1		"Bélgica"@es	""
<http://www.wikidata.org/entity/Q3918486>	"Brouwerij De Fontein"@en	"Brouwerij De Fontein"@en	1		"Bélgica"@es	""
<http://www.wikidata.org/entity/Q3919838>	"Q3919838"		1		"Bélgica"@es	""
<http://www.wikidata.org/entity/Q3921361>	"Q3921361"		1		"Bélgica"@es	""
<http://www.wikidata.org/entity/Q3930531>	"Brouwerij Dupont"@en	"Brouwerij Dupont"@en	1		"Bélgica"@es	""
<http://www.wikidata.org/entity/Q3931690>	"Třeboň Brewery"@en	"Třeboň Brewery"@en	3		"República Checa"@es	""
<http://www.wikidata.org/entity/Q3945182>	"Saku"@es	"Saku"@en	3		"Estonia"@es	""
<http://www.wikidata.org/entity/Q3950417>	"Brouwerij Ganda"@en	"Brouwerij Ganda"@en	1		"Bélgica"@es	""
<http://www.wikidata.org/entity/Q3953867>	"Brouwerij De Fontein"@en	"Brouwerij De Fontein"@en	1		"Países Bajos"@es	""
<http://www.wikidata.org/entity/Q3960454>	"Q3960454"		2			""
<http://www.wikidata.org/entity/Q3971125>	"Heineken Tarwebok"@en	"Heineken Tarwebok"@en	3			""
<http://www.wikidata.org/entity/Q3977895>	"Innis & Gunn"@es	"Innis & Gunn"@en	5		"Reino Unido"@es	""
<http://www.wikidata.org/entity/Q3982116>	"Q3982116"		1			""
<http://www.wikidata.org/entity/Q3997763>	"Q3997763"		2		"Bélgica"@es	""
<http://www.wikidata.org/entity/Q4005171>	"Q4005171"		1			""
<http://www.wikidata.org/entity/Q4017226>	"Q4017226"		1		"Bélgica"@es	""
<http://www.wikidata.org/entity/Q4026257>	"Brouwerij Sint-Jozef"@en	"Brouwerij Sint-Jozef"@en	1		"Bélgica"@es	""
<http://www.wikidata.org/entity/Q4032990>	"Q4032990"		1		"Bélgica"@es	""
<http://www.wikidata.org/entity/Q4033654>	"Królewskie beer"@en	"Królewskie beer"@en	4		"Polonia"@es	""
<http://www.wikidata.org/entity/Q4033686>	"Aldaris"@en	"Aldaris"@en	7		"Letonia"@es	""
<http://www.wikidata.org/entity/Q4034524>	"Athenian Brewery"@en	"Athenian Brewery"@en	4		"Grecia"@es	""
<http://www.wikidata.org/entity/Q4034923>	"Bauskas alus"@en	"Bauskas alus"@en	6		"Letonia"@es	""
<http://www.wikidata.org/entity/Q4035888>	"Carlsberg Ukraine"@en	"Carlsberg Ukraine"@en	1		"Ucrania"@es	""
<http://www.wikidata.org/entity/Q4036558>	"Corgoň"@en	"Corgoň"@en	4			""
<http://www.wikidata.org/entity/Q4036833>	"Cēsu Alus"@en	"Cēsu Alus"@en	8		"Letonia"@es	""
<http://www.wikidata.org/entity/Q4037339>	"Silvanecte"@en	"Silvanecte"@en	1			""
<http://www.wikidata.org/entity/Q4038728>	"Falcon Brewery"@en	"Falcon Brewery"@en	1		"Suecia"@es	""
<http://www.wikidata.org/entity/Q4041653>	"Israel Beer Breweries"@en	"Israel Beer Breweries"@en	5		"Israel"@es	""
<http://www.wikidata.org/entity/Q4044598>	"Mousel"@en	"Mousel"@en	3			""
<http://www.wikidata.org/entity/Q4045263>	"Thule"@en	"Thule"@en	1			""
<http://www.wikidata.org/entity/Q4045735>	"Olvi"@es	"Olvi"@en	12		"Finlandia"@es	"Olvi Oyj"
<http://www.wikidata.org/entity/Q4045854>	"Q4045854"		2			""
<http://www.wikidata.org/entity/Q4052593>	"Q4052593"		1		"Letonia"@es	""
<http://www.wikidata.org/entity/Q4180049>	"Zhiguli Brewery"@en	"Zhiguli Brewery"@en	3		"Rusia"@es	""
<http://www.wikidata.org/entity/Q4183744>	"Zagrebačka pivovara"@en	"Zagrebačka pivovara"@en	5		"Croacia"@es	""
<http://www.wikidata.org/entity/Q4241064>	"Krinitsa"@en	"Krinitsa"@en	5		"Bielorrusia"@es	""
<http://www.wikidata.org/entity/Q4258173>	"Q4258173"		1			""
<http://www.wikidata.org/entity/Q4283774>	"Q4283774"		1			""
<http://www.wikidata.org/entity/Q4284694>	"Brouwerij Facon"@en	"Brouwerij Facon"@en	1		"Bélgica"@es	""
<http://www.wikidata.org/entity/Q4300034>	"La bière du Démon"@en	"La bière du Démon"@en	2			""
<http://www.wikidata.org/entity/Q4312328>	"Maenhout Brewery"@en	"Maenhout Brewery"@en	1		"Bélgica"@es	""
<http://www.wikidata.org/entity/Q4315775>	"Q4315775"		1		"Bélgica"@es	""
<http://www.wikidata.org/entity/Q4316984>	"Q4316984"		1			""
<http://www.wikidata.org/entity/Q4326144>	"Q4326144"		1			""
<http://www.wikidata.org/entity/Q4329139>	"Brouwerij De Goudster"@en	"Brouwerij De Goudster"@en	1		"Bélgica"@es	""
<http://www.wikidata.org/entity/Q4343757>	"Q4343757"		1		"Bélgica"@es	""
<http://www.wikidata.org/entity/Q4346588>	"Brouwerij Van Hoorebeke"@en	"Brouwerij Van Hoorebeke"@en	1		"Bélgica"@es	""
<http://www.wikidata.org/entity/Q4346975>	"Barbãr"@en	"Barbãr"@en	3			""
<http://www.wikidata.org/entity/Q4349886>	"Q4349886"		1		"Bélgica"@es	""
<http://www.wikidata.org/entity/Q4351626>	"Q4351626"		1		"Bélgica"@es	""
<http://www.wikidata.org/entity/Q4351891>	"Buckler"@en	"Buckler"@en	2			""
<http://www.wikidata.org/entity/Q4353537>	"Kukko"@en	"Kukko"@en	4		"Finlandia"@es	""
<http://www.wikidata.org/entity/Q4357334>	"Brasserie Grain d'Orge (Hombourg)"@en	"Brasserie Grain d'Orge (Hombourg)"@en	3		"Bélgica"@es	""
<http://www.wikidata.org/entity/Q4357654>	"Q4357654"		1			""
<http://www.wikidata.org/entity/Q4358537>	"Reinaert"@en	"Reinaert"@en	3			""
<http://www.wikidata.org/entity/Q4361586>	"Q4361586"		1			""
<http://www.wikidata.org/entity/Q4363897>	"Brouwerij Baillon"@en	"Brouwerij Baillon"@en	1		"Bélgica"@es	""
<http://www.wikidata.org/entity/Q4367956>	"Q4367956"		2		"Bélgica"@es	""
<http://www.wikidata.org/entity/Q4375201>	"Q4375201"		1			""
<http://www.wikidata.org/entity/Q4375634>	"Q4375634"		1			""
<http://www.wikidata.org/entity/Q4382914>	"Q4382914"		1			""
<http://www.wikidata.org/entity/Q4385018>	"Q4385018"		1		"Bélgica"@es	""
<http://www.wikidata.org/entity/Q4409757>	"Q4409757"		1			""
<http://www.wikidata.org/entity/Q4410542>	"Zinnebir"@en	"Zinnebir"@en	2			""
<http://www.wikidata.org/entity/Q4418238>	"Sibirskaya korona"@es	"Sibirskaya korona"@en	2			""
<http://www.wikidata.org/entity/Q4420459>	"Q4420459"		1			""
<http://www.wikidata.org/entity/Q4423000>	"Zaporizhzhya Brewery Carlsberg Ukraine"@en	"Zaporizhzhya Brewery Carlsberg Ukraine"@en	2		"Ucrania"@es	""
<http://www.wikidata.org/entity/Q4450828>	"Q4450828"		2		"Países Bajos"@es	""
<http://www.wikidata.org/entity/Q4452099>	"Q4452099"		1		"Bélgica"@es	""
<http://www.wikidata.org/entity/Q4452643>	"Tatspirtprom"@en	"Tatspirtprom"@en	3		"Rusia"@es	""
<http://www.wikidata.org/entity/Q4489143>	"Cornelissen Brouwerij"@en	"Cornelissen Brouwerij"@en	3		"Bélgica"@es	""
<http://www.wikidata.org/entity/Q4508005>	"Brouwerij De Hoprank"@en	"Brouwerij De Hoprank"@en	1		"Bélgica"@es	""
<http://www.wikidata.org/entity/Q4531395>	"Q4531395"		1			""
<http://www.wikidata.org/entity/Q4539874>	"Q4539874"		1			""
<http://www.wikidata.org/entity/Q4542351>	"Q4542351"		2			""
<http://www.wikidata.org/entity/Q4544224>	"Q4544224"		1		"Países Bajos"@es	""
<http://www.wikidata.org/entity/Q4551190>	"1612er Zwickelbier"@en	"1612er Zwickelbier"@en	2			""
<http://www.wikidata.org/entity/Q4559045>	"Q4559045"		1			""
<http://www.wikidata.org/entity/Q4559070>	"Q4559070"		2			""
<http://www.wikidata.org/entity/Q4564387>	"Aass Bock"@en	"Aass Bock"@en	3			""
<http://www.wikidata.org/entity/Q4566751>	"Cervecería de Baja California"@en	"Cervecería de Baja California"@en	3		"México"@es	""
<http://www.wikidata.org/entity/Q4567149>	"Tijuana Beer"@en	"Tijuana Beer"@en	6		"México"@es	""
<http://www.wikidata.org/entity/Q4569896>	"Rolling Rock"@en	"Rolling Rock"@en	4			""
<http://www.wikidata.org/entity/Q4570769>	"Cerveza Pacífico"@es	"Pacífico"@en	6			"Cerveza Pacifico"
<http://www.wikidata.org/entity/Q4602069>	"Cervecería Foulon"@es	"Brouwerij Foulon"@en	1		"Bélgica"@es	"Brouwerij Foulon"
<http://www.wikidata.org/entity/Q4604483>	"Bolleke"@en	"Bolleke"@en	2			""
<http://www.wikidata.org/entity/Q4609236>	"Q4609236"		1			""
<http://www.wikidata.org/entity/Q4631029>	"21st Amendment Brewery"@en	"21st Amendment Brewery"@en	2		"Estados Unidos"@es	""
<http://www.wikidata.org/entity/Q4657230>	"Q4657230"		1			""
<http://www.wikidata.org/entity/Q4664306>	"Abbotsford Invalid Stout"@en	"Abbotsford Invalid Stout"@en	1		"Australia"@es	""
<http://www.wikidata.org/entity/Q4667978>	"Abita Brewing Company"@en	"Abita Brewing Company"@en	4		"Estados Unidos"@es	""
<http://www.wikidata.org/entity/Q4668241>	"Q4668241"		1			""
<http://www.wikidata.org/entity/Q4670873>	"Night Owl"@en	"Night Owl"@en	1			""
<http://www.wikidata.org/entity/Q4672813>	"Accra Brewery Limited"@en	"Accra Brewery Limited"@en	3		"Ghana"@es	""
<http://www.wikidata.org/entity/Q4683851>	"Adnams Southwold"@es	"Adnams Southwold"@en	4		"Reino Unido"@es	""
<http://www.wikidata.org/entity/Q4684323>	"Adolph Coors Company"@en	"Adolph Coors Company"@en	2		"Estados Unidos"@es	""
<http://www.wikidata.org/entity/Q4690508>	"Q4690508"		1			""
<http://www.wikidata.org/entity/Q4695166>	"Ahlafors Bryggerier"@en	"Ahlafors Bryggerier"@en	2		"Suecia"@es	""
<http://www.wikidata.org/entity/Q4708661>	"Alaskan Brewing Company"@es	"Alaskan Brewing Company"@en	3		"Estados Unidos"@es	""
<http://www.wikidata.org/entity/Q4709372>	"Albany Pump Station"@en	"Albany Pump Station"@en	2		"Estados Unidos"@es	""
<http://www.wikidata.org/entity/Q4714043>	"AleSmith Brewing Company"@en	"AleSmith Brewing Company"@en	2		"Estados Unidos"@es	""
<http://www.wikidata.org/entity/Q4730281>	"Allagash Brewing Company"@es	"Allagash Brewing Company"@en	2		"Estados Unidos"@es	""
<http://www.wikidata.org/entity/Q4735474>	"Alpine Beer Company"@en	"Alpine Beer Company"@en	1		"Estados Unidos"@es	""
<http://www.wikidata.org/entity/Q4736777>	"Q4736777"		1			""
<http://www.wikidata.org/entity/Q4741299>	"Q4741299"		1			""
<http://www.wikidata.org/entity/Q4752667>	"Anchor Brewhouse"@en	"Anchor Brewhouse"@en	3		"Reino Unido"@es	""
<http://www.wikidata.org/entity/Q4752665>	"Anchor Brewery"@en	"Anchor Brewery"@en	3		"Reino Unido"@es	""
<http://www.wikidata.org/entity/Q4754219>	"Anderson Valley Brewing Company"@en	"Anderson Valley Brewing Company"@en	4		"Estados Unidos"@es	""
<http://www.wikidata.org/entity/Q4763317>	"Angkor Beer"@en	"Angkor Beer"@en	6		"Camboya"@es	""
<http://www.wikidata.org/entity/Q4764350>	"Anheuser-Busch Brewery"@en	"Anheuser-Busch Brewery"@en	2		"Estados Unidos"@es	""
<http://www.wikidata.org/entity/Q4765986>	"Zatte Bie"@en	"Zatte Bie"@en	1			""
<http://www.wikidata.org/entity/Q4777177>	"Brouwerij Ide"@en	"Brouwerij Ide"@en	2		"Bélgica"@es	""
<http://www.wikidata.org/entity/Q4780837>	"Appalachian Brewing Company"@en	"Appalachian Brewing Company"@en	1		"Estados Unidos"@es	""
<http://www.wikidata.org/entity/Q4791958>	"Arkell's Brewery"@en	"Arkell's Brewery"@en	4		"Reino Unido"@es	""
<http://www.wikidata.org/entity/Q4796382>	"Arsenal Cider House"@en	"Arsenal Cider House"@en	1		"Estados Unidos"@es	""
<http://www.wikidata.org/entity/Q4801383>	"Artois Bock"@en	"Artois Bock"@en	1			""
<http://www.wikidata.org/entity/Q4803001>	"Q4803001"		1			""
<http://www.wikidata.org/entity/Q4808509>	"Q4808509"		1		"Bélgica"@es	""
<http://www.wikidata.org/entity/Q4816027>	"Atlanta Brewing Co"@en	"Atlanta Brewing Co"@en	1		"Estados Unidos"@es	""
<http://www.wikidata.org/entity/Q4824414>	"Australian Max Beer"@en	"Australian Max Beer"@en	1			""
<http://www.wikidata.org/entity/Q4832936>	"Aztec Brewing Company"@es	"Aztec Brewing Company"@en	2		"Estados Unidos"@es	""
<http://www.wikidata.org/entity/Q4835755>	"BJ's Restaurant & Brewery"@en	"BJ's Restaurant & Brewery"@en	3		"Estados Unidos"@es	""
<http://www.wikidata.org/entity/Q4838887>	"Bachmann's Brewery"@en	"Bachmann's Brewery"@en	1		"Estados Unidos"@es	""
<http://www.wikidata.org/entity/Q4843299>	"Q4843299"		1			""
<http://www.wikidata.org/entity/Q4851430>	"Ballantine Brewery"@en	"Ballantine Brewery"@en	3		"Estados Unidos"@es	""
<http://www.wikidata.org/entity/Q4851457>	"Ballarat Bitter"@en	"Ballarat Bitter"@en	2		"Australia"@es	""
<http://www.wikidata.org/entity/Q4851544>	"Ballast Point Brewing Company"@en	"Ballast Point Brewing Company"@en	2		"Estados Unidos"@es	""
<http://www.wikidata.org/entity/Q4856474>	"Banks Barbados Brewery"@en	"Banks Barbados Brewery"@en	2		"Barbados"@es	""
<http://www.wikidata.org/entity/Q4868773>	"Batemans Brewery"@es	"Batemans Brewery"@en	4		"Reino Unido"@es	""
<http://www.wikidata.org/entity/Q4868885>	"Bath Ales"@en	"Bath Ales"@en	2		"Reino Unido"@es	""
<http://www.wikidata.org/entity/Q4873642>	"Bavaria 0.0%"@en	"Bavaria 0.0%"@en	3			""
<http://www.wikidata.org/entity/Q4873648>	"Bavarian Brewing Company"@en	"Bavarian Brewing Company"@en	2		"Estados Unidos"@es	""
<http://www.wikidata.org/entity/Q4874434>	"Bayern Brewing, Inc."@en	"Bayern Brewing, Inc."@en	1		"Estados Unidos"@es	""
<http://www.wikidata.org/entity/Q4877327>	"Beau's All Natural Brewing Company"@en	"Beau's All Natural Brewing Company"@en	1		"Canadá"@es	""
<http://www.wikidata.org/entity/Q4880138>	"Beeston Brewery Company"@en	"Beeston Brewery Company"@en	1		"Reino Unido"@es	""
<http://www.wikidata.org/entity/Q4883063>	"Bell's Brewery"@es	"Bell's Brewery"@en	3		"Estados Unidos"@es	""
<http://www.wikidata.org/entity/Q4906227>	"Big Rock Brewery"@en	"Big Rock Brewery"@en	2		"Canadá"@es	""
<http://www.wikidata.org/entity/Q4907112>	"Bihaćka Pivovara"@en	"Bihaćka Pivovara"@en	3		"Bosnia y Herzegovina"@es	""
<http://www.wikidata.org/entity/Q4912182>	"Billy Beer"@en	"Billy Beer"@en	3		"Estados Unidos"@es	""
<http://www.wikidata.org/entity/Q4916946>	"Birra Tirana"@en	"Birra Tirana"@en	1		"Albania"@es	""
<http://www.wikidata.org/entity/Q4921060>	"Black Isle Brewery"@en	"Black Isle Brewery"@en	3		"Reino Unido"@es	""
<http://www.wikidata.org/entity/Q4921226>	"Van Den Bossche brewery"@en	"Van Den Bossche brewery"@en	3		"Bélgica"@es	""
<http://www.wikidata.org/entity/Q4929237>	"Blue Hills Brewery"@es	"Blue Hills Brewery"@en	1		"Estados Unidos"@es	""
<http://www.wikidata.org/entity/Q4929444>	"Blue Monkey Brewery"@en	"Blue Monkey Brewery"@en	1		"Reino Unido"@es	""
<http://www.wikidata.org/entity/Q4929639>	"Blue Point Brewing Company"@en	"Blue Point Brewing Company"@en	1		"Estados Unidos"@es	""
<http://www.wikidata.org/entity/Q4930333>	"Bluegrass Brewing Company"@en	"Bluegrass Brewing Company"@en	1		"Estados Unidos"@es	""
<http://www.wikidata.org/entity/Q4943560>	"Boon Brick Store"@en	"Boon Brick Store"@en	2		"Estados Unidos"@es	""
<http://www.wikidata.org/entity/Q4945006>	"Borg Bryggerier"@en	"Borg Bryggerier"@en	3		"Noruega"@es	""
<http://www.wikidata.org/entity/Q4947146>	"Bosch Brewing Company"@en	"Bosch Brewing Company"@en	2		"Estados Unidos"@es	""
<http://www.wikidata.org/entity/Q4949536>	"Boulder Beer Company"@en	"Boulder Beer Company"@en	1		"Estados Unidos"@es	""
<http://www.wikidata.org/entity/Q4949634>	"Boulevard Brewing Company"@en	"Boulevard Brewing Company"@en	3		"Estados Unidos"@es	""
<http://www.wikidata.org/entity/Q4949920>	"Boundary Bay Brewing Company"@en	"Boundary Bay Brewing Company"@en	2		"Estados Unidos"@es	""
<http://www.wikidata.org/entity/Q4962681>	"Brewers Investment Corporation"@en	"Brewers Investment Corporation"@en	1		"Reino Unido"@es	""
<http://www.wikidata.org/entity/Q4964943>	"Breugem Bier"@en	"Breugem Bier"@en	1		"Países Bajos"@es	""
<http://www.wikidata.org/entity/Q4966187>	"BridgePort Brewing Company"@en	"BridgePort Brewing Company"@en	1		"Estados Unidos"@es	""
<http://www.wikidata.org/entity/Q4975664>	"Brothers Cider"@en	"Brothers Cider"@en	2		"Reino Unido"@es	""
<http://www.wikidata.org/entity/Q4975878>	"Brouwerij 't Koelschip"@en	"Brouwerij 't Koelschip"@en	1		"Países Bajos"@es	""
<http://www.wikidata.org/entity/Q4975890>	"Browar Łomża"@en	"Browar Łomża"@en	3		"Polonia"@es	""
<http://www.wikidata.org/entity/Q4975906>	"Perła – Browary Lubelskie"@en	"Perła – Browary Lubelskie"@en	3		"Polonia"@es	""
<http://www.wikidata.org/entity/Q4975922>	"Brown's Brewery"@en	"Brown's Brewery"@en	1		"Estados Unidos"@es	""
<http://www.wikidata.org/entity/Q4980770>	"Bryggeriet Djævlebryg"@en	"Bryggeriet Djævlebryg"@en	2		"Dinamarca"@es	""
<http://www.wikidata.org/entity/Q4980771>	"Bryghuset Møn"@en	"Bryghuset Møn"@en	3		"Dinamarca"@es	""
<http://www.wikidata.org/entity/Q4980769>	"Bryggeriet Vestfyen"@en	"Bryggeriet Vestfyen"@en	3		"Dinamarca"@es	""
<http://www.wikidata.org/entity/Q4985196>	"Budweiser American Ale"@en	"Budweiser American Ale"@en	1			""
<http://www.wikidata.org/entity/Q4992054>	"Kalnapilis"@en	"Kalnapilis"@en	8		"Lituania"@es	""
<http://www.wikidata.org/entity/Q4997484>	"Bundaberg Brewed Drinks"@en	"Bundaberg Brewed Drinks"@en	5		"Australia"@es	""
<http://www.wikidata.org/entity/Q4999111>	"Burleigh Brewing Company"@en	"Burleigh Brewing Company"@en	1		"Australia"@es	""
<http://www.wikidata.org/entity/Q5000817>	"Burton Brewery Company"@en	"Burton Brewery Company"@en	1		"Reino Unido"@es	""
<http://www.wikidata.org/entity/Q5017692>	"Cairngorm Brewery"@en	"Cairngorm Brewery"@en	3		"Reino Unido"@es	""
<http://www.wikidata.org/entity/Q5021786>	"Kriek Boon"@en	"Kriek Boon"@en	2			""
<http://www.wikidata.org/entity/Q5022565>	"Q5022565"		1		"Bélgica"@es	""
<http://www.wikidata.org/entity/Q5025238>	"Cambrew Brewery"@en	"Cambrew Brewery"@en	2		"Camboya"@es	""
<http://www.wikidata.org/entity/Q5026431>	"Camerons Brewery"@en	"Camerons Brewery"@en	4		"Reino Unido"@es	""
<http://www.wikidata.org/entity/Q5032468>	"Víking Ölgerð"@en	"Víking Ölgerð"@en	1		"Islandia"@es	""
<http://www.wikidata.org/entity/Q5035496>	"Capital Brewery"@en	"Capital Brewery"@en	1		"Estados Unidos"@es	""
<http://www.wikidata.org/entity/Q5036713>	"Captain Lawrence Brewing Company"@en	"Captain Lawrence Brewing Company"@en	1		"Estados Unidos"@es	""
<http://www.wikidata.org/entity/Q5039331>	"Carib Brewery"@en	"Carib Brewery"@en	4		"Trinidad y Tobago"@es	""
<http://www.wikidata.org/entity/Q5042847>	"Carlow Brewing Company"@en	"Carlow Brewing Company"@en	1			""
<http://www.wikidata.org/entity/Q5042883>	"Carlsberg Croatia"@en	"Carlsberg Croatia"@en	1		"Croacia"@es	""
<http://www.wikidata.org/entity/Q5042888>	"Carlsberg Srbija"@en	"Carlsberg Srbija"@en	2		"Serbia"@es	""
<http://www.wikidata.org/entity/Q5042950>	"Carlton & United Breweries"@en	"Carlton & United Breweries"@en	4		"Australia"@es	""
<http://www.wikidata.org/entity/Q5048142>	"Cascade Lakes Brewing Company"@en	"Cascade Lakes Brewing Company"@en	1		"Estados Unidos"@es	""
<http://www.wikidata.org/entity/Q5050272>	"Castle Rock Brewery"@es	"Castle Rock Brewery"@en	4		"Reino Unido"@es	""
<http://www.wikidata.org/entity/Q5055047>	"Q5055047"		1			""
<http://www.wikidata.org/entity/Q5061478>	"Q5061478"		1		"Bélgica"@es	""
<http://www.wikidata.org/entity/Q5086657>	"Charrington Brewery"@en	"Charrington Brewery"@en	2		"Reino Unido"@es	""
<http://www.wikidata.org/entity/Q5089190>	"Cheddar Ales"@en	"Cheddar Ales"@en	1		"Reino Unido"@es	""
<http://www.wikidata.org/entity/Q5099843>	"China Pabst Blue Ribbon"@en	"China Pabst Blue Ribbon"@en	2		"República Popular China"@es	""
<http://www.wikidata.org/entity/Q5104857>	"Chopper Heavy"@en	"Chopper Heavy"@en	1			""
<http://www.wikidata.org/entity/Q5109935>	"Christian Moerlein Brewing Co."@es	"Christian Moerlein Brewing Co."@en	2		"Estados Unidos"@es	""
<http://www.wikidata.org/entity/Q5110604>	"Geuzestekerij Hanssens Artisanaal"@en	"Geuzestekerij Hanssens Artisanaal"@en	3		"Bélgica"@es	""
<http://www.wikidata.org/entity/Q5113055>	"Q5113055"		1			""
<http://www.wikidata.org/entity/Q5118327>	"Q5118327"		1			""
<http://www.wikidata.org/entity/Q5119742>	"Cieszyn Brewery"@en	"Cieszyn Brewery"@en	4		"Polonia"@es	""
<http://www.wikidata.org/entity/Q5119798>	"Cigar City Brewing"@en	"Cigar City Brewing"@en	1		"Estados Unidos"@es	""
<http://www.wikidata.org/entity/Q5122135>	"Cisco Brewers"@en	"Cisco Brewers"@en	1		"Estados Unidos"@es	""
<http://www.wikidata.org/entity/Q5123051>	"City Brewing Company"@en	"City Brewing Company"@en	2		"Estados Unidos"@es	""
<http://www.wikidata.org/entity/Q5123351>	"City Park Brewery"@en	"City Park Brewery"@en	2		"Estados Unidos"@es	""
<http://www.wikidata.org/entity/Q5128012>	"Class and Nachod Brewery"@en	"Class and Nachod Brewery"@en	1		"Estados Unidos"@es	""
<http://www.wikidata.org/entity/Q5133639>	"Climax Brewing Company"@es	"Climax Brewing Company"@en	1		"Estados Unidos"@es	""
<http://www.wikidata.org/entity/Q5149624>	"Columbia Brewery"@en	"Columbia Brewery"@en	1		"Canadá"@es	""
<http://www.wikidata.org/entity/Q5168056>	"Coors Brewers"@en	"Coors Brewers"@en	1		"Reino Unido"@es	""
<http://www.wikidata.org/entity/Q5168060>	"Coors Light"@en	"Coors Light"@en	6			""
<http://www.wikidata.org/entity/Q5168728>	"Copper Dragon Brewery"@en	"Copper Dragon Brewery"@en	2		"Reino Unido"@es	""
<http://www.wikidata.org/entity/Q5169635>	"Q5169635"		1			""
<http://www.wikidata.org/entity/Q5176104>	"Q5176104"		1			""
<http://www.wikidata.org/entity/Q5178070>	"Courage Brewery"@en	"Courage Brewery"@en	2		"Reino Unido"@es	""
<http://www.wikidata.org/entity/Q5184966>	"Cricket Hill"@en	"Cricket Hill"@en	1		"Estados Unidos"@es	""
<http://www.wikidata.org/entity/Q5187999>	"The Great Yorkshire Brewery"@en	"The Great Yorkshire Brewery"@en	2		"Reino Unido"@es	""
<http://www.wikidata.org/entity/Q5189400>	"Crown Lager"@en	"Crown Lager"@en	3		"Australia"@es	""
<http://www.wikidata.org/entity/Q5192313>	"Cucapá Beer"@en	"Cucapá Beer"@en	1		"México"@es	""
<http://www.wikidata.org/entity/Q5204580>	"DC Brau Brewing"@en	"DC Brau Brewing"@en	2		"Estados Unidos"@es	""
<http://www.wikidata.org/entity/Q5210797>	"Daleside Brewery"@es	"Duff Beer"@en	3		"Reino Unido"@es	""
<http://www.wikidata.org/entity/Q5213034>	"Koestraat 33, Zwolle"@en	"Koestraat 33, Zwolle"@en	2		"Países Bajos"@es	""
<http://www.wikidata.org/entity/Q5216508>	"Daniel Batham and Son Ltd"@en	"Daniel Batham and Son Ltd"@en	3		"Reino Unido"@es	""
<http://www.wikidata.org/entity/Q5222553>	"Tuborg Red"@en	"Tuborg Red"@en	3			""
<http://www.wikidata.org/entity/Q5223427>	"Dark Star Brewing Co."@en	"Dark Star Brewing Co."@en	2		"Reino Unido"@es	""
<http://www.wikidata.org/entity/Q5225943>	"Darwin Brewery"@en	"Darwin Brewery"@en	2		"Reino Unido"@es	""
<http://www.wikidata.org/entity/Q5233200>	"Q5233200"		1			""
<http://www.wikidata.org/entity/Q5243386>	"Q5243386"		1			""
<http://www.wikidata.org/entity/Q5244695>	"De Proefbrouwerij"@en	"De Proefbrouwerij"@en	4		"Bélgica"@es	""
<http://www.wikidata.org/entity/Q5248425>	"Debowe Mocne"@en	"Debowe Mocne"@en	2			""
<http://www.wikidata.org/entity/Q5254661>	"Delta Hotel"@en	"Delta Hotel"@en	1		"Estados Unidos"@es	""
<http://www.wikidata.org/entity/Q5263757>	"Deschutes Brewery"@en	"Deschutes Brewery"@en	3		"Estados Unidos"@es	""
<http://www.wikidata.org/entity/Q5265865>	"Detroit Beer Company"@en	"Detroit Beer Company"@en	1		"Estados Unidos"@es	""
<http://www.wikidata.org/entity/Q5267084>	"Devil's Canyon Brewing Company"@es	"Devil's Canyon Brewing Company"@en	1		"Estados Unidos"@es	""
<http://www.wikidata.org/entity/Q5267383>	"Devils Backbone Brewing Company"@en	"Devils Backbone Brewing Company"@en	1		"Estados Unidos"@es	""
<http://www.wikidata.org/entity/Q5270731>	"Diamond Bear Brewing Company"@en	"Diamond Bear Brewing Company"@en	1		"Estados Unidos"@es	""
<http://www.wikidata.org/entity/Q5280024>	"Q5280024"		1		"Países Bajos"@es	""
<http://www.wikidata.org/entity/Q5288708>	"Dojlidy Brewery"@en	"Dojlidy Brewery"@en	4		"Polonia"@es	""
<http://www.wikidata.org/entity/Q5293375>	"Q5293375"		1		"Países Bajos"@es	""
<http://www.wikidata.org/entity/Q5296708>	"Donnington Brewery"@en	"Donnington Brewery"@en	2		"Reino Unido"@es	""
<http://www.wikidata.org/entity/Q5299376>	"Q5299376"		1			""
<http://www.wikidata.org/entity/Q5299673>	"Double Brown"@en	"Double Brown"@en	1			""
<http://www.wikidata.org/entity/Q5307323>	"Drewry's"@en	"Drewry's"@en	1			""
<http://www.wikidata.org/entity/Q5309506>	"Dry Dock Brewing Company"@en	"Dry Dock Brewing Company"@en	1		"Estados Unidos"@es	""
<http://www.wikidata.org/entity/Q5312526>	"Dugges Ale och Porterbryggeri"@en	"Dugges Ale och Porterbryggeri"@en	4		"Suecia"@es	""
<http://www.wikidata.org/entity/Q5316078>	"Duquesne Brewing Company"@en	"Duquesne Brewing Company"@en	3		"Estados Unidos"@es	""
<http://www.wikidata.org/entity/Q5316079>	"Duquesne Brewing Company"@en	"Duquesne Brewing Company"@en	2			""
<http://www.wikidata.org/entity/Q5317694>	"Q5317694"		1		"Bélgica"@es	""
<http://www.wikidata.org/entity/Q5319842>	"Q5319842"		1			""
<http://www.wikidata.org/entity/Q5321771>	"E. C. Dahls Brewery"@en	"E. C. Dahls Brewery"@en	4		"Noruega"@es	""
<http://www.wikidata.org/entity/Q5328297>	"East End Brewing Company"@en	"East End Brewing Company"@en	2		"Estados Unidos"@es	""
<http://www.wikidata.org/entity/Q5329931>	"Q5329931"		1			""
<http://www.wikidata.org/entity/Q5331812>	"Eberhardt & Ober Brewery"@en	"Eberhardt & Ober Brewery"@en	1		"Estados Unidos"@es	""
<http://www.wikidata.org/entity/Q5347059>	"Eel River Brewing Company"@en	"Eel River Brewing Company"@en	1		"Estados Unidos"@es	""
<http://www.wikidata.org/entity/Q5354183>	"Eldridge Pope"@en	"Eldridge Pope"@en	2		"Reino Unido"@es	""
<http://www.wikidata.org/entity/Q5364059>	"Elk Mountain Brewing Company"@es	"Elk Mountain Brewing Company"@en	1		"Estados Unidos"@es	""
<http://www.wikidata.org/entity/Q5364150>	"Q5364150"		1		"Bélgica"@es	""
<http://www.wikidata.org/entity/Q5365908>	"Ellis Island Casino & Brewery"@en	"Ellis Island Casino & Brewery"@en	1		"Estados Unidos"@es	""
<http://www.wikidata.org/entity/Q5368560>	"Elysian Brewing Company"@en	"Elysian Brewing Company"@en	2		"Estados Unidos"@es	""
<http://www.wikidata.org/entity/Q5370835>	"Emerson's Brewery"@en	"Emerson's Brewery"@en	1		"Nueva Zelanda"@es	""
<http://www.wikidata.org/entity/Q5374339>	"Hengelosche Bierbrouwerij"@en	"Hengelosche Bierbrouwerij"@en	3		"Países Bajos"@es	""
<http://www.wikidata.org/entity/Q5374843>	"Emu"@en	"Emu"@en	2		"Australia"@es	""
<http://www.wikidata.org/entity/Q5374850>	"Emu Brewery"@en	"Emu Brewery"@en	2		"Australia"@es	""
<http://www.wikidata.org/entity/Q5382444>	"Epic Brewing Company"@en	"Epic Brewing Company"@en	1		"Nueva Zelanda"@es	""
<http://www.wikidata.org/entity/Q5390033>	"Bofferding"@en	"Bofferding"@en	3			""
<http://www.wikidata.org/entity/Q5391577>	"Q5391577"		1		"Imperio ruso"@es	""
<http://www.wikidata.org/entity/Q5391577>	"Q5391577"		1		"Finlandia"@es	""
<http://www.wikidata.org/entity/Q5396773>	"Q5396773"		1			""
<http://www.wikidata.org/entity/Q5399063>	"Q5399063"		1			""
<http://www.wikidata.org/entity/Q5423552>	"F&M Brewery"@en	"F&M Brewery"@en	1		"Canadá"@es	""
<http://www.wikidata.org/entity/Q5423793>	"F. & M. Schaefer Brewing Company"@en	"F. & M. Schaefer Brewing Company"@en	3		"Estados Unidos"@es	""
<http://www.wikidata.org/entity/Q5431739>	"Falcon Brewery"@en	"Falcon Brewery"@en	5		"Suecia"@es	""
<http://www.wikidata.org/entity/Q5443598>	"Fentimans"@en	"Fentimans"@en	3		"Reino Unido"@es	""
<http://www.wikidata.org/entity/Q5451993>	"Firestone Walker Brewing Company"@en	"Firestone Walker Brewing Company"@en	3		"Estados Unidos"@es	""
<http://www.wikidata.org/entity/Q5454485>	"Fish Brewing Company"@en	"Fish Brewing Company"@en	1		"Estados Unidos"@es	""
<http://www.wikidata.org/entity/Q5455443>	"Fitger Brewing Company"@en	"Fitger Brewing Company"@en	2		"Estados Unidos"@es	""
<http://www.wikidata.org/entity/Q5461224>	"Florida Beer Company"@en	"Florida Beer Company"@en	1		"Estados Unidos"@es	""
<http://www.wikidata.org/entity/Q5463350>	"Flying Bison Brewing Company"@en	"Flying Bison Brewing Company"@en	1		"Estados Unidos"@es	""
<http://www.wikidata.org/entity/Q5463395>	"Flying Dog Brewery"@es	"Flying Dog Brewery"@en	3		"Estados Unidos"@es	""
<http://www.wikidata.org/entity/Q5475421>	"Four Peaks Brewery"@en	"Four Peaks Brewery"@en	2		"Estados Unidos"@es	""
<http://www.wikidata.org/entity/Q5479504>	"Thatchers Cider"@en	"Thatchers Cider"@en	3		"Reino Unido"@es	""
<http://www.wikidata.org/entity/Q5495684>	"Fred Koch Brewery"@en	"Fred Koch Brewery"@en	1		"Estados Unidos"@es	""
<http://www.wikidata.org/entity/Q5497414>	"Frederick Brewing Company"@en	"Frederick Brewing Company"@en	2		"Estados Unidos"@es	""
<http://www.wikidata.org/entity/Q5500095>	"Free State Brewing Company"@en	"Free State Brewing Company"@en	1		"Estados Unidos"@es	""
<http://www.wikidata.org/entity/Q5505372>	"Q5505372"		1		"Bélgica"@es	""
<http://www.wikidata.org/entity/Q5507019>	"Fucking Hell"@en	"Fucking Hell"@en	10			""
<http://www.wikidata.org/entity/Q5507291>	"Fuglsang"@en	"Fuglsang"@en	4		"Dinamarca"@es	""
<http://www.wikidata.org/entity/Q5507316>	"Fuhrmann & Schmidt Brewing Company"@en	"Fuhrmann & Schmidt Brewing Company"@en	1		"Estados Unidos"@es	""
<http://www.wikidata.org/entity/Q5508129>	"Full Sail Brewing Company"@en	"Full Sail Brewing Company"@en	1		"Estados Unidos"@es	""
<http://www.wikidata.org/entity/Q5518473>	"Gales Brewery"@en	"Gales Brewery"@en	3		"Reino Unido"@es	""
<http://www.wikidata.org/entity/Q5519739>	"Gambrinus Brewing Co."@en	"Gambrinus Brewing Co."@en	1		"Estados Unidos"@es	""
<http://www.wikidata.org/entity/Q5528879>	"Gaymer Cider Company"@en	"Gaymer Cider Company"@en	2		"Reino Unido"@es	""
<http://www.wikidata.org/entity/Q5532712>	"Genesee Brewing Company"@es	"Genesee Brewing Company"@en	2		"Estados Unidos"@es	""
<http://www.wikidata.org/entity/Q5532723>	"Genesee Cream Ale"@en	"Genesee Cream Ale"@en	1			""
<http://www.wikidata.org/entity/Q5593495>	"Grain Belt"@en	"Grain Belt"@en	2		"Estados Unidos"@es	""
<http://www.wikidata.org/entity/Q5595217>	"Grand Valley Brewing Company"@en	"Grand Valley Brewing Company"@en	1		"Estados Unidos"@es	""
<http://www.wikidata.org/entity/Q5596912>	"Granville Island Brewing"@en	"Granville Island Brewing"@en	4		"Canadá"@es	""
<http://www.wikidata.org/entity/Q5598248>	"Gray and Dacre Brewery"@en	"Gray and Dacre Brewery"@en	1		"Reino Unido"@es	""
<http://www.wikidata.org/entity/Q5599065>	"Great Divide Brewing Company"@es	"Great Divide Brewing Company"@en	1		"Estados Unidos"@es	""
<http://www.wikidata.org/entity/Q5599426>	"Great Lakes Brewing Company"@en	"Great Lakes Brewing Company"@en	2		"Estados Unidos"@es	""
<http://www.wikidata.org/entity/Q5602559>	"Green Flash Brewing Company"@es	"Green Flash Brewing Company"@en	2		"Estados Unidos"@es	""
<http://www.wikidata.org/entity/Q5602846>	"Green Man Brewery"@en	"Green Man Brewery"@en	1		"Nueva Zelanda"@es	""
<http://www.wikidata.org/entity/Q5604212>	"Greenland Brewhouse"@en	"Greenland Brewhouse"@en	2		"Groenlandia"@es	""
<http://www.wikidata.org/entity/Q5609724>	"Gritty McDuff's Brewing Company"@en	"Gritty McDuff's Brewing Company"@en	1		"Estados Unidos"@es	""
<http://www.wikidata.org/entity/Q5612812>	"Geuzestekerij De Cam"@en	"Geuzestekerij De Cam"@en	3		"Bélgica"@es	""
<http://www.wikidata.org/entity/Q5616580>	"Guinness Ghana Breweries"@en	"Guinness Ghana Breweries"@en	2		"Ghana"@es	""
<http://www.wikidata.org/entity/Q5619451>	"Gunther Brewing Company"@en	"Gunther Brewing Company"@en	2		"Estados Unidos"@es	""
<http://www.wikidata.org/entity/Q5628026>	"H. & J. Pfaff Brewing Company"@es	"H. & J. Pfaff Brewing Company"@en	2		"Estados Unidos"@es	""
<http://www.wikidata.org/entity/Q5636713>	"Haberbusch i Schiele"@en	"Haberbusch i Schiele"@en	5		"Polonia"@es	""
<http://www.wikidata.org/entity/Q5637959>	"Hadley Brewery"@en	"Hadley Brewery"@en	1		"Reino Unido"@es	""
<http://www.wikidata.org/entity/Q5638334>	"Haffen Brewing Company"@en	"Haffen Brewing Company"@en	1		"Estados Unidos"@es	""
<http://www.wikidata.org/entity/Q5638335>	"Haffenreffer Brewery"@en	"Haffenreffer Brewery"@en	2		"Estados Unidos"@es	""
<http://www.wikidata.org/entity/Q5639517>	"Hair of the Dog Brewing Company"@en	"Hair of the Dog Brewing Company"@en	2		"Estados Unidos"@es	""
<http://www.wikidata.org/entity/Q5641331>	"Hale's Ales"@en	"Hale's Ales"@en	1		"Estados Unidos"@es	""
<http://www.wikidata.org/entity/Q5641640>	"Half Acre Beer"@en	"Half Acre Beer"@en	1		"Estados Unidos"@es	""
<http://www.wikidata.org/entity/Q5642555>	"Hall & Woodhouse"@en	"Hall & Woodhouse"@en	3		"Reino Unido"@es	""
<http://www.wikidata.org/entity/Q5648123>	"Hangzhou Qiandaohu Beer Co., Ltd."@en	"Hangzhou Qiandaohu Beer Co., Ltd."@en	3		"República Popular China"@es	""
<http://www.wikidata.org/entity/Q5654196>	"Harar Brewery"@en	"Harar Brewery"@en	1		"Etiopía"@es	""
<http://www.wikidata.org/entity/Q5663611>	"Harpoon Brewery"@en	"Harpoon Brewery"@en	2		"Estados Unidos"@es	""
<http://www.wikidata.org/entity/Q5664535>	"Harrington's Breweries"@en	"Harrington's Breweries"@en	1		"Nueva Zelanda"@es	""
<http://www.wikidata.org/entity/Q5677759>	"Harveys Brewery"@es	"Harvey's Brewery"@en	4		"Reino Unido"@es	""
<http://www.wikidata.org/entity/Q5684002>	"Havlíčkův Brod Brewery"@en	"Havlíčkův Brod Brewery"@en	3		"República Checa"@es	""
<http://www.wikidata.org/entity/Q5695169>	"Heavy Seas Beer"@en	"Heavy Seas Beer"@en	1		"Estados Unidos"@es	""
<http://www.wikidata.org/entity/Q5695793>	"Q5695793"		1			""
<http://www.wikidata.org/entity/Q5698232>	"Spioenkopje"@en	"Spioenkopje"@en	1			""
<http://www.wikidata.org/entity/Q5699692>	"Heineken Premium Light"@en	"Heineken Premium Light"@en	2			""
<http://www.wikidata.org/entity/Q5699710>	"Heiner Brau"@en	"Heiner Brau"@en	1		"Estados Unidos"@es	""
<http://www.wikidata.org/entity/Q5748234>	"Heurich Brewery"@en	"Heurich Brewery"@en	2		"Estados Unidos"@es	""
<http://www.wikidata.org/entity/Q5754365>	"Higgs Brewery"@en	"Higgs Brewery"@en	1			""
<http://www.wikidata.org/entity/Q5759130>	"Highland Spring Brewery Bottling and Storage Buildings"@en	"Highland Spring Brewery Bottling and Storage Buildings"@en	2		"Estados Unidos"@es	""
<http://www.wikidata.org/entity/Q5760167>	"Higsons Brewery"@en	"Higsons Brewery"@en	1		"Reino Unido"@es	""
<http://www.wikidata.org/entity/Q5876533>	"Hofbräuhaus Traunstein"@en	"Hofbräuhaus Traunstein"@en	3		"Alemania"@es	""
<http://www.wikidata.org/entity/Q5877377>	"Hogs Back Brewery"@en	"Hogs Back Brewery"@en	3		"Reino Unido"@es	""
<http://www.wikidata.org/entity/Q5878569>	"Holba Brewery"@en	"Holba Brewery"@en	6		"República Checa"@es	""
<http://www.wikidata.org/entity/Q5879591>	"Holden's Brewery"@en	"Holden's Brewery"@en	2			""
<http://www.wikidata.org/entity/Q5900483>	"Brouwerij de Prael"@en	"Brouwerij de Prael"@en	4		"Países Bajos"@es	""
<http://www.wikidata.org/entity/Q5908110>	"Hoskins Brothers Ales"@en	"Hoskins Brothers Ales"@en	1		"Reino Unido"@es	""
<http://www.wikidata.org/entity/Q5921057>	"Howard Town Brewery"@en	"Howard Town Brewery"@en	1			""
<http://www.wikidata.org/entity/Q5923927>	"brewery Lamot"@en	"brewery Lamot"@en	2		"Bélgica"@es	""
<http://www.wikidata.org/entity/Q5935827>	"Hull Brewery"@en	"Hull Brewery"@en	1		"Reino Unido"@es	""
<http://www.wikidata.org/entity/Q5946808>	"Hurns Brewing Company"@en	"Hurns Brewing Company"@en	3		"Gales"@es	""
<http://www.wikidata.org/entity/Q5954017>	"Hydes Brewery"@en	"Hydes Brewery"@en	2		"Reino Unido"@es	""
<http://www.wikidata.org/entity/Q6016427>	"Independent Brewing Company of Pittsburgh"@en	"Independent Brewing Company of Pittsburgh"@en	1		"Estados Unidos"@es	""
<http://www.wikidata.org/entity/Q6104441>	"J.W. Lees Brewery"@es	"J.W. Lees Brewery"@en	3		"Reino Unido"@es	""
<http://www.wikidata.org/entity/Q6117203>	"Jackson Koehler Eagle Brewery"@en	"Jackson Koehler Eagle Brewery"@en	1		"Estados Unidos"@es	""
<http://www.wikidata.org/entity/Q6119795>	"Jacobsen"@en	"Jacobsen"@en	2		"Dinamarca"@es	""
<http://www.wikidata.org/entity/Q6179005>	"Jennings Brewery"@en	"Jennings Brewery"@en	1		"Reino Unido"@es	""
<http://www.wikidata.org/entity/Q6232182>	"John F. Betz & Son Brewery"@en	"John F. Betz & Son Brewery"@en	1		"Estados Unidos"@es	""
<http://www.wikidata.org/entity/Q6276402>	"Jordan Brewery Ruins"@en	"Jordan Brewery Ruins"@en	1		"Estados Unidos"@es	""
<http://www.wikidata.org/entity/Q6284109>	"Joseph Huber Brewing Company"@en	"Joseph Huber Brewing Company"@en	2		"Estados Unidos"@es	""
<http://www.wikidata.org/entity/Q6319943>	"Jämtlands Bryggeri"@en	"Jämtlands Bryggeri"@en	3		"Suecia"@es	""
<http://www.wikidata.org/entity/Q6372286>	"Karl Strauss Brewing Company"@es	"Karl Strauss Brewing Company"@en	2		"Estados Unidos"@es	""
<http://www.wikidata.org/entity/Q6409817>	"Kimberley Brewery"@en	"Kimberley Brewery"@en	2		"Reino Unido"@es	""
<http://www.wikidata.org/entity/Q6411299>	"King Brewery"@en	"King Brewery"@en	1		"Canadá"@es	""
<http://www.wikidata.org/entity/Q6412047>	"King Snedley's Beer"@en	"King Snedley's Beer"@en	1			""
<http://www.wikidata.org/entity/Q6413154>	"Kingsbury Breweries Company"@en	"Kingsbury Breweries Company"@en	1		"Estados Unidos"@es	""
<http://www.wikidata.org/entity/Q6415824>	"Kirkstall Brewery"@en	"Kirkstall Brewery"@en	2		"Reino Unido"@es	""
<http://www.wikidata.org/entity/Q6428700>	"Kona Brewing Company"@en	"Kona Brewing Company"@en	7		"Estados Unidos"@es	""
<http://www.wikidata.org/entity/Q6440532>	"Krönleins"@en	"Krönleins"@en	3		"Suecia"@es	""
<http://www.wikidata.org/entity/Q6442172>	"Kuhnhenn Brewing Company"@en	"Kuhnhenn Brewing Company"@en	1		"Estados Unidos"@es	""
<http://www.wikidata.org/entity/Q6457757>	"Q6457757"		1			""
<http://www.wikidata.org/entity/Q6469233>	"Brestskoye Pivo"@en	"Brestskoye Pivo"@en	3		"Bielorrusia"@es	""
<http://www.wikidata.org/entity/Q6471508>	"Sarajevska Pivara"@en	"Sarajevska Pivara"@en	15		"Bosnia y Herzegovina"@es	""
<http://www.wikidata.org/entity/Q6474193>	"Laitilan Wirvoitusjuomatehdas"@en	"Laitilan Wirvoitusjuomatehdas"@en	4		"Finlandia"@es	""
<http://www.wikidata.org/entity/Q6478727>	"Lakefront Brewery, Inc."@en	"Lakefront Brewery, Inc."@en	2		"Estados Unidos"@es	""
<http://www.wikidata.org/entity/Q6483119>	"Lancaster Brewing Company"@en	"Lancaster Brewing Company"@en	1		"Estados Unidos"@es	""
<http://www.wikidata.org/entity/Q6506714>	"Le Cheval Blanc"@en	"Le Cheval Blanc"@en	1		"Canadá"@es	""
<http://www.wikidata.org/entity/Q6511530>	"Lech Brewery Wielkopolski"@en	"Lech Brewery Wielkopolski"@en	5		"Polonia"@es	""
<http://www.wikidata.org/entity/Q6516869>	"Left Hand Brewing Company"@es	"Left Hand Brewing Company"@en	2		"Estados Unidos"@es	""
<http://www.wikidata.org/entity/Q6538431>	"Leżajsk Brewery"@en	"Leżajsk Brewery"@en	2		"Polonia"@es	""
<http://www.wikidata.org/entity/Q6555399>	"Lion Brewery, Inc."@en	"Lion Brewery, Inc."@en	1		"Estados Unidos"@es	""
<http://www.wikidata.org/entity/Q6555400>	"Lion Brewery New York"@en	"Lion Brewery New York"@en	1		"Estados Unidos"@es	""
<http://www.wikidata.org/entity/Q6555401>	"Lion Brewing and Malting Company"@en	"Lion Brewing and Malting Company"@en	1		"Australia"@es	""
<http://www.wikidata.org/entity/Q6648800>	"Littig Brothers/Mengel & Klindt/Eagle Brewery"@en	"Littig Brothers/Mengel & Klindt/Eagle Brewery"@en	2		"Estados Unidos"@es	""
<http://www.wikidata.org/entity/Q6663682>	"Lobethal Bierhaus"@en	"Lobethal Bierhaus"@en	1		"Australia"@es	""
<http://www.wikidata.org/entity/Q6671394>	"Lone Star Brewing Company"@es	"Lone Star Brewing Company"@en	4		"Estados Unidos"@es	""
<http://www.wikidata.org/entity/Q6673315>	"Long Trail Brewing Company"@en	"Long Trail Brewing Company"@en	1		"Estados Unidos"@es	""
<http://www.wikidata.org/entity/Q6683837>	"Lost Abbey"@en	"Lost Abbey"@en	1		"Estados Unidos"@es	""
<http://www.wikidata.org/entity/Q6722133>	"MacTarnahan's Brewing Company"@en	"MacTarnahan's Brewing Company"@en	1		"Estados Unidos"@es	""
<http://www.wikidata.org/entity/Q6722165>	"Mac & Jack's Brewing Company"@en	"Mac & Jack's Brewing Company"@en	1		"Estados Unidos"@es	""
<http://www.wikidata.org/entity/Q6724619>	"Maclays Brewery"@en	"Maclays Brewery"@en	2		"Reino Unido"@es	""
<http://www.wikidata.org/entity/Q6726043>	"Mad River Brewing Company"@en	"Mad River Brewing Company"@en	1		"Estados Unidos"@es	""
<http://www.wikidata.org/entity/Q6730056>	"Magee Marshall & Co"@en	"Magee Marshall & Co"@en	1		"Reino Unido"@es	""
<http://www.wikidata.org/entity/Q6736986>	"Maisel Brau Bamberg"@en	"Maisel Brau Bamberg"@en	2		"Alemania"@es	""
<http://www.wikidata.org/entity/Q6749251>	"Manhattan Brewing Company of New York"@en	"Manhattan Brewing Company of New York"@en	1		"Estados Unidos"@es	""
<http://www.wikidata.org/entity/Q6751626>	"Mansfield Brewery"@en	"Mansfield Brewery"@en	2		"Reino Unido"@es	""
<http://www.wikidata.org/entity/Q6797164>	"Mayfield Brewery"@en	"Mayfield Brewery"@en	2		"Estados Unidos"@es	""
<http://www.wikidata.org/entity/Q6802345>	"McMenamins"@en	"McMenamins"@en	1		"Estados Unidos"@es	""
<http://www.wikidata.org/entity/Q6804103>	"Meantime Brewery"@en	"Meantime Brewery"@en	4		"Reino Unido"@es	""
<http://www.wikidata.org/entity/Q6811722>	"Melbourne Bitter"@en	"Melbourne Bitter"@en	1		"Australia"@es	""
<http://www.wikidata.org/entity/Q6837466>	"Michigan Brewers Guild"@en	"Michigan Brewers Guild"@en	1		"Estados Unidos"@es	""
<http://www.wikidata.org/entity/Q6844182>	"Mighty Oak Brewery"@es	"Mighty Oak Brewery"@en	1		"Reino Unido"@es	""
<http://www.wikidata.org/entity/Q6851045>	"Malka Beer"@en	"Malka Beer"@en	1		"Israel"@es	""
<http://www.wikidata.org/entity/Q6858427>	"Mill Street Brewery"@en	"Mill Street Brewery"@en	2		"Canadá"@es	""
<http://www.wikidata.org/entity/Q6859181>	"Miller Lite"@en	"Miller Lite"@en	3			""
<http://www.wikidata.org/entity/Q6861011>	"Milton Brewery"@en	"Milton Brewery"@en	1			""
<http://www.wikidata.org/entity/Q6861637>	"Milwaukee's Best"@en	"Milwaukee's Best"@en	2			""
<http://www.wikidata.org/entity/Q6881476>	"Mitchells & Butlers"@es	"Mitchells & Butlers"@en	2		"Reino Unido"@es	""
<http://www.wikidata.org/entity/Q6889581>	"Modra Hvezda Dobrany"@en	"Modra Hvezda Dobrany"@en	1		"República Checa"@es	""
<http://www.wikidata.org/entity/Q6907555>	"Moon River Brewing Company"@en	"Moon River Brewing Company"@en	1		"Estados Unidos"@es	""
<http://www.wikidata.org/entity/Q6907834>	"Moonlight Brewing Company"@es	"Moonlight Brewing Company"@en	1		"Estados Unidos"@es	""
<http://www.wikidata.org/entity/Q6908771>	"Mopa Breweries, Ltd."@en	"Mopa Breweries, Ltd."@en	2		"Nigeria"@es	""
<http://www.wikidata.org/entity/Q6912484>	"Morland Brewery"@en	"Morland Brewery"@en	2		"Reino Unido"@es	""
<http://www.wikidata.org/entity/Q6913500>	"Morrells Brewing Company"@en	"Morrells Brewing Company"@en	2		"Reino Unido"@es	""
<http://www.wikidata.org/entity/Q6917226>	"Mother's Brewing Company"@en	"Mother's Brewing Company"@en	1		"Estados Unidos"@es	""
<http://www.wikidata.org/entity/Q6917333>	"Mother Earth Brewing"@en	"Mother Earth Brewing"@en	1			""
<http://www.wikidata.org/entity/Q6919991>	"Mount Carbon Brewery"@en	"Mount Carbon Brewery"@en	1		"Estados Unidos"@es	""
<http://www.wikidata.org/entity/Q6930339>	"Mount Shasta Brewing Company"@en	"Mount Shasta Brewing Company"@en	2		"Estados Unidos"@es	""
<http://www.wikidata.org/entity/Q6942824>	"Muskoka Brewery"@en	"Muskoka Brewery"@en	2		"Canadá"@es	""
<http://www.wikidata.org/entity/Q6964288>	"Nantahala Brewing Company"@en	"Nantahala Brewing Company"@en	1		"Estados Unidos"@es	""
<http://www.wikidata.org/entity/Q6971122>	"National Brewing Company"@en	"National Brewing Company"@en	2		"Estados Unidos"@es	""
<http://www.wikidata.org/entity/Q6980567>	"Natural Light"@en	"Natural Light"@en	1			""
<http://www.wikidata.org/entity/Q7003226>	"Neuweiler Brewery"@en	"Neuweiler Brewery"@en	2		"Estados Unidos"@es	""
<http://www.wikidata.org/entity/Q7005236>	"New Albanian Brewing Company"@en	"New Albanian Brewing Company"@en	1		"Estados Unidos"@es	""
<http://www.wikidata.org/entity/Q7026589>	"Nicholson's Brewery"@en	"Nicholson's Brewery"@en	1		"Reino Unido"@es	""
<http://www.wikidata.org/entity/Q7048063>	"Nokian Panimo"@en	"Nokian Panimo"@en	4		"Finlandia"@es	""
<http://www.wikidata.org/entity/Q7053730>	"FIFCO USA"@es	"FIFCO USA"@en	1		"Estados Unidos"@es	""
<http://www.wikidata.org/entity/Q7054850>	"North Coast Brewing Company"@es	"North Coast Brewing Company"@en	3		"Estados Unidos"@es	""
<http://www.wikidata.org/entity/Q7055379>	"North Fork Brewery"@en	"North Fork Brewery"@en	2		"Estados Unidos"@es	""
<http://www.wikidata.org/entity/Q7063596>	"Nottingham Brewery"@en	"Nottingham Brewery"@en	1		"Reino Unido"@es	""
<http://www.wikidata.org/entity/Q7065147>	"Pivovar Nová Paka"@en	"Pivovar Nová Paka"@en	3		"República Checa"@es	""
<http://www.wikidata.org/entity/Q7070751>	"Ny Carlsberg Brewhouse"@en	"Ny Carlsberg Brewhouse"@en	2		"Dinamarca"@es	""
<http://www.wikidata.org/entity/Q7071218>	"Nynäshamns Ångbryggeri"@en	"Nynäshamns Ångbryggeri"@en	2		"Suecia"@es	""
<http://www.wikidata.org/entity/Q7071526>	"Nørrebro Bryghus"@en	"Nørrebro Bryghus"@en	3		"Dinamarca"@es	""
<http://www.wikidata.org/entity/Q7073885>	"Oakham"@en	"Oakham"@en	1		"Reino Unido"@es	""
<http://www.wikidata.org/entity/Q7073902>	"Oakhill Brewery"@en	"Oakhill Brewery"@en	1		"Reino Unido"@es	""
<http://www.wikidata.org/entity/Q7074102>	"Oakleaf Brewery"@en	"Oakleaf Brewery"@en	1		"Reino Unido"@es	""
<http://www.wikidata.org/entity/Q7077636>	"Odell Brewing Company"@es	"Odell Brewing Company"@en	2		"Estados Unidos"@es	""
<http://www.wikidata.org/entity/Q7083083>	"Oland Export Ale"@en	"Oland Export Ale"@en	1			""
<http://www.wikidata.org/entity/Q7083084>	"Oland Brewery"@en	"Oland Brewery"@en	1		"Canadá"@es	""
<http://www.wikidata.org/entity/Q7083800>	"Old Crown Brewing Corporation"@en	"Old Crown Brewing Corporation"@en	1		"Estados Unidos"@es	""
<http://www.wikidata.org/entity/Q7084534>	"Old Milwaukee"@en	"Old Milwaukee"@en	1			""
<http://www.wikidata.org/entity/Q7085376>	"Old Vienna"@en	"Old Vienna"@en	1			""
<http://www.wikidata.org/entity/Q7085625>	"Oldham Brewery"@en	"Oldham Brewery"@en	1		"Reino Unido"@es	""
<http://www.wikidata.org/entity/Q7088940>	"Olympia Brewing Company"@es	"Olympia Brewing Company"@en	3		"Estados Unidos"@es	""
<http://www.wikidata.org/entity/Q7102771>	"Orion Breweries"@en	"Orion Breweries"@en	7		"Japón"@es	""
<http://www.wikidata.org/entity/Q7106902>	"Oskar Blues Brewery"@en	"Oskar Blues Brewery"@en	2		"Estados Unidos"@es	""
<http://www.wikidata.org/entity/Q7108886>	"Otley Brewing Company Limited"@en	"Otley Brewing Company Limited"@en	1		"Reino Unido"@es	""
<http://www.wikidata.org/entity/Q7109368>	"Otter Creek Brewing"@en	"Otter Creek Brewing"@en	1		"Estados Unidos"@es	""
<http://www.wikidata.org/entity/Q7121824>	"Pabst Brewery Complex"@en	"Pabst Brewery Complex"@en	2		"Estados Unidos"@es	""
<http://www.wikidata.org/entity/Q7131168>	"Panimoravintola Koulu"@en	"Panimoravintola Koulu"@en	2		"Finlandia"@es	""
<http://www.wikidata.org/entity/Q7160832>	"Peg’s Cantina"@en	"Peg’s Cantina"@en	1		"Estados Unidos"@es	""
<http://www.wikidata.org/entity/Q7160935>	"Peiraiki"@en	"Peiraiki"@en	2		"Grecia"@es	""
<http://www.wikidata.org/entity/Q7164557>	"Penpont Brewery"@en	"Penpont Brewery"@en	1		"Reino Unido"@es	""
<http://www.wikidata.org/entity/Q7168668>	"Periolat brewery"@en	"Periolat brewery"@en	1		"Estados Unidos"@es	""
<http://www.wikidata.org/entity/Q7171671>	"Petaluma and Santa Rosa Railway Powerhouse"@en	"Petaluma and Santa Rosa Railway Powerhouse"@en	2		"Estados Unidos"@es	""
<http://www.wikidata.org/entity/Q7186410>	"Phipps NBC"@en	"Phipps NBC"@en	1		"Reino Unido"@es	""
<http://www.wikidata.org/entity/Q7186800>	"Phoenix Brewery"@en	"Phoenix Brewery"@en	1		"Reino Unido"@es	""
<http://www.wikidata.org/entity/Q7190347>	"Piast Brewery"@en	"Piast Brewery"@en	4		"Polonia"@es	""
<http://www.wikidata.org/entity/Q7190523>	"Picaroons Traditional Ales"@en	"Picaroons Traditional Ales"@en	1		"Canadá"@es	""
<http://www.wikidata.org/entity/Q7191664>	"Piels Beer"@en	"Piels Beer"@en	1			""
<http://www.wikidata.org/entity/Q7193187>	"Pig's Eye Brewing Company"@en	"Pig's Eye Brewing Company"@en	1		"Estados Unidos"@es	""
<http://www.wikidata.org/entity/Q7199017>	"Piton"@en	"Piton"@en	2		"Santa Lucía"@es	""
<http://www.wikidata.org/entity/Q7199629>	"Pivara Tuzla"@en	"Pivara Tuzla"@en	6		"Bosnia y Herzegovina"@es	""
<http://www.wikidata.org/entity/Q7199671>	"Pivovara Ličanka"@en	"Pivovara Ličanka"@en	1		"Croacia"@es	""
<http://www.wikidata.org/entity/Q7199669>	"Kocour Brewery"@en	"Kocour Brewery"@en	2		"República Checa"@es	""
<http://www.wikidata.org/entity/Q7199976>	"Pizza Port"@en	"Pizza Port"@en	1		"Estados Unidos"@es	""
<http://www.wikidata.org/entity/Q7211620>	"Blue Girl Beer"@en	"Blue Girl Beer"@en	5			""
<http://www.wikidata.org/entity/Q7234531>	"Postřižinské"@en	"Postřižinské"@en	2			""
<http://www.wikidata.org/entity/Q7271815>	"Quidi Vidi Brewing Company"@en	"Quidi Vidi Brewing Company"@en	2		"Canadá"@es	""
<http://www.wikidata.org/entity/Q7272312>	"Quinnipiac Brewery"@en	"Quinnipiac Brewery"@en	2		"Estados Unidos"@es	""
<http://www.wikidata.org/entity/Q7300485>	"Reading Brewing Company"@en	"Reading Brewing Company"@en	1		"Estados Unidos"@es	""
<http://www.wikidata.org/entity/Q7302098>	"Rebellion Beer Company"@en	"Rebellion Beer Company"@en	2		"Reino Unido"@es	""
<http://www.wikidata.org/entity/Q7304046>	"Red Dog"@en	"Red Dog"@en	1			""
<http://www.wikidata.org/entity/Q7305221>	"Red White & Blue Beer"@en	"Red White & Blue Beer"@en	1			""
<http://www.wikidata.org/entity/Q7310459>	"Reisch Beer"@en	"Reisch Beer"@en	1			""
<http://www.wikidata.org/entity/Q7316707>	"Rethymnian Brewery"@en	"Rethymnian Brewery"@en	1			""
<http://www.wikidata.org/entity/Q7319510>	"Reymann Brewing Company"@en	"Reymann Brewing Company"@en	1		"Estados Unidos"@es	""
<http://www.wikidata.org/entity/Q7320571>	"Rhinelander Brewing Company"@en	"Rhinelander Brewing Company"@en	1		"Estados Unidos"@es	""
<http://www.wikidata.org/entity/Q7320994>	"Rhodell Brewery"@en	"Rhodell Brewery"@en	1		"Estados Unidos"@es	""
<http://www.wikidata.org/entity/Q7331095>	"Richter Brewery"@en	"Richter Brewery"@en	2		"Estados Unidos"@es	""
<http://www.wikidata.org/entity/Q7335015>	"Ringwood Brewery"@es	"Ringwood Brewery"@en	2		"Reino Unido"@es	""
<http://www.wikidata.org/entity/Q7335069>	"Rinkuškiai"@en	"Rinkuškiai"@en	1		"Lituania"@es	""
<http://www.wikidata.org/entity/Q7353116>	"Robinsons Brewery"@en	"Robinsons Brewery"@en	3		"Reino Unido"@es	""
<http://www.wikidata.org/entity/Q7354278>	"Rock Art Brewery"@en	"Rock Art Brewery"@en	1		"Estados Unidos"@es	""
<http://www.wikidata.org/entity/Q7359507>	"Rogue Ales"@en	"Rogue Ales"@en	4		"Estados Unidos"@es	""
<http://www.wikidata.org/entity/Q7376850>	"Ruddles Brewery"@en	"Ruddles Brewery"@en	1		"Reino Unido"@es	""
<http://www.wikidata.org/entity/Q7382114>	"Russian River Brewing Company"@en	"Russian River Brewing Company"@en	1		"Estados Unidos"@es	""
<http://www.wikidata.org/entity/Q7390588>	"SKA Brewing"@es	"SKA Brewing"@en	1		"Estados Unidos"@es	""
<http://www.wikidata.org/entity/Q7400991>	"Saint Arnold Brewing Company"@en	"Saint Arnold Brewing Company"@en	2		"Estados Unidos"@es	""
<http://www.wikidata.org/entity/Q7412675>	"Samuel Smith Brewery"@es	"Samuel Smith Old Brewery"@en	6		"Reino Unido"@es	""
<http://www.wikidata.org/entity/Q7413961>	"San Francisco Brewing Company"@en	"San Francisco Brewing Company"@en	1		"Estados Unidos"@es	""
<http://www.wikidata.org/entity/Q7428583>	"Sawanotsuru"@en	"Sawanotsuru"@en	3		"Japón"@es	""
<http://www.wikidata.org/entity/Q7431841>	"Schmohz"@en	"Schmohz"@en	1		"Estados Unidos"@es	""
<http://www.wikidata.org/entity/Q7432746>	"Schooner Lager"@en	"Schooner Lager"@en	1			""
<http://www.wikidata.org/entity/Q7461107>	"Shaftebury Brewing Company"@en	"Shaftebury Brewing Company"@en	1		"Canadá"@es	""
<http://www.wikidata.org/entity/Q7475823>	"De Olyphant"@en	"De Olyphant"@en	2		"Países Bajos"@es	""
<http://www.wikidata.org/entity/Q7490280>	"Sharp's Brewery"@en	"Sharp's Brewery"@en	2		"Reino Unido"@es	""
<http://www.wikidata.org/entity/Q7498119>	"Shipstones Brewery"@en	"Shipstones Brewery"@en	1		"Reino Unido"@es	""
<http://www.wikidata.org/entity/Q7501533>	"Short's Brewing Company"@en	"Short's Brewing Company"@en	1		"Estados Unidos"@es	""
<http://www.wikidata.org/entity/Q7516053>	"Silver Gulch Brewing & Bottling Company"@es	"Silver Gulch Brewing & Bottling Company"@en	2		"Estados Unidos"@es	""
<http://www.wikidata.org/entity/Q7533018>	"Sixpoint Brewery"@en	"Sixpoint Brewery"@en	1		"Estados Unidos"@es	""
<http://www.wikidata.org/entity/Q7535476>	"Skinner's Brewery"@es	"Skinner's Brewery"@en	3		"Reino Unido"@es	""
<http://www.wikidata.org/entity/Q7546681>	"Smuttynose Brewing Company"@en	"Smuttynose Brewing Company"@en	2		"Estados Unidos"@es	""
<http://www.wikidata.org/entity/Q7570492>	"Southern Star Brewing Company"@en	"Southern Star Brewing Company"@en	1		"Estados Unidos"@es	""
<http://www.wikidata.org/entity/Q7571396>	"Southwestern Brewery and Ice Company"@en	"Southwestern Brewery and Ice Company"@en	2		"Estados Unidos"@es	""
<http://www.wikidata.org/entity/Q7577138>	"Spieth and Krug Brewery"@en	"Spieth and Krug Brewery"@en	1		"Estados Unidos"@es	""
<http://www.wikidata.org/entity/Q7578805>	"Spoetzl Brewery"@en	"Spoetzl Brewery"@en	5		"Estados Unidos"@es	""
<http://www.wikidata.org/entity/Q7580292>	"Sprecher Brewery"@en	"Sprecher Brewery"@en	1		"Estados Unidos"@es	""
<http://www.wikidata.org/entity/Q7580322>	"Sprenger Brewery"@en	"Sprenger Brewery"@en	1		"Estados Unidos"@es	""
<http://www.wikidata.org/entity/Q7591301>	"St. Peter's Brewery"@es	"St. Peter's Brewery"@en	3		"Reino Unido"@es	""
<http://www.wikidata.org/entity/Q7592564>	"St. Austell Brewery"@es	"St Austell Brewery"@en	3		"Reino Unido"@es	""
<http://www.wikidata.org/entity/Q7600642>	"Star Brewery"@en	"Star Brewery"@en	1		"Reino Unido"@es	""
<http://www.wikidata.org/entity/Q7605336>	"Steam Brewing Company"@en	"Steam Brewing Company"@en	1		"Nueva Zelanda"@es	""
<http://www.wikidata.org/entity/Q7605768>	"Steelback Brewery"@en	"Steelback Brewery"@en	1		"Canadá"@es	""
<http://www.wikidata.org/entity/Q7615488>	"Stevens Point Brewery"@en	"Stevens Point Brewery"@en	3		"Estados Unidos"@es	""
<http://www.wikidata.org/entity/Q7615732>	"Stewart Brewing"@en	"Stewart Brewing"@en	1		"Reino Unido"@es	""
<http://www.wikidata.org/entity/Q7618876>	"Stone Brewing Company"@es	"Stone Brewing Company"@en	4		"Estados Unidos"@es	""
<http://www.wikidata.org/entity/Q7620542>	"Stoudt's Brewery"@en	"Stoudt's Brewery"@en	1		"Estados Unidos"@es	""
<http://www.wikidata.org/entity/Q7622304>	"Straub Brewery"@en	"Straub Brewery"@en	1		"Estados Unidos"@es	""
<http://www.wikidata.org/entity/Q7637776>	"Summit Brewing Company"@en	"Summit Brewing Company"@en	1		"Estados Unidos"@es	""
<http://www.wikidata.org/entity/Q7646444>	"Surly Brewing Company"@en	"Surly Brewing Company"@en	2		"Estados Unidos"@es	""
<http://www.wikidata.org/entity/Q7655783>	"Sweetwater Brewery"@en	"Sweetwater Brewery"@en	1		"Estados Unidos"@es	""
<http://www.wikidata.org/entity/Q7695315>	"Tekel Birası"@en	"Tekel Birası"@en	2		"Turquía"@es	""
<http://www.wikidata.org/entity/Q7700028>	"Tennessee Brewery"@en	"Tennessee Brewery"@en	2		"Estados Unidos"@es	""
<http://www.wikidata.org/entity/Q7703294>	"Terrapin Beer Company"@es	"Terrapin Beer Company"@en	1		"Estados Unidos"@es	""
<http://www.wikidata.org/entity/Q7719978>	"The Brewer's Art"@en	"The Brewer's Art"@en	1		"Estados Unidos"@es	""
<http://www.wikidata.org/entity/Q7719977>	"The Brew Company"@en	"The Brew Company"@en	1		"Reino Unido"@es	""
<http://www.wikidata.org/entity/Q7722850>	"The Church Brew Works"@en	"The Church Brew Works"@en	3		"Estados Unidos"@es	""
<http://www.wikidata.org/entity/Q7746900>	"The Lembeck and Betz Eagle Brewing Company"@en	"The Lembeck and Betz Eagle Brewing Company"@en	2		"Estados Unidos"@es	""
<http://www.wikidata.org/entity/Q7754815>	"The Old Cannon Brewery"@en	"The Old Cannon Brewery"@en	2		"Reino Unido"@es	""
<http://www.wikidata.org/entity/Q7775763>	"The Wool House"@en	"The Wool House"@en	2		"Reino Unido"@es	""
<http://www.wikidata.org/entity/Q7777238>	"Theakston Brewery"@en	"Theakston Brewery"@en	1		"Reino Unido"@es	""
<http://www.wikidata.org/entity/Q7784965>	"Third Street Aleworks"@en	"Third Street Aleworks"@en	1		"Estados Unidos"@es	""
<http://www.wikidata.org/entity/Q7786476>	"Thisted Bryghus"@en	"Thisted Bryghus"@en	4		"Dinamarca"@es	""
<http://www.wikidata.org/entity/Q7796172>	"Thorbräu"@en	"Thorbräu"@en	1		"Alemania"@es	""
<http://www.wikidata.org/entity/Q7796317>	"Thornbridge"@en	"Thornbridge"@en	1		"Reino Unido"@es	""
<http://www.wikidata.org/entity/Q7797478>	"Three Floyds Brewing"@en	"Three Floyds Brewing"@en	2		"Estados Unidos"@es	""
<http://www.wikidata.org/entity/Q7797881>	"Three Tuns Brewery"@en	"Three Tuns Brewery"@en	3		"Reino Unido"@es	""
<http://www.wikidata.org/entity/Q7799526>	"Thwaites Brewery"@en	"Thwaites Brewery"@en	3		"Reino Unido"@es	""
<http://www.wikidata.org/entity/Q7807560>	"Timothy Taylor's"@es	"Timothy Taylor's"@en	3		"Reino Unido"@es	""
<http://www.wikidata.org/entity/Q7810429>	"Tivoli Brewery Company"@en	"Tivoli Brewery Company"@en	2		"Estados Unidos"@es	""
<http://www.wikidata.org/entity/Q7814416>	"Tolly Cobbold"@en	"Tolly Cobbold"@en	1		"Reino Unido"@es	""
<http://www.wikidata.org/entity/Q7820049>	"Tommyknocker Brewery"@en	"Tommyknocker Brewery"@en	2		"Estados Unidos"@es	""
<http://www.wikidata.org/entity/Q7824258>	"Tooth and Co."@en	"Tooth and Co."@en	2		"Australia"@es	""
<http://www.wikidata.org/entity/Q7824677>	"Top of the Hill Restaurant & Brewery"@en	"Top of the Hill Restaurant & Brewery"@en	1		"Estados Unidos"@es	""
<http://www.wikidata.org/entity/Q7828519>	"Tou"@es	"Tou"@en	2		"Noruega"@es	""
<http://www.wikidata.org/entity/Q7830996>	"Cerveza Toña"@es	"Toña"@en	3			""
<http://www.wikidata.org/entity/Q7840055>	"Triangle Brewing Company"@en	"Triangle Brewing Company"@en	1		"Estados Unidos"@es	""
<http://www.wikidata.org/entity/Q7842351>	"Tring Brewery Co."@en	"Tring Brewery Co."@en	1		"Reino Unido"@es	""
<http://www.wikidata.org/entity/Q7843510>	"Triple fff Brewery"@es	"Triple fff Brewery"@en	1		"Reino Unido"@es	""
<http://www.wikidata.org/entity/Q7846620>	"Trout River Brewing"@en	"Trout River Brewing"@en	1		"Estados Unidos"@es	""
<http://www.wikidata.org/entity/Q7847685>	"Truman's Brewery"@en	"Truman's Brewery"@en	2		"Reino Unido"@es	""
<http://www.wikidata.org/entity/Q7849178>	"Tröegs Brewing Company"@en	"Tröegs Brewing Company"@en	1		"Estados Unidos"@es	""
<http://www.wikidata.org/entity/Q7856799>	"Tusker"@en	"Tusker"@en	7			""
<http://www.wikidata.org/entity/Q7858863>	"Two Brothers Brewing"@en	"Two Brothers Brewing"@en	1		"Estados Unidos"@es	""
<http://www.wikidata.org/entity/Q7885435>	"Union Brewery"@en	"Union Brewery"@en	2		"Estados Unidos"@es	""
<http://www.wikidata.org/entity/Q7897448>	"Unser Bier"@en	"Unser Bier"@en	1		"Suiza"@es	""
<http://www.wikidata.org/entity/Q7898340>	"Upland Brewing Company"@es	"Upland Brewing Company"@en	2		"Estados Unidos"@es	""
<http://www.wikidata.org/entity/Q7910733>	"Valentin Blatz Brewing Company"@en	"Valentin Blatz Brewing Company"@en	3		"Estados Unidos"@es	""
<http://www.wikidata.org/entity/Q7927468>	"Victory Brewing Company"@es	"Victory Brewing Company"@en	2		"Estados Unidos"@es	""
<http://www.wikidata.org/entity/Q7935260>	"Viru"@en	"Viru"@en	5		"Estonia"@es	""
<http://www.wikidata.org/entity/Q7959363>	"Wadworth Brewery"@en	"Wadworth Brewery"@en	2		"Reino Unido"@es	""
<http://www.wikidata.org/entity/Q7962396>	"Walkerville Brewing Company"@en	"Walkerville Brewing Company"@en	1		"Canadá"@es	""
<http://www.wikidata.org/entity/Q7969203>	"Wards Brewing Company"@en	"Wards Brewing Company"@en	2		"Reino Unido"@es	""
<http://www.wikidata.org/entity/Q7971221>	"Warwickshire Beer Company"@es	"Warwickshire Beer Company"@en	1		"Reino Unido"@es	""
<http://www.wikidata.org/entity/Q7980256>	"Weinhard Brewery Complex"@en	"Weinhard Brewery Complex"@en	2		"Estados Unidos"@es	""
<http://www.wikidata.org/entity/Q7981336>	"Wellington Brewery"@en	"Wellington Brewery"@en	3		"Canadá"@es	""
<http://www.wikidata.org/entity/Q7982118>	"Weltons Brewery"@en	"Weltons Brewery"@en	1		"Reino Unido"@es	""
<http://www.wikidata.org/entity/Q7982160>	"Wem Brewing Company"@en	"Wem Brewing Company"@en	1		"Reino Unido"@es	""
<http://www.wikidata.org/entity/Q7984464>	"Renegade Brewery"@en	"Renegade Brewery"@en	2			""
<http://www.wikidata.org/entity/Q7989343>	"Weston's Cider"@en	"Weston's Cider"@en	1		"Reino Unido"@es	""
<http://www.wikidata.org/entity/Q7995043>	"White Marsh Brewing Company"@en	"White Marsh Brewing Company"@en	1		"Estados Unidos"@es	""
<http://www.wikidata.org/entity/Q7998742>	"Widmer Brothers Brewery"@en	"Widmer Brothers Brewery"@en	2		"Estados Unidos"@es	""
<http://www.wikidata.org/entity/Q8000648>	"Wild Goose"@en	"Wild Goose"@en	1			""
<http://www.wikidata.org/entity/Q8000786>	"Wild Rose Brewery"@en	"Wild Rose Brewery"@en	1		"Canadá"@es	""
<http://www.wikidata.org/entity/Q8019615>	"William Ulmer Brewery"@en	"William Ulmer Brewery"@en	1		"Estados Unidos"@es	""
<http://www.wikidata.org/entity/Q8020991>	"Williams Bros Brewing Co"@es	"Williams Bros Brewing Co"@en	2		"Reino Unido"@es	""
<http://www.wikidata.org/entity/Q8032675>	"Woodforde's Brewery"@en	"Woodforde's Brewery"@en	1		"Reino Unido"@es	""
<http://www.wikidata.org/entity/Q8038120>	"Wrexham Lager"@es	"Wrexham Lager"@en	4		"Reino Unido"@es	""
<http://www.wikidata.org/entity/Q8039718>	"Wye Valley Brewery"@es	"Wye Valley Brewery"@en	2		"Reino Unido"@es	""
<http://www.wikidata.org/entity/Q8042636>	"XXXX Summer Bright Lager"@en	"XXXX Summer Bright Lager"@en	1		"Australia"@es	""
<http://www.wikidata.org/entity/Q8047083>	"Yakima Brewing"@en	"Yakima Brewing"@en	2		"Estados Unidos"@es	""
<http://www.wikidata.org/entity/Q8051008>	"Yeastie Boys"@es	"Yeastie Boys"@en	1		"Nueva Zelanda"@es	""
<http://www.wikidata.org/entity/Q8544259>	"Tropical Light"@en	"Tropical Light"@en	2			""
<http://www.wikidata.org/entity/Q9149146>	"Q9149146"		1		"Polonia"@es	""
<http://www.wikidata.org/entity/Q9167494>	"Bayerische Aktien-Bierbrauerei Aschaffenburg"@en	"Bayerische Aktien-Bierbrauerei Aschaffenburg"@en	3		"Alemania"@es	""
<http://www.wikidata.org/entity/Q9169057>	"Q9169057"		2		"Polonia"@es	""
<http://www.wikidata.org/entity/Q9171381>	"Q9171381"		1		"Polonia"@es	""
<http://www.wikidata.org/entity/Q9176290>	"Bohrisch Brauerei"@en	"Bohrisch Brauerei"@en	1		"Imperio aleman (1871-1949)"@es	""
<http://www.wikidata.org/entity/Q9178104>	"Bosman beer"@en	"Bosman beer"@en	2			""
<http://www.wikidata.org/entity/Q9178108>	"Bosman Brewery in Szczecin"@en	"Bosman Brewery in Szczecin"@en	2		"Polonia"@es	""
<http://www.wikidata.org/entity/Q9178579>	"Brackie"@en	"Brackie"@en	4			""
<http://www.wikidata.org/entity/Q9179090>	"Q9179090"		1		"Polonia"@es	""
<http://www.wikidata.org/entity/Q9179091>	"Q9179091"		1		"Polonia"@es	""
<http://www.wikidata.org/entity/Q9179092>	"Brauerei Paul Fischer"@en	"Brauerei Paul Fischer"@en	1		"Polonia"@es	""
<http://www.wikidata.org/entity/Q9180090>	"Q9180090"		1		"Eslovaquia"@es	""
<http://www.wikidata.org/entity/Q9180091>	"Browar Braniewo"@en	"Browar Braniewo"@en	2		"Polonia"@es	""
<http://www.wikidata.org/entity/Q9180089>	"Q9180089"		1		"Polonia"@es	""
<http://www.wikidata.org/entity/Q9180095>	"Ciechanów Brewery"@en	"Ciechanów Brewery"@en	2		"Polonia"@es	""
<http://www.wikidata.org/entity/Q9180092>	"Q9180092"		1		"Polonia"@es	""
<http://www.wikidata.org/entity/Q9180103>	"Q9180103"		1		"Polonia"@es	""
<http://www.wikidata.org/entity/Q9180100>	"Q9180100"		2		"Polonia"@es	""
<http://www.wikidata.org/entity/Q9180101>	"Q9180101"		1		"Polonia"@es	""
<http://www.wikidata.org/entity/Q9180107>	"Q9180107"		1		"Polonia"@es	""
<http://www.wikidata.org/entity/Q9180105>	"Brewery in Połczyn-Zdrój"@en	"Brewery in Połczyn-Zdrój"@en	2		"Polonia"@es	""
<http://www.wikidata.org/entity/Q9180109>	"Q9180109"		2		"Polonia"@es	""
<http://www.wikidata.org/entity/Q9180114>	"Q9180114"		1		"Polonia"@es	""
<http://www.wikidata.org/entity/Q9180112>	"Q9180112"		1		"Polonia"@es	""
<http://www.wikidata.org/entity/Q9180116>	"Q9180116"		1		"Polonia"@es	""
<http://www.wikidata.org/entity/Q9180123>	"Q9180123"		1		"Polonia"@es	""
<http://www.wikidata.org/entity/Q9180125>	"Q9180125"		1		"Polonia"@es	""
<http://www.wikidata.org/entity/Q9180128>	"Browar Janów Lubelski"@en	"Browar Janów Lubelski"@en	2		"Polonia"@es	""
<http://www.wikidata.org/entity/Q9180135>	"Q9180135"		1		"Polonia"@es	""
<http://www.wikidata.org/entity/Q9180133>	"Jerzy Bojańczyk's Brewery in Włocławek"@en	"Jerzy Bojańczyk's Brewery in Włocławek"@en	6		"Polonia"@es	""
<http://www.wikidata.org/entity/Q9180139>	"Former brewery in Częstochowa"@en	"Former brewery in Częstochowa"@en	2		"Polonia"@es	""
<http://www.wikidata.org/entity/Q9180136>	"Browar Jędrzejów"@en	"Browar Jędrzejów"@en	2		"Polonia"@es	""
<http://www.wikidata.org/entity/Q9180137>	"Q9180137"		1		"Polonia"@es	""
<http://www.wikidata.org/entity/Q9180142>	"Kormoran"@en	"Kormoran"@en	1		"Polonia"@es	""
<http://www.wikidata.org/entity/Q9180143>	"Q9180143"		1			""
<http://www.wikidata.org/entity/Q9180140>	"Q9180140"		1		"Polonia"@es	""
<http://www.wikidata.org/entity/Q9180141>	"Q9180141"		1		"Polonia"@es	""
<http://www.wikidata.org/entity/Q9180145>	"Browar Koszalin"@en	"Browar Koszalin"@en	2		"Polonia"@es	""
<http://www.wikidata.org/entity/Q9180148>	"Q9180148"		1		"Polonia"@es	""
<http://www.wikidata.org/entity/Q9180154>	"Q9180154"		1		"Polonia"@es	""
<http://www.wikidata.org/entity/Q9180155>	"Lvivska Brewery"@en	"Lvivska Brewery"@en	3		"Imperio austríaco"@es	""
<http://www.wikidata.org/entity/Q9180155>	"Lvivska Brewery"@en	"Lvivska Brewery"@en	3		"Imperio austrohúngaro"@es	""
<http://www.wikidata.org/entity/Q9180155>	"Lvivska Brewery"@en	"Lvivska Brewery"@en	3		"Ucrania"@es	""
<http://www.wikidata.org/entity/Q9180152>	"Tychy Brewery"@en	"Tychy Brewery"@en	5		"Polonia"@es	""
<http://www.wikidata.org/entity/Q9180158>	"Q9180158"		1			""
<http://www.wikidata.org/entity/Q9180156>	"Q9180156"		1		"Polonia"@es	""
<http://www.wikidata.org/entity/Q9180157>	"Browar Lwówek Śląski"@en	"Browar Lwówek Śląski"@en	3		"Polonia"@es	""
<http://www.wikidata.org/entity/Q9180162>	"Brewery Peter Mokrski"@en	"Brewery Peter Mokrski"@en	2		"Polonia"@es	""
<http://www.wikidata.org/entity/Q9180163>	"Q9180163"		1		"Polonia"@es	""
<http://www.wikidata.org/entity/Q9180161>	"Browar Mycielskich in Poznań"@en	"Browar Mycielskich in Poznań"@en	2		"Polonia"@es	""
<http://www.wikidata.org/entity/Q9180166>	"Q9180166"		1		"Polonia"@es	""
<http://www.wikidata.org/entity/Q9180168>	"Q9180168"		1		"Polonia"@es	""
<http://www.wikidata.org/entity/Q9180169>	"Browar Nr 1"@en	"Browar Nr 1"@en	1		"Polonia"@es	""
<http://www.wikidata.org/entity/Q9180174>	"Obywatelski Brewery in Tychy"@en	"Obywatelski Brewery in Tychy"@en	2		"Polonia"@es	""
<http://www.wikidata.org/entity/Q9180175>	"Q9180175"		1		"Polonia"@es	""
<http://www.wikidata.org/entity/Q9180172>	"Brewery No. 1 in Łódź"@en	"Brewery No. 1 in Łódź"@en	2		"Polonia"@es	""
<http://www.wikidata.org/entity/Q9180179>	"Browar Pomorski in Podgórz"@en	"Browar Pomorski in Podgórz"@en	3		"Polonia"@es	""
<http://www.wikidata.org/entity/Q9180183>	"Q9180183"		1		"Polonia"@es	""
<http://www.wikidata.org/entity/Q9180180>	"Q9180180"		1		"Polonia"@es	""
<http://www.wikidata.org/entity/Q9180184>	"Sielec Brewery"@en	"Sielec Brewery"@en	2		"Polonia"@es	""
<http://www.wikidata.org/entity/Q9180188>	"Q9180188"		1		"Polonia"@es	""
<http://www.wikidata.org/entity/Q9180203>	"Browar Witnica"@en	"Browar Witnica"@en	1		"Polonia"@es	""
<http://www.wikidata.org/entity/Q9180205>	"Racibórz Brewery"@en	"Racibórz Brewery"@en	3		"Polonia"@es	""
<http://www.wikidata.org/entity/Q9180210>	"Q9180210"		1			""
<http://www.wikidata.org/entity/Q9180211>	"Q9180211"		1		"Polonia"@es	""
<http://www.wikidata.org/entity/Q9180208>	"Q9180208"		1		"Polonia"@es	""
<http://www.wikidata.org/entity/Q9180215>	"Q9180215"		1		"Polonia"@es	""
<http://www.wikidata.org/entity/Q9180212>	"Q9180212"		1		"Polonia"@es	""
<http://www.wikidata.org/entity/Q9180218>	"Browar w Zwierzyńcu"@en	"Browar w Zwierzyńcu"@en	3		"Polonia"@es	""
<http://www.wikidata.org/entity/Q9180227>	"Q9180227"		2		"Polonia"@es	""
<http://www.wikidata.org/entity/Q9180225>	"Q9180225"		2		"Polonia"@es	""
<http://www.wikidata.org/entity/Q9180229>	"Upper Silesia Brewery"@en	"Upper Silesia Brewery"@en	3		"Polonia"@es	""
<http://www.wikidata.org/entity/Q9180232>	"Browary Warmińsko-Mazurskie Jurand"@en	"Browary Warmińsko-Mazurskie Jurand"@en	1		"Polonia"@es	""
<http://www.wikidata.org/entity/Q9181395>	"Q9181395"		1			""
<http://www.wikidata.org/entity/Q9293396>	"Holy Cow Casino and Brewery"@en	"Holy Cow Casino and Brewery"@en	2		"Estados Unidos"@es	""
<http://www.wikidata.org/entity/Q9340155>	"Specjal beer"@en	"Specjal beer"@en	4			""
<http://www.wikidata.org/entity/Q9346736>	"Strong"@en	"Strong"@en	4			""
<http://www.wikidata.org/entity/Q9351171>	"Q9351171"		1		"Polonia"@es	""
<http://www.wikidata.org/entity/Q9355861>	"Tatra"@en	"Tatra"@en	4			""
<http://www.wikidata.org/entity/Q9363738>	"Tyskie Browary Książęce"@en	"Tyskie Browary Książęce"@en	2		"Polonia"@es	""
<http://www.wikidata.org/entity/Q9368644>	"Q9368644"		1			""
<http://www.wikidata.org/entity/Q9376322>	"Wojak beer"@en	"Wojak beer"@en	2			""
<http://www.wikidata.org/entity/Q9397571>	"Żubr"@es	"Żubr"@en	9		"Polonia"@es	""
<http://www.wikidata.org/entity/Q9397817>	"Żywe"@en	"Żywe"@en	1			""
<http://www.wikidata.org/entity/Q9643192>	"Baden Baden"@en	"Baden Baden"@en	3		"Brasil"@es	""
<http://www.wikidata.org/entity/Q9696426>	"Caracu"@en	"Caracu"@en	1			""
<http://www.wikidata.org/entity/Q10262008>	"Q10262008"		1		"Brasil"@es	""
<http://www.wikidata.org/entity/Q10294254>	"Heidelberger Brauerei"@es	"Heidelberger Brauerei"@en	4		"Alemania"@es	""
<http://www.wikidata.org/entity/Q10313616>	"Kaiser (company)"@en	"Kaiser (company)"@en	3			""
<http://www.wikidata.org/entity/Q10314719>	"Q10314719"		1		"Brasil"@es	""
<http://www.wikidata.org/entity/Q10317863>	"Q10317863"		1			""
<http://www.wikidata.org/entity/Q10350781>	"Polar"@en	"Polar"@en	1			""
<http://www.wikidata.org/entity/Q10355535>	"Purple Hand Beer"@en	"Purple Hand Beer"@en	1			""
<http://www.wikidata.org/entity/Q10382024>	"Q10382024"		1			""
<http://www.wikidata.org/entity/Q10425834>	"Q10425834"		1		"Suecia"@es	""
<http://www.wikidata.org/entity/Q10434838>	"Q10434838"		1			""
<http://www.wikidata.org/entity/Q10437645>	"Q10437645"		1			""
<http://www.wikidata.org/entity/Q10487716>	"Eriksberg"@en	"Eriksberg"@en	1			""
<http://www.wikidata.org/entity/Q10493556>	"Q10493556"		1			""
<http://www.wikidata.org/entity/Q10494310>	"Q10494310"		1			""
<http://www.wikidata.org/entity/Q10498042>	"Q10498042"		1		"Suecia"@es	""
<http://www.wikidata.org/entity/Q10502427>	"Q10502427"		1		"Suecia"@es	""
<http://www.wikidata.org/entity/Q10507678>	"Gotlands Bryggeri"@en	"Gotlands Bryggeri"@en	3		"Suecia"@es	""
<http://www.wikidata.org/entity/Q10508514>	"Grebbestads"@en	"Grebbestads"@en	3		"Suecia"@es	""
<http://www.wikidata.org/entity/Q10517490>	"Q10517490"		1		"Suecia"@es	""
<http://www.wikidata.org/entity/Q10520582>	"Q10520582"		1		"Suecia"@es	""
<http://www.wikidata.org/entity/Q10549420>	"Kronans Bryggeri"@en	"Kronans Bryggeri"@en	2		"Suecia"@es	""
<http://www.wikidata.org/entity/Q10570413>	"Q10570413"		1			""
<http://www.wikidata.org/entity/Q10577358>	"Mariestads"@en	"Mariestads"@en	2			""
<http://www.wikidata.org/entity/Q10577362>	"Q10577362"		2		"Suecia"@es	""
<http://www.wikidata.org/entity/Q10589784>	"Q10589784"		1			""
<http://www.wikidata.org/entity/Q10605202>	"Q10605202"		2		"Suecia"@es	""
<http://www.wikidata.org/entity/Q10610914>	"Oppigårds bryggeri"@en	"Oppigårds bryggeri"@en	2		"Suecia"@es	""
<http://www.wikidata.org/entity/Q10655045>	"Riggwelter"@en	"Riggwelter"@en	1			""
<http://www.wikidata.org/entity/Q10661130>	"Q10661130"		1		"Suecia"@es	""
<http://www.wikidata.org/entity/Q10661851>	"Q10661851"		1			""
<http://www.wikidata.org/entity/Q10663791>	"Schultheiss Brewery"@en	"Schultheiss Brewery"@en	1		"Alemania"@es	""
<http://www.wikidata.org/entity/Q10663792>	"Q10663792"		1			""
<http://www.wikidata.org/entity/Q10674777>	"Spendrups Bryggeri, Vårby"@en	"Spendrups Bryggeri, Vårby"@en	2		"Suecia"@es	""
<http://www.wikidata.org/entity/Q10697162>	"Q10697162"		1			""
<http://www.wikidata.org/entity/Q10697161>	"Three Towns"@en	"Three Towns"@en	1			""
<http://www.wikidata.org/entity/Q10713233>	"Vasa Bryggeri"@es	"Vasa Brewery"@en	1		"Suecia"@es	""
<http://www.wikidata.org/entity/Q10718313>	"Q10718313"		1		"Suecia"@es	""
<http://www.wikidata.org/entity/Q10720023>	"Q10720023"		3		"Dinamarca"@es	""
<http://www.wikidata.org/entity/Q10727289>	"Q10727289"		1		"Suecia"@es	""
<http://www.wikidata.org/entity/Q10774749>	"Alfa beer"@en	"Alfa beer"@en	2			""
<http://www.wikidata.org/entity/Q10860471>	"green beer"@en	"green beer"@en	5			""
<http://www.wikidata.org/entity/Q10937725>	"Q10937725"		1		"República Checa"@es	""
<http://www.wikidata.org/entity/Q10937738>	"Q10937738"		1		"República Checa"@es	""
<http://www.wikidata.org/entity/Q10988116>	"Kelt (beer)"@en	"Kelt (beer)"@en	3			""
<http://www.wikidata.org/entity/Q10999547>	"Lucifer"@en	"Lucifer"@en	3			""
<http://www.wikidata.org/entity/Q11040027>	"Cervecería del Pacífico"@en	"Cervecería del Pacífico"@en	4		"México"@es	""
<http://www.wikidata.org/entity/Q11065257>	"TTL Taipei Brewery"@en	"TTL Taipei Brewery"@en	2		"República de China"@es	""
<http://www.wikidata.org/entity/Q11086998>	"Únětický pivovar"@en	"Únětický pivovar"@en	2		"República Checa"@es	""
<http://www.wikidata.org/entity/Q11262638>	"Q11262638"		1			""
<http://www.wikidata.org/entity/Q11290199>	"Echigo Beer"@en	"Echigo Beer"@en	1		"Japón"@es	""
<http://www.wikidata.org/entity/Q11294620>	"Kabuto beer"@en	"Kabuto beer"@en	2		"Japón"@es	""
<http://www.wikidata.org/entity/Q11297747>	"KIRIN ICHIBAN"@en	"KIRIN ICHIBAN"@en	4			""
<http://www.wikidata.org/entity/Q11301885>	"Cervecería Coedo"@es	"Coedo"@en	1		"Japón"@es	"コエドブルワリー|Koedo|Coedo Brewery|Coedo"
<http://www.wikidata.org/entity/Q11305532>	"Sankt Gallen Brewery"@en	"Sankt Gallen Brewery"@en	1		"Japón"@es	""
<http://www.wikidata.org/entity/Q11306585>	"Q11306585"		3			""
<http://www.wikidata.org/entity/Q11345057>	"YOHO Brewing"@en	"YOHO Brewing"@en	1		"Japón"@es	""
<http://www.wikidata.org/entity/Q11352330>	"Ichinokura"@en	"Ichinokura"@en	2		"Japón"@es	""
<http://www.wikidata.org/entity/Q11363500>	"Nakano Sake Brewery"@en	"Nakano Sake Brewery"@en	2		"Japón"@es	""
<http://www.wikidata.org/entity/Q11368350>	"Marumoto Sake Brewery"@en	"Marumoto Sake Brewery"@en	1		"Japón"@es	""
<http://www.wikidata.org/entity/Q11395794>	"Dewazakura Sake Brewery"@en	"Dewazakura Sake Brewery"@en	2		"Japón"@es	""
<http://www.wikidata.org/entity/Q11399637>	"Kaganoi Shuzo"@en	"Kaganoi Shuzo"@en	2		"Japón"@es	""
<http://www.wikidata.org/entity/Q11419046>	"Kikuzakari Sake Brewery"@en	"Kikuzakari Sake Brewery"@en	1		"Japón"@es	""
<http://www.wikidata.org/entity/Q11431795>	"Daishichi Sake Brewery"@en	"Daishichi Sake Brewery"@en	2		"Japón"@es	""
<http://www.wikidata.org/entity/Q11439874>	"Ozeki"@en	"Ozeki"@en	2		"Japón"@es	""
<http://www.wikidata.org/entity/Q11445574>	"Okunomatsu Sake Brewery"@en	"Okunomatsu Sake Brewery"@en	1		"Japón"@es	""
<http://www.wikidata.org/entity/Q11452005>	"Sogen Sake Brewery"@en	"Sogen Sake Brewery"@en	2		"Japón"@es	""
<http://www.wikidata.org/entity/Q11452139>	"Dětenice Brewery"@en	"Dětenice Brewery"@en	2		"República Checa"@es	""
<http://www.wikidata.org/entity/Q11452173>	"Pivovarská bašta"@en	"Pivovarská bašta"@en	2		"República Checa"@es	""
<http://www.wikidata.org/entity/Q11452227>	"Berounský medvěd"@en	"Berounský medvěd"@en	2		"República Checa"@es	""
<http://www.wikidata.org/entity/Q11456082>	"Fujizakura Heights Beer"@en	"Fujizakura Heights Beer"@en	1		"Japón"@es	""
<http://www.wikidata.org/entity/Q11456262>	"Fujinishiki Sake Brewery"@en	"Fujinishiki Sake Brewery"@en	1		"Japón"@es	""
<http://www.wikidata.org/entity/Q11456279>	"Fuji Takasago Sake Brewery"@en	"Fuji Takasago Sake Brewery"@en	2		"Japón"@es	""
<http://www.wikidata.org/entity/Q11462139>	"Otaru Beer"@en	"Otaru Beer"@en	2		"Japón"@es	""
<http://www.wikidata.org/entity/Q11463643>	"Konishi Brewing"@en	"Konishi Brewing"@en	2		"Japón"@es	""
<http://www.wikidata.org/entity/Q11475177>	"Iwamura Brewery co."@en	"Iwamura Brewery co."@en	2		"Japón"@es	""
<http://www.wikidata.org/entity/Q11489166>	"Gotemba Kōgen Beer"@en	"Gotemba Kōgen Beer"@en	1		"Japón"@es	""
<http://www.wikidata.org/entity/Q11508664>	"Nihonsakari"@en	"Nihonsakari"@en	2		"Japón"@es	""
<http://www.wikidata.org/entity/Q11512007>	"Meiri Shurui"@en	"Meiri Shurui"@en	3		"Japón"@es	""
<http://www.wikidata.org/entity/Q11529024>	"Matsunoi Sake Brewery"@en	"Matsunoi Sake Brewery"@en	1		"Japón"@es	""
<http://www.wikidata.org/entity/Q11535090>	"Tochikura Sake Brewery"@en	"Tochikura Sake Brewery"@en	1		"Japón"@es	""
<http://www.wikidata.org/entity/Q11538121>	"Sakuramasamune"@en	"Sakuramasamune"@en	2		"Japón"@es	""
<http://www.wikidata.org/entity/Q11538244>	"Masuichi-Ichimura Sake Brewery"@en	"Masuichi-Ichimura Sake Brewery"@en	2		"Japón"@es	""
<http://www.wikidata.org/entity/Q11542170>	"Hiki Shuzo"@en	"Hiki Shuzo"@en	2		"Japón"@es	""
<http://www.wikidata.org/entity/Q11558039>	"Hamafukutsuru Ginjō Kōbō"@en	"Hamafukutsuru Ginjō Kōbō"@en	1		"Japón"@es	""
<http://www.wikidata.org/entity/Q11558463>	"Naniwa Shuzo Brewery"@en	"Naniwa Shuzo Brewery"@en	2		"Japón"@es	""
<http://www.wikidata.org/entity/Q11565261>	"Q11565261"		1		"Japón"@es	""
<http://www.wikidata.org/entity/Q11567687>	"Q11567687"		1		"Japón"@es	""
<http://www.wikidata.org/entity/Q11572601>	"Tamagawa Sake Brewery"@en	"Tamagawa Sake Brewery"@en	1		"Japón"@es	""
<http://www.wikidata.org/entity/Q11577237>	"Tabata Sake Brewery"@en	"Tabata Sake Brewery"@en	1		"Japón"@es	""
<http://www.wikidata.org/entity/Q11580062>	"Shirataki Sake Brewery"@en	"Shirataki Sake Brewery"@en	3		"Japón"@es	""
<http://www.wikidata.org/entity/Q11580625>	"Hakutsuru Sake Brewing"@en	"Hakutsuru Sake Brewing"@en	2		"Japón"@es	""
<http://www.wikidata.org/entity/Q11591814>	"Fukumitsuya Sake Brewery"@en	"Fukumitsuya Sake Brewery"@en	1		"Japón"@es	""
<http://www.wikidata.org/entity/Q11603175>	"Minoh Brewery"@en	"Minoh Brewery"@en	1		"Japón"@es	""
<http://www.wikidata.org/entity/Q11613646>	"Harvestmoon Brewery"@en	"Harvestmoon Brewery"@en	1		"Japón"@es	""
<http://www.wikidata.org/entity/Q11619679>	"Kiku-Masamune Sake Brewing"@en	"Kiku-Masamune Sake Brewing"@en	3		"Japón"@es	""
<http://www.wikidata.org/entity/Q11629721>	"Nishi Sake Brewery"@en	"Nishi Sake Brewery"@en	1		"Japón"@es	""
<http://www.wikidata.org/entity/Q11637912>	"Tatsuuma-Honke Brewing"@en	"Tatsuuma-Honke Brewing"@en	3		"Japón"@es	""
<http://www.wikidata.org/entity/Q11642984>	"Nasu Kohgen Beer"@en	"Nasu Kohgen Beer"@en	1		"Japón"@es	""
<http://www.wikidata.org/entity/Q11646675>	"Toshimaya Shuzou"@en	"Toshimaya Shuzou"@en	2		"Japón"@es	""
<http://www.wikidata.org/entity/Q11660903>	"Kirishima Shuzo"@en	"Kirishima Shuzo"@en	2		"Japón"@es	""
<http://www.wikidata.org/entity/Q11666435>	"Iinuma Honke"@en	"Iinuma Honke"@en	2		"Japón"@es	""
<http://www.wikidata.org/entity/Q11668867>	"Takachiyo Sake Brewery"@en	"Takachiyo Sake Brewery"@en	1		"Japón"@es	""
<http://www.wikidata.org/entity/Q11674003>	"Uonuma Sake Brewery"@en	"Uonuma Sake Brewery"@en	1		"Japón"@es	""
<http://www.wikidata.org/entity/Q11678516>	"Kurosawa Sake Brewery"@en	"Kurosawa Sake Brewery"@en	1		"Japón"@es	""
<http://www.wikidata.org/entity/Q11688898>	"Fortuna beer"@en	"Fortuna beer"@en	3		"Polonia"@es	""
<http://www.wikidata.org/entity/Q11688903>	"cervecería de Trutnov"@es	"Brewery Krakonoš"@en	4		"República Checa"@es	"cerveceria de Trutnov"
<http://www.wikidata.org/entity/Q11688900>	"Browar Grybów"@en	"Browar Grybów"@en	2		"Polonia"@es	""
<http://www.wikidata.org/entity/Q11688901>	"Q11688901"		1		"Polonia"@es	""
<http://www.wikidata.org/entity/Q11688906>	"Q11688906"		1		"Polonia"@es	""
<http://www.wikidata.org/entity/Q11688907>	"21 Czeska Street in Kłodzko"@en	"21 Czeska Street in Kłodzko"@en	2		"Polonia"@es	""
<http://www.wikidata.org/entity/Q11688905>	"Former brewery on Lubicz street in Kraków"@en	"Former brewery on Lubicz street in Kraków"@en	2		"Polonia"@es	""
<http://www.wikidata.org/entity/Q11688910>	"Browar Warka"@en	"Browar Warka"@en	5		"Polonia"@es	""
<http://www.wikidata.org/entity/Q11688911>	"Q11688911"		1		"Polonia"@es	""
<http://www.wikidata.org/entity/Q11688908>	"Q11688908"		1		"Polonia"@es	""
<http://www.wikidata.org/entity/Q11688914>	"Q11688914"		1		"Polonia"@es	""
<http://www.wikidata.org/entity/Q11688915>	"Danziger Aktien-Bierbrauerei"@en	"Danziger Aktien-Bierbrauerei"@en	2		"Polonia"@es	""
<http://www.wikidata.org/entity/Q11688913>	"Brewery in Nidzica"@en	"Brewery in Nidzica"@en	2		"Polonia"@es	""
<http://www.wikidata.org/entity/Q11695949>	"EB"@en	"EB"@en	3			""
<http://www.wikidata.org/entity/Q11706909>	"Břevnovský monastic brewery"@en	"Břevnovský monastic brewery"@en	3		"República Checa"@es	""
<http://www.wikidata.org/entity/Q11708660>	"Harnaś (beer)"@en	"Harnaś (beer)"@en	3		"Polonia"@es	""
<http://www.wikidata.org/entity/Q11709715>	"Hevelius"@en	"Hevelius"@en	2			""
<http://www.wikidata.org/entity/Q11735043>	"Kaper beer"@en	"Kaper beer"@en	2			""
<http://www.wikidata.org/entity/Q11747737>	"Q11747737"		1		"Polonia"@es	""
<http://www.wikidata.org/entity/Q11750796>	"Q11750796"		3			""
<http://www.wikidata.org/entity/Q11755575>	"Leżajsk"@en	"Leżajsk"@en	4			""
<http://www.wikidata.org/entity/Q11764422>	"Lwówek Książęcy"@en	"Lwówek Książęcy"@en	3			""
<http://www.wikidata.org/entity/Q11773566>	"Clausthaler"@en	"Clausthaler"@en	3		"Alemania"@es	""
<http://www.wikidata.org/entity/Q11781438>	"Q11781438"		1			""
<http://www.wikidata.org/entity/Q11784359>	"Mocny Full"@en	"Mocny Full"@en	1			""
<http://www.wikidata.org/entity/Q11797012>	"Okocim beer"@en	"Okocim beer"@en	4			""
<http://www.wikidata.org/entity/Q11815798>	"Perła"@en	"Perła"@en	2			""
<http://www.wikidata.org/entity/Q11816368>	"Piast"@en	"Piast"@en	2		"Polonia"@es	""
<http://www.wikidata.org/entity/Q11819459>	"Platan brewery"@en	"Platan brewery"@en	3		"República Checa"@es	""
<http://www.wikidata.org/entity/Q11833265>	"Q11833265"		1			""
<http://www.wikidata.org/entity/Q11853497>	"Aura"@en	"Aura"@en	1		"Finlandia"@es	""
<http://www.wikidata.org/entity/Q11853511>	"Aura Brewery"@en	"Aura Brewery"@en	1		"Finlandia"@es	""
<http://www.wikidata.org/entity/Q11854450>	"Bock"@en	"Bock"@en	2		"Finlandia"@es	""
<http://www.wikidata.org/entity/Q11863025>	"Q11863025"		1		"República Checa"@es	""
<http://www.wikidata.org/entity/Q11863545>	"Q11863545"		1		"Finlandia"@es	""
<http://www.wikidata.org/entity/Q11874356>	"Lahden Sininen"@en	"Lahden Sininen"@en	1		"Finlandia"@es	""
<http://www.wikidata.org/entity/Q11874599>	"Lapin Kulta"@en	"Lapin Kulta"@en	2		"Finlandia"@es	""
<http://www.wikidata.org/entity/Q11880695>	"Mallasjuoma"@en	"Mallasjuoma"@en	1		"Finlandia"@es	""
<http://www.wikidata.org/entity/Q11883635>	"Myanmar"@en	"Myanmar"@en	1		"Birmania"@es	""
<http://www.wikidata.org/entity/Q11886599>	"Panimoravintola Beer Hunter's"@en	"Panimoravintola Beer Hunter's"@en	2		"Finlandia"@es	""
<http://www.wikidata.org/entity/Q11888650>	"Pori Brewery"@en	"Pori Brewery"@en	2		"Finlandia"@es	""
<http://www.wikidata.org/entity/Q11892346>	"Sandels"@es	"Sandels"@en	4		"Finlandia"@es	""
<http://www.wikidata.org/entity/Q11898167>	"Toppila Brewery"@en	"Toppila Brewery"@en	2		"Finlandia"@es	""
<http://www.wikidata.org/entity/Q11900059>	"Vakka-Suomen Panimo Osakeyhtiö"@en	"Vakka-Suomen Panimo Osakeyhtiö"@en	1		"Finlandia"@es	""
<http://www.wikidata.org/entity/Q11958641>	"Arendals Bryggeri"@en	"Arendals Bryggeri"@en	2		"Noruega"@es	""
<http://www.wikidata.org/entity/Q11960618>	"Berentsens Brygghus"@en	"Berentsens Brygghus"@en	3		"Noruega"@es	""
<http://www.wikidata.org/entity/Q11963268>	"Q11963268"		2			""
<http://www.wikidata.org/entity/Q11969749>	"Foss Brewery"@en	"Foss Brewery"@en	3		"Noruega"@es	""
<http://www.wikidata.org/entity/Q11976520>	"Hønefoss Bryggeri"@en	"Hønefoss Bryggeri"@en	2		"Noruega"@es	""
<http://www.wikidata.org/entity/Q11977028>	"Q11977028"		2		"Noruega"@es	""
<http://www.wikidata.org/entity/Q11983781>	"Lervig Aktiebryggeri"@es	"Lervig Bryggeri"@en	4		"Noruega"@es	""
<http://www.wikidata.org/entity/Q11983875>	"Q11983875"		3			""
<http://www.wikidata.org/entity/Q11984038>	"Q11984038"		1			""
<http://www.wikidata.org/entity/Q11989729>	"Q11989729"		2			""
<http://www.wikidata.org/entity/Q11989899>	"Montejo"@en	"Montejo"@en	3			""
<http://www.wikidata.org/entity/Q11990067>	"Moss Aktiebryggeri"@en	"Moss Aktiebryggeri"@en	1		"Noruega"@es	""
<http://www.wikidata.org/entity/Q11994237>	"Oslo Microbrewery"@en	"Oslo Microbrewery"@en	2		"Noruega"@es	""
<http://www.wikidata.org/entity/Q11999703>	"Schou Brewery"@en	"Schou Brewery"@en	3		"Noruega"@es	""
<http://www.wikidata.org/entity/Q12001632>	"Q12001632"		1			""
<http://www.wikidata.org/entity/Q12002324>	"Shepherd Neame Limited"@en	"Shepherd Neame Limited"@en	5		"Reino Unido"@es	""
<http://www.wikidata.org/entity/Q12007481>	"Q12007481"		2		"Noruega"@es	""
<http://www.wikidata.org/entity/Q12007654>	"Trondhjem Mikrobryggeri"@en	"Trondhjem Mikrobryggeri"@en	1		"Noruega"@es	""
<http://www.wikidata.org/entity/Q12007958>	"Tvedes Bryggeri"@en	"Tvedes Bryggeri"@en	4		"Dinamarca"@es	""
<http://www.wikidata.org/entity/Q12008484>	"Union bryggeri"@en	"Union bryggeri"@en	2		"Noruega"@es	""
<http://www.wikidata.org/entity/Q12009657>	"Victoria"@en	"Victoria"@en	4			""
<http://www.wikidata.org/entity/Q12011079>	"Ytteborg Brewery"@en	"Ytteborg Brewery"@en	2		"Noruega"@es	""
<http://www.wikidata.org/entity/Q12011732>	"Ægir Bryggeri"@en	"Ægir Bryggeri"@en	4		"Noruega"@es	""
<http://www.wikidata.org/entity/Q12013204>	"Natakhtari"@en	"Natakhtari"@en	1			""
<http://www.wikidata.org/entity/Q12018118>	"Q12018118"		2		"Eslovaquia"@es	""
<http://www.wikidata.org/entity/Q12020377>	"Q12020377"		1		"República Checa"@es	""
<http://www.wikidata.org/entity/Q12020617>	"Q12020617"		1		"República Checa"@es	""
<http://www.wikidata.org/entity/Q12024231>	"Jarošovský pivovar"@en	"Jarošovský pivovar"@en	1		"Checoslovaquia"@es	""
<http://www.wikidata.org/entity/Q12024231>	"Jarošovský pivovar"@en	"Jarošovský pivovar"@en	1		"República Checa"@es	""
<http://www.wikidata.org/entity/Q12029573>	"Q12029573"		1		"República Checa"@es	""
<http://www.wikidata.org/entity/Q12033767>	"Lobkowicz"@en	"Lobkowicz"@en	2			""
<http://www.wikidata.org/entity/Q12033929>	"Q12033929"		1		"República Checa"@es	""
<http://www.wikidata.org/entity/Q12037722>	"Q12037722"		1		"República Checa"@es	""
<http://www.wikidata.org/entity/Q12037721>	"Q12037721"		1		"República Checa"@es	""
<http://www.wikidata.org/entity/Q12037724>	"Minipivovar Pegas"@en	"Minipivovar Pegas"@en	2		"República Checa"@es	""
<http://www.wikidata.org/entity/Q12037728>	"Q12037728"		1		"República Checa"@es	""
<http://www.wikidata.org/entity/Q12039426>	"Q12039426"		1		"República Checa"@es	""
<http://www.wikidata.org/entity/Q12041435>	"Q12041435"		1		"República Checa"@es	""
<http://www.wikidata.org/entity/Q12045378>	"Q12045378"		1			""
<http://www.wikidata.org/entity/Q12045379>	"Braník Brewery"@en	"Braník Brewery"@en	3		"República Checa"@es	""
<http://www.wikidata.org/entity/Q12045377>	"Q12045377"		1		"República Checa"@es	""
<http://www.wikidata.org/entity/Q12045382>	"Q12045382"		1		"República Checa"@es	""
<http://www.wikidata.org/entity/Q12045383>	"Q12045383"		1		"República Checa"@es	""
<http://www.wikidata.org/entity/Q12045380>	"Pivovar Broumov"@en	"Pivovar Broumov"@en	5		"República Checa"@es	""
<http://www.wikidata.org/entity/Q12045381>	"Q12045381"		1		"República Checa"@es	""
<http://www.wikidata.org/entity/Q12045387>	"Q12045387"		1		"República Checa"@es	""
<http://www.wikidata.org/entity/Q12045384>	"Herold Březnice Brewery"@en	"Herold Březnice Brewery"@en	1		"República Checa"@es	""
<http://www.wikidata.org/entity/Q12045385>	"Pivovar Dalešice"@en	"Pivovar Dalešice"@en	2		"República Checa"@es	""
<http://www.wikidata.org/entity/Q12045391>	"Q12045391"		1		"República Checa"@es	""
<http://www.wikidata.org/entity/Q12045388>	"Q12045388"		1		"República Checa"@es	""
<http://www.wikidata.org/entity/Q12045394>	"Q12045394"		1		"República Checa"@es	""
<http://www.wikidata.org/entity/Q12045395>	"Family Brewery Bernard"@en	"Family Brewery Bernard"@en	9		"República Checa"@es	""
<http://www.wikidata.org/entity/Q12045393>	"Q12045393"		1		"República Checa"@es	""
<http://www.wikidata.org/entity/Q12045398>	"Pivovar Jimramov"@en	"Pivovar Jimramov"@en	2		"República Checa"@es	""
<http://www.wikidata.org/entity/Q12045399>	"Jihlava Brewery"@en	"Jihlava Brewery"@en	3		"República Checa"@es	""
<http://www.wikidata.org/entity/Q12045396>	"Q12045396"		1		"República Checa"@es	""
<http://www.wikidata.org/entity/Q12045397>	"Q12045397"		1		"República Checa"@es	""
<http://www.wikidata.org/entity/Q12045402>	"Pivovar Klášter"@en	"Pivovar Klášter"@en	2		"República Checa"@es	""
<http://www.wikidata.org/entity/Q12045403>	"Q12045403"		1		"República Checa"@es	""
<http://www.wikidata.org/entity/Q12045400>	"Q12045400"		1		"República Checa"@es	""
<http://www.wikidata.org/entity/Q12045401>	"Q12045401"		1		"República Checa"@es	""
<http://www.wikidata.org/entity/Q12045406>	"Pivovar Krásné Březno"@en	"Pivovar Krásné Březno"@en	2		"República Checa"@es	""
<http://www.wikidata.org/entity/Q12045407>	"Kutná Hora brewery"@en	"Kutná Hora brewery"@en	2		"República Checa"@es	""
<http://www.wikidata.org/entity/Q12045404>	"Q12045404"		1		"República Checa"@es	""
<http://www.wikidata.org/entity/Q12045405>	"Q12045405"		1		"República Checa"@es	""
<http://www.wikidata.org/entity/Q12045410>	"Q12045410"		1		"República Checa"@es	""
<http://www.wikidata.org/entity/Q12045411>	"Litovel Brewery"@en	"Litovel Brewery"@en	2		"República Checa"@es	""
<http://www.wikidata.org/entity/Q12045408>	"Kácov Brewery"@en	"Kácov Brewery"@en	2		"República Checa"@es	""
<http://www.wikidata.org/entity/Q12045414>	"Q12045414"		1		"República Checa"@es	""
<http://www.wikidata.org/entity/Q12045415>	"Q12045415"		1		"República Checa"@es	""
<http://www.wikidata.org/entity/Q12045412>	"Q12045412"		2		"República Checa"@es	""
<http://www.wikidata.org/entity/Q12045413>	"Q12045413"		1		"República Checa"@es	""
<http://www.wikidata.org/entity/Q12045418>	"Pivovar Nymburk"@en	"Pivovar Nymburk"@en	2		"República Checa"@es	""
<http://www.wikidata.org/entity/Q12045419>	"Q12045419"		1		"República Checa"@es	""
<http://www.wikidata.org/entity/Q12045416>	"Q12045416"		1		"República Checa"@es	""
<http://www.wikidata.org/entity/Q12045417>	"Q12045417"		1		"República Checa"@es	""
<http://www.wikidata.org/entity/Q12045423>	"Q12045423"		1		"República Checa"@es	""
<http://www.wikidata.org/entity/Q12045420>	"Pardubický pivovar"@en	"Pardubický pivovar"@en	3		"República Checa"@es	""
<http://www.wikidata.org/entity/Q12045421>	"Poutník Brewery"@en	"Poutník Brewery"@en	2		"República Checa"@es	""
<http://www.wikidata.org/entity/Q12045426>	"Cervecería Prerov"@es	"Přerov Brewery"@en	4		"República Checa"@es	""
<http://www.wikidata.org/entity/Q12045427>	"Pivovar Radegast"@en	"Pivovar Radegast"@en	3		"República Checa"@es	""
<http://www.wikidata.org/entity/Q12045424>	"Q12045424"		1		"República Checa"@es	""
<http://www.wikidata.org/entity/Q12045425>	"Pivovar Polička"@en	"Pivovar Polička"@en	4		"República Checa"@es	""
<http://www.wikidata.org/entity/Q12045431>	"Q12045431"		1		"República Checa"@es	""
<http://www.wikidata.org/entity/Q12045429>	"Q12045429"		1		"República Checa"@es	""
<http://www.wikidata.org/entity/Q12045434>	"Q12045434"		1		"República Checa"@es	""
<http://www.wikidata.org/entity/Q12045435>	"Brewery Střítež"@en	"Brewery Střítež"@en	2		"República Checa"@es	""
<http://www.wikidata.org/entity/Q12045433>	"Pivovar Strakonice"@en	"Pivovar Strakonice"@en	2		"República Checa"@es	""
<http://www.wikidata.org/entity/Q12045438>	"Pivovar Uherský Brod"@en	"Pivovar Uherský Brod"@en	2		"República Checa"@es	""
<http://www.wikidata.org/entity/Q12045439>	"Q12045439"		1		"República Checa"@es	""
<http://www.wikidata.org/entity/Q12045436>	"Q12045436"		1		"República Checa"@es	""
<http://www.wikidata.org/entity/Q12045437>	"Q12045437"		1		"República Checa"@es	""
<http://www.wikidata.org/entity/Q12045442>	"Velké Popovice Brewery"@en	"Velké Popovice Brewery"@en	4		"República Checa"@es	""
<http://www.wikidata.org/entity/Q12045440>	"Q12045440"		1		"República Checa"@es	""
<http://www.wikidata.org/entity/Q12045441>	"Q12045441"		1		"República Checa"@es	""
<http://www.wikidata.org/entity/Q12045446>	"Pivovar Vyškov"@en	"Pivovar Vyškov"@en	2		"República Checa"@es	""
<http://www.wikidata.org/entity/Q12045447>	"Q12045447"		1		"República Checa"@es	""
<http://www.wikidata.org/entity/Q12045444>	"Pivovar Vysoký Chlumec"@en	"Pivovar Vysoký Chlumec"@en	2		"República Checa"@es	""
<http://www.wikidata.org/entity/Q12045445>	"Vrchlabí brewery"@en	"Vrchlabí brewery"@en	2		"República Checa"@es	""
<http://www.wikidata.org/entity/Q12045450>	"Q12045450"		1		"República Checa"@es	""
<http://www.wikidata.org/entity/Q12045451>	"Q12045451"		1		"República Checa"@es	""
<http://www.wikidata.org/entity/Q12045448>	"Q12045448"		1		"República Checa"@es	""
<http://www.wikidata.org/entity/Q12045449>	"Q12045449"		1		"República Checa"@es	""
<http://www.wikidata.org/entity/Q12045454>	"Q12045454"		1		"República Checa"@es	""
<http://www.wikidata.org/entity/Q12045455>	"Pivovar Žatec"@en	"Pivovar Žatec"@en	5		"República Checa"@es	""
<http://www.wikidata.org/entity/Q12045453>	"Černá Hora Brewery"@en	"Černá Hora Brewery"@en	4		"República Checa"@es	""
<http://www.wikidata.org/entity/Q12045458>	"Brewery museum in Kostelec nad Černými lesy"@en	"Brewery museum in Kostelec nad Černými lesy"@en	1		"República Checa"@es	""
<http://www.wikidata.org/entity/Q12045456>	"Q12045456"		1		"República Checa"@es	""
<http://www.wikidata.org/entity/Q12045457>	"Q12045457"		1		"República Checa"@es	""
<http://www.wikidata.org/entity/Q12045462>	"Pivovary Staropramen"@es	"Pivovary Staropramen"@en	1		"República Checa"@es	""
<http://www.wikidata.org/entity/Q12045461>	"Q12045461"		1		"República Checa"@es	""
<http://www.wikidata.org/entity/Q12047132>	"Q12047132"		1			""
<http://www.wikidata.org/entity/Q12056271>	"Q12056271"		1		"República Checa"@es	""
<http://www.wikidata.org/entity/Q12059978>	"Het Scheepje"@en	"Het Scheepje"@en	3		"Países Bajos"@es	""
<http://www.wikidata.org/entity/Q12061436>	"Magic Hat Brewing Company"@en	"Magic Hat Brewing Company"@en	2		"Estados Unidos"@es	""
<http://www.wikidata.org/entity/Q12081990>	"Q12081990"		2		"Ucrania"@es	""
<http://www.wikidata.org/entity/Q12084926>	"Mikulinetsky Brovar"@en	"Mikulinetsky Brovar"@en	3		"Imperio austrohúngaro"@es	""
<http://www.wikidata.org/entity/Q12084926>	"Mikulinetsky Brovar"@en	"Mikulinetsky Brovar"@en	3		"Ucrania"@es	""
<http://www.wikidata.org/entity/Q12134581>	"Nizhyn Brewery"@en	"Nizhyn Brewery"@en	1		"Ucrania"@es	""
<http://www.wikidata.org/entity/Q12167362>	"Q12167362"		1		"Ucrania"@es	""
<http://www.wikidata.org/entity/Q12265107>	"Oldarki"@en	"Oldarki"@en	1		"España"@es	""
<http://www.wikidata.org/entity/Q12271669>	"Q12271669"		1			""
<http://www.wikidata.org/entity/Q12272512>	"Astika"@en	"Astika"@en	3			""
<http://www.wikidata.org/entity/Q12282497>	"Kamenitza"@en	"Kamenitza"@en	5		"Bulgaria"@es	""
<http://www.wikidata.org/entity/Q12295449>	"Stolichno"@en	"Stolichno"@en	6			""
<http://www.wikidata.org/entity/Q12300317>	"Aarhus Bryghus"@en	"Aarhus Bryghus"@en	1		"Dinamarca"@es	""
<http://www.wikidata.org/entity/Q12300926>	"Aldersro Bryggeri"@en	"Aldersro Bryggeri"@en	2		"Dinamarca"@es	""
<http://www.wikidata.org/entity/Q12302284>	"Q12302284"		1		"Alemania"@es	""
<http://www.wikidata.org/entity/Q12302739>	"Q12302739"		1		"Dinamarca"@es	""
<http://www.wikidata.org/entity/Q12302935>	"Barrilito"@en	"Barrilito"@en	2			""
<http://www.wikidata.org/entity/Q12304484>	"Bryggeriet Alliance"@en	"Bryggeriet Alliance"@en	1		"Dinamarca"@es	""
<http://www.wikidata.org/entity/Q12304485>	"Q12304485"		1		"Dinamarca"@es	""
<http://www.wikidata.org/entity/Q12304491>	"Refsvindinge Bryggeri"@en	"Refsvindinge Bryggeri"@en	2		"Dinamarca"@es	""
<http://www.wikidata.org/entity/Q12304489>	"Bryggeriet Ravnsborg"@en	"Bryggeriet Ravnsborg"@en	2		"Dinamarca"@es	""
<http://www.wikidata.org/entity/Q12304494>	"Q12304494"		1		"Dinamarca"@es	""
<http://www.wikidata.org/entity/Q12304495>	"Q12304495"		1		"Dinamarca"@es	""
<http://www.wikidata.org/entity/Q12304492>	"Bryggeriet Skands"@en	"Bryggeriet Skands"@en	2		"Dinamarca"@es	""
<http://www.wikidata.org/entity/Q12304493>	"Q12304493"		1		"Dinamarca"@es	""
<http://www.wikidata.org/entity/Q12304498>	"Rahbeks Allé Brewery"@en	"Rahbeks Allé Brewery"@en	2		"Dinamarca"@es	""
<http://www.wikidata.org/entity/Q12304496>	"Bryggeriet Vendia"@en	"Bryggeriet Vendia"@en	2		"Dinamarca"@es	""
<http://www.wikidata.org/entity/Q12304500>	"Bryghuset Braunstein"@en	"Bryghuset Braunstein"@en	2		"Dinamarca"@es	""
<http://www.wikidata.org/entity/Q12304532>	"Brøckhouse Brewery"@en	"Brøckhouse Brewery"@en	2		"Dinamarca"@es	""
<http://www.wikidata.org/entity/Q12305134>	"Q12305134"		1			""
<http://www.wikidata.org/entity/Q12305436>	"Carlsberg Danmark"@en	"Carlsberg Danmark"@en	1		"Dinamarca"@es	""
<http://www.wikidata.org/entity/Q12305502>	"Q12305502"		2		"México"@es	""
<http://www.wikidata.org/entity/Q12307905>	"Q12307905"		1		"Dinamarca"@es	""
<http://www.wikidata.org/entity/Q12311065>	"Q12311065"		2		"Dinamarca"@es	""
<http://www.wikidata.org/entity/Q12312497>	"Q12312497"		1		"Dinamarca"@es	""
<http://www.wikidata.org/entity/Q12313198>	"Q12313198"		1		"Dinamarca"@es	""
<http://www.wikidata.org/entity/Q12314044>	"Q12314044"		1		"Dinamarca"@es	""
<http://www.wikidata.org/entity/Q12314177>	"GourmetBryggeriet"@en	"GourmetBryggeriet"@en	1		"Dinamarca"@es	""
<http://www.wikidata.org/entity/Q12314223>	"Q12314223"		1		"Dinamarca"@es	""
<http://www.wikidata.org/entity/Q12315083>	"Q12315083"		1		"Dinamarca"@es	""
<http://www.wikidata.org/entity/Q12315140>	"Hancock Bryggerierne"@en	"Hancock Bryggerierne"@en	1		"Dinamarca"@es	""
<http://www.wikidata.org/entity/Q12316684>	"Q12316684"		2		"Dinamarca"@es	""
<http://www.wikidata.org/entity/Q12317003>	"Q12317003"		1		"Dinamarca"@es	""
<http://www.wikidata.org/entity/Q12317208>	"Hornbeer"@es	"Hornbeer"@en	3		"Dinamarca"@es	""
<http://www.wikidata.org/entity/Q12318252>	"Q12318252"		2		"Dinamarca"@es	""
<http://www.wikidata.org/entity/Q12319503>	"Q12319503"		1		"Dinamarca"@es	""
<http://www.wikidata.org/entity/Q12322787>	"Q12322787"		1			""
<http://www.wikidata.org/entity/Q12326217>	"Marstrands Bryggerier"@en	"Marstrands Bryggerier"@en	1		"Dinamarca"@es	""
<http://www.wikidata.org/entity/Q12329376>	"Ny Bryghus"@en	"Ny Bryghus"@en	1		"Dinamarca"@es	""
<http://www.wikidata.org/entity/Q12329900>	"Odin Brewery"@en	"Odin Brewery"@en	3		"Dinamarca"@es	""
<http://www.wikidata.org/entity/Q12332692>	"Q12332692"		1		"Dinamarca"@es	""
<http://www.wikidata.org/entity/Q12333565>	"Rise Bryggeri"@en	"Rise Bryggeri"@en	2		"Dinamarca"@es	""
<http://www.wikidata.org/entity/Q12335491>	"Skagen Bryghus"@en	"Skagen Bryghus"@en	1		"Dinamarca"@es	""
<http://www.wikidata.org/entity/Q12337287>	"Stjernen"@en	"Stjernen"@en	2		"Dinamarca"@es	""
<http://www.wikidata.org/entity/Q12340319>	"Q12340319"		1		"Dinamarca"@es	""
<http://www.wikidata.org/entity/Q12340341>	"Q12340341"		1		"Dinamarca"@es	""
<http://www.wikidata.org/entity/Q12340638>	"Q12340638"		1		"Dinamarca"@es	""
<http://www.wikidata.org/entity/Q12340881>	"Viborg Bryghus"@en	"Viborg Bryghus"@en	2		"Dinamarca"@es	""
<http://www.wikidata.org/entity/Q12342024>	"Ørbæk Bryggeri"@en	"Ørbæk Bryggeri"@en	3		"Dinamarca"@es	""
<http://www.wikidata.org/entity/Q12342324>	"Godthåb Bryggeri"@en	"Godthåb Bryggeri"@en	1		"Groenlandia"@es	""
<http://www.wikidata.org/entity/Q12343133>	"Q12343133"		2		"Dinamarca"@es	""
<http://www.wikidata.org/entity/Q12344187>	"Q12344187"		1		"Dinamarca"@es	""
<http://www.wikidata.org/entity/Q12344339>	"Q12344339"		1		"Dinamarca"@es	""
<http://www.wikidata.org/entity/Q12386919>	"Q12386919"		1			""
<http://www.wikidata.org/entity/Q12388155>	"Q12388155"		1		"España"@es	""
<http://www.wikidata.org/entity/Q12388152>	"Q12388152"		1		"España"@es	""
<http://www.wikidata.org/entity/Q12388153>	"Q12388153"		1		"España"@es	""
<http://www.wikidata.org/entity/Q12389919>	"Q12389919"		1		"España"@es	""
<http://www.wikidata.org/entity/Q12393212>	"Q12393212"		1		"España"@es	""
<http://www.wikidata.org/entity/Q12400124>	"Q12400124"		1		"España"@es	""
<http://www.wikidata.org/entity/Q12675746>	"Utenos Alus"@en	"Utenos Alus"@en	5		"Lituania"@es	""
<http://www.wikidata.org/entity/Q12678128>	"Volfas Engelman"@en	"Volfas Engelman"@en	8		"Lituania"@es	""
<http://www.wikidata.org/entity/Q12680342>	"Švyturys"@en	"Švyturys"@en	6		"Lituania"@es	""
<http://www.wikidata.org/entity/Q12728035>	"Fabrica de Bere, Luther"@en	"Fabrica de Bere, Luther"@en	1		"Rumania"@es	""
<http://www.wikidata.org/entity/Q12877510>	"Macedonian Thrace Brewery"@en	"Macedonian Thrace Brewery"@en	2		"Grecia"@es	""
<http://www.wikidata.org/entity/Q13031359>	"Q13031359"		1		"Bielorrusia"@es	""
<http://www.wikidata.org/entity/Q13101314>	"Viktor"@en	"Viktor"@en	1			""
<http://www.wikidata.org/entity/Q13101783>	"Q13101783"		1		"Luxemburgo"@es	""
<http://www.wikidata.org/entity/Q13104443>	"Q13104443"		1		"Luxemburgo"@es	""
<http://www.wikidata.org/entity/Q13109743>	"Palm (beer)"@en	"Palm (beer)"@en	3			""
<http://www.wikidata.org/entity/Q13138489>	"Q13138489"		1		"Países Bajos"@es	""
<http://www.wikidata.org/entity/Q13209145>	"Budweiser Budvar"@en	"Budweiser Budvar"@en	4			""
<http://www.wikidata.org/entity/Q13367232>	"Q13367232"		3		"Finlandia"@es	""
<http://www.wikidata.org/entity/Q13376839>	"Schlossbrauerei Ellingen"@en	"Schlossbrauerei Ellingen"@en	3		"Alemania"@es	""
<http://www.wikidata.org/entity/Q13411270>	"Q13411270"		1		"República Checa"@es	""
<http://www.wikidata.org/entity/Q13427501>	"Q13427501"		1			""
<http://www.wikidata.org/entity/Q13427544>	"2 Caps"@en	"2 Caps"@en	1			""
<http://www.wikidata.org/entity/Q13437002>	"Q13437002"		1			""
<http://www.wikidata.org/entity/Q13439309>	"Lindeboom"@en	"Lindeboom"@en	3		"Países Bajos"@es	""
<http://www.wikidata.org/entity/Q13439673>	"Q13439673"		1			""
<http://www.wikidata.org/entity/Q13439687>	"Q13439687"		1			""
<http://www.wikidata.org/entity/Q13439865>	"Q13439865"		1			""
<http://www.wikidata.org/entity/Q13445070>	"Q13445070"		2		"Bélgica"@es	""
<http://www.wikidata.org/entity/Q13445071>	"Q13445071"		2		"Bélgica"@es	""
<http://www.wikidata.org/entity/Q13445074>	"cervecería Caulier"@es	"Caulier brewery"@en	3		"Bélgica"@es	""
<http://www.wikidata.org/entity/Q13445075>	"Silenrieux brewery"@en	"Silenrieux brewery"@en	3		"Bélgica"@es	""
<http://www.wikidata.org/entity/Q13445073>	"Q13445073"		2		"Bélgica"@es	""
<http://www.wikidata.org/entity/Q13445076>	"Q13445076"		1		"Bélgica"@es	""
<http://www.wikidata.org/entity/Q13445530>	"Brouwerij 't Paenhuys"@en	"Brouwerij 't Paenhuys"@en	2		"Bélgica"@es	""
<http://www.wikidata.org/entity/Q13445529>	"Brouwerij 't Gaverhopke"@es	"Brouwerij 't Gaverhopke"@en	1		"Bélgica"@es	""
<http://www.wikidata.org/entity/Q13445534>	"Q13445534"		1		"Bélgica"@es	""
<http://www.wikidata.org/entity/Q13445535>	"Q13445535"		1		"Bélgica"@es	""
<http://www.wikidata.org/entity/Q13445538>	"Q13445538"		1		"Países Bajos"@es	""
<http://www.wikidata.org/entity/Q13445536>	"Q13445536"		1		"Bélgica"@es	""
<http://www.wikidata.org/entity/Q13445537>	"Brouwerij Cnudde"@en	"Brouwerij Cnudde"@en	3		"Bélgica"@es	""
<http://www.wikidata.org/entity/Q13445541>	"Brouwerij De Glazen Toren"@en	"Brouwerij De Glazen Toren"@en	2		"Bélgica"@es	""
<http://www.wikidata.org/entity/Q13445547>	"Q13445547"		1		"Bélgica"@es	""
<http://www.wikidata.org/entity/Q13445544>	"Q13445544"		1		"Bélgica"@es	""
<http://www.wikidata.org/entity/Q13445545>	"Brouwerij De Klok, Zottegem"@en	"Brouwerij De Klok, Zottegem"@en	2		"Bélgica"@es	""
<http://www.wikidata.org/entity/Q13445554>	"Q13445554"		1		"Bélgica"@es	""
<http://www.wikidata.org/entity/Q13445552>	"Brouwerij De Leeuw"@en	"Brouwerij De Leeuw"@en	1		"Bélgica"@es	""
<http://www.wikidata.org/entity/Q13445553>	"Q13445553"		2		"Bélgica"@es	""
<http://www.wikidata.org/entity/Q13445558>	"Q13445558"		1		"Bélgica"@es	""
<http://www.wikidata.org/entity/Q13445556>	"Brouwerij De Schelde"@en	"Brouwerij De Schelde"@en	1		"Bélgica"@es	""
<http://www.wikidata.org/entity/Q13445557>	"Brouwerij De Schepper"@en	"Brouwerij De Schepper"@en	1		"Bélgica"@es	""
<http://www.wikidata.org/entity/Q13445563>	"Q13445563"		1		"Bélgica"@es	""
<http://www.wikidata.org/entity/Q13445560>	"Brouwerij De Twee Hoefijzers"@en	"Brouwerij De Twee Hoefijzers"@en	1		"Bélgica"@es	""
<http://www.wikidata.org/entity/Q13445566>	"Brouwerij Het Kasteel"@en	"Brouwerij Het Kasteel"@en	1		"Bélgica"@es	""
<http://www.wikidata.org/entity/Q13445567>	"Brouwerij Het Sleutelken"@en	"Brouwerij Het Sleutelken"@en	1		"Bélgica"@es	""
<http://www.wikidata.org/entity/Q13445570>	"Q13445570"		1		"Bélgica"@es	""
<http://www.wikidata.org/entity/Q13445568>	"Q13445568"		1		"Bélgica"@es	""
<http://www.wikidata.org/entity/Q13445569>	"Q13445569"		1		"Bélgica"@es	""
<http://www.wikidata.org/entity/Q13445574>	"Q13445574"		1		"Bélgica"@es	""
<http://www.wikidata.org/entity/Q13445575>	"Brouwerij Ressen"@en	"Brouwerij Ressen"@en	1		"Bélgica"@es	""
<http://www.wikidata.org/entity/Q13445572>	"Brouwerij Meiresonne"@en	"Brouwerij Meiresonne"@en	1		"Bélgica"@es	""
<http://www.wikidata.org/entity/Q13445573>	"Brouwerij Neyt"@en	"Brouwerij Neyt"@en	1		"Bélgica"@es	""
<http://www.wikidata.org/entity/Q13445578>	"Brouwerij Roegiers"@en	"Brouwerij Roegiers"@en	1		"Bélgica"@es	""
<http://www.wikidata.org/entity/Q13445576>	"Brouwerij Desplenter"@en	"Brouwerij Desplenter"@en	2		"Bélgica"@es	""
<http://www.wikidata.org/entity/Q13445582>	"Brouwerij Sint-Arnoldus"@en	"Brouwerij Sint-Arnoldus"@en	1		"Bélgica"@es	""
<http://www.wikidata.org/entity/Q13445583>	"Brouwerij Vermeulen"@en	"Brouwerij Vermeulen"@en	2		"Bélgica"@es	""
<http://www.wikidata.org/entity/Q13445580>	"Q13445580"		1		"Bélgica"@es	""
<http://www.wikidata.org/entity/Q13445587>	"Q13445587"		1		"Bélgica"@es	""
<http://www.wikidata.org/entity/Q13445585>	"Brouwerij Thienpont"@en	"Brouwerij Thienpont"@en	2		"Bélgica"@es	""
<http://www.wikidata.org/entity/Q13445590>	"Brouwerij Van Overstraeten"@en	"Brouwerij Van Overstraeten"@en	1		"Bélgica"@es	""
<http://www.wikidata.org/entity/Q13445588>	"Brouwerij Ultra"@en	"Brouwerij Ultra"@en	1		"Bélgica"@es	""
<http://www.wikidata.org/entity/Q13445589>	"Brouwerij Van Cauwenberghe"@en	"Brouwerij Van Cauwenberghe"@en	1		"Bélgica"@es	""
<http://www.wikidata.org/entity/Q13445592>	"Brouwerij Vondel"@en	"Brouwerij Vondel"@en	1		"Bélgica"@es	""
<http://www.wikidata.org/entity/Q13445776>	"Q13445776"		2			""
<http://www.wikidata.org/entity/Q13452771>	"Campus"@en	"Campus"@en	1			""
<http://www.wikidata.org/entity/Q13458648>	"Q13458648"		1			""
<http://www.wikidata.org/entity/Q13492582>	"Q13492582"		1		"Bélgica"@es	""
<http://www.wikidata.org/entity/Q13492587>	"Brouwerij Moens"@en	"Brouwerij Moens"@en	1		"Bélgica"@es	""
<http://www.wikidata.org/entity/Q13492598>	"Brouwerij Verschueren"@en	"Brouwerij Verschueren"@en	1		"Bélgica"@es	""
<http://www.wikidata.org/entity/Q13492603>	"Brouwerij Verstraeten"@en	"Brouwerij Verstraeten"@en	1		"Bélgica"@es	""
<http://www.wikidata.org/entity/Q13516749>	"Henry Weinhard's"@en	"Henry Weinhard's"@en	2		"Estados Unidos"@es	""
<http://www.wikidata.org/entity/Q13567751>	"Amstel Radler"@en	"Amstel Radler"@en	1			""
<http://www.wikidata.org/entity/Q13568405>	"Banks"@en	"Banks"@en	1			""
<http://www.wikidata.org/entity/Q13569119>	"Biére Lorraine"@en	"Biére Lorraine"@en	1			""
<http://www.wikidata.org/entity/Q13569121>	"Q13569121"		1			""
<http://www.wikidata.org/entity/Q13569358>	"Q13569358"		2		"Bélgica"@es	""
<http://www.wikidata.org/entity/Q13569359>	"Q13569359"		2		"Bélgica"@es	""
<http://www.wikidata.org/entity/Q13569360>	"Q13569360"		1		"Bélgica"@es	""
<http://www.wikidata.org/entity/Q13569398>	"Q13569398"		1		"Bélgica"@es	""
<http://www.wikidata.org/entity/Q13569396>	"Brouwerij De Vuyst"@en	"Brouwerij De Vuyst"@en	1		"Bélgica"@es	""
<http://www.wikidata.org/entity/Q13569403>	"Brouwerij Sint-Arnoldus"@en	"Brouwerij Sint-Arnoldus"@en	2		"Bélgica"@es	""
<http://www.wikidata.org/entity/Q13569400>	"Brouwerij Den Engel"@en	"Brouwerij Den Engel"@en	1		"Bélgica"@es	""
<http://www.wikidata.org/entity/Q13569404>	"Brouwerij Sint-Pieter"@en	"Brouwerij Sint-Pieter"@en	1		"Bélgica"@es	""
<http://www.wikidata.org/entity/Q13569410>	"Brouwerij Vita"@en	"Brouwerij Vita"@en	1		"Bélgica"@es	""
<http://www.wikidata.org/entity/Q13569411>	"Brouwerij Vooruit"@en	"Brouwerij Vooruit"@en	1		"Bélgica"@es	""
<http://www.wikidata.org/entity/Q13569408>	"Brouwerij Vertongen"@en	"Brouwerij Vertongen"@en	1		"Bélgica"@es	""
<http://www.wikidata.org/entity/Q13569412>	"Brouwerij Wagon"@en	"Brouwerij Wagon"@en	1		"Bélgica"@es	""
<http://www.wikidata.org/entity/Q13569935>	"Caybrew"@en	"Caybrew"@en	1			""
<http://www.wikidata.org/entity/Q13570597>	"Corsaire Bière"@en	"Corsaire Bière"@en	1			""
<http://www.wikidata.org/entity/Q13571345>	"Q13571345"		1		"Bélgica"@es	""
<http://www.wikidata.org/entity/Q13573965>	"Dommelsch Brewery"@en	"Dommelsch Brewery"@en	7		"Países Bajos"@es	""
<http://www.wikidata.org/entity/Q13574109>	"Q13574109"		1		"Bélgica"@es	""
<http://www.wikidata.org/entity/Q13574578>	"Q13574578"		1			""
<http://www.wikidata.org/entity/Q13574576>	"Q13574576"		1			""
<http://www.wikidata.org/entity/Q13574581>	"Q13574581"		1			""
<http://www.wikidata.org/entity/Q13585803>	"Hebridean Brewing Company"@en	"Hebridean Brewing Company"@en	2		"Reino Unido"@es	""
<http://www.wikidata.org/entity/Q13641203>	"Q13641203"		1			""
<http://www.wikidata.org/entity/Q13646242>	"Goud Vuur"@es	"Goud Vuur"@en	1			""
<http://www.wikidata.org/entity/Q13648336>	"Q13648336"		1		"Países Bajos"@es	""
<http://www.wikidata.org/entity/Q13649436>	"Q13649436"		1			""
<http://www.wikidata.org/entity/Q13653781>	"Hapkin"@en	"Hapkin"@en	3			""
<http://www.wikidata.org/entity/Q13723788>	"Q13723788"		1			""
<http://www.wikidata.org/entity/Q13725463>	"Q13725463"		1			""
<http://www.wikidata.org/entity/Q13729028>	"Huisbrouwerij Den Tseut"@en	"Huisbrouwerij Den Tseut"@en	2		"Bélgica"@es	""
<http://www.wikidata.org/entity/Q13731677>	"Q13731677"		1			""
<http://www.wikidata.org/entity/Q13738894>	"Q13738894"		1			""
<http://www.wikidata.org/entity/Q13738909>	"Q13738909"		1			""
<http://www.wikidata.org/entity/Q13739398>	"Q13739398"		1			""
<http://www.wikidata.org/entity/Q13739825>	"Q13739825"		1			""
<http://www.wikidata.org/entity/Q13745814>	"Q13745814"		1			""
<http://www.wikidata.org/entity/Q13746866>	"Q13746866"		1			""
<http://www.wikidata.org/entity/Q13746875>	"Q13746875"		1			""
<http://www.wikidata.org/entity/Q13812442>	"Q13812442"		1			""
<http://www.wikidata.org/entity/Q13845077>	"Kinn Bryggeri"@en	"Kinn Bryggeri"@en	3		"Noruega"@es	""
<http://www.wikidata.org/entity/Q13846456>	"Q13846456"		1		"Alemania"@es	""
<http://www.wikidata.org/entity/Q13861230>	"Haandbryggeriet"@en	"Haandbryggeriet"@en	4		"Noruega"@es	""
<http://www.wikidata.org/entity/Q13873036>	"Q13873036"		1			""
<http://www.wikidata.org/entity/Q13902619>	"Q13902619"		1			""
<http://www.wikidata.org/entity/Q13905189>	"Q13905189"		1			""
<http://www.wikidata.org/entity/Q13915111>	"Okult"@en	"Okult"@en	1			""
<http://www.wikidata.org/entity/Q14161815>	"Q14161815"		1			""
<http://www.wikidata.org/entity/Q14278877>	"Q14278877"		1			""
<http://www.wikidata.org/entity/Q14300750>	"Q14300750"		1			""
<http://www.wikidata.org/entity/Q14369075>	"Duits & Lauret"@en	"Duits & Lauret"@en	1		"Países Bajos"@es	""
<http://www.wikidata.org/entity/Q14479284>	"Q14479284"		3			""
<http://www.wikidata.org/entity/Q14514691>	"Q14514691"		1			""
<http://www.wikidata.org/entity/Q14519852>	"Q14519852"		1			""
<http://www.wikidata.org/entity/Q14520164>	"Q14520164"		1			""
<http://www.wikidata.org/entity/Q14526304>	"Q14526304"		1			""
<http://www.wikidata.org/entity/Q14532175>	"Brauerei Eisenach"@es	"Eisenacher Brauerei"@en	3		"Alemania"@es	""
<http://www.wikidata.org/entity/Q14536095>	"Isleña"@es	"Isleña"@en	2			""
<http://www.wikidata.org/entity/Q14540983>	"Auerhahn Brauerei"@en	"Auerhahn Brauerei"@en	2		"Alemania"@es	""
<http://www.wikidata.org/entity/Q14541100>	"Quellen-Brauerei"@en	"Quellen-Brauerei"@en	2		"Alemania"@es	""
<http://www.wikidata.org/entity/Q14545625>	"Gasthaus Goldene Harfe (Erlangen)"@en	"Gasthaus Goldene Harfe (Erlangen)"@en	2		"Alemania"@es	""
<http://www.wikidata.org/entity/Q14622653>	"Saint-Feuillien beer"@en	"Saint-Feuillien beer"@en	6		"Bélgica"@es	""
<http://www.wikidata.org/entity/Q14624017>	"Q14624017"		1		"Bélgica"@es	""
<http://www.wikidata.org/entity/Q14627942>	"Mützig"@en	"Mützig"@en	4		"Francia"@es	""
<http://www.wikidata.org/entity/Q14627972>	"Brasserie Schutzenberger"@en	"Brasserie Schutzenberger"@en	1		"Francia"@es	""
<http://www.wikidata.org/entity/Q14629813>	"Q14629813"		1			""
<http://www.wikidata.org/entity/Q14630533>	"Hairoun"@en	"Hairoun"@en	1			""
<http://www.wikidata.org/entity/Q14630596>	"Q14630596"		1			""
<http://www.wikidata.org/entity/Q14636000>	"Q14636000"		2			""
<http://www.wikidata.org/entity/Q14641747>	"Medalla Light"@en	"Medalla Light"@en	1			""
<http://www.wikidata.org/entity/Q14653319>	"Q14653319"		1			""
<http://www.wikidata.org/entity/Q14685020>	"New Belgium Brewing Company"@en	"New Belgium Brewing Company"@en	5		"Estados Unidos"@es	""
<http://www.wikidata.org/entity/Q14688958>	"Dubuque Star Brewery"@en	"Dubuque Star Brewery"@en	3		"Estados Unidos"@es	""
<http://www.wikidata.org/entity/Q14694794>	"Salitos"@en	"Salitos"@en	1		"Estados Unidos"@es	""
<http://www.wikidata.org/entity/Q14699378>	"Q14699378"		1			""
<http://www.wikidata.org/entity/Q14713879>	"Redhook Ale Brewery"@en	"Redhook Ale Brewery"@en	1		"Estados Unidos"@es	""
<http://www.wikidata.org/entity/Q14714485>	"Jacob Leinenkugel Brewing Company"@en	"Jacob Leinenkugel Brewing Company"@en	2		"Estados Unidos"@es	""
<http://www.wikidata.org/entity/Q14744170>	"Stoombierbrouwerij De Keyzer"@es	"Stoombierbrouwerij De Keyzer"@en	1		"Países Bajos"@es	""
<http://www.wikidata.org/entity/Q14749639>	"Q14749639"		2			""
<http://www.wikidata.org/entity/Q14754069>	"Wadadli"@en	"Wadadli"@en	1			""
<http://www.wikidata.org/entity/Q14754363>	"Wieckse"@en	"Wieckse"@en	2			""
<http://www.wikidata.org/entity/Q14849587>	"Brouwerij De Geest"@en	"Brouwerij De Geest"@en	1		"Bélgica"@es	""
<http://www.wikidata.org/entity/Q14849588>	"Q14849588"		2		"Bélgica"@es	""
<http://www.wikidata.org/entity/Q14852073>	"Q14852073"		1			""
<http://www.wikidata.org/entity/Q14855292>	"Safir"@en	"Safir"@en	2		"Bélgica"@es	""
<http://www.wikidata.org/entity/Q14875361>	"Northern Breweries"@en	"Northern Breweries"@en	1		"Canadá"@es	""
<http://www.wikidata.org/entity/Q14875438>	"Steam Whistle Brewing"@en	"Steam Whistle Brewing"@en	3		"Canadá"@es	""
<http://www.wikidata.org/entity/Q14906472>	"Paqué brewery, St. Wendel"@en	"Paqué brewery, St. Wendel"@en	2		"Alemania"@es	""
<http://www.wikidata.org/entity/Q14907301>	"Vedett"@en	"Vedett"@en	1			""
<http://www.wikidata.org/entity/Q14941998>	"Q14941998"		1			""
<http://www.wikidata.org/entity/Q14942104>	"Q14942104"		1			""
<http://www.wikidata.org/entity/Q14942225>	"Monty Python's Holy Ail"@en	"Monty Python's Holy Ail"@en	1			""
<http://www.wikidata.org/entity/Q14942232>	"Q14942232"		1			""
<http://www.wikidata.org/entity/Q14942693>	"Q14942693"		1			""
<http://www.wikidata.org/entity/Q14947900>	"Lenzei"@en	"Lenzei"@en	2		"Alemania"@es	""
<http://www.wikidata.org/entity/Q15076069>	"Marckloff"@en	"Marckloff"@en	2		"Bélgica"@es	""
<http://www.wikidata.org/entity/Q15107943>	"Brauerei Alsfeld"@en	"Brauerei Alsfeld"@en	2		"Alemania"@es	""
<http://www.wikidata.org/entity/Q15109862>	"Craft Brew Alliance"@en	"Craft Brew Alliance"@en	2		"Estados Unidos"@es	""
<http://www.wikidata.org/entity/Q15156880>	"Brasserie Ellezelloise"@en	"Brasserie Ellezelloise"@en	1		"Bélgica"@es	""
<http://www.wikidata.org/entity/Q15217661>	"FiftyFifty Brewing Company"@en	"FiftyFifty Brewing Company"@en	1		"Estados Unidos"@es	""
<http://www.wikidata.org/entity/Q15217915>	"Flounder Brewing"@en	"Flounder Brewing"@en	1		"Estados Unidos"@es	""
<http://www.wikidata.org/entity/Q15218363>	"Franconia Brewing Company"@en	"Franconia Brewing Company"@en	1		"Estados Unidos"@es	""
<http://www.wikidata.org/entity/Q15218376>	"Frankenmuth Brewery"@en	"Frankenmuth Brewery"@en	1		"Estados Unidos"@es	""
<http://www.wikidata.org/entity/Q15255982>	"Moorhouse's"@en	"Moorhouse's"@en	3		"Reino Unido"@es	""
<http://www.wikidata.org/entity/Q15263846>	"Old Post Office"@en	"Old Post Office"@en	2		"Estados Unidos"@es	""
<http://www.wikidata.org/entity/Q15265889>	"Penn Brewery"@en	"Penn Brewery"@en	3		"Estados Unidos"@es	""
<http://www.wikidata.org/entity/Q15269165>	"Pivovar Cvikov"@en	"Pivovar Cvikov"@en	2		"República Checa"@es	""
<http://www.wikidata.org/entity/Q15304359>	"Asia Pacific Breweries"@en	"Asia Pacific Breweries"@en	7		"Singapur"@es	""
<http://www.wikidata.org/entity/Q15427479>	"Zur Stadt Hamburg"@en	"Zur Stadt Hamburg"@en	2		"Alemania"@es	""
<http://www.wikidata.org/entity/Q15427562>	"Zum Schwarzen Adler"@es	"Zum Schwarzen Adler"@en	2		"Alemania"@es	""
<http://www.wikidata.org/entity/Q15428352>	"Spezial-Brauerei Schierling"@en	"Spezial-Brauerei Schierling"@en	2		"Alemania"@es	""
<http://www.wikidata.org/entity/Q15545089>	"Evil Twin Brewing"@es	"Evil Twin Brewing"@en	2		"Estados Unidos"@es	""
<http://www.wikidata.org/entity/Q15618229>	"Castle Brewery Frýdlant"@en	"Castle Brewery Frýdlant"@en	2		"República Checa"@es	""
<http://www.wikidata.org/entity/Q15623247>	"Q15623247"		2		"Bélgica"@es	""
<http://www.wikidata.org/entity/Q15652099>	"Q15652099"		1		"República Checa"@es	""
<http://www.wikidata.org/entity/Q15730745>	"Marktplatz 5 (Weißenburg in Bayern)"@en	"Marktplatz 5 (Weißenburg in Bayern)"@en	2		"Alemania"@es	""
<http://www.wikidata.org/entity/Q15787245>	"Bayerische Brauerei Kaiserslautern"@en	"Bayerische Brauerei Kaiserslautern"@en	2		"Imperio aleman (1871-1949)"@es	""
<http://www.wikidata.org/entity/Q15787245>	"Bayerische Brauerei Kaiserslautern"@en	"Bayerische Brauerei Kaiserslautern"@en	2		"Alemania"@es	""
<http://www.wikidata.org/entity/Q15789453>	"Q15789453"		1		"Alemania"@es	""
<http://www.wikidata.org/entity/Q15789694>	"Q15789694"		1		"Alemania"@es	""
<http://www.wikidata.org/entity/Q15789692>	"Brauerei Bayerischer Hof"@en	"Brauerei Bayerischer Hof"@en	1		"Imperio aleman (1871-1949)"@es	""
<http://www.wikidata.org/entity/Q15789692>	"Brauerei Bayerischer Hof"@en	"Brauerei Bayerischer Hof"@en	1		"Alemania"@es	""
<http://www.wikidata.org/entity/Q15789693>	"Q15789693"		1		"Imperio aleman (1871-1949)"@es	""
<http://www.wikidata.org/entity/Q15789693>	"Q15789693"		1		"Alemania"@es	""
<http://www.wikidata.org/entity/Q15789698>	"Q15789698"		2		"Alemania"@es	""
<http://www.wikidata.org/entity/Q15789699>	"Q15789699"		1		"Alemania"@es	""
<http://www.wikidata.org/entity/Q15789697>	"Hackert Brewery"@en	"Hackert Brewery"@en	2		"Alemania"@es	""
<http://www.wikidata.org/entity/Q15789702>	"Q15789702"		1		"Imperio aleman (1871-1949)"@es	""
<http://www.wikidata.org/entity/Q15789702>	"Q15789702"		1		"Alemania"@es	""
<http://www.wikidata.org/entity/Q15789703>	"Q15789703"		1		"Alemania"@es	""
<http://www.wikidata.org/entity/Q15789701>	"Q15789701"		1		"Imperio aleman (1871-1949)"@es	""
<http://www.wikidata.org/entity/Q15789701>	"Q15789701"		1		"Alemania"@es	""
<http://www.wikidata.org/entity/Q15789708>	"Q15789708"		1		"Imperio aleman (1871-1949)"@es	""
<http://www.wikidata.org/entity/Q15789708>	"Q15789708"		1		"Alemania"@es	""
<http://www.wikidata.org/entity/Q15791803>	"Q15791803"		1		"Alemania"@es	""
<http://www.wikidata.org/entity/Q15792918>	"Q15792918"		2		"Alemania"@es	""
<http://www.wikidata.org/entity/Q15792919>	"Q15792919"		1		"Alemania"@es	""
<http://www.wikidata.org/entity/Q15792922>	"Q15792922"		1		"Alemania"@es	""
<http://www.wikidata.org/entity/Q15792923>	"Maierbräu"@en	"Maierbräu"@en	2		"Alemania"@es	""
<http://www.wikidata.org/entity/Q15792920>	"Q15792920"		1		"Alemania"@es	""
<http://www.wikidata.org/entity/Q15792921>	"Q15792921"		1		"Imperio aleman (1871-1949)"@es	""
<http://www.wikidata.org/entity/Q15792921>	"Q15792921"		1		"Alemania"@es	""
<http://www.wikidata.org/entity/Q15793219>	"Bürgerliches Brauhaus Saalfeld"@en	"Bürgerliches Brauhaus Saalfeld"@en	4		"Alemania"@es	""
<http://www.wikidata.org/entity/Q15809498>	"Ferdinand"@es	"Pivovar Ferdinand"@en	3		"República Checa"@es	""
<http://www.wikidata.org/entity/Q15841014>	"Q15841014"		1		"Alemania"@es	""
<http://www.wikidata.org/entity/Q15841015>	"Q15841015"		2		"Alemania"@es	""
<http://www.wikidata.org/entity/Q15841013>	"Privatbrauerei Friedrich Haaß"@en	"Privatbrauerei Friedrich Haaß"@en	2		"Alemania"@es	""
<http://www.wikidata.org/entity/Q15843460>	"Q15843460"		2		"Alemania"@es	""
<http://www.wikidata.org/entity/Q15846644>	"Q15846644"		2		"Alemania"@es	""
<http://www.wikidata.org/entity/Q15855822>	"Zukunft am Ostkreuz"@en	"Zukunft am Ostkreuz"@en	2		"Alemania"@es	""
<http://www.wikidata.org/entity/Q15855826>	"Zum Engel"@en	"Zum Engel"@en	2		"Alemania"@es	""
<http://www.wikidata.org/entity/Q15856943>	"Q15856943"		1		"Imperio aleman (1871-1949)"@es	""
<http://www.wikidata.org/entity/Q15856943>	"Q15856943"		1		"Alemania"@es	""
<http://www.wikidata.org/entity/Q15872576>	"Anosteké"@en	"Anosteké"@en	1			""
<http://www.wikidata.org/entity/Q15873371>	"Q15873371"		1		"Bélgica"@es	""
<http://www.wikidata.org/entity/Q15873414>	"Q15873414"		1			""
<http://www.wikidata.org/entity/Q15873507>	"Brasserie Inter-Pol"@en	"Brasserie Inter-Pol"@en	1		"Bélgica"@es	""
<http://www.wikidata.org/entity/Q15873508>	"Brasserie Jean Tout Seul"@en	"Brasserie Jean Tout Seul"@en	2		"Bélgica"@es	""
<http://www.wikidata.org/entity/Q15873550>	"Q15873550"		2		"Bélgica"@es	""
<http://www.wikidata.org/entity/Q15873555>	"Brouwerij Van den Bussche"@en	"Brouwerij Van den Bussche"@en	2		"Bélgica"@es	""
<http://www.wikidata.org/entity/Q15873552>	"Q15873552"		1		"Bélgica"@es	""
<http://www.wikidata.org/entity/Q15873553>	"Van Goethem"@en	"Van Goethem"@en	2		"Bélgica"@es	""
<http://www.wikidata.org/entity/Q15873556>	"Brewery Wielemans-Ceuppens"@en	"Brewery Wielemans-Ceuppens"@en	4		"Bélgica"@es	""
<http://www.wikidata.org/entity/Q15873592>	"Q15873592"		1			""
<http://www.wikidata.org/entity/Q15874138>	"Q15874138"		1			""
<http://www.wikidata.org/entity/Q15874139>	"Q15874139"		1		"Bélgica"@es	""
<http://www.wikidata.org/entity/Q15874137>	"Q15874137"		1			""
<http://www.wikidata.org/entity/Q15874140>	"Q15874140"		1			""
<http://www.wikidata.org/entity/Q15874263>	"Q15874263"		1		"Bélgica"@es	""
<http://www.wikidata.org/entity/Q15875094>	"Extase"@en	"Extase"@en	1		"Bélgica"@es	""
<http://www.wikidata.org/entity/Q15875222>	"Q15875222"		1		"Bélgica"@es	""
<http://www.wikidata.org/entity/Q15875282>	"Q15875282"		1			""
<http://www.wikidata.org/entity/Q15875327>	"Q15875327"		1		"Bélgica"@es	""
<http://www.wikidata.org/entity/Q15875493>	"Q15875493"		1		"Bélgica"@es	""
<http://www.wikidata.org/entity/Q15875840>	"Q15875840"		1			""
<http://www.wikidata.org/entity/Q15875841>	"Q15875841"		1			""
<http://www.wikidata.org/entity/Q15875844>	"Q15875844"		1			""
<http://www.wikidata.org/entity/Q15875924>	"Q15875924"		1			""
<http://www.wikidata.org/entity/Q15876453>	"Q15876453"		1		"Bélgica"@es	""
<http://www.wikidata.org/entity/Q15876456>	"Q15876456"		1			""
<http://www.wikidata.org/entity/Q15877349>	"Q15877349"		1		"Bélgica"@es	""
<http://www.wikidata.org/entity/Q15877635>	"La Douce Vertus"@en	"La Douce Vertus"@en	2			""
<http://www.wikidata.org/entity/Q15877636>	"Q15877636"		1			""
<http://www.wikidata.org/entity/Q15877650>	"Q15877650"		1		"Bélgica"@es	""
<http://www.wikidata.org/entity/Q15877851>	"Q15877851"		1			""
<http://www.wikidata.org/entity/Q15879926>	"Q15879926"		1			""
<http://www.wikidata.org/entity/Q15880353>	"Q15880353"		1		"Bélgica"@es	""
<http://www.wikidata.org/entity/Q15880560>	"Q15880560"		1			""
<http://www.wikidata.org/entity/Q15880777>	"Pivovar Ostravar"@en	"Pivovar Ostravar"@en	7		"República Checa"@es	""
<http://www.wikidata.org/entity/Q15881475>	"Q15881475"		1			""
<http://www.wikidata.org/entity/Q15883038>	"Q15883038"		1			""
<http://www.wikidata.org/entity/Q15883054>	"Q15883054"		1			""
<http://www.wikidata.org/entity/Q15883053>	"Q15883053"		1			""
<http://www.wikidata.org/entity/Q15883984>	"Q15883984"		1			""
<http://www.wikidata.org/entity/Q15884073>	"Q15884073"		1			""
<http://www.wikidata.org/entity/Q15900337>	"Q15900337"		2		"Imperio del Japón"@es	""
<http://www.wikidata.org/entity/Q15900337>	"Q15900337"		2		"República de China"@es	""
<http://www.wikidata.org/entity/Q15906231>	"Q15906231"		2		"Alemania"@es	""
<http://www.wikidata.org/entity/Q15917436>	"Fóti Craft Brewery"@en	"Fóti Craft Brewery"@en	1			""
<http://www.wikidata.org/entity/Q15917756>	"Q15917756"		1			""
<http://www.wikidata.org/entity/Q15943805>	"Q15943805"		1			""
<http://www.wikidata.org/entity/Q17038527>	"Steamworks Brewing Company"@en	"Steamworks Brewing Company"@en	1		"Canadá"@es	""
<http://www.wikidata.org/entity/Q17041119>	"Old Town Pizza"@en	"Old Town Pizza"@en	2		"Estados Unidos"@es	""
<http://www.wikidata.org/entity/Q17053398>	"Privatbrauerei Hofmühl"@en	"Privatbrauerei Hofmühl"@en	4		"Alemania"@es	""
<http://www.wikidata.org/entity/Q17065812>	"Wieland Brewery Building"@en	"Wieland Brewery Building"@en	2		"Estados Unidos"@es	""
<http://www.wikidata.org/entity/Q17090520>	"Tun Tavern Brewery"@en	"Tun Tavern Brewery"@en	1		"Estados Unidos"@es	""
<http://www.wikidata.org/entity/Q17090693>	"New Holland Brewing Company"@en	"New Holland Brewing Company"@en	2		"Estados Unidos"@es	""
<http://www.wikidata.org/entity/Q17101869>	"Janssen and Bechly Brewery"@en	"Janssen and Bechly Brewery"@en	2		"Alemania"@es	""
<http://www.wikidata.org/entity/Q17108286>	"The Bruery"@es	"The Bruery"@en	1		"Estados Unidos"@es	""
<http://www.wikidata.org/entity/Q17108368>	"Pete's Brewing Company"@en	"Pete's Brewing Company"@en	1		"Estados Unidos"@es	""
<http://www.wikidata.org/entity/Q17110188>	"Mt. Begbie Brewing Company"@en	"Mt. Begbie Brewing Company"@en	1		"Canadá"@es	""
<http://www.wikidata.org/entity/Q17110738>	"Tired Hands Brewing Company"@es	"Tired Hands Brewing Company"@en	1		"Estados Unidos"@es	""
<http://www.wikidata.org/entity/Q17118795>	"New Glarus Brewing Company"@es	"New Glarus Brewing Company"@en	3		"Estados Unidos"@es	""
<http://www.wikidata.org/entity/Q17127595>	"Q17127595"		1		"Alemania"@es	""
<http://www.wikidata.org/entity/Q17183477>	"Black Warrior Brewing Company"@en	"Black Warrior Brewing Company"@en	1		"Estados Unidos"@es	""
<http://www.wikidata.org/entity/Q17189411>	"Q17189411"		1			""
<http://www.wikidata.org/entity/Q17190929>	"Akashi Sake Brewery"@en	"Akashi Sake Brewery"@en	2		"Japón"@es	""
<http://www.wikidata.org/entity/Q17226789>	"Obata Sake Brewery"@en	"Obata Sake Brewery"@en	2		"Japón"@es	""
<http://www.wikidata.org/entity/Q17228635>	"Sapporo Classic"@en	"Sapporo Classic"@en	2			""
<http://www.wikidata.org/entity/Q17300141>	"Wispe"@en	"Wispe"@en	2		"Países Bajos"@es	""
<http://www.wikidata.org/entity/Q17310588>	"Brauerei Treiber"@en	"Brauerei Treiber"@en	2		"Alemania"@es	""
<http://www.wikidata.org/entity/Q17310589>	"Brauerei Ganß"@en	"Brauerei Ganß"@en	2		"Alemania"@es	""
<http://www.wikidata.org/entity/Q17325739>	"Post Brauerei Weiler und Siebers-Quelle Anton Zinth"@en	"Post Brauerei Weiler und Siebers-Quelle Anton Zinth"@en	2		"Alemania"@es	""
<http://www.wikidata.org/entity/Q17381319>	"Brouwerij Bourgogne"@en	"Brouwerij Bourgogne"@en	1		"Bélgica"@es	""
<http://www.wikidata.org/entity/Q17400190>	"Familienbrauerei Bauhöfer"@en	"Familienbrauerei Bauhöfer"@en	2		"Alemania"@es	""
<http://www.wikidata.org/entity/Q17416431>	"Vratislavice brewery"@en	"Vratislavice brewery"@en	3		"República Checa"@es	""
<http://www.wikidata.org/entity/Q17455021>	"Albrecht"@es	"Albrecht"@en	2			""
<http://www.wikidata.org/entity/Q17460473>	"Bierbrouwerij Van Waes Boodts"@en	"Bierbrouwerij Van Waes Boodts"@en	2		"Países Bajos"@es	""
<http://www.wikidata.org/entity/Q17479551>	"Brewery in Bojanowo"@en	"Brewery in Bojanowo"@en	2		"Polonia"@es	""
<http://www.wikidata.org/entity/Q17489332>	"Stallhagen"@en	"Stallhagen"@en	5		"Finlandia"@es	""
<http://www.wikidata.org/entity/Q17491286>	"Auburn Alehouse"@en	"Auburn Alehouse"@en	1		"Estados Unidos"@es	""
<http://www.wikidata.org/entity/Q17492950>	"Q17492950"		1		"Países Bajos"@es	""
<http://www.wikidata.org/entity/Q17492953>	"Heineken's Bierbrouwerij Maatschappij"@en	"Heineken's Bierbrouwerij Maatschappij"@en	2		"Países Bajos"@es	""
<http://www.wikidata.org/entity/Q17505463>	"Brauerei-Gasthof Bucher (Gundelfingen an der Donau)"@en	"Brauerei-Gasthof Bucher (Gundelfingen an der Donau)"@en	2		"Alemania"@es	""
<http://www.wikidata.org/entity/Q17514910>	"Dunedin Brewery"@en	"Dunedin Brewery"@en	1		"Estados Unidos"@es	""
<http://www.wikidata.org/entity/Q17562843>	"Q17562843"		2		"Croacia"@es	""
<http://www.wikidata.org/entity/Q17573617>	"Pivovar Opava"@en	"Pivovar Opava"@en	1		"República Checa"@es	""
<http://www.wikidata.org/entity/Q17619151>	"Q17619151"		1		"Alemania"@es	""
<http://www.wikidata.org/entity/Q17622303>	"Q17622303"		1		"Bélgica"@es	""
<http://www.wikidata.org/entity/Q17622300>	"Sarrebourg"@en	"Sarrebourg"@en	2			""
<http://www.wikidata.org/entity/Q17626356>	"Q17626356"		1		"República Checa"@es	""
<http://www.wikidata.org/entity/Q17626370>	"Mostecký Kahan minibrewery"@en	"Mostecký Kahan minibrewery"@en	2		"República Checa"@es	""
<http://www.wikidata.org/entity/Q17626388>	"Q17626388"		1		"República Checa"@es	""
<http://www.wikidata.org/entity/Q17645479>	"Old Brew House"@en	"Old Brew House"@en	1		"Reino Unido"@es	""
<http://www.wikidata.org/entity/Q17748178>	"Schlossbrauerei Sandersdorf"@en	"Schlossbrauerei Sandersdorf"@en	2		"Alemania"@es	""
<http://www.wikidata.org/entity/Q17749509>	"Atna Øl"@en	"Atna Øl"@en	2		"Noruega"@es	""
<http://www.wikidata.org/entity/Q17760435>	"Brutalis"@en	"Brutalis"@en	1		"Dinamarca"@es	""
<http://www.wikidata.org/entity/Q17762331>	"Christianssand Brygghus"@en	"Christianssand Brygghus"@en	2		"Noruega"@es	""
<http://www.wikidata.org/entity/Q17762775>	"Costa Rica's Craft Brewing Company"@en	"Costa Rica's Craft Brewing Company"@en	1		"Costa Rica"@es	""
<http://www.wikidata.org/entity/Q17769538>	"Q17769538"		1		"Noruega"@es	""
<http://www.wikidata.org/entity/Q18011747>	"Q18011747"		1		"Bélgica"@es	""
<http://www.wikidata.org/entity/Q18011750>	"Brouwerij Bekaert"@en	"Brouwerij Bekaert"@en	2		"Bélgica"@es	""
<http://www.wikidata.org/entity/Q18011751>	"Q18011751"		1		"Bélgica"@es	""
<http://www.wikidata.org/entity/Q18011748>	"Q18011748"		1		"Bélgica"@es	""
<http://www.wikidata.org/entity/Q18011749>	"Brouwerij Sint-Arnoldus"@en	"Brouwerij Sint-Arnoldus"@en	2		"Bélgica"@es	""
<http://www.wikidata.org/entity/Q18011754>	"Brouwerij Christiaen"@en	"Brouwerij Christiaen"@en	1		"Bélgica"@es	""
<http://www.wikidata.org/entity/Q18011755>	"Q18011755"		1		"Bélgica"@es	""
<http://www.wikidata.org/entity/Q18011752>	"Brouwerij Belle Vue"@en	"Brouwerij Belle Vue"@en	2		"Bélgica"@es	""
<http://www.wikidata.org/entity/Q18011753>	"Q18011753"		1		"Bélgica"@es	""
<http://www.wikidata.org/entity/Q18011758>	"Q18011758"		1		"Bélgica"@es	""
<http://www.wikidata.org/entity/Q18011756>	"Brouwerij het Anker"@en	"Brouwerij het Anker"@en	2		"Bélgica"@es	""
<http://www.wikidata.org/entity/Q18011757>	"Brouwerij Sint-Jozef"@en	"Brouwerij Sint-Jozef"@en	1		"Bélgica"@es	""
<http://www.wikidata.org/entity/Q18011805>	"Q18011805"		1		"Países Bajos"@es	""
<http://www.wikidata.org/entity/Q18011856>	"Q18011856"		1		"Bélgica"@es	""
<http://www.wikidata.org/entity/Q18011870>	"Q18011870"		1		"Bélgica"@es	""
<http://www.wikidata.org/entity/Q18020771>	"Brasserie de l'Espérance"@en	"Brasserie de l'Espérance"@en	3		"Francia"@es	""
<http://www.wikidata.org/entity/Q18027014>	"Privatbrauerei Fritz Egger"@en	"Privatbrauerei Fritz Egger"@en	2		"Austria"@es	""
<http://www.wikidata.org/entity/Q18027733>	"Schlossbrauerei Naabeck"@en	"Schlossbrauerei Naabeck"@en	2		"Alemania"@es	""
<http://www.wikidata.org/entity/Q18032020>	"Q18032020"		1		"Bélgica"@es	""
<http://www.wikidata.org/entity/Q18042610>	"Q18042610"		2		"República Checa"@es	""
<http://www.wikidata.org/entity/Q18042636>	"Gambrinus"@en	"Gambrinus"@en	2		"República Checa"@es	""
<http://www.wikidata.org/entity/Q18042673>	"Q18042673"		1		"República Checa"@es	""
<http://www.wikidata.org/entity/Q18042743>	"Q18042743"		1		"República Checa"@es	""
<http://www.wikidata.org/entity/Q18042791>	"Q18042791"		1		"República Checa"@es	""
<http://www.wikidata.org/entity/Q18042795>	"Q18042795"		1		"República Checa"@es	""
<http://www.wikidata.org/entity/Q18042804>	"Pivovárek Morava"@en	"Pivovárek Morava"@en	1		"República Checa"@es	""
<http://www.wikidata.org/entity/Q18042846>	"Q18042846"		1		"República Checa"@es	""
<http://www.wikidata.org/entity/Q18042847>	"Q18042847"		1		"República Checa"@es	""
<http://www.wikidata.org/entity/Q18042849>	"Skřečoňský žabák"@en	"Skřečoňský žabák"@en	2		"República Checa"@es	""
<http://www.wikidata.org/entity/Q18042852>	"Q18042852"		1		"República Checa"@es	""
<http://www.wikidata.org/entity/Q18051424>	"Diekirch"@en	"Diekirch"@en	1		"Luxemburgo"@es	""
<http://www.wikidata.org/entity/Q18086967>	"Kornuit"@en	"Kornuit"@en	1			""
<http://www.wikidata.org/entity/Q18088518>	"Q18088518"		1			""
<http://www.wikidata.org/entity/Q18088529>	"Q18088529"		1			""
<http://www.wikidata.org/entity/Q18088772>	"Schorschbock Finis Coronat Opus"@en	"Schorschbock Finis Coronat Opus"@en	1		"Alemania"@es	""
<http://www.wikidata.org/entity/Q18113985>	"Q18113985"		1		"República Checa"@es	""
<http://www.wikidata.org/entity/Q18114144>	"Q18114144"		1		"República Checa"@es	""
<http://www.wikidata.org/entity/Q18151793>	"No-Li Brewhouse"@en	"No-Li Brewhouse"@en	1		"Estados Unidos"@es	""
<http://www.wikidata.org/entity/Q18161195>	"London Pride"@en	"London Pride"@en	7		"Reino Unido"@es	""
<http://www.wikidata.org/entity/Q18161367>	"Matthew Brown brewery"@en	"Matthew Brown brewery"@en	1		"Reino Unido"@es	""
<http://www.wikidata.org/entity/Q18162424>	"Twickenham Fine Ales"@en	"Twickenham Fine Ales"@en	1		"Reino Unido"@es	""
<http://www.wikidata.org/entity/Q18163127>	"Westerham Brewery"@es	"Westerham Brewery"@en	2		"Reino Unido"@es	""
<http://www.wikidata.org/entity/Q18167116>	"Invercargill Brewery"@en	"Invercargill Brewery"@en	1		"Nueva Zelanda"@es	""
<http://www.wikidata.org/entity/Q18191397>	"Maccabee Beer"@en	"Maccabee Beer"@en	5			""
<http://www.wikidata.org/entity/Q18215055>	"Q18215055"		1			""
<http://www.wikidata.org/entity/Q18215214>	"Maes Radler"@en	"Maes Radler"@en	1		"Bélgica"@es	""
<http://www.wikidata.org/entity/Q18335047>	"Q18335047"		1		"Suecia"@es	""
<http://www.wikidata.org/entity/Q18337235>	"Taketsuru Shuzo Sake Brewery"@en	"Taketsuru Shuzo Sake Brewery"@en	2		"Japón"@es	""
<http://www.wikidata.org/entity/Q18339337>	"Maihime Sake Brewery"@en	"Maihime Sake Brewery"@en	2		"Japón"@es	""
<http://www.wikidata.org/entity/Q18346833>	"Q18346833"		1		"República Checa"@es	""
<http://www.wikidata.org/entity/Q15980473>	"Žatecký Gus"@en	"Žatecký Gus"@en	2		"Rusia"@es	""
<http://www.wikidata.org/entity/Q15991801>	"Brouwerij Marckensteijn"@en	"Brouwerij Marckensteijn"@en	1		"Países Bajos"@es	""
<http://www.wikidata.org/entity/Q16011074>	"Q16011074"		1		"Francia"@es	""
<http://www.wikidata.org/entity/Q16068906>	"Q16068906"		1			""
<http://www.wikidata.org/entity/Q16069319>	"Baltika-Baku"@en	"Baltika-Baku"@en	1			""
<http://www.wikidata.org/entity/Q16069693>	"Q16069693"		3		"Georgia"@es	""
<http://www.wikidata.org/entity/Q16070540>	"Q16070540"		2			""
<http://www.wikidata.org/entity/Q16070619>	"Q16070619"		1			""
<http://www.wikidata.org/entity/Q16070652>	"Xırdalan"@en	"Xırdalan"@en	2			""
<http://www.wikidata.org/entity/Q16071049>	"Brasserie des Alliés"@en	"Brasserie des Alliés"@en	2		"Bélgica"@es	""
<http://www.wikidata.org/entity/Q16108998>	"Zaječarsko pivo"@en	"Zaječarsko pivo"@en	5			""
<http://www.wikidata.org/entity/Q16129494>	"Shapiro beer"@en	"Shapiro beer"@en	1		"Israel"@es	""
<http://www.wikidata.org/entity/Q16219114>	"Q16219114"		3		"Alemania"@es	""
<http://www.wikidata.org/entity/Q16241026>	"Bryncelyn Brewery"@en	"Bryncelyn Brewery"@en	1		"Reino Unido"@es	""
<http://www.wikidata.org/entity/Q16247031>	"Cameron's Brewing Company"@en	"Cameron's Brewing Company"@en	2		"Canadá"@es	""
<http://www.wikidata.org/entity/Q16248262>	"James Boag's Premium"@en	"James Boag's Premium"@en	1		"Australia"@es	""
<http://www.wikidata.org/entity/Q16249481>	"Devassa by Playboy"@en	"Devassa by Playboy"@en	4			""
<http://www.wikidata.org/entity/Q16323379>	"De 5 Gaarde"@en	"De 5 Gaarde"@en	1		"Dinamarca"@es	""
<http://www.wikidata.org/entity/Q16323699>	"H.I. Bies Bryggeri"@en	"H.I. Bies Bryggeri"@en	2		"Dinamarca"@es	""
<http://www.wikidata.org/entity/Q16323887>	"Kongens Bryghus"@en	"Kongens Bryghus"@en	1		"Dinamarca"@es	""
<http://www.wikidata.org/entity/Q16324645>	"Syndikatet"@en	"Syndikatet"@en	1		"Dinamarca"@es	""
<http://www.wikidata.org/entity/Q16329060>	"Mamos Beer"@en	"Mamos Beer"@en	1		"Grecia"@es	""
<http://www.wikidata.org/entity/Q16350366>	"Agrofirma Tērvete"@en	"Agrofirma Tērvete"@en	3		"Letonia"@es	""
<http://www.wikidata.org/entity/Q16421889>	"Q16421889"		1		"Islandia"@es	""
<http://www.wikidata.org/entity/Q16445927>	"Biržų Alus"@en	"Biržų Alus"@en	2		"Lituania"@es	""
<http://www.wikidata.org/entity/Q16467146>	"Q16467146"		1		"Bélgica"@es	""
<http://www.wikidata.org/entity/Q16474362>	"Q16474362"		1		"Polonia"@es	""
<http://www.wikidata.org/entity/Q16481513>	"Yerevan Brewery"@en	"Yerevan Brewery"@en	1		"Armenia"@es	""
<http://www.wikidata.org/entity/Q16533727>	"Q16533727"		1		"Polonia"@es	""
<http://www.wikidata.org/entity/Q16533739>	"La cervecería en Nowa Ruda"@es	"Browar w Nowej Rudzie"@en	2		"Polonia"@es	""
<http://www.wikidata.org/entity/Q16533925>	"Q16533925"		1		"Bélgica"@es	""
<http://www.wikidata.org/entity/Q16533931>	"Dawes Brewery"@en	"Dawes Brewery"@en	2		"Canadá"@es	""
<http://www.wikidata.org/entity/Q16533934>	"Ekers Brewery"@en	"Ekers Brewery"@en	2		"Canadá"@es	""
<http://www.wikidata.org/entity/Q16533948>	"Brasserie La Rouget de Lisle"@en	"Brasserie La Rouget de Lisle"@en	2		"Francia"@es	""
<http://www.wikidata.org/entity/Q16533958>	"Q16533958"		1			""
<http://www.wikidata.org/entity/Q16629552>	"Brasserie Docteur Gab's"@en	"Brasserie Docteur Gab's"@en	2		"Suiza"@es	""
<http://www.wikidata.org/entity/Q16661253>	"Q16661253"		1			""
<http://www.wikidata.org/entity/Q16664423>	"Q16664423"		1		"Canadá"@es	""
<http://www.wikidata.org/entity/Q16679984>	"Thou"@en	"Thou"@en	2		"Francia"@es	""
<http://www.wikidata.org/entity/Q16736198>	"The Rare Barrel"@en	"The Rare Barrel"@en	1		"Estados Unidos"@es	""
<http://www.wikidata.org/entity/Q16745279>	"Birra Messina"@en	"Birra Messina"@en	2		"Italia"@es	""
<http://www.wikidata.org/entity/Q16763096>	"Q16763096"		1		"Luxemburgo"@es	""
<http://www.wikidata.org/entity/Q16764792>	"Brasserie Simon"@en	"Brasserie Simon"@en	2		"Luxemburgo"@es	""
<http://www.wikidata.org/entity/Q16774456>	"Ballsaal Lindengarten"@en	"Ballsaal Lindengarten"@en	2		"Alemania"@es	""
<http://www.wikidata.org/entity/Q16825386>	"Argus Brewery"@en	"Argus Brewery"@en	1		"Estados Unidos"@es	""
<http://www.wikidata.org/entity/Q16825390>	"Ariana"@en	"Ariana"@en	3			""
<http://www.wikidata.org/entity/Q16829888>	"Colonial Brewing Company"@en	"Colonial Brewing Company"@en	1		"Australia"@es	""
<http://www.wikidata.org/entity/Q16830904>	"Colbitzer Heide-Brauerei"@es	"Colbitzer Heide-Brauerei"@en	3		"Alemania"@es	""
<http://www.wikidata.org/entity/Q16835850>	"Downton Brewery"@en	"Downton Brewery"@en	1		"Reino Unido"@es	""
<http://www.wikidata.org/entity/Q16837434>	"Fort George Brewery"@en	"Fort George Brewery"@en	1		"Estados Unidos"@es	""
<http://www.wikidata.org/entity/Q16840095>	"Gilgamesh Brewing"@en	"Gilgamesh Brewing"@en	1		"Estados Unidos"@es	""
<http://www.wikidata.org/entity/Q16842402>	"Hendon Brewery"@en	"Hendon Brewery"@en	1		"Reino Unido"@es	""
<http://www.wikidata.org/entity/Q16852645>	"Cascade Premium Lager"@en	"Cascade Premium Lager"@en	1		"Australia"@es	""
<http://www.wikidata.org/entity/Q16896508>	"Peacock Brewery"@en	"Peacock Brewery"@en	2		"Estados Unidos"@es	""
<http://www.wikidata.org/entity/Q16899043>	"Queensland Brewery Ltd"@en	"Queensland Brewery Ltd"@en	1		"Australia"@es	""
<http://www.wikidata.org/entity/Q16901963>	"Triaca Company"@en	"Triaca Company"@en	1		"Estados Unidos"@es	""
<http://www.wikidata.org/entity/Q16901987>	"Triple Rock Brewery and Alehouse"@en	"Triple Rock Brewery and Alehouse"@en	1		"Estados Unidos"@es	""
<http://www.wikidata.org/entity/Q16913492>	"Trooper"@en	"Trooper"@en	1			""
<http://www.wikidata.org/entity/Q16916607>	"Stadtbrauerei Spalt"@es	"Stadtbrauerei Spalt"@en	4		"Alemania"@es	""
<http://www.wikidata.org/entity/Q16928082>	"KB Lager"@en	"KB Lager"@en	1			""
<http://www.wikidata.org/entity/Q16929854>	"Fredrikstad Bryggeri"@en	"Fredrikstad Bryggeri"@en	2		"Noruega"@es	""
<http://www.wikidata.org/entity/Q16932183>	"South Australian Brewing Company"@en	"South Australian Brewing Company"@en	1		"Australia"@es	""
<http://www.wikidata.org/entity/Q16938593>	"Carlton Black"@en	"Carlton Black"@en	1		"Australia"@es	""
<http://www.wikidata.org/entity/Q16950499>	"Basil T's Brewery"@en	"Basil T's Brewery"@en	1		"Estados Unidos"@es	""
<http://www.wikidata.org/entity/Q16950760>	"Bayou Teche Brewery"@en	"Bayou Teche Brewery"@en	2		"Estados Unidos"@es	""
<http://www.wikidata.org/entity/Q16951719>	"Sun King Brewing"@en	"Sun King Brewing"@en	2		"Estados Unidos"@es	""
<http://www.wikidata.org/entity/Q16953096>	"Molson Canadian 67"@en	"Molson Canadian 67"@en	1		"Canadá"@es	""
<http://www.wikidata.org/entity/Q16956070>	"Castle Eden Brewery"@en	"Castle Eden Brewery"@en	1		"Reino Unido"@es	""
<http://www.wikidata.org/entity/Q16958094>	"Ninkasi Brewing Company"@en	"Ninkasi Brewing Company"@en	1		"Estados Unidos"@es	""
<http://www.wikidata.org/entity/Q16962074>	"Artisan's Brewery"@en	"Artisan's Brewery"@en	1		"Estados Unidos"@es	""
<http://www.wikidata.org/entity/Q16965815>	"Calvert & Co"@en	"Calvert & Co"@en	1		"Reino Unido de Gran Bretaña e Irlanda"@es	""
<http://www.wikidata.org/entity/Q16965815>	"Calvert & Co"@en	"Calvert & Co"@en	1		"Reino de Gran Bretaña"@es	""
<http://www.wikidata.org/entity/Q16965898>	"Brouwerij Malheur"@en	"Brouwerij Malheur"@en	2		"Bélgica"@es	""
<http://www.wikidata.org/entity/Q16966751>	"Eden Mill St Andrews"@en	"Eden Mill St Andrews"@en	4		"Reino Unido"@es	""
<http://www.wikidata.org/entity/Q16974641>	"Empire Brewing Company"@es	"Empire Brewing Company"@en	1		"Estados Unidos"@es	""
<http://www.wikidata.org/entity/Q16978099>	"Macardle Moore Brewery"@en	"Macardle Moore Brewery"@en	1		"Irlanda"@es	""
<http://www.wikidata.org/entity/Q16979285>	"Klondike brewery"@en	"Klondike brewery"@en	2		"Canadá"@es	""
<http://www.wikidata.org/entity/Q16982569>	"Great Lakes Brewery"@en	"Great Lakes Brewery"@en	2		"Canadá"@es	""
<http://www.wikidata.org/entity/Q16985637>	"Titanic Brewery"@es	"Titanic Brewery"@en	2		"Reino Unido"@es	""
<http://www.wikidata.org/entity/Q16987238>	"Christian Schmidt Brewing Company"@en	"Christian Schmidt Brewing Company"@en	3		"Estados Unidos"@es	""
<http://www.wikidata.org/entity/Q16991890>	"Dock Street Brewing Company"@en	"Dock Street Brewing Company"@en	2		"Estados Unidos"@es	""
<http://www.wikidata.org/entity/Q16993006>	"Goachers Brewery"@es	"Goachers Brewery"@en	1		"Reino Unido"@es	""
<http://www.wikidata.org/entity/Q16993681>	"Fort Collins Brewery"@en	"Fort Collins Brewery"@en	1		"Estados Unidos"@es	""
<http://www.wikidata.org/entity/Q16993688>	"Fort Pitt Brewing Company"@en	"Fort Pitt Brewing Company"@en	1		"Estados Unidos"@es	""
<http://www.wikidata.org/entity/Q16994302>	"Horse Shoe Brewery"@en	"Horse Shoe Brewery"@en	3		"Reino Unido"@es	""
<http://www.wikidata.org/entity/Q16994360>	"Houston Brewing Company"@es	"Houston Brewing Company"@en	1		"Reino Unido"@es	""
<http://www.wikidata.org/entity/Q16994489>	"Greenbush Brewing Company"@en	"Greenbush Brewing Company"@en	1		"Estados Unidos"@es	""
<http://www.wikidata.org/entity/Q16995444>	"Hilliard's Beer"@en	"Hilliard's Beer"@en	1		"Estados Unidos"@es	""
<http://www.wikidata.org/entity/Q16995811>	"Lacons Brewery"@en	"Lacons Brewery"@en	2		"Reino Unido"@es	""
<http://www.wikidata.org/entity/Q16996807>	"Indeed Brewing Company"@en	"Indeed Brewing Company"@en	2		"Estados Unidos"@es	""
<http://www.wikidata.org/entity/Q17002248>	"Bent Paddle Brewing Company"@en	"Bent Paddle Brewing Company"@en	1		"Estados Unidos"@es	""
<http://www.wikidata.org/entity/Q17018705>	"NT Draught"@en	"NT Draught"@en	1		"Australia"@es	""
<http://www.wikidata.org/entity/Q17020785>	"Sedgwicks Brewery"@en	"Sedgwicks Brewery"@en	1		"Reino Unido"@es	""
<http://www.wikidata.org/entity/Q17026863>	"Swan"@en	"Swan"@en	2			""
<http://www.wikidata.org/entity/Q17028603>	"Swamp Head Brewery"@es	"Swamp Head Brewery"@en	2		"Estados Unidos"@es	""
<http://www.wikidata.org/entity/Q17028802>	"Revolution Brewing"@en	"Revolution Brewing"@en	1		"Estados Unidos"@es	""
<http://www.wikidata.org/entity/Q17031159>	"Schmidt Brewery"@en	"Schmidt Brewery"@en	2		"Estados Unidos"@es	""
<http://www.wikidata.org/entity/Q17035715>	"West End Draught"@en	"West End Draught"@en	1		"Australia"@es	""
<http://www.wikidata.org/entity/Q18349369>	"Hibernia Brewing"@en	"Hibernia Brewing"@en	1		"Estados Unidos"@es	""
<http://www.wikidata.org/entity/Q18361882>	"Q18361882"		1		"República Checa"@es	""
<http://www.wikidata.org/entity/Q18413548>	"Q18413548"		2		"Alemania"@es	""
<http://www.wikidata.org/entity/Q18545015>	"Q18545015"		4		"Alemania"@es	""
<http://www.wikidata.org/entity/Q18548890>	"United Romanian Breweries Bereprod"@en	"United Romanian Breweries Bereprod"@en	2		"Rumania"@es	""
<http://www.wikidata.org/entity/Q18589448>	"Paderborner Brauerei"@en	"Paderborner Brauerei"@en	5		"Alemania"@es	""
<http://www.wikidata.org/entity/Q18610886>	"Q18610886"		3		"Francia"@es	""
<http://www.wikidata.org/entity/Q18636480>	"2 Towns Ciderhouse"@en	"2 Towns Ciderhouse"@en	1		"Estados Unidos"@es	""
<http://www.wikidata.org/entity/Q18636502>	"Brasserie Saint James"@en	"Brasserie Saint James"@en	1		"Estados Unidos"@es	""
<http://www.wikidata.org/entity/Q18639730>	"Holsten Pils"@en	"Holsten Pils"@en	1			""
<http://www.wikidata.org/entity/Q18658994>	"Herman"@en	"Herman"@en	1		"Finlandia"@es	""
<http://www.wikidata.org/entity/Q18660463>	"Lammin Sahti"@en	"Lammin Sahti"@en	1		"Finlandia"@es	""
<http://www.wikidata.org/entity/Q18660743>	"Q18660743"		1		"Finlandia"@es	""
<http://www.wikidata.org/entity/Q18660740>	"Mallaskoski Brewery"@en	"Mallaskoski Brewery"@en	1		"Finlandia"@es	""
<http://www.wikidata.org/entity/Q18661259>	"Restaurant Perho"@en	"Restaurant Perho"@en	1		"Finlandia"@es	""
<http://www.wikidata.org/entity/Q18662076>	"Stadin Panimo"@en	"Stadin Panimo"@en	2		"Finlandia"@es	""
<http://www.wikidata.org/entity/Q18662140>	"Suomenlinna Brewery"@en	"Suomenlinna Brewery"@en	1		"Finlandia"@es	""
<http://www.wikidata.org/entity/Q18689103>	"Pyynikin Brewing Company"@en	"Pyynikin Brewing Company"@en	2		"Finlandia"@es	""
<http://www.wikidata.org/entity/Q18689121>	"Fiskarsin Panimo"@en	"Fiskarsin Panimo"@en	1		"Finlandia"@es	""
<http://www.wikidata.org/entity/Q18689134>	"Ruosniemi Brewery"@en	"Ruosniemi Brewery"@en	1		"Finlandia"@es	""
<http://www.wikidata.org/entity/Q18689138>	"Saimaa Brewing Co"@en	"Saimaa Brewing Co"@en	1		"Finlandia"@es	""
<http://www.wikidata.org/entity/Q18690714>	"Musta Hevonen"@en	"Musta Hevonen"@en	1		"Finlandia"@es	""
<http://www.wikidata.org/entity/Q18691336>	"Q18691336"		1			""
<http://www.wikidata.org/entity/Q18712245>	"Fremont Brewing"@es	"Fremont Brewing"@en	2		"Estados Unidos"@es	""
<http://www.wikidata.org/entity/Q18737626>	"Epstein's brewery"@en	"Epstein's brewery"@en	2		"Lituania"@es	""
<http://www.wikidata.org/entity/Q18816571>	"Q18816571"		1			""
<http://www.wikidata.org/entity/Q18907579>	"Q18907579"		3		"Alemania"@es	""
<http://www.wikidata.org/entity/Q18915571>	"Q18915571"		1		"República Checa"@es	""
<http://www.wikidata.org/entity/Q18915572>	"Q18915572"		1		"República Checa"@es	""
<http://www.wikidata.org/entity/Q18923405>	"Q18923405"		1		"Bélgica"@es	""
<http://www.wikidata.org/entity/Q19279355>	"Q19279355"		2		"Alemania"@es	""
<http://www.wikidata.org/entity/Q19298958>	"Rathaus"@en	"Rathaus"@en	5		"Alemania"@es	""
<http://www.wikidata.org/entity/Q19308718>	"Q19308718"		1		"Alemania"@es	""
<http://www.wikidata.org/entity/Q19310587>	"Union-Brauerei"@en	"Union-Brauerei"@en	3		"Alemania"@es	""
<http://www.wikidata.org/entity/Q19372263>	"Cervecería Nacional"@en	"Cervecería Nacional"@en	1		"Panamá"@es	""
<http://www.wikidata.org/entity/Q19372658>	"Einstök"@en	"Einstök"@en	1		"Islandia"@es	""
<http://www.wikidata.org/entity/Q19380292>	"Lundetangen Brewery"@en	"Lundetangen Brewery"@en	2		"Noruega"@es	""
<http://www.wikidata.org/entity/Q19381202>	"Q19381202"		1		"Islas Cook"@es	""
<http://www.wikidata.org/entity/Q19387247>	"Q19387247"		1			""
<http://www.wikidata.org/entity/Q19388427>	"Q19388427"		1		"Suecia"@es	""
<http://www.wikidata.org/entity/Q19389385>	"Små Vesen Bryggeri"@en	"Små Vesen Bryggeri"@en	2		"Noruega"@es	""
<http://www.wikidata.org/entity/Q19393053>	"Trio Brewery"@en	"Trio Brewery"@en	1		"Noruega"@es	""
<http://www.wikidata.org/entity/Q19394174>	"Q19394174"		1		"Noruega"@es	""
<http://www.wikidata.org/entity/Q19543999>	"Q19543999"		1		"Francia"@es	""
<http://www.wikidata.org/entity/Q19572232>	"Iron Horse Brewery"@en	"Iron Horse Brewery"@en	1		"Estados Unidos"@es	""
<http://www.wikidata.org/entity/Q19602563>	"Q19602563"		1		"República Checa"@es	""
<http://www.wikidata.org/entity/Q19606242>	"Q19606242"		1		"Bélgica"@es	""
<http://www.wikidata.org/entity/Q19606240>	"Q19606240"		1		"Bélgica"@es	""
<http://www.wikidata.org/entity/Q19606241>	"Q19606241"		1		"Bélgica"@es	""
<http://www.wikidata.org/entity/Q19606846>	"Q19606846"		1			""
<http://www.wikidata.org/entity/Q19606847>	"Q19606847"		1		"Francia"@es	""
<http://www.wikidata.org/entity/Q19631002>	"Us Heit Dubbel Tarwe Bier"@en	"Us Heit Dubbel Tarwe Bier"@en	1			""
<http://www.wikidata.org/entity/Q19631009>	"De Friese Bierbrouwerij"@en	"De Friese Bierbrouwerij"@en	2		"Países Bajos"@es	""
<http://www.wikidata.org/entity/Q19631054>	"Brewery Saudan"@en	"Brewery Saudan"@en	1		"Bélgica"@es	""
<http://www.wikidata.org/entity/Q19645951>	"Lao Asia Pacific Brewery"@en	"Lao Asia Pacific Brewery"@en	1		"Laos"@es	""
<http://www.wikidata.org/entity/Q19654839>	"Eden Brewery, Penrith"@en	"Eden Brewery, Penrith"@en	1			""
<http://www.wikidata.org/entity/Q19655039>	"Marble Brewery"@en	"Marble Brewery"@en	1		"Reino Unido"@es	""
<http://www.wikidata.org/entity/Q19660049>	"Ninkasi"@en	"Ninkasi"@en	2		"Francia"@es	""
<http://www.wikidata.org/entity/Q19757952>	"Q19757952"		1			""
<http://www.wikidata.org/entity/Q19759743>	"1906"@es	"1906"@en	1		"España"@es	""
<http://www.wikidata.org/entity/Q19759769>	"A. Le Coq"@en	"A. Le Coq"@en	2			""
<http://www.wikidata.org/entity/Q19759778>	"Lāčplēsis"@en	"Lāčplēsis"@en	1			""
<http://www.wikidata.org/entity/Q19759779>	"Q19759779"		1			""
<http://www.wikidata.org/entity/Q19759776>	"Q19759776"		1			""
<http://www.wikidata.org/entity/Q19759777>	"Q19759777"		1			""
<http://www.wikidata.org/entity/Q19759781>	"Līvu Alus"@en	"Līvu Alus"@en	1		"Letonia"@es	""
<http://www.wikidata.org/entity/Q19831657>	"Švyturys"@es	"Švyturys"@en	1		"Lituania"@es	""
<http://www.wikidata.org/entity/Q19842223>	"Volfas Engelman"@en	"Volfas Engelman"@en	1			""
<http://www.wikidata.org/entity/Q19862842>	"Julbrew"@en	"Julbrew"@en	3		"Gambia"@es	""
<http://www.wikidata.org/entity/Q19863969>	"Abbey Brewing Company"@en	"Abbey Brewing Company"@en	1		"Estados Unidos"@es	""
<http://www.wikidata.org/entity/Q19865277>	"Fat Head's Brewery"@en	"Fat Head's Brewery"@en	2		"Estados Unidos"@es	""
<http://www.wikidata.org/entity/Q19867090>	"Dangerous Man Brewing Company"@en	"Dangerous Man Brewing Company"@en	1		"Estados Unidos"@es	""
<http://www.wikidata.org/entity/Q19877213>	"Power's Brewery"@en	"Power's Brewery"@en	1		"Australia"@es	""
<http://www.wikidata.org/entity/Q19878808>	"Hogsback Brewing Company"@en	"Hogsback Brewing Company"@en	1		"Canadá"@es	""
<http://www.wikidata.org/entity/Q19880203>	"VB Gold"@en	"VB Gold"@en	1		"Australia"@es	""
<http://www.wikidata.org/entity/Q19880991>	"Jester King Brewery"@en	"Jester King Brewery"@en	1		"Estados Unidos"@es	""
<http://www.wikidata.org/entity/Q19881102>	"Joseph Knoble Brewery"@en	"Joseph Knoble Brewery"@en	2		"Estados Unidos"@es	""
<http://www.wikidata.org/entity/Q19903295>	"Great Leap Brewing"@en	"Great Leap Brewing"@en	3		"República Popular China"@es	""
<http://www.wikidata.org/entity/Q19903411>	"Bad Martha Brewing Company"@en	"Bad Martha Brewing Company"@en	1		"Estados Unidos"@es	""
<http://www.wikidata.org/entity/Q19903594>	"Bragdy Nant"@en	"Bragdy Nant"@en	1		"Reino Unido"@es	""
<http://www.wikidata.org/entity/Q19915270>	"Utenos"@es	"Utenos"@en	1		"Lituania"@es	""
<http://www.wikidata.org/entity/Q19921781>	"Q19921781"		1		"Países Bajos"@es	""
<http://www.wikidata.org/entity/Q19926554>	"Tauras"@es	"Tauras"@en	1			""
<http://www.wikidata.org/entity/Q19941790>	"Q19941790"		1		"República Checa"@es	""
<http://www.wikidata.org/entity/Q19942851>	"Kronenbrauerei Hardering"@en	"Kronenbrauerei Hardering"@en	2		"Alemania"@es	""
<http://www.wikidata.org/entity/Q19945453>	"Q19945453"		1		"Francia"@es	""
<http://www.wikidata.org/entity/Q19951867>	"Q19951867"		1		"Francia"@es	""
<http://www.wikidata.org/entity/Q19951907>	"Q19951907"		2		"Francia"@es	""
<http://www.wikidata.org/entity/Q19963759>	"Q19963759"		1		"Alemania"@es	""
<http://www.wikidata.org/entity/Q19974041>	"Q19974041"		1		"Bélgica"@es	""
<http://www.wikidata.org/entity/Q19974108>	"Q19974108"		1		"Bélgica"@es	""
<http://www.wikidata.org/entity/Q20033677>	"Brewery in Sobótka"@en	"Brewery in Sobótka"@en	2		"Polonia"@es	""
<http://www.wikidata.org/entity/Q20043524>	"Ozawa Sake Brewery"@en	"Ozawa Sake Brewery"@en	1		"Japón"@es	""
<http://www.wikidata.org/entity/Q20049261>	"Q20049261"		1		"Bélgica"@es	""
<http://www.wikidata.org/entity/Q20050593>	"Q20050593"		1		"Alemania"@es	""
<http://www.wikidata.org/entity/Q20054838>	"Q20054838"		1		"Bélgica"@es	""
<http://www.wikidata.org/entity/Q20182556>	"Pyraser Brauerei"@es	"Pyraser Brauerei"@en	4		"Alemania"@es	""
<http://www.wikidata.org/entity/Q20430968>	"Chișinău Beer"@en	"Chișinău Beer"@en	2		"Moldavia"@es	""
<http://www.wikidata.org/entity/Q20475999>	"Brasserie La Saint-Pierre"@en	"Brasserie La Saint-Pierre"@en	1		"Francia"@es	""
<http://www.wikidata.org/entity/Q20480924>	"Q20480924"		1		"Alemania"@es	""
<http://www.wikidata.org/entity/Q20481564>	"Stadtbrauerei Arnstadt"@en	"Stadtbrauerei Arnstadt"@en	2		"Alemania"@es	""
<http://www.wikidata.org/entity/Q20498919>	"Q20498919"		1		"Bulgaria"@es	""
<http://www.wikidata.org/entity/Q20499245>	"Q20499245"		1		"Bulgaria"@es	""
<http://www.wikidata.org/entity/Q20499248>	"Q20499248"		1		"Bulgaria"@es	""
<http://www.wikidata.org/entity/Q20499259>	"Q20499259"		1		"Bulgaria"@es	""
<http://www.wikidata.org/entity/Q20499267>	"Proschekovo pivo"@en	"Proschekovo pivo"@en	3		"Bulgaria"@es	""
<http://www.wikidata.org/entity/Q20499275>	"Q20499275"		1		"Bulgaria"@es	""
<http://www.wikidata.org/entity/Q20499285>	"Q20499285"		1		"Bulgaria"@es	""
<http://www.wikidata.org/entity/Q20499292>	"Q20499292"		1		"Bulgaria"@es	""
<http://www.wikidata.org/entity/Q20499299>	"Q20499299"		1		"Bulgaria"@es	""
<http://www.wikidata.org/entity/Q20499304>	"Q20499304"		1		"Bulgaria"@es	""
<http://www.wikidata.org/entity/Q20499321>	"Q20499321"		1		"Bulgaria"@es	""
<http://www.wikidata.org/entity/Q20499329>	"Q20499329"		1		"Bulgaria"@es	""
<http://www.wikidata.org/entity/Q20499336>	"Q20499336"		1		"Bulgaria"@es	""
<http://www.wikidata.org/entity/Q20500610>	"Burgasko"@en	"Burgasko"@en	3			""
<http://www.wikidata.org/entity/Q20529374>	"A. Le Coq Premium"@en	"A. Le Coq Premium"@en	1		"Estonia"@es	""
<http://www.wikidata.org/entity/Q20529385>	"A. Le Coq Special"@en	"A. Le Coq Special"@en	1		"Estonia"@es	""
<http://www.wikidata.org/entity/Q20546388>	"Q20546388"		1		"España"@es	""
<http://www.wikidata.org/entity/Q20553094>	"Q20553094"		2		"Noruega"@es	""
<http://www.wikidata.org/entity/Q20559380>	"Q20559380"		1		"Letonia"@es	""
<http://www.wikidata.org/entity/Q20562884>	"Q20562884"		1		"Letonia"@es	""
<http://www.wikidata.org/entity/Q20563609>	"Q20563609"		1		"Letonia"@es	""
<http://www.wikidata.org/entity/Q20563930>	"Q20563930"		1		"Letonia"@es	""
<http://www.wikidata.org/entity/Q20564295>	"Q20564295"		1		"Letonia"@es	""
<http://www.wikidata.org/entity/Q20564660>	"Q20564660"		1		"Letonia"@es	""
<http://www.wikidata.org/entity/Q20565436>	"Q20565436"		1		"Letonia"@es	""
<http://www.wikidata.org/entity/Q20565478>	"Q20565478"		1		"Letonia"@es	""
<http://www.wikidata.org/entity/Q20577657>	"Sarajevo beer"@en	"Sarajevo beer"@en	2		"Bosnia y Herzegovina"@es	""
<http://www.wikidata.org/entity/Q20650091>	"Kalnapilis"@en	"Kalnapilis"@en	1		"Lituania"@es	""
<http://www.wikidata.org/entity/Q20658344>	"Tallgrass Brewing Company"@en	"Tallgrass Brewing Company"@en	1		"Estados Unidos"@es	""
<http://www.wikidata.org/entity/Q20709457>	"Dragonmead"@en	"Dragonmead"@en	1		"Estados Unidos"@es	""
<http://www.wikidata.org/entity/Q20715389>	"Brew Bus Brewing"@en	"Brew Bus Brewing"@en	1		"Estados Unidos"@es	""
<http://www.wikidata.org/entity/Q20723301>	"Fischer (beer)"@en	"Fischer (beer)"@en	3			""
<http://www.wikidata.org/entity/Q20741705>	"Tank 7 Farmhouse Ale"@en	"Tank 7 Farmhouse Ale"@en	1		"Estados Unidos"@es	""
<http://www.wikidata.org/entity/Q20746340>	"Top Totty"@en	"Top Totty"@en	2			""
<http://www.wikidata.org/entity/Q20747232>	"Q20747232"		1		"Madagascar"@es	""
<http://www.wikidata.org/entity/Q20747918>	"Q20747918"		1		"Países Bajos"@es	""
<http://www.wikidata.org/entity/Q20871046>	"Oettinger (beer)"@en	"Oettinger (beer)"@en	2			""
<http://www.wikidata.org/entity/Q20871058>	"Hasseröder"@en	"Hasseröder"@en	6		"Alemania"@es	""
<http://www.wikidata.org/entity/Q20871342>	"Augustiner"@en	"Augustiner"@en	1		"Alemania"@es	""
<http://www.wikidata.org/entity/Q20897928>	"Three Coins Beer"@en	"Three Coins Beer"@en	1			""
<http://www.wikidata.org/entity/Q20971818>	"Brasserie du Pélican"@en	"Brasserie du Pélican"@en	1		"Francia"@es	""
<http://www.wikidata.org/entity/Q20991290>	"Eigenweiss"@en	"Eigenweiss"@en	1			""
<http://www.wikidata.org/entity/Q20991782>	"Q20991782"		1		"Bélgica"@es	""
<http://www.wikidata.org/entity/Q20991781>	"Brouwerij Carpentier"@en	"Brouwerij Carpentier"@en	2		"Bélgica"@es	""
<http://www.wikidata.org/entity/Q20992296>	"Brouwerij De Brabandere"@en	"Brouwerij De Brabandere"@en	1		"Bélgica"@es	""
<http://www.wikidata.org/entity/Q20992297>	"Q20992297"		1		"Bélgica"@es	""
<http://www.wikidata.org/entity/Q21003884>	"Drybrough & Co"@en	"Drybrough & Co"@en	2		"Reino Unido"@es	""
<http://www.wikidata.org/entity/Q21004724>	"Firestone Double Barrel Ale"@en	"Firestone Double Barrel Ale"@en	1			""
<http://www.wikidata.org/entity/Q21014155>	"Puls"@en	"Puls"@en	1			""
<http://www.wikidata.org/entity/Q21016277>	"Tractor Brewing Company"@en	"Tractor Brewing Company"@en	1		"Estados Unidos"@es	""
<http://www.wikidata.org/entity/Q21027560>	"Q21027560"		1		"Canadá"@es	""
<http://www.wikidata.org/entity/Q21036396>	"Frankfurter Brauhaus"@es	"Frankfurter Brauhaus"@en	3		"Alemania"@es	""
<http://www.wikidata.org/entity/Q21095958>	"Lammbrauerei (Burgau)"@en	"Lammbrauerei (Burgau)"@en	2		"Alemania"@es	""
<http://www.wikidata.org/entity/Q21189361>	"Hardywood Park Craft Brewery"@en	"Hardywood Park Craft Brewery"@en	1		"Estados Unidos"@es	""
<http://www.wikidata.org/entity/Q21196573>	"Rocket Republic Brewing Company"@en	"Rocket Republic Brewing Company"@en	1		"Estados Unidos"@es	""
<http://www.wikidata.org/entity/Q21233556>	"Lucky Buddha Beer"@en	"Lucky Buddha Beer"@en	4		"República Popular China"@es	""
<http://www.wikidata.org/entity/Q21281419>	"Brouwerij Sint-Joris"@en	"Brouwerij Sint-Joris"@en	2		"Bélgica"@es	""
<http://www.wikidata.org/entity/Q21281422>	"Brouwerij Costenoble"@en	"Brouwerij Costenoble"@en	2		"Bélgica"@es	""
<http://www.wikidata.org/entity/Q21281423>	"Q21281423"		1		"Bélgica"@es	""
<http://www.wikidata.org/entity/Q21281420>	"Brouwerij De Cop"@en	"Brouwerij De Cop"@en	1		"Bélgica"@es	""
<http://www.wikidata.org/entity/Q21281421>	"Q21281421"		1		"Bélgica"@es	""
<http://www.wikidata.org/entity/Q21286736>	"Samuel Adams"@en	"Samuel Adams"@en	9		"Estados Unidos"@es	""
<http://www.wikidata.org/entity/Q21426201>	"Koskipanimo"@en	"Koskipanimo"@en	1		"Finlandia"@es	""
<http://www.wikidata.org/entity/Q21487095>	"Q21487095"		1		"Finlandia"@es	""
<http://www.wikidata.org/entity/Q21487093>	"Maku Brewing"@en	"Maku Brewing"@en	1		"Finlandia"@es	""
<http://www.wikidata.org/entity/Q21526007>	"Wiesbadener Kronen-Brauerei"@en	"Wiesbadener Kronen-Brauerei"@en	2		"Alemania"@es	""
<http://www.wikidata.org/entity/Q21582246>	"Pinzgau Bräu"@en	"Pinzgau Bräu"@en	1		"Austria"@es	""
<http://www.wikidata.org/entity/Q21619407>	"Q21619407"		1		"Hungría"@es	""
<http://www.wikidata.org/entity/Q21685518>	"Gebrüder Treitschke"@en	"Gebrüder Treitschke"@en	2		"Alemania Oriental"@es	""
<http://www.wikidata.org/entity/Q21685518>	"Gebrüder Treitschke"@en	"Gebrüder Treitschke"@en	2		"Alemania"@es	""
<http://www.wikidata.org/entity/Q21995022>	"Knížecí pivovar Plasy"@en	"Knížecí pivovar Plasy"@en	2		"República Checa"@es	""
<http://www.wikidata.org/entity/Q22021774>	"Ashland Brewing Company"@en	"Ashland Brewing Company"@en	1		"Estados Unidos"@es	""
<http://www.wikidata.org/entity/Q22032152>	"South Shore Brewery"@en	"South Shore Brewery"@en	1		"Estados Unidos"@es	""
<http://www.wikidata.org/entity/Q22035589>	"Želivský klášterní pivovar"@en	"Želivský klášterní pivovar"@en	2		"República Checa"@es	""
<http://www.wikidata.org/entity/Q22041637>	"Royal Export"@en	"Royal Export"@en	1			""
<http://www.wikidata.org/entity/Q22048217>	"Tuborg Julebryg"@en	"Tuborg Julebryg"@en	2			""
<http://www.wikidata.org/entity/Q22073317>	"Hill Farmstead Brewery"@es	"Hill Farmstead Brewery"@en	3		"Estados Unidos"@es	""
<http://www.wikidata.org/entity/Q22101932>	"Kops Brewery"@en	"Kops Brewery"@en	2		"Reino Unido"@es	""
<http://www.wikidata.org/entity/Q22127066>	"Hara Sake Brewery"@en	"Hara Sake Brewery"@en	1		"Japón"@es	""
<http://www.wikidata.org/entity/Q22236204>	"Bali Hai Beer"@en	"Bali Hai Beer"@en	3			""
<http://www.wikidata.org/entity/Q22236240>	"Moa Brewing Company"@en	"Moa Brewing Company"@en	1		"Nueva Zelanda"@es	""
<http://www.wikidata.org/entity/Q22236270>	"Two Fingers Brewing Co."@en	"Two Fingers Brewing Co."@en	1		"Reino Unido"@es	""
<http://www.wikidata.org/entity/Q22236272>	"Wermlands Brygghus"@en	"Wermlands Brygghus"@en	1		"Suecia"@es	""
<http://www.wikidata.org/entity/Q22342869>	"Q22342869"		1		"Países Bajos"@es	""
<http://www.wikidata.org/entity/Q22342877>	"Q22342877"		1		"Países Bajos"@es	""
<http://www.wikidata.org/entity/Q22343067>	"cervecería Bertinchamps"@es	"Bertinchamps brewery"@en	4		"Bélgica"@es	""
<http://www.wikidata.org/entity/Q22343070>	"Q22343070"		1		"Bélgica"@es	""
<http://www.wikidata.org/entity/Q22343068>	"Q22343068"		1		"Bélgica"@es	""
<http://www.wikidata.org/entity/Q22343069>	"Q22343069"		1		"Bélgica"@es	""
<http://www.wikidata.org/entity/Q22343132>	"Brewery Tilquin"@es	"Gueuzerie Tilquin"@en	3		"Bélgica"@es	""
<http://www.wikidata.org/entity/Q22671347>	"Adam Scheidt Brewing Company"@en	"Adam Scheidt Brewing Company"@en	1		"Estados Unidos"@es	""
<http://www.wikidata.org/entity/Q22671348>	"Q22671348"		1		"Austria"@es	""
<http://www.wikidata.org/entity/Q22671673>	"Q22671673"		1		"Alemania"@es	""
<http://www.wikidata.org/entity/Q22671687>	"Hochschul-Brauerei"@en	"Hochschul-Brauerei"@en	1		"Alemania"@es	""
<http://www.wikidata.org/entity/Q22671685>	"Historische Brennerei Rönsahl"@en	"Historische Brennerei Rönsahl"@en	2		"Alemania"@es	""
<http://www.wikidata.org/entity/Q22672173>	"Wiesenmühle"@en	"Wiesenmühle"@en	2		"Alemania"@es	""
<http://www.wikidata.org/entity/Q22674579>	"Q22674579"		2		"Alemania"@es	""
<http://www.wikidata.org/entity/Q22674726>	"Q22674726"		2		"Alemania"@es	""
<http://www.wikidata.org/entity/Q22677166>	"Q22677166"		1			""
<http://www.wikidata.org/entity/Q22693576>	"Rathaus Hann. Münden"@en	"Rathaus Hann. Münden"@en	2		"Alemania"@es	""
<http://www.wikidata.org/entity/Q22696445>	"Q22696445"		1			""
<http://www.wikidata.org/entity/Q22773399>	"Q22773399"		1		"Países Bajos"@es	""
<http://www.wikidata.org/entity/Q22778356>	"Brouwerij De Kroon"@en	"Brouwerij De Kroon"@en	2		"Bélgica"@es	""
<http://www.wikidata.org/entity/Q22942580>	"Q22942580"		1		"Países Bajos"@es	""
<http://www.wikidata.org/entity/Q22944927>	"Berliner-Kindl-Brauerei am Brauhausberg"@en	"Berliner-Kindl-Brauerei am Brauhausberg"@en	2		"Alemania"@es	""
<http://www.wikidata.org/entity/Q22956038>	"Brouwerij De Ridder"@en	"Brouwerij De Ridder"@en	2		"Bélgica"@es	""
<http://www.wikidata.org/entity/Q22979786>	"Ancienne brasserie Motte-Cordonnier"@en	"Ancienne brasserie Motte-Cordonnier"@en	4		"Francia"@es	""
<http://www.wikidata.org/entity/Q22979795>	"Ancienne brasserie"@en	"Ancienne brasserie"@en	3		"Francia"@es	""
<http://www.wikidata.org/entity/Q22997015>	"1868 gegründete Bierbrauerei"@en	"1868 gegründete Bierbrauerei"@en	1		"Alemania"@es	""
<http://www.wikidata.org/entity/Q23018124>	"Revolution Brewing"@en	"Revolution Brewing"@en	1			""
<http://www.wikidata.org/entity/Q23460955>	"Baja Brewing Company"@en	"Baja Brewing Company"@en	1		"México"@es	""
<http://www.wikidata.org/entity/Q23461308>	"5 Rabbit Cervecería"@en	"5 Rabbit Cervecería"@en	1		"Estados Unidos"@es	""
<http://www.wikidata.org/entity/Q23461325>	"All or Nothing Brewhouse"@en	"All or Nothing Brewhouse"@en	1		"Canadá"@es	""
<http://www.wikidata.org/entity/Q23461351>	"Bosque Brewing Company"@en	"Bosque Brewing Company"@en	1		"Estados Unidos"@es	""
<http://www.wikidata.org/entity/Q23461634>	"Jing-A Brewing Co."@en	"Jing-A Brewing Co."@en	1		"República Popular China"@es	""
<http://www.wikidata.org/entity/Q23461676>	"Laurelwood Pub and Brewery"@en	"Laurelwood Pub and Brewery"@en	1		"Estados Unidos"@es	""
<http://www.wikidata.org/entity/Q23461709>	"Lion Brewery, London"@en	"Lion Brewery, London"@en	1		"Reino Unido"@es	""
<http://www.wikidata.org/entity/Q23461925>	"Saint Archer Brewing"@en	"Saint Archer Brewing"@en	1		"Estados Unidos"@es	""
<http://www.wikidata.org/entity/Q23529548>	"Q23529548"		2		"Alemania"@es	""
<http://www.wikidata.org/entity/Q23706030>	"Kindl-Brauerei, Abteilung 3"@en	"Kindl-Brauerei, Abteilung 3"@en	1		"Alemania"@es	""
<http://www.wikidata.org/entity/Q23787099>	"Wörth Castle on the Isar"@en	"Wörth Castle on the Isar"@en	1		"Alemania"@es	""
<http://www.wikidata.org/entity/Q23787604>	"Rhanerbräu"@en	"Rhanerbräu"@en	2		"Alemania"@es	""
<http://www.wikidata.org/entity/Q24015311>	"Q24015311"		1		"Luxemburgo"@es	""
<http://www.wikidata.org/entity/Q24034269>	"La Madelon"@en	"La Madelon"@en	2		"Francia"@es	""
<http://www.wikidata.org/entity/Q24049461>	"Q24049461"		1		"España"@es	""
<http://www.wikidata.org/entity/Q24050403>	"Q24050403"		2		"Curazao"@es	""
<http://www.wikidata.org/entity/Q24088046>	"Oudstrijder"@en	"Oudstrijder"@en	1		"Bélgica"@es	""
<http://www.wikidata.org/entity/Q24190026>	"Lion Brewery, Townsville"@en	"Lion Brewery, Townsville"@en	2		"Australia"@es	""
<http://www.wikidata.org/entity/Q24234071>	"Brauhaus am Damm"@en	"Brauhaus am Damm"@en	1		"Sudáfrica"@es	""
<http://www.wikidata.org/entity/Q24505400>	"Q24505400"		2		"Alemania"@es	""
<http://www.wikidata.org/entity/Q24648499>	"333 Premium Export Beer"@en	"333 Premium Export Beer"@en	4			""
<http://www.wikidata.org/entity/Q24648520>	"Small Town Brewery"@en	"Small Town Brewery"@en	1		"Estados Unidos"@es	""
<http://www.wikidata.org/entity/Q24648521>	"Stone & Wood Brewing Co."@en	"Stone & Wood Brewing Co."@en	1		"Australia"@es	""
<http://www.wikidata.org/entity/Q24702775>	"Birrificio Lambrate"@es	"Birrificio Lambrate"@en	2		"Italia"@es	""
<http://www.wikidata.org/entity/Q24884760>	"Thieme and Wagner Brewing Company"@en	"Thieme and Wagner Brewing Company"@en	1		"Estados Unidos"@es	""
<http://www.wikidata.org/entity/Q24885161>	"Erie Brewing Company"@en	"Erie Brewing Company"@en	1		"Estados Unidos"@es	""
<http://www.wikidata.org/entity/Q24934932>	"Q24934932"		1		"Bélgica"@es	""
<http://www.wikidata.org/entity/Q24936873>	"Q24936873"		1		"Bélgica"@es	""
<http://www.wikidata.org/entity/Q24941750>	"Q24941750"		2		"Polonia"@es	""
<http://www.wikidata.org/entity/Q24942189>	"Birra Cervisia"@es	"Birra Cervisia"@en	2		"Reino de Italia"@es	""
<http://www.wikidata.org/entity/Q24942189>	"Birra Cervisia"@es	"Birra Cervisia"@en	2		"Italia"@es	""
<http://www.wikidata.org/entity/Q25000174>	"Lighthouse Brewing Company"@en	"Lighthouse Brewing Company"@en	1			""
<http://www.wikidata.org/entity/Q25001349>	"Market Garden Brewery"@en	"Market Garden Brewery"@en	1		"Estados Unidos"@es	""
<http://www.wikidata.org/entity/Q25001362>	"Platform Beer Company"@en	"Platform Beer Company"@en	1		"Estados Unidos"@es	""
<http://www.wikidata.org/entity/Q25006080>	"Ebling Brewing Company"@en	"Ebling Brewing Company"@en	1			""
<http://www.wikidata.org/entity/Q25197565>	"Karbach Brewing Company"@en	"Karbach Brewing Company"@en	1		"Estados Unidos"@es	""
<http://www.wikidata.org/entity/Q25302580>	"San Miguel Brewery"@en	"San Miguel Brewery"@en	4		"Filipinas"@es	""
<http://www.wikidata.org/entity/Q25346084>	"Muessel-Drewry Brewery"@en	"Muessel-Drewry Brewery"@en	1		"Estados Unidos"@es	""
<http://www.wikidata.org/entity/Q25346095>	"Kamm and Schellinger Brewery"@en	"Kamm and Schellinger Brewery"@en	2		"Estados Unidos"@es	""
<http://www.wikidata.org/entity/Q25387921>	"Duvel Moortgat Brewery"@en	"Duvel Moortgat Brewery"@en	1		"Bélgica"@es	""
<http://www.wikidata.org/entity/Q25388400>	"Hoegaarden (cerveza)"@es	"Hoegaarden"@en	2		"Bélgica"@es	""
<http://www.wikidata.org/entity/Q25420248>	"Q25420248"		1			""
<http://www.wikidata.org/entity/Q25435180>	"Hunsfos Bryggeri"@en	"Hunsfos Bryggeri"@en	2		"Noruega"@es	""
<http://www.wikidata.org/entity/Q25446169>	"Q25446169"		2		"Ucrania"@es	""
<http://www.wikidata.org/entity/Q25489924>	"Jems"@en	"Jems"@en	1		"Israel"@es	""
<http://www.wikidata.org/entity/Q25495752>	"Pelicon Brewery"@en	"Pelicon Brewery"@en	1		"Eslovenia"@es	""
<http://www.wikidata.org/entity/Q25569661>	"Blanche Hermine"@es	"Blanche Hermine"@en	1			""
<http://www.wikidata.org/entity/Q25894657>	"Q25894657"		1		"Austria"@es	""
<http://www.wikidata.org/entity/Q26257838>	"Brasserie Gengoulf"@en	"Brasserie Gengoulf"@en	1		"Bélgica"@es	""
<http://www.wikidata.org/entity/Q26257913>	"Belgian Beer of Wallonia"@en	"Belgian Beer of Wallonia"@en	1		"Bélgica"@es	""
<http://www.wikidata.org/entity/Q26446442>	"Former Tetbury Brewery, Behind Number 6"@en	"Former Tetbury Brewery, Behind Number 6"@en	1		"Reino Unido"@es	""
<http://www.wikidata.org/entity/Q26480692>	"Brewhouse at Poulton Hall"@en	"Brewhouse at Poulton Hall"@en	1		"Reino Unido"@es	""
<http://www.wikidata.org/entity/Q26497947>	"Company House"@en	"Company House"@en	1		"Reino Unido"@es	""
<http://www.wikidata.org/entity/Q26514697>	"Outbuilding approximately 5 metres north west of Manor Farmhouse"@en	"Outbuilding approximately 5 metres north west of Manor Farmhouse"@en	1		"Reino Unido"@es	""
<http://www.wikidata.org/entity/Q26542516>	"Brewhouse & Kitchen"@en	"Brewhouse & Kitchen"@en	1		"Reino Unido"@es	""
<http://www.wikidata.org/entity/Q26667828>	"The Fat Cat"@en	"The Fat Cat"@en	1		"Reino Unido"@es	""
<http://www.wikidata.org/entity/Q26710896>	"Q26710896"		1		"Países Bajos"@es	""
<http://www.wikidata.org/entity/Q26772520>	"Felsenkeller"@en	"Felsenkeller"@en	1		"Alemania"@es	""
<http://www.wikidata.org/entity/Q26865620>	"Antwerp Brew Company"@en	"Antwerp Brew Company"@en	1		"Bélgica"@es	""
<http://www.wikidata.org/entity/Q26882864>	"Müllerbräu"@en	"Müllerbräu"@en	2		"Alemania"@es	""
<http://www.wikidata.org/entity/Q26958672>	"Brewery Plzeňský Prazdroj"@en	"Brewery Plzeňský Prazdroj"@en	1		"República Checa"@es	""
<http://www.wikidata.org/entity/Q26974604>	"Beamish"@en	"Beamish"@en	7		"Irlanda"@es	""
<http://www.wikidata.org/entity/Q27136461>	"Tiny Rebel"@en	"Tiny Rebel"@en	2		"Reino Unido"@es	""
<http://www.wikidata.org/entity/Q27165298>	"Yoshino Shuzo"@en	"Yoshino Shuzo"@en	2		"Japón"@es	""
<http://www.wikidata.org/entity/Q27333135>	"Bootjes Bier"@en	"Bootjes Bier"@en	1			""
<http://www.wikidata.org/entity/Q27768215>	"Sans Pardon"@en	"Sans Pardon"@en	1			""
<http://www.wikidata.org/entity/Q27827626>	"Cervezas Txorierri"@es	"Txorierri Beers"@en	3		"España"@es	""
<http://www.wikidata.org/entity/Q27861532>	"Heer van Biesen"@en	"Heer van Biesen"@en	1			""
<http://www.wikidata.org/entity/Q27918397>	"Beer Factory Brewery"@en	"Beer Factory Brewery"@en	2		"República Checa"@es	""
<http://www.wikidata.org/entity/Q27926693>	"Cervejas De Moçambique"@en	"Cervejas De Moçambique"@en	3		"Mozambique"@es	""
<http://www.wikidata.org/entity/Q27952202>	"Q27952202"		1			""
<http://www.wikidata.org/entity/Q27952203>	"Cass"@en	"Cass"@en	1			""
<http://www.wikidata.org/entity/Q27960587>	"Klosterbrauerei Weltenburg"@en	"Klosterbrauerei Weltenburg"@en	1		"Alemania"@es	""
<http://www.wikidata.org/entity/Q27972935>	"Q27972935"		1		"Alemania"@es	""
<http://www.wikidata.org/entity/Q27972948>	"Laurentina"@es	"Laurentina"@en	4		"Mozambique"@es	""
<http://www.wikidata.org/entity/Q27983187>	"Old Brewery Schwerin"@en	"Old Brewery Schwerin"@en	2		"Alemania"@es	""
<http://www.wikidata.org/entity/Q28034318>	"Brouwerij Troost"@en	"Brouwerij Troost"@en	1		"Países Bajos"@es	""
<http://www.wikidata.org/entity/Q28062531>	"Staffelberg-Bräu"@es	"Staffelberg-Bräu"@en	1		"Alemania"@es	""
<http://www.wikidata.org/entity/Q28076512>	"Q28076512"		1		"Brasil"@es	""
<http://www.wikidata.org/entity/Q28076538>	"Q28076538"		1			""
<http://www.wikidata.org/entity/Q28076553>	"90 Shilling"@en	"90 Shilling"@en	1			""
<http://www.wikidata.org/entity/Q28077034>	"5 barrel Pale Ale"@en	"5 barrel Pale Ale"@en	1			""
<http://www.wikidata.org/entity/Q28124788>	"Old Waterville Post Office"@en	"Old Waterville Post Office"@en	2		"Estados Unidos"@es	""
<http://www.wikidata.org/entity/Q28125969>	"American Brewing Company Plant"@en	"American Brewing Company Plant"@en	2		"Estados Unidos"@es	""
<http://www.wikidata.org/entity/Q28151512>	"Q28151512"		1		"Países Bajos"@es	""
<http://www.wikidata.org/entity/Q28195743>	"Brasserie de Luxembourg"@en	"Brasserie de Luxembourg"@en	4		"Luxemburgo"@es	""
<http://www.wikidata.org/entity/Q28209571>	"Superstition Meadery"@en	"Superstition Meadery"@en	1		"Estados Unidos"@es	""
<http://www.wikidata.org/entity/Q28224867>	"Brasserie Battin"@en	"Brasserie Battin"@en	1		"Luxemburgo"@es	""
<http://www.wikidata.org/entity/Q28224874>	"Beierhaascht"@en	"Beierhaascht"@en	1		"Luxemburgo"@es	""
<http://www.wikidata.org/entity/Q28224875>	"Brasserie de Dudelange"@en	"Brasserie de Dudelange"@en	1		"Luxemburgo"@es	""
<http://www.wikidata.org/entity/Q28224889>	"Clausel"@en	"Clausel"@en	2		"Luxemburgo"@es	""
<http://www.wikidata.org/entity/Q28229285>	"Southern Tier Brewing Company"@en	"Southern Tier Brewing Company"@en	1		"Estados Unidos"@es	""
<http://www.wikidata.org/entity/Q28373722>	"Neshaminy Creek Brewing Company"@en	"Neshaminy Creek Brewing Company"@en	2		"Estados Unidos"@es	""
<http://www.wikidata.org/entity/Q28401783>	"Breckenridge Brewery"@en	"Breckenridge Brewery"@en	2		"Estados Unidos"@es	""
<http://www.wikidata.org/entity/Q28403571>	"Tudor Brewery"@en	"Tudor Brewery"@en	1		"Gales"@es	""
<http://www.wikidata.org/entity/Q28448206>	"Latitude 42 Brewing Company"@en	"Latitude 42 Brewing Company"@en	1		"Estados Unidos"@es	""
<http://www.wikidata.org/entity/Q28455369>	"OpenRoad Brewery"@en	"OpenRoad Brewery"@en	1		"Estados Unidos"@es	""
<http://www.wikidata.org/entity/Q28456572>	"De Garde Brewing"@en	"De Garde Brewing"@en	1		"Estados Unidos"@es	""
<http://www.wikidata.org/entity/Q28496630>	"Q28496630"		1			""
<http://www.wikidata.org/entity/Q28565226>	"Brouwerij Verkest"@en	"Brouwerij Verkest"@en	1		"Bélgica"@es	""
<http://www.wikidata.org/entity/Q28659097>	"Q28659097"		1		"Bélgica"@es	""
<http://www.wikidata.org/entity/Q28672874>	"Q28672874"		1		"Polonia"@es	""
<http://www.wikidata.org/entity/Q28719145>	"Lofotpils"@en	"Lofotpils"@en	2		"Noruega"@es	""
<http://www.wikidata.org/entity/Q28734630>	"Q28734630"		1		"República Checa"@es	""
<http://www.wikidata.org/entity/Q28748097>	"Hasen-Bräu"@en	"Hasen-Bräu"@en	3		"Imperio aleman (1871-1949)"@es	""
<http://www.wikidata.org/entity/Q28748097>	"Hasen-Bräu"@en	"Hasen-Bräu"@en	3		"Alemania"@es	""
<http://www.wikidata.org/entity/Q28949044>	"Loď Pivovar"@en	"Loď Pivovar"@en	2		"República Checa"@es	""
<http://www.wikidata.org/entity/Q28961328>	"Hamer's Brewery, Turton"@en	"Hamer's Brewery, Turton"@en	1		"Reino Unido"@es	""
<http://www.wikidata.org/entity/Q28971927>	"Parallel 49 Brewing Company"@en	"Parallel 49 Brewing Company"@en	1		"Canadá"@es	""
<http://www.wikidata.org/entity/Q29325391>	"Great Northern Brewing Co."@en	"Great Northern Brewing Co."@en	1		"Australia"@es	""
<http://www.wikidata.org/entity/Q29468890>	"Great South Bay Brewery"@en	"Great South Bay Brewery"@en	1		"Estados Unidos"@es	""
<http://www.wikidata.org/entity/Q29641830>	"Kinkaider Brewing Company"@en	"Kinkaider Brewing Company"@en	1			""
<http://www.wikidata.org/entity/Q29651895>	"Former Steinhof Brewery"@en	"Former Steinhof Brewery"@en	1		"Suiza"@es	""
<http://www.wikidata.org/entity/Q29692126>	"Q29692126"		1			""
<http://www.wikidata.org/entity/Q29870161>	"Cotswold Brewing Co."@en	"Cotswold Brewing Co."@en	1		"Reino Unido"@es	""
<http://www.wikidata.org/entity/Q30091648>	"Ludwik Anstadt brewery"@en	"Ludwik Anstadt brewery"@en	1		"Polonia"@es	""
<http://www.wikidata.org/entity/Q30239145>	"Bronckhorster Brewing Company"@en	"Bronckhorster Brewing Company"@en	1		"Países Bajos"@es	""
<http://www.wikidata.org/entity/Q30539444>	"Q30539444"		2		"Alemania"@es	""
<http://www.wikidata.org/entity/Q30593204>	"John Hair and Son"@en	"John Hair and Son"@en	2		"Reino Unido"@es	""
<http://www.wikidata.org/entity/Q30594608>	"Trillium Brewing Company"@en	"Trillium Brewing Company"@en	2			""
<http://www.wikidata.org/entity/Q30625437>	"Ore Dock Brewing Company"@en	"Ore Dock Brewing Company"@en	2		"Estados Unidos"@es	""
<http://www.wikidata.org/entity/Q30626218>	"Brew Detroit"@en	"Brew Detroit"@en	1		"Estados Unidos"@es	""
<http://www.wikidata.org/entity/Q30627541>	"Brewery in Słupsk"@en	"Brewery in Słupsk"@en	1		"Polonia"@es	""
<http://www.wikidata.org/entity/Q30635669>	"Gasthof Herold"@en	"Gasthof Herold"@en	1		"Alemania"@es	""
<http://www.wikidata.org/entity/Q30638707>	"Exmoor Ales"@en	"Exmoor Ales"@en	1			""
<http://www.wikidata.org/entity/Q30686754>	"Fremlin's Brewery"@en	"Fremlin's Brewery"@en	1		"Reino Unido"@es	""
<http://www.wikidata.org/entity/Q30693977>	"Asheville Brewing Company"@en	"Asheville Brewing Company"@en	1		"Estados Unidos"@es	""
<http://www.wikidata.org/entity/Q30694578>	"Peabody Heights Brewery"@en	"Peabody Heights Brewery"@en	2			""
<http://www.wikidata.org/entity/Q30744047>	"Q30744047"		1		"Bélgica"@es	""
<http://www.wikidata.org/entity/Q30745532>	"Q30745532"		1			""
<http://www.wikidata.org/entity/Q30752608>	"Brasserie Boswell"@en	"Brasserie Boswell"@en	2		"Canadá"@es	""
<http://www.wikidata.org/entity/Q30765966>	"Q30765966"		2		"Francia"@es	""
<http://www.wikidata.org/entity/Q30854229>	"Schrems brewery"@en	"Schrems brewery"@en	2		"Austria"@es	""
<http://www.wikidata.org/entity/Q30854273>	"Poschacher brewery"@en	"Poschacher brewery"@en	1		"Austria"@es	""
<http://www.wikidata.org/entity/Q30922798>	"Seki no Ichi"@en	"Seki no Ichi"@en	2		"Japón"@es	""
<http://www.wikidata.org/entity/Q30922864>	"Kure Beer"@en	"Kure Beer"@en	1		"Japón"@es	""
<http://www.wikidata.org/entity/Q30922912>	"Loco Beer"@en	"Loco Beer"@en	1		"Japón"@es	""
<http://www.wikidata.org/entity/Q30923723>	"Kinshachi Beer"@en	"Kinshachi Beer"@en	1		"Japón"@es	""
<http://www.wikidata.org/entity/Q30928057>	"Q30928057"		1			""
<http://www.wikidata.org/entity/Q30932951>	"Johana Beer"@en	"Johana Beer"@en	1		"Japón"@es	""
<http://www.wikidata.org/entity/Q31086021>	"Q31086021"		1		"Finlandia"@es	""
<http://www.wikidata.org/entity/Q31091303>	"HopTop Brewery"@en	"HopTop Brewery"@en	1		"Hungría"@es	""
<http://www.wikidata.org/entity/Q31187693>	"Bomonti Brewing Company"@en	"Bomonti Brewing Company"@en	3		"Turquía"@es	""
<http://www.wikidata.org/entity/Q31192260>	"Q31192260"		1		"Bulgaria"@es	""
<http://www.wikidata.org/entity/Q31841940>	"Tigra"@es	"Tigra"@en	1		"Angola"@es	""
<http://www.wikidata.org/entity/Q31886576>	"Poppels bryggeri"@en	"Poppels bryggeri"@en	1			""
<http://www.wikidata.org/entity/Q32662271>	"Groterjan-Brauerei"@en	"Groterjan-Brauerei"@en	1		"Alemania"@es	""
<http://www.wikidata.org/entity/Q32665027>	"Q32665027"		1		"Alemania"@es	""
<http://www.wikidata.org/entity/Q33112908>	"Q33112908"		1		"República Checa"@es	""
<http://www.wikidata.org/entity/Q34488894>	"Harbin"@en	"Harbin"@en	1		"República Popular China"@es	""
<http://www.wikidata.org/entity/Q35200069>	"Brouwerij Mommeriete"@en	"Brouwerij Mommeriete"@en	2		"Países Bajos"@es	""
<http://www.wikidata.org/entity/Q37347386>	"Svalbard Bryggeri"@en	"Svalbard Bryggeri"@en	7		"Noruega"@es	""
<http://www.wikidata.org/entity/Q37884122>	"Altes Brauhaus"@en	"Altes Brauhaus"@en	1		"Austria"@es	""
<http://www.wikidata.org/entity/Q38025238>	"Q38025238"		1		"Austria"@es	""
<http://www.wikidata.org/entity/Q38027599>	"Bayrhamerplatz 10, Hallein"@en	"Bayrhamerplatz 10, Hallein"@en	1		"Austria"@es	""
<http://www.wikidata.org/entity/Q38050025>	"Q38050025"		1		"Austria"@es	""
<http://www.wikidata.org/entity/Q38101018>	"Dietrichsbach Wachtelhütte"@en	"Dietrichsbach Wachtelhütte"@en	1		"Austria"@es	""
<http://www.wikidata.org/entity/Q38112449>	"Q38112449"		1		"Austria"@es	""
<http://www.wikidata.org/entity/Q38266973>	"Tagohinke Brewery Products"@en	"Tagohinke Brewery Products"@en	2		"Japón"@es	""
<http://www.wikidata.org/entity/Q38277817>	"Kinoshita Syuzou"@en	"Kinoshita Syuzou"@en	2		"Japón"@es	""
<http://www.wikidata.org/entity/Q38278366>	"Hakutaka"@en	"Hakutaka"@en	2		"Japón"@es	""
<http://www.wikidata.org/entity/Q38655186>	"Kaltenecker Brewery"@en	"Kaltenecker Brewery"@en	1		"Eslovaquia"@es	""
<http://www.wikidata.org/entity/Q39049334>	"Metropolitan Lager Bier Brewery"@en	"Metropolitan Lager Bier Brewery"@en	1		"Estados Unidos"@es	""
<http://www.wikidata.org/entity/Q39049393>	"Abner-Drury Brewery"@en	"Abner-Drury Brewery"@en	2		"Estados Unidos"@es	""
<http://www.wikidata.org/entity/Q39049398>	"Schnell Brewery"@en	"Schnell Brewery"@en	1			""
<http://www.wikidata.org/entity/Q39053843>	"XT Brewing Co."@en	"XT Brewing Co."@en	1		"Reino Unido"@es	""
<http://www.wikidata.org/entity/Q39058224>	"Big Wood Brewery"@en	"Big Wood Brewery"@en	1		"Estados Unidos"@es	""
<http://www.wikidata.org/entity/Q39087127>	"National Capital Brewing Company"@en	"National Capital Brewing Company"@en	2		"Estados Unidos"@es	""
<http://www.wikidata.org/entity/Q39087128>	"Wales Brewery"@en	"Wales Brewery"@en	1			""
<http://www.wikidata.org/entity/Q39087331>	"Gizmo Brew Works"@en	"Gizmo Brew Works"@en	1		"Estados Unidos"@es	""
<http://www.wikidata.org/entity/Q39336840>	"Hertalse Poorter"@en	"Hertalse Poorter"@en	1			""
<http://www.wikidata.org/entity/Q40166094>	"Kastel"@en	"Kastel"@en	1			""
<http://www.wikidata.org/entity/Q41281060>	"former brewery of franciscan monastery"@en	"former brewery of franciscan monastery"@en	1		"Alemania"@es	""
<http://www.wikidata.org/entity/Q41291052>	"Brauerei"@en	"Brauerei"@en	1		"Alemania"@es	""
<http://www.wikidata.org/entity/Q41301207>	"Brauerei"@en	"Brauerei"@en	1		"Alemania"@es	""
<http://www.wikidata.org/entity/Q41311110>	"Brauhaus Simmerberg"@en	"Brauhaus Simmerberg"@en	1		"Alemania"@es	""
<http://www.wikidata.org/entity/Q41321542>	"Brauerei"@en	"Brauerei"@en	1		"Alemania"@es	""
<http://www.wikidata.org/entity/Q41323000>	"Brauerei"@en	"Brauerei"@en	1		"Alemania"@es	""
<http://www.wikidata.org/entity/Q41323546>	"Brauerei"@en	"Brauerei"@en	1		"Alemania"@es	""
<http://www.wikidata.org/entity/Q56649747>	"Počernický pivovar"@en	"Počernický pivovar"@en	2		"República Checa"@es	""
<http://www.wikidata.org/entity/Q56661862>	"Pivovar Marina"@en	"Pivovar Marina"@en	1		"República Checa"@es	""
<http://www.wikidata.org/entity/Q56701953>	"Staroměstský pivovar U Supa"@en	"Staroměstský pivovar U Supa"@en	1		"República Checa"@es	""
<http://www.wikidata.org/entity/Q56701971>	"Tsingtao"@en	"Tsingtao"@en	1		"República Popular China"@es	""
<http://www.wikidata.org/entity/Q56747448>	"Yorkshire Brewery building"@en	"Yorkshire Brewery building"@en	1		"Australia"@es	""
<http://www.wikidata.org/entity/Q56752734>	"Victoria Brewery building"@en	"Victoria Brewery building"@en	1		"Australia"@es	""
<http://www.wikidata.org/entity/Q56753484>	"Braumanufaktur Potsdam"@en	"Braumanufaktur Potsdam"@en	2		"Alemania"@es	""
<http://www.wikidata.org/entity/Q56787632>	"Klosterbrauerei Reutberg"@en	"Klosterbrauerei Reutberg"@en	2		"Alemania"@es	""
<http://www.wikidata.org/entity/Q57404713>	"Q57404713"		1		"Hungría"@es	""
<http://www.wikidata.org/entity/Q57913775>	"Q57913775"		1			""
<http://www.wikidata.org/entity/Q58170956>	"Q58170956"		1			""
<http://www.wikidata.org/entity/Q58280022>	"Pivovar Rohozec"@en	"Pivovar Rohozec"@en	1		"República Checa"@es	""
<http://www.wikidata.org/entity/Q58582683>	"Hirsch-Brauerei Honer"@es	"Hirsch-Brauerei Honer"@en	3		"Alemania"@es	""
<http://www.wikidata.org/entity/Q59384072>	"Cornet"@en	"Cornet"@en	1			""
<http://www.wikidata.org/entity/Q59573998>	"Dargett Craft Beer"@es	"Dargett Craft Beer"@en	1		"Armenia"@es	""
<http://www.wikidata.org/entity/Q59725516>	"Q59725516"		2		"Bélgica"@es	""
<http://www.wikidata.org/entity/Q60433787>	"6 Pack Beer"@en	"6 Pack Beer"@en	1		"Israel"@es	""
<http://www.wikidata.org/entity/Q60486911>	"Pivovar Volt"@en	"Pivovar Volt"@en	1		"República Checa"@es	""
<http://www.wikidata.org/entity/Q60740072>	"Carton Brewing"@en	"Carton Brewing"@en	1		"Estados Unidos"@es	""
<http://www.wikidata.org/entity/Q60741039>	"Slow Boat Brewery"@en	"Slow Boat Brewery"@en	1		"República Popular China"@es	""
<http://www.wikidata.org/entity/Q60746559>	"Rhinegeist"@en	"Rhinegeist"@en	2		"Estados Unidos"@es	""
<http://www.wikidata.org/entity/Q60746802>	"Iron Hill Brewery & Restaurant"@en	"Iron Hill Brewery & Restaurant"@en	1		"Estados Unidos"@es	""
<http://www.wikidata.org/entity/Q60760156>	"Paterson Consolidated Brewing Company"@en	"Paterson Consolidated Brewing Company"@en	1		"Estados Unidos"@es	""
<http://www.wikidata.org/entity/Q60762491>	"SingleCut Beersmiths"@en	"SingleCut Beersmiths"@en	1		"Estados Unidos"@es	""
<http://www.wikidata.org/entity/Q60770548>	"Tree House Brewing Company"@en	"Tree House Brewing Company"@en	2		"Estados Unidos"@es	""
<http://www.wikidata.org/entity/Q60775028>	"Kane Brewing"@en	"Kane Brewing"@en	1		"Estados Unidos"@es	""
<http://www.wikidata.org/entity/Q60775029>	"River Horse Brewery"@en	"River Horse Brewery"@en	1			""
<http://www.wikidata.org/entity/Q60776324>	"PFriem Family Brewers"@en	"PFriem Family Brewers"@en	2		"Estados Unidos"@es	""
<http://www.wikidata.org/entity/Q60776414>	"White Rhino"@en	"White Rhino"@en	1		"India"@es	""
<http://www.wikidata.org/entity/Q60785228>	"Washington Brewery Company"@en	"Washington Brewery Company"@en	2		"Estados Unidos"@es	""
<http://www.wikidata.org/entity/Q60791658>	"Pirate Life Brewing"@en	"Pirate Life Brewing"@en	1		"Australia"@es	""
<http://www.wikidata.org/entity/Q60792365>	"A. Gettelman Brewing Company"@en	"A. Gettelman Brewing Company"@en	1		"Estados Unidos"@es	""
<http://www.wikidata.org/entity/Q60849584>	"Brewery-mill of the Floreffe Abbey"@en	"Brewery-mill of the Floreffe Abbey"@en	2		"Bélgica"@es	""
<http://www.wikidata.org/entity/Q60969333>	"Q60969333"		1			""
<http://www.wikidata.org/entity/Q60986891>	"Izumi Yūnosuke Shōten"@en	"Izumi Yūnosuke Shōten"@en	2		"Japón"@es	""
<http://www.wikidata.org/entity/Q61058141>	"Former Azumaya Sake Brewery"@en	"Former Azumaya Sake Brewery"@en	1		"Japón"@es	""
<http://www.wikidata.org/entity/Q61114846>	"Q61114846"		1			""
<http://www.wikidata.org/entity/Q61126718>	"Golan Brewery"@en	"Golan Brewery"@en	2		"Israel"@es	""
<http://www.wikidata.org/entity/Q61126959>	"Q61126959"		1			""
<http://www.wikidata.org/entity/Q61349533>	"Q61349533"		1		"República Checa"@es	""
<http://www.wikidata.org/entity/Q61355336>	"Piro"@en	"Piro"@en	1			""
<http://www.wikidata.org/entity/Q61453595>	"Schultheiss-Brewery"@en	"Schultheiss-Brewery"@en	2		"Alemania"@es	""
<http://www.wikidata.org/entity/Q61528381>	"Q61528381"		1		"República Checa"@es	""
<http://www.wikidata.org/entity/Q61578062>	"Brauhof Wiener Neustadt"@en	"Brauhof Wiener Neustadt"@en	2		"Imperio austrohúngaro"@es	""
<http://www.wikidata.org/entity/Q61578062>	"Brauhof Wiener Neustadt"@en	"Brauhof Wiener Neustadt"@en	2		"Austria"@es	""
<http://www.wikidata.org/entity/Q61636990>	"Grihète"@es	"Grihète"@en	2		"Francia"@es	""
<http://www.wikidata.org/entity/Q61659675>	"Overtime Brewing Company"@en	"Overtime Brewing Company"@en	1		"Estados Unidos"@es	""
<http://www.wikidata.org/entity/Q61698778>	"Uiltje Brewing Company"@en	"Uiltje Brewing Company"@en	2		"Países Bajos"@es	""
<http://www.wikidata.org/entity/Q61754799>	"Brauhaus Meißen"@en	"Brauhaus Meißen"@en	2		"Alemania"@es	""
<http://www.wikidata.org/entity/Q61913937>	"Klotzmilch"@en	"Klotzmilch"@en	1		"Reino de Sajonia"@es	""
<http://www.wikidata.org/entity/Q61984152>	"Takeno Sake Brewery"@en	"Takeno Sake Brewery"@en	2		"Japón"@es	""
<http://www.wikidata.org/entity/Q62768200>	"Schlitz"@en	"Schlitz"@en	1			""
<http://www.wikidata.org/entity/Q62890060>	"Wolferstetter Brauerei"@en	"Wolferstetter Brauerei"@en	3		"Alemania"@es	""
<http://www.wikidata.org/entity/Q63007982>	"Q63007982"		1		"Polonia"@es	""
<http://www.wikidata.org/entity/Q63025689>	"Q63025689"		1			""
<http://www.wikidata.org/entity/Q63033007>	"Q63033007"		2		"Finlandia"@es	""
<http://www.wikidata.org/entity/Q63102380>	"Brauerei Zur Eiche (Kiel)"@en	"Brauerei Zur Eiche (Kiel)"@en	1		"Alemania"@es	""
<http://www.wikidata.org/entity/Q63115118>	"Brauerei Schladming"@en	"Brauerei Schladming"@en	2		"Austria"@es	""
<http://www.wikidata.org/entity/Q63118322>	"Harbour Brewing Company"@es	"Harbour Brewing Company"@en	1		"Reino Unido"@es	""
<http://www.wikidata.org/entity/Q63118387>	"Keltek Brewery"@es	"Keltek Brewery"@en	1		"Reino Unido"@es	""
<http://www.wikidata.org/entity/Q63168571>	"Q63168571"		1		"Alemania"@es	""
<http://www.wikidata.org/entity/Q63168585>	"Q63168585"		1		"Alemania"@es	""
<http://www.wikidata.org/entity/Q63226381>	"Graf Arco Brauerei"@en	"Graf Arco Brauerei"@en	3		"Alemania"@es	""
<http://www.wikidata.org/entity/Q63243630>	"Q63243630"		2		"Alemania"@es	""
<http://www.wikidata.org/entity/Q63283971>	"Schultheiß-Patzenhofer-Brauerei"@en	"Schultheiß-Patzenhofer-Brauerei"@en	1		"Alemania"@es	""
<http://www.wikidata.org/entity/Q63350778>	"Den Grooten en Den Cleynen Cruywaeghen (Leuven)"@en	"Den Grooten en Den Cleynen Cruywaeghen (Leuven)"@en	2		"Bélgica"@es	""
<http://www.wikidata.org/entity/Q63379154>	"Q63379154"		1			""
<http://www.wikidata.org/entity/Q63484685>	"Burnside Brewing Company"@en	"Burnside Brewing Company"@en	2		"Estados Unidos"@es	""
<http://www.wikidata.org/entity/Q63860198>	"Q63860198"		1		"República Checa"@es	""
<http://www.wikidata.org/entity/Q64025756>	"Kips Bay Brewing Company"@en	"Kips Bay Brewing Company"@en	2		"Estados Unidos"@es	""
<http://www.wikidata.org/entity/Q64362093>	"Takeshita Sake Brewery"@en	"Takeshita Sake Brewery"@en	2		"Japón"@es	""
<http://www.wikidata.org/entity/Q64697793>	"Brew Brothers"@en	"Brew Brothers"@en	1		"Estados Unidos"@es	""
<http://www.wikidata.org/entity/Q64739319>	"Privatbrauerei H. Egerer"@en	"Privatbrauerei H. Egerer"@en	1		"Alemania"@es	""
<http://www.wikidata.org/entity/Q64851131>	"Q64851131"		1		"República Checa"@es	""
<http://www.wikidata.org/entity/Q65045143>	"Barrel Theory Beer Company"@en	"Barrel Theory Beer Company"@en	1		"Estados Unidos"@es	""
<http://www.wikidata.org/entity/Q65056433>	"Peticolas Brewing Company"@en	"Peticolas Brewing Company"@en	1			""
<http://www.wikidata.org/entity/Q65072077>	"Hop House 13"@en	"Hop House 13"@en	2			""
<http://www.wikidata.org/entity/Q65075328>	"Calicraft"@en	"Calicraft"@en	1		"Estados Unidos"@es	""
<http://www.wikidata.org/entity/Q65076151>	"Independent Milwaukee Brewery"@en	"Independent Milwaukee Brewery"@en	1			""
<http://www.wikidata.org/entity/Q65076220>	"Belching Beaver"@en	"Belching Beaver"@en	1		"Estados Unidos"@es	""
<http://www.wikidata.org/entity/Q65076321>	"Cream City Brewing Company"@en	"Cream City Brewing Company"@en	1		"Estados Unidos"@es	""
<http://www.wikidata.org/entity/Q65090617>	"Nashville Brewing Company"@en	"Nashville Brewing Company"@en	2			""
<http://www.wikidata.org/entity/Q65109005>	"Q65109005"		1		"Rusia"@es	""
<http://www.wikidata.org/entity/Q65118948>	"Curious Brewing"@en	"Curious Brewing"@en	1		"Reino Unido"@es	""
<http://www.wikidata.org/entity/Q65121069>	"To Øl"@en	"To Øl"@en	1		"Dinamarca"@es	""
<http://www.wikidata.org/entity/Q65121467>	"Nanbu Bijin"@en	"Nanbu Bijin"@en	3		"Japón"@es	""
<http://www.wikidata.org/entity/Q65157178>	"Q65157178"		1		"Mali"@es	""
<http://www.wikidata.org/entity/Q65169402>	"Q65169402"		1		"Polonia"@es	""
<http://www.wikidata.org/entity/Q65217875>	"Borsodi Super Dry"@en	"Borsodi Super Dry"@en	1		"Hungría"@es	""
<http://www.wikidata.org/entity/Q65234563>	"Hopping Brewsters Beer Company"@en	"Hopping Brewsters Beer Company"@en	1		"Finlandia"@es	""
<http://www.wikidata.org/entity/Q65235642>	"Homare Sake Brewery"@en	"Homare Sake Brewery"@en	2		"Japón"@es	""
<http://www.wikidata.org/entity/Q65238762>	"Q65238762"		1		"Finlandia"@es	""
<http://www.wikidata.org/entity/Q65336356>	"Q65336356"		1		"Islandia"@es	""
<http://www.wikidata.org/entity/Q65684731>	"Kordaat"@en	"Kordaat"@en	1			""
<http://www.wikidata.org/entity/Q41323872>	"Gemeindebrauhaus"@en	"Gemeindebrauhaus"@en	2		"Alemania"@es	""
<http://www.wikidata.org/entity/Q41351988>	"Brauerei"@en	"Brauerei"@en	1		"Alemania"@es	""
<http://www.wikidata.org/entity/Q41352020>	"Bierbrauerei"@en	"Bierbrauerei"@en	1		"Alemania"@es	""
<http://www.wikidata.org/entity/Q41352057>	"Brauerei"@en	"Brauerei"@en	1		"Alemania"@es	""
<http://www.wikidata.org/entity/Q41352480>	"Brauerei"@en	"Brauerei"@en	1		"Alemania"@es	""
<http://www.wikidata.org/entity/Q41365650>	"Brauerei"@en	"Brauerei"@en	1		"Alemania"@es	""
<http://www.wikidata.org/entity/Q41366408>	"Brewery"@en	"Brewery"@en	1		"Alemania"@es	""
<http://www.wikidata.org/entity/Q41371661>	"Kellergasse 1+3"@en	"Kellergasse 1+3"@en	1		"Alemania"@es	""
<http://www.wikidata.org/entity/Q41378920>	"Gemeindebrauhaus"@en	"Gemeindebrauhaus"@en	1		"Alemania"@es	""
<http://www.wikidata.org/entity/Q41385107>	"Ehemaliges Brauhaus in Hersbruck"@en	"Ehemaliges Brauhaus in Hersbruck"@en	1		"Alemania"@es	""
<http://www.wikidata.org/entity/Q41385388>	"Ehemaliges Schlossbräuhaus in Hersbruck"@en	"Ehemaliges Schlossbräuhaus in Hersbruck"@en	1		"Alemania"@es	""
<http://www.wikidata.org/entity/Q41390998>	"Ehem. Brauereigebäude in Ottensoos"@en	"Ehem. Brauereigebäude in Ottensoos"@en	1		"Alemania"@es	""
<http://www.wikidata.org/entity/Q41391214>	"Ehemaliges Brauerei- und Metzgeranwesen in Lauf an der Pegnitz"@en	"Ehemaliges Brauerei- und Metzgeranwesen in Lauf an der Pegnitz"@en	1		"Alemania"@es	""
<http://www.wikidata.org/entity/Q41393687>	"Brauereigasthof"@en	"Brauereigasthof"@en	1		"Alemania"@es	""
<http://www.wikidata.org/entity/Q41397282>	"Brauerei Zehendner"@en	"Brauerei Zehendner"@en	2		"Alemania"@es	""
<http://www.wikidata.org/entity/Q41404588>	"Brauereigasthof Eschenfelden"@en	"Brauereigasthof Eschenfelden"@en	1		"Alemania"@es	""
<http://www.wikidata.org/entity/Q41494904>	"Sugar Loaf Brewery"@en	"Sugar Loaf Brewery"@en	2		"Estados Unidos"@es	""
<http://www.wikidata.org/entity/Q41535562>	"Sarah Hughes Brewery"@en	"Sarah Hughes Brewery"@en	2		"Reino Unido de Gran Bretaña e Irlanda"@es	""
<http://www.wikidata.org/entity/Q41535562>	"Sarah Hughes Brewery"@en	"Sarah Hughes Brewery"@en	2		"Reino Unido"@es	""
<http://www.wikidata.org/entity/Q41664980>	"Brauerei Wülfel"@en	"Brauerei Wülfel"@en	2		"Alemania"@es	""
<http://www.wikidata.org/entity/Q41711117>	"Krab"@en	"Krab"@en	1			""
<http://www.wikidata.org/entity/Q41759163>	"Resch's Ltd"@en	"Resch's Ltd"@en	1		"Australia"@es	""
<http://www.wikidata.org/entity/Q42306250>	"Q42306250"		2		"Alemania"@es	""
<http://www.wikidata.org/entity/Q42532983>	"Q42532983"		1		"Austria"@es	""
<http://www.wikidata.org/entity/Q42632144>	"Zipf-Bräu"@en	"Zipf-Bräu"@en	2		"Alemania"@es	""
<http://www.wikidata.org/entity/Q42773329>	"Bergquell-Brauerei Löbau"@es	"Bergquell-Brauerei Löbau"@en	3		"Alemania"@es	""
<http://www.wikidata.org/entity/Q42847654>	"Hofmeister Lager"@en	"Hofmeister Lager"@en	1			""
<http://www.wikidata.org/entity/Q43146509>	"Brasserie d'Orval"@es	"Orval Brewery"@en	3		"Bélgica"@es	""
<http://www.wikidata.org/entity/Q43231502>	"Stella"@en	"Stella"@en	2		"Túnez"@es	""
<http://www.wikidata.org/entity/Q43379472>	"Hot Springs Hotel and Brewery"@en	"Hot Springs Hotel and Brewery"@en	1		"Estados Unidos"@es	""
<http://www.wikidata.org/entity/Q44008173>	"Molson Brewery"@en	"Molson Brewery"@en	2		"Canadá"@es	""
<http://www.wikidata.org/entity/Q44100306>	"Q44100306"		1		"República Checa"@es	""
<http://www.wikidata.org/entity/Q45023445>	"Lindheim Ølkompani"@en	"Lindheim Ølkompani"@en	1		"Noruega"@es	""
<http://www.wikidata.org/entity/Q47472595>	"Small Beer Brew Co."@en	"Small Beer Brew Co."@en	1		"Reino Unido"@es	""
<http://www.wikidata.org/entity/Q47508607>	"Bavarian beer"@en	"Bavarian beer"@en	1			""
<http://www.wikidata.org/entity/Q48739985>	"Cervecería de Aarschot"@es	"Aarschotse Stadsbrouwerij"@en	2		"Bélgica"@es	"Cervecería de la ciudad de Aarschot"
<http://www.wikidata.org/entity/Q48770758>	"Cool Beer Brewing Company"@en	"Cool Beer Brewing Company"@en	1		"Canadá"@es	""
<http://www.wikidata.org/entity/Q48790891>	"Collective Arts Brewing"@en	"Collective Arts Brewing"@en	1		"Canadá"@es	""
<http://www.wikidata.org/entity/Q48808361>	"Hindmarsh Brewery"@en	"Hindmarsh Brewery"@en	1		"Australia"@es	""
<http://www.wikidata.org/entity/Q48816560>	"Pirie Street Brewery"@en	"Pirie Street Brewery"@en	1		"Australia"@es	""
<http://www.wikidata.org/entity/Q48845766>	"Q48845766"		1		"Polonia"@es	""
<http://www.wikidata.org/entity/Q48851308>	"Q48851308"		1		"Polonia"@es	""
<http://www.wikidata.org/entity/Q48967101>	"Mother Earth Brewing Company"@en	"Mother Earth Brewing Company"@en	1		"Estados Unidos"@es	""
<http://www.wikidata.org/entity/Q48976540>	"Minhas Craft Brewery"@en	"Minhas Craft Brewery"@en	2		"Estados Unidos"@es	""
<http://www.wikidata.org/entity/Q48977218>	"Funky Buddha Brewery"@en	"Funky Buddha Brewery"@en	1			""
<http://www.wikidata.org/entity/Q49096507>	"Q49096507"		1		"Suecia"@es	""
<http://www.wikidata.org/entity/Q49100829>	"Q49100829"		2		"Suecia"@es	""
<http://www.wikidata.org/entity/Q49403869>	"Q49403869"		1		"Alemania"@es	""
<http://www.wikidata.org/entity/Q49444657>	"Löwenbrauerei Dahlen"@en	"Löwenbrauerei Dahlen"@en	2		"Alemania"@es	""
<http://www.wikidata.org/entity/Q49546398>	"Vovkovyi Brewery"@en	"Vovkovyi Brewery"@en	2		"Ucrania"@es	""
<http://www.wikidata.org/entity/Q49548979>	"Q49548979"		1			""
<http://www.wikidata.org/entity/Q50378927>	"Q50378927"		1		"Letonia"@es	""
<http://www.wikidata.org/entity/Q50827943>	"Garage Project"@en	"Garage Project"@en	2		"Nueva Zelanda"@es	""
<http://www.wikidata.org/entity/Q51069194>	"Jim and Dad's Brewing Company"@en	"Jim and Dad's Brewing Company"@en	2		"República de China"@es	""
<http://www.wikidata.org/entity/Q51078070>	"Q51078070"		1		"Países Bajos"@es	""
<http://www.wikidata.org/entity/Q51557465>	"Stadtmuseum Gehrden"@en	"Stadtmuseum Gehrden"@en	2		"Alemania"@es	""
<http://www.wikidata.org/entity/Q52060253>	"Altenauer Brauerei"@en	"Altenauer Brauerei"@en	3		"Alemania"@es	""
<http://www.wikidata.org/entity/Q52376920>	"Pivovar Falkenštejn"@en	"Pivovar Falkenštejn"@en	2		"República Checa"@es	""
<http://www.wikidata.org/entity/Q53308925>	"S. Imanishi"@en	"S. Imanishi"@en	1		"Japón"@es	""
<http://www.wikidata.org/entity/Q54180670>	"Pivovar Prior"@en	"Pivovar Prior"@en	2		"República Checa"@es	""
<http://www.wikidata.org/entity/Q54339464>	"Sternburg brewery"@en	"Sternburg brewery"@en	2		"Alemania"@es	""
<http://www.wikidata.org/entity/Q54363757>	"Aecht Schlenkerla Rauchbier"@es	"Original Schlenkerla Smokebeer"@en	3		"Alemania"@es	"Schlenkerla  (Cerveza)"
<http://www.wikidata.org/entity/Q54380026>	"Brauerei Neunspringe"@es	"Brauerei Neunspringe Worbis"@en	3		"Alemania"@es	""
<http://www.wikidata.org/entity/Q54826172>	"Schlossbrauerei Maxlrain"@en	"Schlossbrauerei Maxlrain"@en	3		"Alemania"@es	""
<http://www.wikidata.org/entity/Q54868190>	"Q54868190"		1		"Países Bajos"@es	""
<http://www.wikidata.org/entity/Q54958146>	"Jackie O's Pub & Brewery"@en	"Jackie O's Pub & Brewery"@en	1			""
<http://www.wikidata.org/entity/Q54967316>	"Pivovar Clock"@en	"Pivovar Clock"@en	2		"República Checa"@es	""
<http://www.wikidata.org/entity/Q55006763>	"Q55006763"		1			""
<http://www.wikidata.org/entity/Q55075617>	"Schorschbräu"@en	"Schorschbräu"@en	1		"Alemania"@es	""
<http://www.wikidata.org/entity/Q55086089>	"Sink the Bismarck!"@en	"Sink the Bismarck!"@en	1		"Reino Unido"@es	""
<http://www.wikidata.org/entity/Q55334469>	"Bavaria"@en	"Bavaria"@en	1			""
<http://www.wikidata.org/entity/Q55371495>	"Schorschbock"@en	"Schorschbock"@en	1			""
<http://www.wikidata.org/entity/Q55372051>	"Tactical Nuclear Penguin"@en	"Tactical Nuclear Penguin"@en	1			""
<http://www.wikidata.org/entity/Q55372351>	"Brewery Bavaria"@en	"Brewery Bavaria"@en	2		"Países Bajos"@es	""
<http://www.wikidata.org/entity/Q55605114>	"Beavertown Brewery"@en	"Beavertown Brewery"@en	2		"Reino Unido"@es	""
<http://www.wikidata.org/entity/Q55605458>	"Billson's Brewery"@en	"Billson's Brewery"@en	1		"Australia"@es	""
<http://www.wikidata.org/entity/Q55605497>	"Bira 91"@en	"Bira 91"@en	2			""
<http://www.wikidata.org/entity/Q55606946>	"Champion Breweries"@en	"Champion Breweries"@en	2		"Nigeria"@es	""
<http://www.wikidata.org/entity/Q55609433>	"Devenish Brewery"@en	"Devenish Brewery"@en	2		"Reino Unido"@es	""
<http://www.wikidata.org/entity/Q55612766>	"Golden Guinea Breweries"@en	"Golden Guinea Breweries"@en	2		"Nigeria"@es	""
<http://www.wikidata.org/entity/Q55615830>	"Kent Town Brewery"@en	"Kent Town Brewery"@en	2		"Australia"@es	""
<http://www.wikidata.org/entity/Q55615862>	"KettleHouse Brewing Company"@en	"KettleHouse Brewing Company"@en	1		"Estados Unidos"@es	""
<http://www.wikidata.org/entity/Q55623793>	"Morphett Street Brewery"@en	"Morphett Street Brewery"@en	1		"Australia"@es	""
<http://www.wikidata.org/entity/Q55627422>	"Old Goulburn Brewery"@en	"Old Goulburn Brewery"@en	2		"Australia"@es	""
<http://www.wikidata.org/entity/Q55634014>	"Steward & Patteson"@en	"Steward & Patteson"@en	1		"Reino Unido"@es	""
<http://www.wikidata.org/entity/Q55637150>	"Virginia Brewery"@en	"Virginia Brewery"@en	2		"Estados Unidos"@es	""
<http://www.wikidata.org/entity/Q55637339>	"Walkerville Brewery"@en	"Walkerville Brewery"@en	2		"Australia"@es	""
<http://www.wikidata.org/entity/Q55738317>	"Holsten-Brauerei Kiel"@en	"Holsten-Brauerei Kiel"@en	1		"Alemania"@es	""
<http://www.wikidata.org/entity/Q55743892>	"Q55743892"		1		"Alemania"@es	""
<http://www.wikidata.org/entity/Q55756515>	"Schultheiss-Brauerei"@en	"Schultheiss-Brauerei"@en	2		"Alemania"@es	""
<http://www.wikidata.org/entity/Q55840593>	"Brasserie du Lizon"@en	"Brasserie du Lizon"@en	1		"Francia"@es	""
<http://www.wikidata.org/entity/Q56279919>	"Santorini Brewing Company"@en	"Santorini Brewing Company"@en	1		"Grecia"@es	""
<http://www.wikidata.org/entity/Q56299988>	"Q56299988"		1			""
<http://www.wikidata.org/entity/Q56300076>	"Omnipollo"@en	"Omnipollo"@en	2		"Suecia"@es	""
<http://www.wikidata.org/entity/Q56300191>	"Q56300191"		1		"Suecia"@es	""
<http://www.wikidata.org/entity/Q56300985>	"Q56300985"		1		"Suecia"@es	""
<http://www.wikidata.org/entity/Q56332693>	"Pivovar Spojovna"@en	"Pivovar Spojovna"@en	2		"República Checa"@es	""
<http://www.wikidata.org/entity/Q56337685>	"Q56337685"		1			""
<http://www.wikidata.org/entity/Q56347143>	"Q56347143"		1		"Japón"@es	""
<http://www.wikidata.org/entity/Q56380003>	"Pivovar Kunratice"@en	"Pivovar Kunratice"@en	2		"República Checa"@es	""
<http://www.wikidata.org/entity/Q65925072>	"Q65925072"		1		"Alemania"@es	""
<http://www.wikidata.org/entity/Q66193233>	"Pürner Brewery"@en	"Pürner Brewery"@en	1		"Alemania"@es	""
<http://www.wikidata.org/entity/Q66382923>	"Q66382923"		2		"República Checa"@es	""
<http://www.wikidata.org/entity/Q66761536>	"Brauerei C. W. Naumann"@en	"Brauerei C. W. Naumann"@en	2		"Alemania"@es	""
<http://www.wikidata.org/entity/Q66762535>	"Q66762535"		1		"Bélgica"@es	""
<http://www.wikidata.org/entity/Q66861871>	"Kalik"@en	"Kalik"@en	4			""
<http://www.wikidata.org/entity/Q67167849>	"Cervejaria Paulista"@en	"Cervejaria Paulista"@en	1		"Brasil"@es	""
<http://www.wikidata.org/entity/Q67194762>	"Kronen-Brauerei Bruno Ermisch"@en	"Kronen-Brauerei Bruno Ermisch"@en	2		"Alemania"@es	""
<http://www.wikidata.org/entity/Q67221043>	"Q67221043"		1		"Bélgica"@es	""
<http://www.wikidata.org/entity/Q67221045>	"Q67221045"		1		"Bélgica"@es	""
<http://www.wikidata.org/entity/Q67510024>	"Montmorillon Beer"@en	"Montmorillon Beer"@en	1		"Francia"@es	""
<http://www.wikidata.org/entity/Q67772833>	"Italian Grape Ale"@en	"Italian Grape Ale"@en	1			""
<http://www.wikidata.org/entity/Q67804698>	"Pivovar Kamenice"@en	"Pivovar Kamenice"@en	1		"República Checa"@es	""
<http://www.wikidata.org/entity/Q67889987>	"Forschungsbrauerei Weihenstephan"@en	"Forschungsbrauerei Weihenstephan"@en	2		"Alemania"@es	""
<http://www.wikidata.org/entity/Q70085624>	"Pivovar Nasavrky"@en	"Pivovar Nasavrky"@en	1		"República Checa"@es	""
<http://www.wikidata.org/entity/Q70480974>	"Q70480974"		1		"Suecia"@es	""
<http://www.wikidata.org/entity/Q70791409>	"Columbia Brewing Company, Tacoma"@en	"Columbia Brewing Company, Tacoma"@en	1		"Estados Unidos"@es	""
<http://www.wikidata.org/entity/Q70926663>	"Open Water Brewery"@en	"Open Water Brewery"@en	1		"Finlandia"@es	""
<http://www.wikidata.org/entity/Q71448503>	"MüllerBräu Baden AG"@en	"MüllerBräu Baden AG"@en	1		"Suiza"@es	""
<http://www.wikidata.org/entity/Q72721929>	"Brauerei Bender"@en	"Brauerei Bender"@en	2		"Alemania"@es	""
<http://www.wikidata.org/entity/Q73255294>	"Põhjala"@en	"Põhjala"@en	2		"Estonia"@es	""
<http://www.wikidata.org/entity/Q73501074>	"Ibaraki Sake Brewing"@en	"Ibaraki Sake Brewing"@en	2		"Japón"@es	""
<http://www.wikidata.org/entity/Q73656427>	"Northspur Brewing Co."@en	"Northspur Brewing Co."@en	1		"Estados Unidos"@es	""
<http://www.wikidata.org/entity/Q75137140>	"Gnarly Barley Brewing Company"@en	"Gnarly Barley Brewing Company"@en	2			""
<http://www.wikidata.org/entity/Q75976890>	"Brewery Klotzbücher"@en	"Brewery Klotzbücher"@en	2		"Alemania"@es	""
<http://www.wikidata.org/entity/Q76282626>	"Herbsthäuser Brewery"@en	"Herbsthäuser Brewery"@en	2		"Alemania"@es	""
<http://www.wikidata.org/entity/Q78506000>	"Safari Brewery"@en	"Safari Brewery"@en	2		"República Checa"@es	""
<http://www.wikidata.org/entity/Q78757760>	"Q78757760"		2		"Alemania"@es	""
<http://www.wikidata.org/entity/Q80160987>	"Q80160987"		1		"República Checa"@es	""
<http://www.wikidata.org/entity/Q80586661>	"Q80586661"		1		"Alemania"@es	""
<http://www.wikidata.org/entity/Q81942766>	"Brauerei Kraus"@en	"Brauerei Kraus"@en	2		"Alemania"@es	""
<http://www.wikidata.org/entity/Q82001226>	"Brasserie Bouchoule"@en	"Brasserie Bouchoule"@en	1		"Francia"@es	""
<http://www.wikidata.org/entity/Q83344726>	"Nishino Kinryo"@en	"Nishino Kinryo"@en	2		"Japón"@es	""
<http://www.wikidata.org/entity/Q83371914>	"Q83371914"		1		"Alemania"@es	""
<http://www.wikidata.org/entity/Q83373003>	"Q83373003"		1		"Alemania"@es	""
<http://www.wikidata.org/entity/Q83380769>	"Bäcker Brewery"@en	"Bäcker Brewery"@en	2		"Brasil"@es	""
<http://www.wikidata.org/entity/Q83520228>	"Former brewery in Prudnik"@en	"Former brewery in Prudnik"@en	1		"Polonia"@es	""
<http://www.wikidata.org/entity/Q84763110>	"Brauerei Hutthurm"@en	"Brauerei Hutthurm"@en	2		"Alemania"@es	""
<http://www.wikidata.org/entity/Q85313596>	"Q85313596"		1			""
<http://www.wikidata.org/entity/Q85313643>	"Q85313643"		1			""
<http://www.wikidata.org/entity/Q85313698>	"Q85313698"		1			""
<http://www.wikidata.org/entity/Q85313773>	"Q85313773"		1		"Bélgica"@es	""
<http://www.wikidata.org/entity/Q85425641>	"Gesellschaftsbrauerei Viechtach"@en	"Gesellschaftsbrauerei Viechtach"@en	1		"Alemania"@es	""
<http://www.wikidata.org/entity/Q85521329>	"Stiegl-Brauwelt"@en	"Stiegl-Brauwelt"@en	1		"Austria"@es	""
<http://www.wikidata.org/entity/Q85539415>	"Brouwerij Breda"@en	"Brouwerij Breda"@en	1		"Bélgica"@es	""
<http://www.wikidata.org/entity/Q85747628>	"Blackstone Brewing Company"@en	"Blackstone Brewing Company"@en	2		"Estados Unidos"@es	""
<http://www.wikidata.org/entity/Q85950810>	"Q85950810"		1		"Dinamarca"@es	""
<http://www.wikidata.org/entity/Q85986988>	"Terra"@en	"Terra"@en	1			""
<http://www.wikidata.org/entity/Q86360068>	"Q86360068"		2			""
<http://www.wikidata.org/entity/Q86666453>	"Q86666453"		1		"Polonia"@es	""
<http://www.wikidata.org/entity/Q86671636>	"Q86671636"		1		"Polonia"@es	""
<http://www.wikidata.org/entity/Q86676106>	"Q86676106"		1		"Polonia"@es	""
<http://www.wikidata.org/entity/Q86679665>	"Q86679665"		1		"Polonia"@es	""
<http://www.wikidata.org/entity/Q86727398>	"Q86727398"		1		"Japón"@es	""
<http://www.wikidata.org/entity/Q86734885>	"Q86734885"		2		"Japón"@es	""
<http://www.wikidata.org/entity/Q86756254>	"Magic Rock Brewing"@en	"Magic Rock Brewing"@en	1		"Reino Unido"@es	""
<http://www.wikidata.org/entity/Q88429872>	"Q88429872"		1			""
<http://www.wikidata.org/entity/Q88778321>	"Schlossbrauerei Stein"@en	"Schlossbrauerei Stein"@en	2		"Alemania"@es	""
<http://www.wikidata.org/entity/Q89686198>	"Olympic Brewery"@en	"Olympic Brewery"@en	1		"Grecia"@es	""
<http://www.wikidata.org/entity/Q91240662>	"old castle Hainewalde"@en	"old castle Hainewalde"@en	1		"Alemania"@es	""
<http://www.wikidata.org/entity/Q91786669>	"Brouwerij De Neve"@en	"Brouwerij De Neve"@en	2		"Bélgica"@es	""
<http://www.wikidata.org/entity/Q92604653>	"Q92604653"		1		"República Checa"@es	""
<http://www.wikidata.org/entity/Q92777229>	"Hirschbrauerei Schilling"@en	"Hirschbrauerei Schilling"@en	1		"Alemania"@es	""
<http://www.wikidata.org/entity/Q93765234>	"Stanislaus Brewskovitch"@en	"Stanislaus Brewskovitch"@en	1		"Países Bajos"@es	""
<http://www.wikidata.org/entity/Q95219774>	"Q95219774"		1		"Alemania"@es	""
<http://www.wikidata.org/entity/Q95224618>	"Q95224618"		1		"Alemania"@es	""
<http://www.wikidata.org/entity/Q95387114>	"Q95387114"		1		"Alemania"@es	""
<http://www.wikidata.org/entity/Q95422743>	"Q95422743"		1			""
<http://www.wikidata.org/entity/Q95468455>	"Atak Chmielu"@en	"Atak Chmielu"@en	1		"Polonia"@es	""
<http://www.wikidata.org/entity/Q95995075>	"Whistler Brewing Company"@en	"Whistler Brewing Company"@en	1		"Canadá"@es	""
<http://www.wikidata.org/entity/Q96238876>	"Q96238876"		1		"Alemania"@es	""
<http://www.wikidata.org/entity/Q96279959>	"Wuth’sche Brauerei"@en	"Wuth’sche Brauerei"@en	2		"Alemania"@es	""
<http://www.wikidata.org/entity/Q96291218>	"Q96291218"		1		"Países Bajos"@es	""
<http://www.wikidata.org/entity/Q96371855>	"Alpha Michigan Brewing Company"@en	"Alpha Michigan Brewing Company"@en	1		"Estados Unidos"@es	""
<http://www.wikidata.org/entity/Q96374129>	"Burger Brewing Company"@en	"Burger Brewing Company"@en	1			""
<http://www.wikidata.org/entity/Q96375872>	"Pivovar Podlesí"@en	"Pivovar Podlesí"@en	1		"República Checa"@es	""
<http://www.wikidata.org/entity/Q96384421>	"La Cuverie"@en	"La Cuverie"@en	1		"Francia"@es	""
<http://www.wikidata.org/entity/Q96409405>	"The Kernel Brewery"@en	"The Kernel Brewery"@en	1		"Reino Unido"@es	""
<http://www.wikidata.org/entity/Q96418783>	"Laugar Brewery"@en	"Laugar Brewery"@en	1		"España"@es	""
<http://www.wikidata.org/entity/Q97175450>	"Brasserie de l'Union"@en	"Brasserie de l'Union"@en	2		"Bélgica"@es	""
<http://www.wikidata.org/entity/Q97205659>	"Q97205659"		1			""
<http://www.wikidata.org/entity/Q97275006>	"Brussels Beer Project"@es		3		"Bélgica"@es	""
<http://www.wikidata.org/entity/Q97277450>	"Melchoir Brewery and Hotel Ruins"@en	"Melchoir Brewery and Hotel Ruins"@en	2		"Estados Unidos"@es	""
<http://www.wikidata.org/entity/Q97311924>	"Q97311924"		2		"Japón"@es	""
<http://www.wikidata.org/entity/Q97373726>	"Q97373726"		1		"Polonia"@es	""
<http://www.wikidata.org/entity/Q98012696>	"Cervejaria Melo Abreu"@es	"Cervejaria Melo Abreu"@en	1		"Portugal"@es	""
<http://www.wikidata.org/entity/Q98100318>	"Koizumihonten"@en	"Koizumihonten"@en	2		"Japón"@es	""
<http://www.wikidata.org/entity/Q98212888>	"Windsor & Eton"@en	"Windsor & Eton"@en	1		"Reino Unido"@es	""
<http://www.wikidata.org/entity/Q98442792>	"Košíře Brewery"@en	"Košíře Brewery"@en	2		"República Checa"@es	""
<http://www.wikidata.org/entity/Q98576609>	"Gemeindebrauhaus"@en	"Gemeindebrauhaus"@en	1		"Alemania"@es	""
<http://www.wikidata.org/entity/Q98587010>	"Brauhaus Am Markt 8 in Weismain"@en	"Brauhaus Am Markt 8 in Weismain"@en	1		"Alemania"@es	""
<http://www.wikidata.org/entity/Q98606539>	"Brauerei"@en	"Brauerei"@en	1		"Alemania"@es	""
<http://www.wikidata.org/entity/Q98606698>	"Brauerei"@en	"Brauerei"@en	1		"Alemania"@es	""
<http://www.wikidata.org/entity/Q98608439>	"Brauerei"@en	"Brauerei"@en	1		"Alemania"@es	""
<http://www.wikidata.org/entity/Q98608445>	"Brauhaus"@en	"Brauhaus"@en	1		"Alemania"@es	""
<http://www.wikidata.org/entity/Q98608497>	"Sudhaus"@en	"Sudhaus"@en	1		"Alemania"@es	""
<http://www.wikidata.org/entity/Q98644348>	"Bierbrauerei"@en	"Bierbrauerei"@en	1		"Alemania"@es	""
<http://www.wikidata.org/entity/Q98644918>	"former brewery building"@en	"former brewery building"@en	2		"Alemania"@es	""
<http://www.wikidata.org/entity/Q98650811>	"Klosterbrauerei"@en	"Klosterbrauerei"@en	1		"Alemania"@es	""
<http://www.wikidata.org/entity/Q98671571>	"Brauerei"@en	"Brauerei"@en	1		"Alemania"@es	""
<http://www.wikidata.org/entity/Q98676870>	"Klosterbrauerei Klosterplatz 1 in Berching"@en	"Klosterbrauerei Klosterplatz 1 in Berching"@en	1		"Alemania"@es	""
<http://www.wikidata.org/entity/Q98682586>	"Brauerei Ägidienplatz 2 in Regensburg"@en	"Brauerei Ägidienplatz 2 in Regensburg"@en	1		"Alemania"@es	""
<http://www.wikidata.org/entity/Q100234992>	"Reedsburg Brewery"@en	"Reedsburg Brewery"@en	2		"Estados Unidos"@es	""
<http://www.wikidata.org/entity/Q100256275>	"Fat Lizard Brewing Company"@en	"Fat Lizard Brewing Company"@en	3		"Finlandia"@es	""
<http://www.wikidata.org/entity/Q101229953>	"Q101229953"		1		"Noruega"@es	""
<http://www.wikidata.org/entity/Q101246551>	"Pivovar Beznoska"@en	"Pivovar Beznoska"@en	1		"República Checa"@es	""
<http://www.wikidata.org/entity/Q101422066>	"cervecería Bourgogne des Flandres"@es	"Bourgogne des Flandres brewery"@en	2		"Bélgica"@es	"cervecería Borgoña de Flandes"
<http://www.wikidata.org/entity/Q102175093>	"Pivovar Národní"@en	"Pivovar Národní"@en	1		"República Checa"@es	""
<http://www.wikidata.org/entity/Q102426918>	"Brauerei C. Franz"@en	"Brauerei C. Franz"@en	3		"Alemania"@es	""
<http://www.wikidata.org/entity/Q102437705>	"Brasserie Frontenac"@en	"Brasserie Frontenac"@en	1		"Canadá"@es	""
<http://www.wikidata.org/entity/Q102439683>	"Q102439683"		1		"Imperio aleman (1871-1949)"@es	""
<http://www.wikidata.org/entity/Q102439683>	"Q102439683"		1		"Alemania"@es	""
<http://www.wikidata.org/entity/Q103822151>	"Brewery in Dašice"@en	"Brewery in Dašice"@en	1		"República Checa"@es	""
<http://www.wikidata.org/entity/Q104182478>	"Anastas"@en	"Anastas"@en	1		"República Checa"@es	""
<http://www.wikidata.org/entity/Q104185099>	"Vereinsbrauerei zu Leipzig"@en	"Vereinsbrauerei zu Leipzig"@en	2		"Alemania"@es	""
<http://www.wikidata.org/entity/Q104218159>	"Brauerei zum St. Georg"@en	"Brauerei zum St. Georg"@en	2		"Austria"@es	""
<http://www.wikidata.org/entity/Q104369364>	"Gasthausbrauerei Schüttinger"@en	"Gasthausbrauerei Schüttinger"@en	1		"Alemania"@es	""
<http://www.wikidata.org/entity/Q104383438>	"Q104383438"		1			""
<http://www.wikidata.org/entity/Q104599666>	"Q104599666"		1		"Bélgica"@es	""
<http://www.wikidata.org/entity/Q104632336>	"Ribe Bryghus"@en	"Ribe Bryghus"@en	2		"Dinamarca"@es	""
<http://www.wikidata.org/entity/Q104791946>	"De Poes"@en	"De Poes"@en	1			""
<http://www.wikidata.org/entity/Q104792338>	"Q104792338"		2		"Indias Orientales Neerlandesas"@es	""
<http://www.wikidata.org/entity/Q104804030>	"Řemeslný pivovar Lomnice nad Popelkou"@en	"Řemeslný pivovar Lomnice nad Popelkou"@en	2		"República Checa"@es	""
<http://www.wikidata.org/entity/Q104815073>	"Brasserie Henri Funck"@en	"Brasserie Henri Funck"@en	2		"Luxemburgo"@es	""
<http://www.wikidata.org/entity/Q104869040>	"Cloudwater Brew Co"@en	"Cloudwater Brew Co"@en	1		"Reino Unido"@es	""
<http://www.wikidata.org/entity/Q104874287>	"Paradise Beverages"@en	"Paradise Beverages"@en	1			""
<http://www.wikidata.org/entity/Q105064505>	"Q105064505"		2		"Alemania"@es	""
<http://www.wikidata.org/entity/Q105162729>	"Q105162729"		2		"Alemania Oriental"@es	""
<http://www.wikidata.org/entity/Q105162729>	"Q105162729"		2		"Alemania"@es	""
<http://www.wikidata.org/entity/Q105336426>	"Q105336426"		1		"Japón"@es	""
<http://www.wikidata.org/entity/Q105363115>	"Q105363115"		1		"Bélgica"@es	""
<http://www.wikidata.org/entity/Q105393405>	"Pivovar Prokopák"@en	"Pivovar Prokopák"@en	2		"República Checa"@es	""
<http://www.wikidata.org/entity/Q105427322>	"Shiragikushuzō"@en	"Shiragikushuzō"@en	1		"Japón"@es	""
<http://www.wikidata.org/entity/Q105440995>	"Zip's Brewhouse"@en	"Zip's Brewhouse"@en	1		"Hungría"@es	""
<http://www.wikidata.org/entity/Q105562107>	"Pliny the Younger"@en	"Pliny the Younger"@en	1			""
<http://www.wikidata.org/entity/Q105616802>	"Brasserie Leduc"@en	"Brasserie Leduc"@en	2		"Francia"@es	""
<http://www.wikidata.org/entity/Q105635811>	"Cervecería Bierkasteel Van Honsebrouck"@es	"Bierkasteel Van Honsebrouck Brewery"@en	1		"Bélgica"@es	""
<http://www.wikidata.org/entity/Q105639551>	"Q105639551"		1		"Austria"@es	""
<http://www.wikidata.org/entity/Q105710723>	"Q105710723"		1		"Austria"@es	""
<http://www.wikidata.org/entity/Q105719870>	"Q105719870"		1		"Bélgica"@es	""
<http://www.wikidata.org/entity/Q105925676>	"Brouwerij Jacobs"@en	"Brouwerij Jacobs"@en	1		"Bélgica"@es	""
<http://www.wikidata.org/entity/Q105944878>	"Ancienne brasserie de Lambézellec"@en	"Ancienne brasserie de Lambézellec"@en	1		"Francia"@es	""
<http://www.wikidata.org/entity/Q105945770>	"Brauerei Zeltner"@en	"Brauerei Zeltner"@en	1		"Alemania"@es	""
<http://www.wikidata.org/entity/Q105958470>	"Q105958470"		3		"Bélgica"@es	""
<http://www.wikidata.org/entity/Q106034318>	"Q106034318"		1		"República Checa"@es	""
<http://www.wikidata.org/entity/Q106091378>	"Welbeck Abbey Brewery"@en	"Welbeck Abbey Brewery"@en	1		"Reino Unido"@es	""
<http://www.wikidata.org/entity/Q106119819>	"Michelob ULTRA"@en	"Michelob ULTRA"@en	2		"Estados Unidos"@es	""
<http://www.wikidata.org/entity/Q106224052>	"Q106224052"		1		"Austria"@es	""
<http://www.wikidata.org/entity/Q106315821>	"Brewery of Ciechanowieccy in Kaničy"@en	"Brewery of Ciechanowieccy in Kaničy"@en	2		"Bielorrusia"@es	""
<http://www.wikidata.org/entity/Q106354983>	"Page 24"@en	"Page 24"@en	3			""
<http://www.wikidata.org/entity/Q106367224>	"Kissler sörfőzde"@en	"Kissler sörfőzde"@en	3		"Hungría"@es	""
<http://www.wikidata.org/entity/Q106413548>	"Aktien-Brauerei Schönbusch"@en	"Aktien-Brauerei Schönbusch"@en	1		"Imperio aleman (1871-1949)"@es	""
<http://www.wikidata.org/entity/Q106413594>	"Aktien-Gesellschaft Brauerei Ponarth"@en	"Aktien-Gesellschaft Brauerei Ponarth"@en	1		"Imperio aleman (1871-1949)"@es	""
<http://www.wikidata.org/entity/Q106508611>	"Dingslebener Brauerei"@en	"Dingslebener Brauerei"@en	3		"Alemania"@es	""
<http://www.wikidata.org/entity/Q106525773>	"Friesisches Brauhaus zu Jever"@en	"Friesisches Brauhaus zu Jever"@en	2		"Alemania"@es	""
<http://www.wikidata.org/entity/Q106545717>	"Heineken Brazil"@en	"Heineken Brazil"@en	2		"Brasil"@es	""
<http://www.wikidata.org/entity/Q106608771>	"Athletic Brewing Company"@en	"Athletic Brewing Company"@en	3		"Estados Unidos"@es	""
<http://www.wikidata.org/entity/Q106622489>	"Q106622489"		1		"República Checa"@es	""
<http://www.wikidata.org/entity/Q106695139>	"La Mule Brewery"@en	"La Mule Brewery"@en	1		"Bélgica"@es	""
<http://www.wikidata.org/entity/Q106855000>	"Q106855000"		1			""
<http://www.wikidata.org/entity/Q106874924>	"Brauhaus Hartmannsdorf"@en	"Brauhaus Hartmannsdorf"@en	1		"Alemania"@es	""
<http://www.wikidata.org/entity/Q106908150>	"Q106908150"		1		"Luxemburgo"@es	""
<http://www.wikidata.org/entity/Q106910786>	"Bud Light"@en	"Bud Light"@en	1			""
<http://www.wikidata.org/entity/Q106920910>	"Grand Brewing Luxembourg"@en	"Grand Brewing Luxembourg"@en	1		"Luxemburgo"@es	""
<http://www.wikidata.org/entity/Q106921226>	"Q106921226"		1		"Luxemburgo"@es	""
<http://www.wikidata.org/entity/Q106921565>	"Q106921565"		1		"Luxemburgo"@es	""
<http://www.wikidata.org/entity/Q106987779>	"Q106987779"		2		"Bélgica"@es	""
<http://www.wikidata.org/entity/Q107026926>	"Grüner-Bräu"@en	"Grüner-Bräu"@en	1		"Alemania"@es	""
<http://www.wikidata.org/entity/Q107059683>	"Kulmbacher Mönchshof-Bräu"@en	"Kulmbacher Mönchshof-Bräu"@en	1		"Alemania"@es	""
<http://www.wikidata.org/entity/Q107103983>	"Balter Brewing Company"@en	"Balter Brewing Company"@en	1		"Australia"@es	""
<http://www.wikidata.org/entity/Q107138911>	"Brauerei Zipf, Aktiengesellschaft vorm. Wm. Schaup"@en	"Brauerei Zipf, Aktiengesellschaft vorm. Wm. Schaup"@en	3		"Austria"@es	""
<http://www.wikidata.org/entity/Q107175699>	"Lucky Labrador Brewing Company"@en	"Lucky Labrador Brewing Company"@en	1		"Estados Unidos"@es	""
<http://www.wikidata.org/entity/Q107175868>	"Hopworks Urban Brewery"@en	"Hopworks Urban Brewery"@en	1		"Estados Unidos"@es	""
<http://www.wikidata.org/entity/Q107252594>	"Nevel"@en	"Nevel"@en	2		"Países Bajos"@es	""
<http://www.wikidata.org/entity/Q107292901>	"Stonewell Cider"@en	"Stonewell Cider"@en	1		"Irlanda"@es	""
<http://www.wikidata.org/entity/Q107411708>	"Yucho Shuzo"@en	"Yucho Shuzo"@en	2		"Japón"@es	""
<http://www.wikidata.org/entity/Q107412106>	"Tomita Shuzo"@en	"Tomita Shuzo"@en	2		"Japón"@es	""
<http://www.wikidata.org/entity/Q107432974>	"Fábrica Cervezas Turia"@es	"Cervezas Turia brewery"@en	1		"España"@es	"Fábrica de Cervezas el Turia en el Camino Real de Madrid|Fábrica Cervezas Turia, Valencia|Fàbrica Cervezas Turia|Fábrica Cervezas El Turia|El Turia Fábrica de Cerveza"
<http://www.wikidata.org/entity/Q107467804>	"Q107467804"		1			""
<http://www.wikidata.org/entity/Q107487758>	"Crew Republic"@en	"Crew Republic"@en	1		"Alemania"@es	""
<http://www.wikidata.org/entity/Q107639964>	"Kronenbrauerei Söflingen"@en	"Kronenbrauerei Söflingen"@en	1		"Alemania"@es	""
<http://www.wikidata.org/entity/Q107661243>	"Q107661243"		1		"Alemania"@es	""
<http://www.wikidata.org/entity/Q107794415>	"BarrelHouse Brewing Co."@en	"BarrelHouse Brewing Co."@en	1		"Estados Unidos"@es	""
<http://www.wikidata.org/entity/Q108046967>	"Brauerei Watzdorf"@en	"Brauerei Watzdorf"@en	3		"Alemania"@es	""
<http://www.wikidata.org/entity/Q108049570>	"Cap d'Ona brewery"@en	"Cap d'Ona brewery"@en	3		"Francia"@es	""
<http://www.wikidata.org/entity/Q108096533>	"Brauerei Spall"@en	"Brauerei Spall"@en	1		"Alemania"@es	""
<http://www.wikidata.org/entity/Q108096901>	"Q108096901"		1		"Alemania"@es	""
<http://www.wikidata.org/entity/Q108217757>	"Q108217757"		1		"Alemania"@es	""
<http://www.wikidata.org/entity/Q108304267>	"Castlemaine Brewery Company"@en	"Castlemaine Brewery Company"@en	1			""
<http://www.wikidata.org/entity/Q108320017>	"Palmers Brewery"@en	"Palmers Brewery"@en	1		"Reino Unido"@es	""
<http://www.wikidata.org/entity/Q108325710>	"Castlemaine Brewery"@en	"Castlemaine Brewery"@en	1		"Australia"@es	""
<http://www.wikidata.org/entity/Q108399018>	"Schwertbrauerei Ehingen"@en	"Schwertbrauerei Ehingen"@en	1		"Alemania"@es	""
<http://www.wikidata.org/entity/Q108485764>	"Birzeit Brewery"@en	"Birzeit Brewery"@en	4			""
<http://www.wikidata.org/entity/Q113576492>	"Esslinger Brewery"@en	"Esslinger Brewery"@en	2		"Rusia"@es	""
<http://www.wikidata.org/entity/Q113632684>	"Q113632684"		1		"Alemania"@es	""
<http://www.wikidata.org/entity/Q113733584>	"Braník"@en	"Braník"@en	1		"República Checa"@es	""
<http://www.wikidata.org/entity/Q113866902>	"Gebrouwen door Vrouwen"@en	"Gebrouwen door Vrouwen"@en	3		"Países Bajos"@es	""
<http://www.wikidata.org/entity/Q113867179>	"Q113867179"		1		"Alemania"@es	""
<http://www.wikidata.org/entity/Q113994952>	"Victoria"@en	"Victoria"@en	1		"Bélgica"@es	""
<http://www.wikidata.org/entity/Q114072505>	"Q114072505"		1		"Países Bajos"@es	""
<http://www.wikidata.org/entity/Q114136954>	"Brauerei Lehner"@en	"Brauerei Lehner"@en	1		"Alemania"@es	""
<http://www.wikidata.org/entity/Q114231893>	"Brewery 't Hert"@en	"Brewery 't Hert"@en	1		"Países Bajos"@es	""
<http://www.wikidata.org/entity/Q114295248>	"Q114295248"		1		"Austria"@es	""
<http://www.wikidata.org/entity/Q114355749>	"Q114355749"		2		"Alemania"@es	""
<http://www.wikidata.org/entity/Q114616947>	"Zeltbräu"@es	"Zeltbräu"@en	2		"Alemania"@es	""
<http://www.wikidata.org/entity/Q114683226>	"Bürgerbräu Hof"@en	"Bürgerbräu Hof"@en	1		"Alemania"@es	""
<http://www.wikidata.org/entity/Q114765196>	"De Hooiberg brewery"@en	"De Hooiberg brewery"@en	1		"Países Bajos"@es	""
<http://www.wikidata.org/entity/Q114839732>	"Q114839732"		2		"Bélgica"@es	""
<http://www.wikidata.org/entity/Q114839733>	"Q114839733"		1		"Bélgica"@es	""
<http://www.wikidata.org/entity/Q114839811>	"Q114839811"		1		"Países Bajos"@es	""
<http://www.wikidata.org/entity/Q114862988>	"Košumberk brewery"@en	"Košumberk brewery"@en	1		"República Checa"@es	""
<http://www.wikidata.org/entity/Q114989394>	"Garrison Brewing Co."@en	"Garrison Brewing Co."@en	1		"Canadá"@es	""
<http://www.wikidata.org/entity/Q115007305>	"Tenczynek Brewery"@en	"Tenczynek Brewery"@en	1		"Polonia"@es	""
<http://www.wikidata.org/entity/Q115245487>	"Q115245487"		2		"Dinamarca"@es	""
<http://www.wikidata.org/entity/Q115436288>	"Chopfab Boxer"@en	"Chopfab Boxer"@en	3		"Suiza"@es	""
<http://www.wikidata.org/entity/Q115453371>	"Q115453371"		1		"Alemania"@es	""
<http://www.wikidata.org/entity/Q115466648>	"Cervecería Santiago de Cuba"@es	"Santiago de Cuba Brewery"@en	1		"Cuba"@es	"Empresa cervecería Santiago de Cuba Hatuey|Cerveceria Santiago de Cuba Hatuey|cerveceria Hatuey|cerveceria \"Hatuey\""
<http://www.wikidata.org/entity/Q115466913>	"Cervecería Modelo"@es	"Modelo Brewery"@en	1		"Cuba"@es	""
<http://www.wikidata.org/entity/Q115467057>	"cerveza Hatuey clásica"@es	"beer Hatuey clásica"@en	1		"Cuba"@es	""
<http://www.wikidata.org/entity/Q115484405>	"Q115484405"		2		"Suiza"@es	""
<http://www.wikidata.org/entity/Q115648865>	"Q115648865"		1		"Alemania"@es	""
<http://www.wikidata.org/entity/Q115686950>	"Q115686950"		1		"Alemania"@es	""
<http://www.wikidata.org/entity/Q115726483>	"Atmosphère"@en	"Atmosphère"@en	1			""
<http://www.wikidata.org/entity/Q115792344>	"Frontaal Brewing Company"@en	"Frontaal Brewing Company"@en	1		"Países Bajos"@es	""
<http://www.wikidata.org/entity/Q115812588>	"Vennture Brew Company"@en	"Vennture Brew Company"@en	1		"Estados Unidos"@es	""
<http://www.wikidata.org/entity/Q115817977>	"Hacienda Beer Company"@en	"Hacienda Beer Company"@en	1			""
<http://www.wikidata.org/entity/Q116036049>	"Meinels Bas"@en	"Meinels Bas"@en	1		"Alemania"@es	""
<http://www.wikidata.org/entity/Q116149583>	"Strahov Monastery Brewery"@en	"Strahov Monastery Brewery"@en	1		"República Checa"@es	""
<http://www.wikidata.org/entity/Q116164055>	"Q116164055"		1		"Alemania"@es	""
<http://www.wikidata.org/entity/Q116181287>	"Chochin Brewery"@en	"Chochin Brewery"@en	1		"Japón"@es	""
<http://www.wikidata.org/entity/Q116294458>	"Brewery Falter"@en	"Brewery Falter"@en	1		"Alemania"@es	""
<http://www.wikidata.org/entity/Q116318525>	"Duckstein Brewery"@en	"Duckstein Brewery"@en	1		"Australia"@es	""
<http://www.wikidata.org/entity/Q116318998>	"Dingo Brewing"@en	"Dingo Brewing"@en	1		"Australia"@es	""
<http://www.wikidata.org/entity/Q116447199>	"Q116447199"		1		"Alemania Oriental"@es	""
<http://www.wikidata.org/entity/Q116447199>	"Q116447199"		1		"Alemania"@es	""
<http://www.wikidata.org/entity/Q116465547>	"Kaiser-Brauerei Hannover"@en	"Kaiser-Brauerei Hannover"@en	2		"Alemania"@es	""
<http://www.wikidata.org/entity/Q116479989>	"Q116479989"		1		"Suecia"@es	""
<http://www.wikidata.org/entity/Q116505299>	"Old-Union Pale Beer"@en	"Old-Union Pale Beer"@en	1		"Estados Unidos"@es	""
<http://www.wikidata.org/entity/Q116520568>	"Q116520568"		1		"República Checa"@es	""
<http://www.wikidata.org/entity/Q116694367>	"Anglo-Belge"@en	"Anglo-Belge"@en	2		"Bélgica"@es	""
<http://www.wikidata.org/entity/Q116694392>	"Rubbens"@en	"Rubbens"@en	3		"Bélgica"@es	""
<http://www.wikidata.org/entity/Q116694417>	"Van den Bergh & Cie"@en	"Van den Bergh & Cie"@en	4		"Bélgica"@es	""
<http://www.wikidata.org/entity/Q116694437>	"Verhofstede"@en	"Verhofstede"@en	1		"Bélgica"@es	""
<http://www.wikidata.org/entity/Q116694462>	"Cervecería La Tropical"@es	"La Tropical Brewery"@en	1		"Cuba"@es	""
<http://www.wikidata.org/entity/Q116732297>	"Q116732297"		1		"Alemania"@es	""
<http://www.wikidata.org/entity/Q116872413>	"Q116872413"		1		"Alemania"@es	""
<http://www.wikidata.org/entity/Q116873387>	"Q116873387"		1		"República Checa"@es	""
<http://www.wikidata.org/entity/Q116891142>	"Vinohradský pivovar"@en	"Vinohradský pivovar"@en	2		"República Checa"@es	""
<http://www.wikidata.org/entity/Q116907940>	"Q116907940"		1		"Alemania"@es	""
<http://www.wikidata.org/entity/Q116920360>	"Q116920360"		1		"Alemania"@es	""
<http://www.wikidata.org/entity/Q116920979>	"Brouwerij d'Oranjeboom"@en	"Brouwerij d'Oranjeboom"@en	1		"Reino de los Países Bajos"@es	""
<http://www.wikidata.org/entity/Q116920979>	"Brouwerij d'Oranjeboom"@en	"Brouwerij d'Oranjeboom"@en	1		"Países Bajos"@es	""
<http://www.wikidata.org/entity/Q117212940>	"René"@en	"René"@en	2		"Bélgica"@es	""
<http://www.wikidata.org/entity/Q117213619>	"Nakawa Shoten"@en	"Nakawa Shoten"@en	1		"Japón"@es	""
<http://www.wikidata.org/entity/Q117317795>	"Q117317795"		1		"Suecia"@es	""
<http://www.wikidata.org/entity/Q117324451>	"Q117324451"		1		"Suecia"@es	""
<http://www.wikidata.org/entity/Q117351124>	"Q117351124"		1		"Suecia"@es	""
<http://www.wikidata.org/entity/Q117458447>	"Marui (sake brewery)"@en	"Marui (sake brewery)"@en	1		"Japón"@es	""
<http://www.wikidata.org/entity/Q117466104>	"Bessyun-kan"@en	"Bessyun-kan"@en	1		"Japón"@es	""
<http://www.wikidata.org/entity/Q117469146>	"Ootsubo Shuzoten"@en	"Ootsubo Shuzoten"@en	2		"Japón"@es	""
<http://www.wikidata.org/entity/Q117469250>	"Watanabe Sake Brewery (Hida)"@en	"Watanabe Sake Brewery (Hida)"@en	1		"Japón"@es	""
<http://www.wikidata.org/entity/Q117469286>	"Kaba Sake Brewery"@en	"Kaba Sake Brewery"@en	2		"Japón"@es	""
<http://www.wikidata.org/entity/Q117708442>	"St. Marienthaler Klosterbräu"@en	"St. Marienthaler Klosterbräu"@en	1			""
<http://www.wikidata.org/entity/Q117818075>	"Panský pivovar v Paskově"@en	"Panský pivovar v Paskově"@en	2		"República Checa"@es	""
<http://www.wikidata.org/entity/Q117843554>	"Q117843554"		1			""
<http://www.wikidata.org/entity/Q117843557>	"Q117843557"		1			""
<http://www.wikidata.org/entity/Q117843586>	"Q117843586"		1			""
<http://www.wikidata.org/entity/Q117847923>	"Q117847923"		1			""
<http://www.wikidata.org/entity/Q117847921>	"Q117847921"		1			""
<http://www.wikidata.org/entity/Q117847932>	"Q117847932"		1		"Países Bajos"@es	""
<http://www.wikidata.org/entity/Q117847946>	"Q117847946"		1			""
<http://www.wikidata.org/entity/Q117847952>	"Q117847952"		1			""
<http://www.wikidata.org/entity/Q117847972>	"Q117847972"		1			""
<http://www.wikidata.org/entity/Q117847996>	"Q117847996"		1			""
<http://www.wikidata.org/entity/Q117848000>	"Q117848000"		1			""
<http://www.wikidata.org/entity/Q117848008>	"Q117848008"		1			""
<http://www.wikidata.org/entity/Q117848018>	"Q117848018"		1			""
<http://www.wikidata.org/entity/Q117857292>	"Grutte Pier Brouwerij"@en	"Grutte Pier Brouwerij"@en	1		"Países Bajos"@es	""
<http://www.wikidata.org/entity/Q117857533>	"Q117857533"		1			""
<http://www.wikidata.org/entity/Q117857659>	"Q117857659"		1		"Países Bajos"@es	""
<http://www.wikidata.org/entity/Q117857953>	"Q117857953"		1			""
<http://www.wikidata.org/entity/Q117857967>	"Q117857967"		1			""
<http://www.wikidata.org/entity/Q117858298>	"Q117858298"		1			""
<http://www.wikidata.org/entity/Q117858306>	"Q117858306"		1			""
<http://www.wikidata.org/entity/Q117858317>	"Q117858317"		1		"Países Bajos"@es	""
<http://www.wikidata.org/entity/Q118105076>	"Q118105076"		1		"Alemania"@es	""
<http://www.wikidata.org/entity/Q118113772>	"Q118113772"		2		"Países Bajos"@es	""
<http://www.wikidata.org/entity/Q118113782>	"Q118113782"		1		"Países Bajos"@es	""
<http://www.wikidata.org/entity/Q118213370>	"Nishikatsu Brewery"@en	"Nishikatsu Brewery"@en	1		"Japón"@es	""
<http://www.wikidata.org/entity/Q108529124>	"Q108529124"		1		"Austria"@es	""
<http://www.wikidata.org/entity/Q108550831>	"Bier Hoi Brewing Company"@en	"Bier Hoi Brewing Company"@en	2		"Vietnam"@es	""
<http://www.wikidata.org/entity/Q108560591>	"Argus"@en	"Argus"@en	1			""
<http://www.wikidata.org/entity/Q108788331>	"Fieldwork Brewing Company"@en	"Fieldwork Brewing Company"@en	1		"Estados Unidos"@es	""
<http://www.wikidata.org/entity/Q108792105>	"Figueroa Mountain Brewing Company"@en	"Figueroa Mountain Brewing Company"@en	1		"Estados Unidos"@es	""
<http://www.wikidata.org/entity/Q108805877>	"Q108805877"		1		"República Checa"@es	""
<http://www.wikidata.org/entity/Q108869221>	"Mare Island Brewing Company"@en	"Mare Island Brewing Company"@en	1		"Estados Unidos"@es	""
<http://www.wikidata.org/entity/Q108905230>	"Plough Inn"@en	"Plough Inn"@en	1		"Reino Unido"@es	""
<http://www.wikidata.org/entity/Q108920957>	"Q108920957"		1			""
<http://www.wikidata.org/entity/Q109019618>	"Q109019618"		1			""
<http://www.wikidata.org/entity/Q109040188>	"Noroc"@en	"Noroc"@en	1			""
<http://www.wikidata.org/entity/Q109040722>	"Q109040722"		1			""
<http://www.wikidata.org/entity/Q109043051>	"Q109043051"		1			""
<http://www.wikidata.org/entity/Q109046951>	"Q109046951"		1			""
<http://www.wikidata.org/entity/Q109047653>	"Bear Belly Brewing Company"@en	"Bear Belly Brewing Company"@en	1		"Estados Unidos"@es	""
<http://www.wikidata.org/entity/Q109311980>	"Am Helfenberger Park 6-7"@en	"Am Helfenberger Park 6-7"@en	1		"Alemania"@es	""
<http://www.wikidata.org/entity/Q109311988>	"Lorraine (beer)"@en	"Lorraine (beer)"@en	1		"Francia"@es	""
<http://www.wikidata.org/entity/Q109353128>	"Ukiah Brewing Company & Restaurant"@en	"Ukiah Brewing Company & Restaurant"@en	1		"Estados Unidos"@es	""
<http://www.wikidata.org/entity/Q109358423>	"Q109358423"		2		"Japón"@es	""
<http://www.wikidata.org/entity/Q109359062>	"Q109359062"		2			""
<http://www.wikidata.org/entity/Q109361074>	"Q109361074"		1			""
<http://www.wikidata.org/entity/Q109361076>	"Q109361076"		1			""
<http://www.wikidata.org/entity/Q109363924>	"Q109363924"		1		"Japón"@es	""
<http://www.wikidata.org/entity/Q109450837>	"Brouwerij De Sleutel"@en	"Brouwerij De Sleutel"@en	2		"Bélgica"@es	""
<http://www.wikidata.org/entity/Q109588007>	"Hjo Bryggeri"@en	"Hjo Bryggeri"@en	1		"Suecia"@es	""
<http://www.wikidata.org/entity/Q109599811>	"Yamada Shuzo"@en	"Yamada Shuzo"@en	2		"Japón"@es	""
<http://www.wikidata.org/entity/Q109599808>	"Q109599808"		1		"Japón"@es	""
<http://www.wikidata.org/entity/Q109687937>	"De Drie Kronen"@en	"De Drie Kronen"@en	2		"Bélgica"@es	""
<http://www.wikidata.org/entity/Q109957683>	"Crannóg Ales"@en	"Crannóg Ales"@en	1		"Canadá"@es	""
<http://www.wikidata.org/entity/Q109974823>	"Tanker Brewery"@en	"Tanker Brewery"@en	2		"Estonia"@es	""
<http://www.wikidata.org/entity/Q109983503>	"Brouwerij Het Damberd"@en	"Brouwerij Het Damberd"@en	1		"Bélgica"@es	""
<http://www.wikidata.org/entity/Q110045485>	"Q110045485"		1		"Serbia"@es	""
<http://www.wikidata.org/entity/Q110287870>	"Malešický mikropivovar"@en	"Malešický mikropivovar"@en	1		"República Checa"@es	""
<http://www.wikidata.org/entity/Q110307547>	"Indianapolis Brewing Company"@en	"Indianapolis Brewing Company"@en	2		"Estados Unidos"@es	""
<http://www.wikidata.org/entity/Q110319521>	"Q110319521"		1		"Kazajistán"@es	""
<http://www.wikidata.org/entity/Q110320991>	"PEI Brewing Company"@en	"PEI Brewing Company"@en	1		"Canadá"@es	""
<http://www.wikidata.org/entity/Q110352788>	"Okuhida Syuzou"@en	"Okuhida Syuzou"@en	2		"Japón"@es	""
<http://www.wikidata.org/entity/Q110390566>	"Q110390566"		1		"República Checa"@es	""
<http://www.wikidata.org/entity/Q110402150>	"Q110402150"		1		"Polonia"@es	""
<http://www.wikidata.org/entity/Q110420544>	"Brewhouse & Kitchen"@en	"Brewhouse & Kitchen"@en	1		"Reino Unido"@es	""
<http://www.wikidata.org/entity/Q110442676>	"Saint Vincent Beer"@en	"Saint Vincent Beer"@en	4		"Estados Unidos"@es	""
<http://www.wikidata.org/entity/Q110471635>	"Brouwerij de Snor"@en	"Brouwerij de Snor"@en	2		"Países Bajos"@es	""
<http://www.wikidata.org/entity/Q110551264>	"Q110551264"		1		"Países Bajos"@es	""
<http://www.wikidata.org/entity/Q110572234>	"Brauerei Bub"@en	"Brauerei Bub"@en	3		"Alemania"@es	""
<http://www.wikidata.org/entity/Q110605703>	"Alcatraz Brewing Co."@en	"Alcatraz Brewing Co."@en	1		"Estados Unidos"@es	""
<http://www.wikidata.org/entity/Q110644501>	"Bro Code"@en	"Bro Code"@en	1		"India"@es	""
<http://www.wikidata.org/entity/Q110734883>	"Q110734883"		1		"Bélgica"@es	""
<http://www.wikidata.org/entity/Q110821401>	"Q110821401"		1		"Alemania"@es	""
<http://www.wikidata.org/entity/Q110866870>	"Hansa-Brauerei"@en	"Hansa-Brauerei"@en	1		"Alemania"@es	""
<http://www.wikidata.org/entity/Q110909447>	"100 Bridges Brewery in Wrocław"@en	"100 Bridges Brewery in Wrocław"@en	1		"Polonia"@es	""
<http://www.wikidata.org/entity/Q110919812>	"Albion Brewery"@en	"Albion Brewery"@en	2		"Estados Unidos"@es	""
<http://www.wikidata.org/entity/Q110938170>	"Q110938170"		1		"Alemania"@es	""
<http://www.wikidata.org/entity/Q110946071>	"Brauerei Marktplatz 7, Marktplatz 5 in Mistelgau"@en	"Brauerei Marktplatz 7, Marktplatz 5 in Mistelgau"@en	1		"Alemania"@es	""
<http://www.wikidata.org/entity/Q110946684>	"Brouwerij D'Oude Maalderij"@en	"Brouwerij D'Oude Maalderij"@en	1		"Bélgica"@es	""
<http://www.wikidata.org/entity/Q110948019>	"Brewery in Petrovice (Prague)"@en	"Brewery in Petrovice (Prague)"@en	2		"República Checa"@es	""
<http://www.wikidata.org/entity/Q111036337>	"Q111036337"		1		"Austria"@es	""
<http://www.wikidata.org/entity/Q111144413>	"Antigua cervecería Jouret"@es	"Former Jouret brewery"@en	2		"Bélgica"@es	""
<http://www.wikidata.org/entity/Q111174372>	"Q111174372"		2		"Alemania Oriental"@es	""
<http://www.wikidata.org/entity/Q111188370>	"Hoevebrouwers"@en	"Hoevebrouwers"@en	1		"Bélgica"@es	""
<http://www.wikidata.org/entity/Q111217635>	"Freyberg-Brauerei"@en	"Freyberg-Brauerei"@en	2		"Alemania"@es	""
<http://www.wikidata.org/entity/Q111365615>	"Traquair House Brewery"@en	"Traquair House Brewery"@en	1		"Reino Unido"@es	""
<http://www.wikidata.org/entity/Q111508787>	"Full Circle Brewing Co."@en	"Full Circle Brewing Co."@en	1		"Estados Unidos"@es	""
<http://www.wikidata.org/entity/Q111520794>	"Rigaux"@en	"Rigaux"@en	2		"Bélgica"@es	""
<http://www.wikidata.org/entity/Q111609760>	"Aymon"@en	"Aymon"@en	1			""
<http://www.wikidata.org/entity/Q111663758>	"Brasseurs Savoyards"@es	"Brasseurs Savoyards"@en	2		"Francia"@es	""
<http://www.wikidata.org/entity/Q111699900>	"Brewery ’t Verzet"@en	"Brewery ’t Verzet"@en	1		"Bélgica"@es	""
<http://www.wikidata.org/entity/Q111727889>	"En Liten Øl"@en	"En Liten Øl"@en	1		"Noruega"@es	""
<http://www.wikidata.org/entity/Q111767122>	"Lappeenranta brewery"@en	"Lappeenranta brewery"@en	1		"Finlandia"@es	""
<http://www.wikidata.org/entity/Q111797081>	"Q111797081"		1			""
<http://www.wikidata.org/entity/Q111810279>	"Q111810279"		1		"República Checa"@es	""
<http://www.wikidata.org/entity/Q111846064>	"Q111846064"		1		"Alemania"@es	""
<http://www.wikidata.org/entity/Q111875190>	"McFarland"@en	"McFarland"@en	1			""
<http://www.wikidata.org/entity/Q111876046>	"Hotel Bräurup"@en	"Hotel Bräurup"@en	1		"Austria"@es	""
<http://www.wikidata.org/entity/Q111904266>	"Q111904266"		1		"Alemania"@es	""
<http://www.wikidata.org/entity/Q111935338>	"Q111935338"		1		"Japón"@es	""
<http://www.wikidata.org/entity/Q111939496>	"Argo Factory"@en	"Argo Factory"@en	6		"Irán"@es	""
<http://www.wikidata.org/entity/Q111941833>	"The Red Lion Brewery"@en	"The Red Lion Brewery"@en	1		"Reino Unido"@es	""
<http://www.wikidata.org/entity/Q111957465>	"Lutèce"@en	"Lutèce"@en	1			""
<http://www.wikidata.org/entity/Q112062188>	"Q112062188"		1		"Noruega"@es	""
<http://www.wikidata.org/entity/Q112083777>	"Nuckolls Brewing"@en	"Nuckolls Brewing"@en	1		"Estados Unidos"@es	""
<http://www.wikidata.org/entity/Q112251939>	"Q112251939"		2		"Alemania"@es	""
<http://www.wikidata.org/entity/Q112329845>	"Q112329845"		1			""
<http://www.wikidata.org/entity/Q112479706>	"Taylor Walker & Co"@en	"Taylor Walker & Co"@en	2			""
<http://www.wikidata.org/entity/Q112577302>	"Brewery Wisła"@en	"Brewery Wisła"@en	2		"Polonia"@es	""
<http://www.wikidata.org/entity/Q112648961>	"Conrad Seipp Brewing Company"@en	"Conrad Seipp Brewing Company"@en	2		"Estados Unidos"@es	""
<http://www.wikidata.org/entity/Q112691301>	"Brouwerij De Klep"@en	"Brouwerij De Klep"@en	1		"Países Bajos"@es	""
<http://www.wikidata.org/entity/Q112728391>	"Birell"@en	"Birell"@en	1			""
<http://www.wikidata.org/entity/Q112738166>	"Ruimtegist"@en	"Ruimtegist"@en	1		"Bélgica"@es	""
<http://www.wikidata.org/entity/Q112748989>	"Naeckte Brouwers"@en	"Naeckte Brouwers"@en	1		"Países Bajos"@es	""
<http://www.wikidata.org/entity/Q112999982>	"Schlappenbier"@en	"Schlappenbier"@en	1		"Alemania"@es	""
<http://www.wikidata.org/entity/Q113157394>	"Q113157394"		1			""
<http://www.wikidata.org/entity/Q113192446>	"Q113192446"		1		"Francia"@es	""
<http://www.wikidata.org/entity/Q113196478>	"Pump House Brewpub"@en	"Pump House Brewpub"@en	1		"Canadá"@es	""
<http://www.wikidata.org/entity/Q113392400>	"East Brother Beer Company"@en	"East Brother Beer Company"@en	1		"Estados Unidos"@es	""
<http://www.wikidata.org/entity/Q113445707>	"Löwenbrauerei"@en	"Löwenbrauerei"@en	2		"Alemania"@es	""
<http://www.wikidata.org/entity/Q113506218>	"Brauhaus Torgau"@en	"Brauhaus Torgau"@en	1		"Alemania Oriental"@es	""
<http://www.wikidata.org/entity/Q113506218>	"Brauhaus Torgau"@en	"Brauhaus Torgau"@en	1		"Alemania"@es	""
<http://www.wikidata.org/entity/Q2099630>	"Ichnusa"@es	"Birra Ichnusa"@en	14	<https://es.wikipedia.org/wiki/Ichnusa>	"Italia"@es	""
<http://www.wikidata.org/entity/Q2111113>	"Q2111113"		11	<https://es.wikipedia.org/wiki/G._Schneider_%26_Sohn>	"Alemania"@es	""
<http://www.wikidata.org/entity/Q2140520>	"Singha"@es	"Singha"@en	17	<https://es.wikipedia.org/wiki/Singha>	"Tailandia"@es	""
<http://www.wikidata.org/entity/Q2152135>	"Riegeler Bier"@es	"Riegeler Brauerei"@en	3	<https://es.wikipedia.org/wiki/Riegeler_Bier>	"Alemania"@es	""
<http://www.wikidata.org/entity/Q5763631>	"Cerveza Imperial"@es	"Imperial"@en	2	<https://es.wikipedia.org/wiki/Cerveza_Imperial>		""
<http://www.wikidata.org/entity/Q5763637>	"Cerveza La Diosa Tropical"@es	"La Diosa Tropical"@en	1	<https://es.wikipedia.org/wiki/Cerveza_La_Diosa_Tropical>		""
<http://www.wikidata.org/entity/Q5822289>	"El Laurel de Baco"@es		1	<https://es.wikipedia.org/wiki/El_Laurel_de_Baco>	"España"@es	""
<http://www.wikidata.org/entity/Q6019470>	"Mission Brewery"@es	"Mission Brewery"@en	3	<https://es.wikipedia.org/wiki/Mission_Brewery>	"Estados Unidos"@es	""
<http://www.wikidata.org/entity/Q6081561>	"Polar Ice"@es	"Polar Ice"@en	1	<https://es.wikipedia.org/wiki/Polar_Ice>		""
<http://www.wikidata.org/entity/Q6131543>	"Solera (cerveza)"@es	"Solera"@en	1	<https://es.wikipedia.org/wiki/Solera_(cerveza)>		""
<http://www.wikidata.org/entity/Q6144959>	"The One (cerveza)"@es	"The One"@en	1	<https://es.wikipedia.org/wiki/The_One_(cerveza)>		""
<http://www.wikidata.org/entity/Q6272191>	"Interbrew"@es	"Interbrew"@en	7	<https://es.wikipedia.org/wiki/Interbrew>	"Bélgica"@es	""
<http://www.wikidata.org/entity/Q6409311>	"Lech"@es	"Lech"@en	8	<https://es.wikipedia.org/wiki/Lech_(cerveza)>		""
<http://www.wikidata.org/entity/Q6409512>	"Cerveza Patagonia"@es	"Cerveza Patagonia"@en	3	<https://es.wikipedia.org/wiki/Cerveza_Patagonia>	"Argentina"@es	""
<http://www.wikidata.org/entity/Q6473070>	"Lagunitas Brewing Company"@es	"Lagunitas Brewing Company"@en	6	<https://es.wikipedia.org/wiki/Lagunitas_Brewing_Company>	"Estados Unidos"@es	""
<http://www.wikidata.org/entity/Q6773982>	"Marston's"@es	"Marston's"@en	7	<https://es.wikipedia.org/wiki/Marston%27s>	"Reino Unido"@es	""
<http://www.wikidata.org/entity/Q18643989>	"Cerveza Patricia"@es	"Cerveza Patricia"@en	2	<https://es.wikipedia.org/wiki/Cerveza_Patricia>	"Uruguay"@es	""
<http://www.wikidata.org/entity/Q19509611>	"La Salve Bilbao"@es	"La Salve Bilbao"@en	4	<https://es.wikipedia.org/wiki/La_Salve_Bilbao>	"España"@es	""
<http://www.wikidata.org/entity/Q19915283>	"Tre Fontane"@es	"Tre Fontane"@en	6	<https://es.wikipedia.org/wiki/Tre_Fontane>	"Italia"@es	""
<http://www.wikidata.org/entity/Q61501534>	"Cervecería Cuauhtémoc"@es	"Cuauhtemoc Brewery"@en	1	<https://es.wikipedia.org/wiki/Cervecer%C3%ADa_Cuauht%C3%A9moc>	"México"@es	""
<http://www.wikidata.org/entity/Q87193814>	"Cerveza Peroni"@es	"Peroni Beer"@en	6	<https://es.wikipedia.org/wiki/Birra_Peroni>	"Italia"@es	""
<http://www.wikidata.org/entity/Q100354936>	"Cervecería CCU Limache"@es	"Cervecería CCU Limache"@en	2	<https://es.wikipedia.org/wiki/Cervecer%C3%ADa_CCU_Limache>	"Chile"@es	""
<http://www.wikidata.org/entity/Q1959068>	"Gulden Draak"@es	"Gulden Draak"@en	6	<https://es.wikipedia.org/wiki/Gulden_Draak>	"Bélgica"@es	""
<http://www.wikidata.org/entity/Q5400907>	"Presidente"@es	"Presidente"@en	5	<https://es.wikipedia.org/wiki/Presidente_(cerveza)>		""
<http://www.wikidata.org/entity/Q5474595>	"Founders Brewing Company"@es	"Founders Brewing Company"@en	3	<https://es.wikipedia.org/wiki/Founders_Brewing_Company>	"Estados Unidos"@es	""
<http://www.wikidata.org/entity/Q5483974>	"Cervezas Alcázar de Jaén"@es	"Alcázar Beer"@en	3	<https://es.wikipedia.org/wiki/Cervezas_Alc%C3%A1zar_de_Ja%C3%A9n>	"España"@es	"Cervezas El Alcázar|Cervezas Alcazar de Jaen"
<http://www.wikidata.org/entity/Q5506486>	"Fruli"@es	"Fruli"@en	2	<https://es.wikipedia.org/wiki/Fruli>	"Bélgica"@es	""
<http://www.wikidata.org/entity/Q5584074>	"Goose Island Brewery"@es	"Goose Island Brewery"@en	8	<https://es.wikipedia.org/wiki/Goose_Island_Brewery>	"Estados Unidos"@es	""
<http://www.wikidata.org/entity/Q5671424>	"AmBev Venezuela"@es		1	<https://es.wikipedia.org/wiki/AmBev_Venezuela>	"Venezuela"@es	""
<http://www.wikidata.org/entity/Q5731246>	"Bohemia (cerveza)"@es	"Bohemia"@en	1	<https://es.wikipedia.org/wiki/Bohemia_(cerveza_dominicana)>		""
<http://www.wikidata.org/entity/Q5763607>	"Cerveza Antares"@es	"Antares Craft Beer"@en	1	<https://es.wikipedia.org/wiki/Cerveza_Antares>	"Argentina"@es	"Antares"
<http://www.wikidata.org/entity/Q5763604>	"Cerveza Andes"@es	"Andes"@en	1	<https://es.wikipedia.org/wiki/Andes_Origen>	"Argentina"@es	""
<http://www.wikidata.org/entity/Q5763622>	"Cusqueña"@es	"Cusqueña"@en	6	<https://es.wikipedia.org/wiki/Cusque%C3%B1a>	"Perú"@es	""
<http://www.wikidata.org/entity/Q17624912>	"Cerveza Pilsen"@es	"Cerveza Pilsen (Paraguay)"@en	2	<https://es.wikipedia.org/wiki/Cerveza_Pilsen_(Paraguay)>	"Paraguay"@es	""
<http://www.wikidata.org/entity/Q18326697>	"Cerveza Victoria"@es	"Victoria (beer)"@en	5	<https://es.wikipedia.org/wiki/Cerveza_Victoria>	"España"@es	""
<http://www.wikidata.org/entity/Q29054164>	"Cervecería Regional"@es	"Regional Brewery"@en	5	<https://es.wikipedia.org/wiki/Cervecer%C3%ADa_Regional>	"Venezuela"@es	"Cervecería Regional C.A.|CA Cerveceria Regional|C.A. Cervecería Regional"
<http://www.wikidata.org/entity/Q33105701>	"Chimay"@es	"Chimay"@en	22	<https://es.wikipedia.org/wiki/Chimay_(cerveza)>		""
<http://www.wikidata.org/entity/Q51883310>	"Cervecería y Maltería Quilmes"@en	"Cervecería y Maltería Quilmes"@en	3	<https://es.wikipedia.org/wiki/Cervecer%C3%ADa_y_Malter%C3%ADa_Quilmes>	"Argentina"@es	""
<http://www.wikidata.org/entity/Q134454567>	"Sagres (cerveza)"@es	"Sagres beer"@en	14	<https://es.wikipedia.org/wiki/Sagres_(cerveza)>	"Portugal"@es	""
<http://www.wikidata.org/entity/Q12221>	"Starobrno"@es	"Starobrno Brewery"@en	10	<https://es.wikipedia.org/wiki/Starobrno>	"Checoslovaquia"@es	""
<http://www.wikidata.org/entity/Q12221>	"Starobrno"@es	"Starobrno Brewery"@en	10	<https://es.wikipedia.org/wiki/Starobrno>	"República Checa"@es	""
<http://www.wikidata.org/entity/Q2253723>	"Nastro Azzurro"@es	"Nastro Azzurro"@en	7	<https://es.wikipedia.org/wiki/Nastro_Azzurro>	"Italia"@es	""
<http://www.wikidata.org/entity/Q2255163>	"Serafijn"@es	"Serafijn"@en	3	<https://es.wikipedia.org/wiki/Serafijn>		""
<http://www.wikidata.org/entity/Q2289193>	"Sierra Nevada Brewing Company"@es	"Sierra Nevada Brewing Company"@en	10	<https://es.wikipedia.org/wiki/Sierra_Nevada_Brewing_Company>	"Estados Unidos"@es	"Sierra Nevada Brewing Co."
<http://www.wikidata.org/entity/Q2289469>	"Mongozo"@es	"Mongozo"@en	3	<https://es.wikipedia.org/wiki/Mongozo>		""
<http://www.wikidata.org/entity/Q2319266>	"St. James's Gate Brewery"@es	"Guinness Brewery"@en	14	<https://es.wikipedia.org/wiki/St._James%27s_Gate_Brewery>	"Irlanda"@es	""
<http://www.wikidata.org/entity/Q7410755>	"Samuel Allsopp & Sons"@es	"Allsopp’s"@en	2	<https://es.wikipedia.org/wiki/Samuel_Allsopp_%26_Sons>	"Reino Unido"@es	""
<http://www.wikidata.org/entity/Q7587890>	"St. Erhard"@es	"St. Erhard"@en	8	<https://es.wikipedia.org/wiki/St._Erhard>	"Alemania"@es	""
<http://www.wikidata.org/entity/Q7619305>	"Stones Bitter"@es	"Stones Bitter"@en	3	<https://es.wikipedia.org/wiki/Stones_Bitter>		""
<http://www.wikidata.org/entity/Q7754811>	"The Old Brewery"@es	"The Old Brewery"@en	4	<https://es.wikipedia.org/wiki/The_Old_Brewery>	"Estados Unidos"@es	""
<http://www.wikidata.org/entity/Q7884687>	"Timișoreana"@es	"Timișoreana"@en	4	<https://es.wikipedia.org/wiki/Timi%C8%99oreana>	"Rumania"@es	""
<http://www.wikidata.org/entity/Q8248915>	"Blue Moon (Cerveza)"@es	"Blue Moon"@en	7	<https://es.wikipedia.org/wiki/Blue_Moon_(cerveza)>		""
<http://www.wikidata.org/entity/Q8344306>	"Cerveza Cristal (Chile)"@es	"Cristal"@en	4	<https://es.wikipedia.org/wiki/Cerveza_Cristal_(Chile)>		"Cristal (cerveza)"
<http://www.wikidata.org/entity/Q8344315>	"Cerveza Cristal"@es	"Cerveza Cristal"@en	3	<https://es.wikipedia.org/wiki/Cerveza_Cristal_(Per%C3%BA)>	"Perú"@es	"Cristal"
<http://www.wikidata.org/entity/Q8843322>	"Estrella Levante"@es	"Estrella de Levante"@en	5	<https://es.wikipedia.org/wiki/Estrella_de_Levante>	"España"@es	"Estrella de Levante|Cerveza Estrella Levante|agua de espinardo"
<http://www.wikidata.org/entity/Q9019064>	"La Zaragozana"@es	"La Zaragozana"@en	7	<https://es.wikipedia.org/wiki/La_Zaragozana>	"España"@es	"Cervezas La Zaragozana|Cervezas Ambar|Cerveza La Zaragozana|Cerveza Ámbar|Cerveza Ambar|Ámbar (cerveza)|Ambar (cerveza)|Cervezas Ámbar"
<http://www.wikidata.org/entity/Q109768269>	"Cerveza La Sagra"@es	"Cerveza La Sagra"@en	1	<https://es.wikipedia.org/wiki/Cerveza_La_Sagra>	"España"@es	"La Sagra"
<http://www.wikidata.org/entity/Q2523485>	"Cervecería Artois"@es	"Brouwerij Artois"@en	4	<https://es.wikipedia.org/wiki/Cervecer%C3%ADa_Artois>	"Bélgica"@es	""
<http://www.wikidata.org/entity/Q2541685>	"Brugse zot"@es	"Brugse Zot"@en	4	<https://es.wikipedia.org/wiki/Brugse_zot>		""
<http://www.wikidata.org/entity/Q2561868>	"Affligem (cerveza)"@es	"Affligem beer"@en	9	<https://es.wikipedia.org/wiki/Affligem_(cerveza)>		""
<http://www.wikidata.org/entity/Q2638082>	"Hijos de Rivera"@es	"Hijos de Rivera"@en	10	<https://es.wikipedia.org/wiki/Hijos_de_Rivera>	"España"@es	"Estrella Galicia"
<http://www.wikidata.org/entity/Q2646636>	"Desperados"@es	"Desperados"@en	11	<https://es.wikipedia.org/wiki/Desperados_(cerveza)>	"Francia"@es	""
<http://www.wikidata.org/entity/Q2661513>	"cervecería Belle-Vue"@es	"Belle-Vue Brewery"@en	7	<https://es.wikipedia.org/wiki/Brasserie_Belle-Vue>	"Bélgica"@es	"Brouwerij Belle Vue|Brasserie Belle-Vue"
<http://www.wikidata.org/entity/Q2944134>	"Celtia"@es	"Celtia"@en	6	<https://es.wikipedia.org/wiki/Celtia>	"Túnez"@es	""
<http://www.wikidata.org/entity/Q2946943>	"Cervecería Boliviana Nacional"@es	"Cervecería Boliviana Nacional"@en	4	<https://es.wikipedia.org/wiki/Cervecer%C3%ADa_Boliviana_Nacional>	"Bolivia"@es	"Cerveceria Boliviana Nacional|CBN"
<http://www.wikidata.org/entity/Q2345368>	"Brasserie Cantillon"@es	"Cantillon Brewery"@en	10	<https://es.wikipedia.org/wiki/Brasserie_Cantillon>	"Bélgica"@es	""
<http://www.wikidata.org/entity/Q2346388>	"Straffe Hendrik"@es	"Straffe Hendrik"@en	4	<https://es.wikipedia.org/wiki/Straffe_Hendrik>		""
<http://www.wikidata.org/entity/Q2388771>	"Tripel Karmeliet"@es	"Tripel Karmeliet"@en	9	<https://es.wikipedia.org/wiki/Tripel_Karmeliet>		""
<http://www.wikidata.org/entity/Q2473159>	"Het Anker"@es	"Het Anker Brewery"@en	7	<https://es.wikipedia.org/wiki/Het_Anker>	"Bélgica"@es	""
<http://www.wikidata.org/entity/Q2497996>	"St. Bernardus"@es	"St. Bernardus Brewery"@en	10	<https://es.wikipedia.org/wiki/St._Bernardus>	"Bélgica"@es	""
<http://www.wikidata.org/entity/Q2509884>	"Cervecería Van Steenberghe"@es	"Van Steenberghe brewery"@en	6	<https://es.wikipedia.org/wiki/Brouwerij_Van_Steenberge>	"Bélgica"@es	"Brouwerij Van Steenberge"
<http://www.wikidata.org/entity/Q10304159>	"Itaipava"@es	"Itaipava"@en	3	<https://es.wikipedia.org/wiki/Itaipava_(cerveza)>	"Brasil"@es	""
<http://www.wikidata.org/entity/Q10354818>	"Edificio de la Cervecería Brahma"@es	"Antiga Cervejaria Brahma"@en	3	<https://es.wikipedia.org/wiki/Edificio_de_la_Cervecer%C3%ADa_Brahma>	"Brasil"@es	""
<http://www.wikidata.org/entity/Q11977037>	"Cerveza Indio"@es	"Indio"@en	4	<https://es.wikipedia.org/wiki/Cerveza_Indio>		"Indio"
<http://www.wikidata.org/entity/Q118485348>	"Fábricas Nacionales de Cerveza"@es	"Fábricas Nacionales de Cerveza"@en	2	<https://es.wikipedia.org/wiki/F%C3%A1bricas_Nacionales_de_Cerveza>	"Uruguay"@es	""
<http://www.wikidata.org/entity/Q118875870>	"Madrí Excepcional"@es	"Madrí Excepcional"@en	4	<https://es.wikipedia.org/wiki/Madr%C3%AD_Excepcional>		""
<http://www.wikidata.org/entity/Q122860534>	"Sierra Andina"@es	"Sierra Andina"@en	1	<https://es.wikipedia.org/wiki/Sierra_Andina>	"Perú"@es	""
<http://www.wikidata.org/entity/Q123690178>	"Astor Birra"@es	"Astor Birra"@en	1	<https://es.wikipedia.org/wiki/Astor_Birra>	"Argentina"@es	"Astor cerveza"
<http://www.wikidata.org/entity/Q759249>	"Auerbräu"@en	"Auerbräu"@en	2		"Imperio aleman (1871-1949)"@es	""
<http://www.wikidata.org/entity/Q759249>	"Auerbräu"@en	"Auerbräu"@en	2		"Alemania"@es	""
<http://www.wikidata.org/entity/Q760961>	"Karjala"@en	"Karjala"@en	7		"Finlandia"@es	""
<http://www.wikidata.org/entity/Q776186>	"Q776186"		1		"Rumania"@es	""
<http://www.wikidata.org/entity/Q778904>	"Stein Castle"@en	"Stein Castle"@en	3		"Alemania"@es	""
<http://www.wikidata.org/entity/Q789278>	"Balatoni Világos"@en	"Balatoni Világos"@en	1			""
<http://www.wikidata.org/entity/Q794591>	"Hook Norton Brewery"@es	"Hook Norton Brewery"@en	6		"Reino Unido"@es	""
<http://www.wikidata.org/entity/Q795663>	"Kronenbourg"@en	"Kronenbourg"@en	5		"Francia"@es	""
<http://www.wikidata.org/entity/Q797517>	"Koff"@en	"Koff"@en	7			""
<http://www.wikidata.org/entity/Q798067>	"Karhu"@es	"Karhu"@en	10		"Finlandia"@es	""
<http://www.wikidata.org/entity/Q1226524>	"Dinkelacker-Schwaben Bräu"@en	"Dinkelacker-Schwaben Bräu"@en	3		"Alemania"@es	""
<http://www.wikidata.org/entity/Q1226563>	"Markthalle IX"@en	"Markthalle IX"@en	2		"Alemania"@es	""
<http://www.wikidata.org/entity/Q1227102>	"Oud Beersel"@en	"Oud Beersel"@en	5		"Bélgica"@es	""
<http://www.wikidata.org/entity/Q1227520>	"Luitpoldstraße 16"@en	"Luitpoldstraße 16"@en	2		"Alemania"@es	""
<http://www.wikidata.org/entity/Q1495495>	"Gasthaus"@en	"Gasthaus"@en	2		"Alemania"@es	""
<http://www.wikidata.org/entity/Q1495502>	"Gasthof Naundorf"@en	"Gasthof Naundorf"@en	2		"Alemania"@es	""
<http://www.wikidata.org/entity/Q900314>	"Brasserie Martens"@es	"Brasserie Martens"@en	4		"Bélgica"@es	""
<http://www.wikidata.org/entity/Q900313>	"Q900313"		2		"Alemania"@es	""
<http://www.wikidata.org/entity/Q1830497>	"Q1830497"		1			""
<http://www.wikidata.org/entity/Q1830625>	"Q1830625"		1			""
<http://www.wikidata.org/entity/Q2345699>	"Q2345699"		1			""
<http://www.wikidata.org/entity/Q2345928>	"Sternquell"@es	"Sternquell Brauerei Plauen"@en	3		"Alemania"@es	""
<http://www.wikidata.org/entity/Q2469010>	"Cinema De Keizer"@en	"Cinema De Keizer"@en	2		"Bélgica"@es	""
<http://www.wikidata.org/entity/Q2470204>	"Q2470204"		2			""
<http://www.wikidata.org/entity/Q2470761>	"Brouwerij Slaghmuylder"@en	"Brouwerij Slaghmuylder"@en	4		"Bélgica"@es	""
<http://www.wikidata.org/entity/Q2471544>	"Maneblusser"@en	"Maneblusser"@en	2			""
<http://www.wikidata.org/entity/Q2472316>	"Q2472316"		1			""
<http://www.wikidata.org/entity/Q2472879>	"Q2472879"		1			""
<http://www.wikidata.org/entity/Q2924060>	"Brasserie des Franches-Montagnes"@en	"Brasserie des Franches-Montagnes"@en	3		"Suiza"@es	""
<http://www.wikidata.org/entity/Q2924067>	"Katanga breweries"@en	"Katanga breweries"@en	1		"Congo Belga"@es	""
<http://www.wikidata.org/entity/Q3640365>	"Birra Morena"@en	"Birra Morena"@en	1			""
<http://www.wikidata.org/entity/Q3640371>	"Theresianer"@en	"Theresianer"@en	5		"Italia"@es	""
<http://www.wikidata.org/entity/Q3640381>	"Q3640381"		2		"Brasil"@es	""
<http://www.wikidata.org/entity/Q5542671>	"George Muehlebach Brewing Company"@en	"George Muehlebach Brewing Company"@en	1		"Estados Unidos"@es	""
<http://www.wikidata.org/entity/Q5564162>	"Greene King"@en	"Greene King"@en	9		"Reino Unido"@es	""
<http://www.wikidata.org/entity/Q13569361>	"Q13569361"		2		"Bélgica"@es	""
<http://www.wikidata.org/entity/Q13569393>	"Brouwerij De Vijf Helmen"@en	"Brouwerij De Vijf Helmen"@en	1		"Bélgica"@es	""
<http://www.wikidata.org/entity/Q15966937>	"York Brewery"@es	"York Brewery"@en	2		"Reino Unido"@es	""
<http://www.wikidata.org/entity/Q15980473>	"Žatecký Gus"@en	"Žatecký Gus"@en	2		"Ucrania"@es	""
<http://www.wikidata.org/entity/Q20052751>	"Bavária"@en	"Bavária"@en	1			""
<http://www.wikidata.org/entity/Q20053277>	"Wäls Brewing Company"@en	"Wäls Brewing Company"@en	2		"Brasil"@es	""
<http://www.wikidata.org/entity/Q65718538>	"Wildbräu Grafing v. München"@en	"Wildbräu Grafing v. München"@en	1		"Alemania"@es	""
<http://www.wikidata.org/entity/Q65922521>	"Q65922521"		1			""
<http://www.wikidata.org/entity/Q118234948>	"Q118234948"		1		"Suecia"@es	""
<http://www.wikidata.org/entity/Q118370074>	"Q118370074"		1		"Austria"@es	""
<http://www.wikidata.org/entity/Q118464510>	"Trautenberk"@en	"Trautenberk"@en	1		"República Checa"@es	""
<http://www.wikidata.org/entity/Q118552849>	"Cervecería Oriental"@es	"Cervecería Oriental"@en	1		"Uruguay"@es	""
<http://www.wikidata.org/entity/Q118652592>	"Cerveza Prinz"@en	"Cerveza Prinz"@en	1		"Uruguay"@es	""
<http://www.wikidata.org/entity/Q118779883>	"Futaba Brewery"@en	"Futaba Brewery"@en	1		"Japón"@es	""
<http://www.wikidata.org/entity/Q118779899>	"Iko Jozo"@en	"Iko Jozo"@en	1		"Japón"@es	""
<http://www.wikidata.org/entity/Q118831825>	"Belgium Peak Beer"@es	"Belgium Peak Beer"@en	2		"Bélgica"@es	""
<http://www.wikidata.org/entity/Q118918393>	"Q118918393"		1		"Noruega"@es	""
<http://www.wikidata.org/entity/Q119150204>	"Libeň Brewery"@en	"Libeň Brewery"@en	2		"República Checa"@es	""
<http://www.wikidata.org/entity/Q119267391>	"Vysočany Brewery"@en	"Vysočany Brewery"@en	2		"República Checa"@es	""
<http://www.wikidata.org/entity/Q119267509>	"Former brewery in Kbely"@en	"Former brewery in Kbely"@en	2		"República Checa"@es	""
<http://www.wikidata.org/entity/Q119267860>	"Pragovar Brewery"@en	"Pragovar Brewery"@en	2		"República Checa"@es	""
<http://www.wikidata.org/entity/Q119397323>	"Castle brewery in Dolní Počernice"@en	"Castle brewery in Dolní Počernice"@en	2		"República Checa"@es	""
<http://www.wikidata.org/entity/Q119518021>	"Uhříněves Brewery"@en	"Uhříněves Brewery"@en	2		"República Checa"@es	""
<http://www.wikidata.org/entity/Q119578172>	"Q119578172"		1			""
<http://www.wikidata.org/entity/Q119658240>	"Q119658240"		1		"Japón"@es	""
<http://www.wikidata.org/entity/Q119842147>	"Q119842147"		1		"Alemania"@es	""
<http://www.wikidata.org/entity/Q119880139>	"Q119880139"		1		"Alemania"@es	""
<http://www.wikidata.org/entity/Q120267386>	"Fjordfolk Mikrobryggeri"@en	"Fjordfolk Mikrobryggeri"@en	1		"Noruega"@es	""
<http://www.wikidata.org/entity/Q120478024>	"Q120478024"		1		"Polonia"@es	""
<http://www.wikidata.org/entity/Q120499043>	"Cervecería Estrella de Guadalajara"@es		1		"México"@es	""
<http://www.wikidata.org/entity/Q120749509>	"De Koperen Kat"@en	"De Koperen Kat"@en	1		"Países Bajos"@es	""
<http://www.wikidata.org/entity/Q120762695>	"Mikami Kanbei Honten"@en	"Mikami Kanbei Honten"@en	1			""
<http://www.wikidata.org/entity/Q120801063>	"KOLK Brewery"@en	"KOLK Brewery"@en	1		"Estonia"@es	""
<http://www.wikidata.org/entity/Q120871109>	"Pivovar Zichovec"@en	"Pivovar Zichovec"@en	1		"República Checa"@es	""
<http://www.wikidata.org/entity/Q120954903>	"Ishikura-shuzō"@en	"Ishikura-shuzō"@en	1		"Japón"@es	""
<http://www.wikidata.org/entity/Q121254966>	"Q121254966"		1		"Imperio austrohúngaro"@es	""
<http://www.wikidata.org/entity/Q121255220>	"Richter's brewery"@en	"Richter's brewery"@en	1		"República Checa"@es	""
<http://www.wikidata.org/entity/Q121255375>	"Q121255375"		1		"Checoslovaquia"@es	""
<http://www.wikidata.org/entity/Q121255420>	"Vršovický pivovar"@en	"Vršovický pivovar"@en	1		"República Checa"@es	""
<http://www.wikidata.org/entity/Q121289239>	"Q121289239"		1		"Noruega"@es	""
<http://www.wikidata.org/entity/Q121300208>	"Q121300208"		1		"Noruega"@es	""
<http://www.wikidata.org/entity/Q121833101>	"Shock Top"@en	"Shock Top"@en	1			""
<http://www.wikidata.org/entity/Q122167216>	"Akatsuki Brewery"@en	"Akatsuki Brewery"@en	1		"Japón"@es	""
<http://www.wikidata.org/entity/Q122382343>	"Q122382343"		1		"Alemania"@es	""
<http://www.wikidata.org/entity/Q122497090>	"Palacio Sudamerica"@en	"Palacio Sudamerica"@en	1		"Uruguay"@es	""
<http://www.wikidata.org/entity/Q122681853>	"Q122681853"		1		"República Checa"@es	""
<http://www.wikidata.org/entity/Q122698671>	"Q122698671"		1		"Alemania"@es	""
<http://www.wikidata.org/entity/Q122835786>	"Haggenmacher Beer Factories Co., Budafok"@en	"Haggenmacher Beer Factories Co., Budafok"@en	2		"Hungría"@es	""
<http://www.wikidata.org/entity/Q122840198>	"Dreher Breweries - former Haggenmacher Brewery site"@en	"Dreher Breweries - former Haggenmacher Brewery site"@en	2		"Hungría"@es	""
<http://www.wikidata.org/entity/Q122878791>	"Franciscan Well"@en	"Franciscan Well"@en	1		"Irlanda"@es	""
<http://www.wikidata.org/entity/Q122880128>	"Brasserie-malterie_Campion_d'Arleux"@en	"Brasserie-malterie_Campion_d'Arleux"@en	1		"Francia"@es	""
<http://www.wikidata.org/entity/Q122970065>	"Q122970065"		1			""
<http://www.wikidata.org/entity/Q122970080>	"Q122970080"		1			""
<http://www.wikidata.org/entity/Q122970121>	"Q122970121"		1			""
<http://www.wikidata.org/entity/Q122970162>	"Q122970162"		1		"Países Bajos"@es	""
<http://www.wikidata.org/entity/Q122970355>	"Q122970355"		1		"Países Bajos"@es	""
<http://www.wikidata.org/entity/Q122970418>	"Q122970418"		1			""
<http://www.wikidata.org/entity/Q122970477>	"Stadsbrouwerij"@en	"Stadsbrouwerij"@en	2		"Países Bajos"@es	""
<http://www.wikidata.org/entity/Q122970549>	"Q122970549"		1			""
<http://www.wikidata.org/entity/Q122970750>	"Q122970750"		1			""
<http://www.wikidata.org/entity/Q122977815>	"Q122977815"		1			""
<http://www.wikidata.org/entity/Q122977841>	"Q122977841"		1			""
<http://www.wikidata.org/entity/Q122977853>	"Q122977853"		1			""
<http://www.wikidata.org/entity/Q122977863>	"Q122977863"		1			""
<http://www.wikidata.org/entity/Q122980487>	"Cheeky Monkey Brewing Company, Wilyabrup"@en	"Cheeky Monkey Brewing Company, Wilyabrup"@en	1		"Australia"@es	""
<http://www.wikidata.org/entity/Q123003033>	"Cervezas Origen"@es		1		"España"@es	""
<http://www.wikidata.org/entity/Q123007573>	"Lion Brewery, Khyber Pass Road"@en	"Lion Brewery, Khyber Pass Road"@en	1		"Nueva Zelanda"@es	""
<http://www.wikidata.org/entity/Q123028941>	"Q123028941"		1		"Portugal"@es	""
<http://www.wikidata.org/entity/Q123046935>	"Pivovar Kolčavka"@en	"Pivovar Kolčavka"@en	1		"República Checa"@es	""
<http://www.wikidata.org/entity/Q123133196>	"Brasserie C"@en	"Brasserie C"@en	1		"Bélgica"@es	""
<http://www.wikidata.org/entity/Q123163929>	"Q123163929"		1		"República Checa"@es	""
<http://www.wikidata.org/entity/Q123196860>	"Adambräu"@en	"Adambräu"@en	2		"Austria"@es	""
<http://www.wikidata.org/entity/Q123330857>	"Rutchenkovo brewery plant"@en	"Rutchenkovo brewery plant"@en	1			""
<http://www.wikidata.org/entity/Q123437179>	"Q123437179"		2		"Cisleitania"@es	""
<http://www.wikidata.org/entity/Q123437179>	"Q123437179"		2		"Austria"@es	""
<http://www.wikidata.org/entity/Q123469240>	"Brouwerij Kees"@en	"Brouwerij Kees"@en	2		"Países Bajos"@es	""
<http://www.wikidata.org/entity/Q123471503>	"Malzbierbrauerei Groterjan"@en	"Malzbierbrauerei Groterjan"@en	2		"Alemania"@es	""
<http://www.wikidata.org/entity/Q123478067>	"Q123478067"		2		"Alemania"@es	""
<http://www.wikidata.org/entity/Q123501703>	"Q123501703"		1		"Bélgica"@es	""
<http://www.wikidata.org/entity/Q123684013>	"Crooked Goat Brewing"@en	"Crooked Goat Brewing"@en	1		"Estados Unidos"@es	""
<http://www.wikidata.org/entity/Q123734638>	"BRŁO"@en	"BRŁO"@en	1		"Alemania"@es	""
<http://www.wikidata.org/entity/Q123759630>	"vandeStreek"@en	"vandeStreek"@en	2		"Países Bajos"@es	""
<http://www.wikidata.org/entity/Q123765524>	"Q123765524"		1		"Alemania"@es	""
<http://www.wikidata.org/entity/Q123812083>	"Brewery  Riebeck"@en	"Brewery  Riebeck"@en	2		"Alemania"@es	""
<http://www.wikidata.org/entity/Q123937886>	"Q123937886"		2		"Alemania"@es	""
<http://www.wikidata.org/entity/Q123965471>	"Two Chefs Brewing"@en	"Two Chefs Brewing"@en	2		"Países Bajos"@es	""
<http://www.wikidata.org/entity/Q124023641>	"Nishimoto Shuzojo"@en	"Nishimoto Shuzojo"@en	1			""
<http://www.wikidata.org/entity/Q124039547>	"Heiwanishiki Brewely"@en	"Heiwanishiki Brewely"@en	2		"Japón"@es	""
<http://www.wikidata.org/entity/Q124044121>	"Tout Bien Pils"@en	"Tout Bien Pils"@en	1			""
<http://www.wikidata.org/entity/Q124085764>	"Q124085764"		1		"Alemania"@es	""
<http://www.wikidata.org/entity/Q124101828>	"Q124101828"		1		"República Checa"@es	""
<http://www.wikidata.org/entity/Q124257406>	"Q124257406"		1		"Bélgica"@es	""
<http://www.wikidata.org/entity/Q124290149>	"Q124290149"		1		"Noruega"@es	""
<http://www.wikidata.org/entity/Q124295611>	"Tall Guy Brewing"@en	"Tall Guy Brewing"@en	1		"Estados Unidos"@es	""
<http://www.wikidata.org/entity/Q124309761>	"Osteroder Lichtspielhaus"@en	"Osteroder Lichtspielhaus"@en	1		"Alemania"@es	""
<http://www.wikidata.org/entity/Q124310159>	"Stadsbrouwerij Maastricht"@en	"Stadsbrouwerij Maastricht"@en	1		"Países Bajos"@es	""
<http://www.wikidata.org/entity/Q124499380>	"Einsiedler Hauptstraße 144, Chemnitz-Einsiedel"@en	"Einsiedler Hauptstraße 144, Chemnitz-Einsiedel"@en	1		"Alemania"@es	""
<http://www.wikidata.org/entity/Q124513920>	"Bierbrouwerij De Magistraat"@en	"Bierbrouwerij De Magistraat"@en	1		"Países Bajos"@es	""
<http://www.wikidata.org/entity/Q124528577>	"Bach'sche Brauerei"@en	"Bach'sche Brauerei"@en	1		"Alemania"@es	""
<http://www.wikidata.org/entity/Q124570849>	"Capital Brewing Company"@en	"Capital Brewing Company"@en	1		"Australia"@es	""
<http://www.wikidata.org/entity/Q124606412>	"Q124606412"		1		"República Checa"@es	""
<http://www.wikidata.org/entity/Q124612969>	"Q124612969"		1		"Suecia"@es	""
<http://www.wikidata.org/entity/Q124614875>	"Q124614875"		1		"República Checa"@es	""
<http://www.wikidata.org/entity/Q124620906>	"Kaapse Brouwers"@en	"Kaapse Brouwers"@en	2		"Países Bajos"@es	""
<http://www.wikidata.org/entity/Q124623665>	"Brouwerij Eylenbosch"@en	"Brouwerij Eylenbosch"@en	2		"Bélgica"@es	""
<http://www.wikidata.org/entity/Q124623812>	"Brouwerij Kestemont"@en	"Brouwerij Kestemont"@en	1		"Bélgica"@es	""
<http://www.wikidata.org/entity/Q124625708>	"Kompaan"@en	"Kompaan"@en	1		"Países Bajos"@es	""
<http://www.wikidata.org/entity/Q124632565>	"Moersleutel"@en	"Moersleutel"@en	1		"Francia"@es	""
<http://www.wikidata.org/entity/Q124632565>	"Moersleutel"@en	"Moersleutel"@en	1		"Países Bajos"@es	""
<http://www.wikidata.org/entity/Q124663040>	"Brouwerij Bliksem"@en	"Brouwerij Bliksem"@en	1		"Países Bajos"@es	""
<http://www.wikidata.org/entity/Q124666075>	"100 Watt"@en	"100 Watt"@en	1		"Países Bajos"@es	""
<http://www.wikidata.org/entity/Q124666148>	"Van Moll"@en	"Van Moll"@en	1		"Países Bajos"@es	""
<http://www.wikidata.org/entity/Q124672046>	"Walhalla"@en	"Walhalla"@en	1		"Países Bajos"@es	""
<http://www.wikidata.org/entity/Q124673102>	"Q124673102"		1		"Italia"@es	""
<http://www.wikidata.org/entity/Q124735914>	"Q124735914"		1		"Alemania"@es	""
<http://www.wikidata.org/entity/Q124975088>	"Q124975088"		1		"República Checa"@es	""
<http://www.wikidata.org/entity/Q125349281>	"Happoldt-Brauerei"@en	"Happoldt-Brauerei"@en	2		"Alemania"@es	""
<http://www.wikidata.org/entity/Q125389952>	"Brewfist"@en	"Brewfist"@en	1		"Italia"@es	""
<http://www.wikidata.org/entity/Q125390234>	"Fyne Ales"@en	"Fyne Ales"@en	1		"Reino Unido"@es	""
<http://www.wikidata.org/entity/Q125408773>	"Q125408773"		1			""
<http://www.wikidata.org/entity/Q125506784>	"Jonah Beer"@en	"Jonah Beer"@en	1		"Israel"@es	""
<http://www.wikidata.org/entity/Q125612888>	"Q125612888"		1		"Francia"@es	""
<http://www.wikidata.org/entity/Q125621644>	"Q125621644"		1			""
<http://www.wikidata.org/entity/Q125692376>	"Q125692376"		2		"Japón"@es	""
<http://www.wikidata.org/entity/Q125758636>	"Murau Brewery"@en	"Murau Brewery"@en	2		"Austria"@es	""
<http://www.wikidata.org/entity/Q125779347>	"Q125779347"		1		"Países Bajos"@es	""
<http://www.wikidata.org/entity/Q125779352>	"Ramses Bier"@en	"Ramses Bier"@en	2		"Países Bajos"@es	""
<http://www.wikidata.org/entity/Q125779356>	"Brouwerij Maallust"@en	"Brouwerij Maallust"@en	1		"Países Bajos"@es	""
<http://www.wikidata.org/entity/Q125779378>	"Oedipus"@en	"Oedipus"@en	2		"Países Bajos"@es	""
<http://www.wikidata.org/entity/Q125779381>	"Q125779381"		1		"Países Bajos"@es	""
<http://www.wikidata.org/entity/Q125779402>	"Brouwerij Noordt"@en	"Brouwerij Noordt"@en	1		"Países Bajos"@es	""
<http://www.wikidata.org/entity/Q125779476>	"Brouwerij Homeland"@en	"Brouwerij Homeland"@en	1		"Países Bajos"@es	""
<http://www.wikidata.org/entity/Q125779482>	"Q125779482"		2		"Países Bajos"@es	""
<http://www.wikidata.org/entity/Q125779502>	"Q125779502"		1		"Países Bajos"@es	""
<http://www.wikidata.org/entity/Q125779517>	"Poesiat & Kater"@en	"Poesiat & Kater"@en	2		"Países Bajos"@es	""
<http://www.wikidata.org/entity/Q125779564>	"Q125779564"		2		"Países Bajos"@es	""
<http://www.wikidata.org/entity/Q125779587>	"Tesselaar Familiebrouwerij Diks"@en	"Tesselaar Familiebrouwerij Diks"@en	1		"Países Bajos"@es	""
<http://www.wikidata.org/entity/Q125779806>	"Sint Servattumus"@en	"Sint Servattumus"@en	1		"Países Bajos"@es	""
<http://www.wikidata.org/entity/Q125779913>	"Henky"@en	"Henky"@en	1		"Países Bajos"@es	""
<http://www.wikidata.org/entity/Q125779955>	"Q125779955"		1		"Países Bajos"@es	""
<http://www.wikidata.org/entity/Q125779993>	"Pigs & Bears Brewing Co."@en	"Pigs & Bears Brewing Co."@en	1		"Países Bajos"@es	""
<http://www.wikidata.org/entity/Q125780091>	"Q125780091"		1		"Países Bajos"@es	""
<http://www.wikidata.org/entity/Q125780132>	"Q125780132"		1		"Países Bajos"@es	""
<http://www.wikidata.org/entity/Q125780150>	"Q125780150"		1		"Países Bajos"@es	""
<http://www.wikidata.org/entity/Q125858098>	"Q125858098"		2		"Alemania"@es	""
<http://www.wikidata.org/entity/Q126096462>	"Q126096462"		1		"Alemania"@es	""
<http://www.wikidata.org/entity/Q126111465>	"Kumano Brewing"@en	"Kumano Brewing"@en	2		"Japón"@es	""
<http://www.wikidata.org/entity/Q126195518>	"Q126195518"		2		"Alemania"@es	""
<http://www.wikidata.org/entity/Q126207569>	"Dreher Breweries - former brewery of Kőbánya King Brewery CoCategory:Dreher Breweries - former"@en	"Dreher Breweries - former brewery of Kőbánya King Brewery CoCategory:Dreher Breweries - former"@en	2		"Hungría"@es	""
<http://www.wikidata.org/entity/Q126207607>	"Q126207607"		2		"Hungría"@es	""
<http://www.wikidata.org/entity/Q126207624>	"Dreher Breweries - former brewery of Kőbánya Bourgeois Brewery Co"@en	"Dreher Breweries - former brewery of Kőbánya Bourgeois Brewery Co"@en	2		"Hungría"@es	""
<http://www.wikidata.org/entity/Q126300706>	"Former Moll brewery (around 1855)"@en	"Former Moll brewery (around 1855)"@en	1		"Suiza"@es	""
<http://www.wikidata.org/entity/Q126326008>	"Dreher Breweries - former Dreher Brewery site"@en	"Dreher Breweries - former Dreher Brewery site"@en	2		"Hungría"@es	""
<http://www.wikidata.org/entity/Q126328351>	"Sachsengold"@en	"Sachsengold"@en	1			""
<http://www.wikidata.org/entity/Q126372831>	"Hailuodon Panimo"@es	"Hailuodon Panimo"@en	1		"Finlandia"@es	""
<http://www.wikidata.org/entity/Q126372829>	"Sonnisaari Brewery"@en	"Sonnisaari Brewery"@en	1		"Finlandia"@es	""
<http://www.wikidata.org/entity/Q126456367>	"Pivovar Velké Březno"@en	"Pivovar Velké Březno"@en	2		"República Checa"@es	""
<http://www.wikidata.org/entity/Q126478514>	"Q126478514"		1			""
<http://www.wikidata.org/entity/Q126520355>	"Brauerei Raschhofer"@en	"Brauerei Raschhofer"@en	1		"Archiducado de Austria"@es	""
<http://www.wikidata.org/entity/Q126520355>	"Brauerei Raschhofer"@en	"Brauerei Raschhofer"@en	1		"Cisleitania"@es	""
<http://www.wikidata.org/entity/Q126520355>	"Brauerei Raschhofer"@en	"Brauerei Raschhofer"@en	1		"Imperio austríaco"@es	""
<http://www.wikidata.org/entity/Q126520355>	"Brauerei Raschhofer"@en	"Brauerei Raschhofer"@en	1		"Austria"@es	""
<http://www.wikidata.org/entity/Q126654995>	"Q126654995"		1		"Suecia"@es	""
<http://www.wikidata.org/entity/Q126727980>	"Kunpeki Shuzou"@en	"Kunpeki Shuzou"@en	2		"Japón"@es	""
<http://www.wikidata.org/entity/Q126889118>	"Q126889118"		1		"Alemania"@es	""
<http://www.wikidata.org/entity/Q126891184>	"Dog Rose Brewing Company"@en	"Dog Rose Brewing Company"@en	1		"Estados Unidos"@es	""
<http://www.wikidata.org/entity/Q126894379>	"Inami Syuzou"@en	"Inami Syuzou"@en	1			""
<http://www.wikidata.org/entity/Q126898478>	"A1A Ale Works"@en	"A1A Ale Works"@en	1		"Estados Unidos"@es	""
<http://www.wikidata.org/entity/Q127698805>	"Q127698805"		1		"Bélgica"@es	""
<http://www.wikidata.org/entity/Q127698814>	"Q127698814"		1		"Bélgica"@es	""
<http://www.wikidata.org/entity/Q127698832>	"Q127698832"		1		"Bélgica"@es	""
<http://www.wikidata.org/entity/Q127843539>	"Neckarmüller"@en	"Neckarmüller"@en	1		"Alemania"@es	""
<http://www.wikidata.org/entity/Q128016668>	"Deli Brouwerij"@en	"Deli Brouwerij"@en	1		"Países Bajos"@es	""
<http://www.wikidata.org/entity/Q128775580>	"Q128775580"		2		"República Checa"@es	""
<http://www.wikidata.org/entity/Q128810105>	"Vereinsbrauerei Höhscheid"@en	"Vereinsbrauerei Höhscheid"@en	1		"Alemania"@es	""
<http://www.wikidata.org/entity/Q129092279>	"Brauerei Beckmann"@en	"Brauerei Beckmann"@en	2		"Alemania"@es	""
<http://www.wikidata.org/entity/Q129266319>	"Poděbrady Brewery"@en	"Poděbrady Brewery"@en	1		"República Checa"@es	""
<http://www.wikidata.org/entity/Q129683209>	"Nordstadt braut"@en	"Nordstadt braut"@en	1		"Alemania"@es	""
<http://www.wikidata.org/entity/Q130276069>	"De Koningshoeven Brewery"@en	"De Koningshoeven Brewery"@en	3		"Países Bajos"@es	""
<http://www.wikidata.org/entity/Q130280865>	"Koyumitsuru Distilling Industry"@en	"Koyumitsuru Distilling Industry"@en	2		"Japón"@es	""
<http://www.wikidata.org/entity/Q130298017>	"Q130298017"		1		"Suecia"@es	""
<http://www.wikidata.org/entity/Q130383024>	"Three Weavers Brewing Company"@en	"Three Weavers Brewing Company"@en	1		"Estados Unidos"@es	""
<http://www.wikidata.org/entity/Q130496956>	"Wayfinder Beer"@en	"Wayfinder Beer"@en	2		"Estados Unidos"@es	""
<http://www.wikidata.org/entity/Q130547252>	"Slurfke"@en	"Slurfke"@en	1			""
<http://www.wikidata.org/entity/Q131108825>	"Vojanův dvůr"@en	"Vojanův dvůr"@en	1		"República Checa"@es	""
<http://www.wikidata.org/entity/Q131220296>	"Brasserie de Chanaz"@es	"Brasserie de Chanaz"@en	1		"Francia"@es	""
<http://www.wikidata.org/entity/Q131317926>	"Q131317926"		1		"República Checa"@es	""
<http://www.wikidata.org/entity/Q131674984>	"Scobel Brewery in Gliwice"@en	"Scobel Brewery in Gliwice"@en	1		"Polonia"@es	""
<http://www.wikidata.org/entity/Q131695936>	"Q131695936"		1		"Países Bajos"@es	""
<http://www.wikidata.org/entity/Q131746556>	"Roessle Brewery"@en	"Roessle Brewery"@en	1		"Estados Unidos"@es	""
<http://www.wikidata.org/entity/Q131747262>	"Post & Beam Brewing"@en	"Post & Beam Brewing"@en	1		"Estados Unidos"@es	""
<http://www.wikidata.org/entity/Q131781762>	"Xaver Brauerei"@en	"Xaver Brauerei"@en	1		"Austria"@es	""
<http://www.wikidata.org/entity/Q131825021>	"Kauno alus"@en	"Kauno alus"@en	1		"Lituania"@es	""
<http://www.wikidata.org/entity/Q131843858>	"A.J. Houghton & Co. “Vienna” Brewery"@en	"A.J. Houghton & Co. “Vienna” Brewery"@en	1		"Estados Unidos"@es	""
<http://www.wikidata.org/entity/Q131843940>	"Burkhardt Brewery"@en	"Burkhardt Brewery"@en	1		"Estados Unidos"@es	""
<http://www.wikidata.org/entity/Q131843996>	"Continental Brewery"@en	"Continental Brewery"@en	1		"Estados Unidos"@es	""
<http://www.wikidata.org/entity/Q131844153>	"American Brewing Company (Boston)"@en	"American Brewing Company (Boston)"@en	1		"Estados Unidos"@es	""
<http://www.wikidata.org/entity/Q131845145>	"Boston Beer Company (1828)"@en	"Boston Beer Company (1828)"@en	1		"Estados Unidos"@es	""
<http://www.wikidata.org/entity/Q131907681>	"Ology Brewing Co."@en	"Ology Brewing Co."@en	1		"Estados Unidos"@es	""
<http://www.wikidata.org/entity/Q132172113>	"Q132172113"		2		"República Checa"@es	""
<http://www.wikidata.org/entity/Q132568559>	"Q132568559"		1		"República Checa"@es	""
<http://www.wikidata.org/entity/Q132657849>	"Siren Craft Brew"@en	"Siren Craft Brew"@en	1		"Reino Unido"@es	""
<http://www.wikidata.org/entity/Q132776038>	"Q132776038"		1		"Islas Feroe"@es	""
<http://www.wikidata.org/entity/Q133458754>	"Parker County Brewing Company"@en	"Parker County Brewing Company"@en	1		"Estados Unidos"@es	""
<http://www.wikidata.org/entity/Q133502536>	"Q133502536"		2		"Polonia"@es	""
<http://www.wikidata.org/entity/Q133520368>	"Jopen Lentebier"@en	"Jopen Lentebier"@en	1			""
<http://www.wikidata.org/entity/Q133842624>	"Brewery"@en	"Brewery"@en	1		"Alemania"@es	""
<http://www.wikidata.org/entity/Q133854305>	"Q133854305"		1		"Alemania"@es	""
<http://www.wikidata.org/entity/Q134054935>	"Q134054935"		1		"Suecia"@es	""
<http://www.wikidata.org/entity/Q134126658>	"Q134126658"		1		"Alemania"@es	""
<http://www.wikidata.org/entity/Q134176770>	"Q134176770"		1		"Bélgica"@es	""
<http://www.wikidata.org/entity/Q134309137>	"Nishioka Honten"@en	"Nishioka Honten"@en	2			""
<http://www.wikidata.org/entity/Q134439991>	"Šopeno Brewery"@en	"Šopeno Brewery"@en	1		"Lituania"@es	""
<http://www.wikidata.org/entity/Q134440234>	"Q134440234"		1		"República Checa"@es	""
<http://www.wikidata.org/entity/Q134505013>	"Q134505013"		1		"República Checa"@es	""
<http://www.wikidata.org/entity/Q134568481>	"Q134568481"		1		"República Checa"@es	""
<http://www.wikidata.org/entity/Q134572649>	"Tatenokawa Shuzo"@en	"Tatenokawa Shuzo"@en	2		"Japón"@es	""
<http://www.wikidata.org/entity/Q134655419>	"Q134655419"		1		"Países Bajos"@es	""
<http://www.wikidata.org/entity/Q134732546>	"Q134732546"		1		"Bélgica"@es	""
<http://www.wikidata.org/entity/Q134732547>	"Q134732547"		1		"Bélgica"@es	""
<http://www.wikidata.org/entity/Q134732545>	"Q134732545"		2		"Bélgica"@es	""
<http://www.wikidata.org/entity/Q134732550>	"Q134732550"		1		"Bélgica"@es	""
<http://www.wikidata.org/entity/Q134732551>	"Q134732551"		1		"Bélgica"@es	""
<http://www.wikidata.org/entity/Q134732548>	"Q134732548"		1		"Bélgica"@es	""
<http://www.wikidata.org/entity/Q134732554>	"Q134732554"		1		"Bélgica"@es	""
<http://www.wikidata.org/entity/Q134732555>	"Q134732555"		1		"Bélgica"@es	""
<http://www.wikidata.org/entity/Q134732553>	"Q134732553"		1		"Bélgica"@es	""
<http://www.wikidata.org/entity/Q134732556>	"Q134732556"		1		"Bélgica"@es	""
<http://www.wikidata.org/entity/Q134972067>	"Brewery Betsy"@en	"Brewery Betsy"@en	1		"Bélgica"@es	""
<http://www.wikidata.org/entity/Q135001528>	"Q135001528"		1		"Bélgica"@es	""
<http://www.wikidata.org/entity/Q135016000>	"Snake Venom"@es	"Snake Venom Beer"@en	1			""
<http://www.wikidata.org/entity/Q135212563>	"Jenbacher Brewery"@en	"Jenbacher Brewery"@en	1		"Austria"@es	""
<http://www.wikidata.org/entity/Q135404494>	"Gigantic Brewing Company"@en	"Gigantic Brewing Company"@en	2		"Estados Unidos"@es	""
<http://www.wikidata.org/entity/Q135467336>	"Q135467336"		2			""
<http://www.wikidata.org/entity/Q135479317>	"Q135479317"		1		"Alemania"@es	""
<http://www.wikidata.org/entity/Q135484475>	"Alingsås bryggeri"@en	"Alingsås bryggeri"@en	1		"Suecia"@es	""
<http://www.wikidata.org/entity/Q135558620>	"Q135558620"		1		"Alemania"@es	""
<http://www.wikidata.org/entity/Q135641618>	"Lidköpings Bryggeri"@en	"Lidköpings Bryggeri"@en	1		"Suecia"@es	""
<http://www.wikidata.org/entity/Q135642259>	"Bryggeriet Örnen"@en	"Bryggeriet Örnen"@en	2		"Suecia"@es	""
<http://www.wikidata.org/entity/Q135642561>	"Bryggeriet Örnen"@en	"Bryggeriet Örnen"@en	1		"Suecia"@es	""
<http://www.wikidata.org/entity/Q135986107>	"John F. Wiessner & Sons"@es	"John F. Wiessner & Sons"@en	2		"Estados Unidos"@es	""
<http://www.wikidata.org/entity/Q136169052>	"Real American Beer"@en	"Real American Beer"@en	2		"Estados Unidos"@es	""
<http://www.wikidata.org/entity/Q136172441>	"Fierce Beer"@en	"Fierce Beer"@en	2		"Reino Unido"@es	""
<http://www.wikidata.org/entity/Q136243581>	"Q136243581"		1		"Alemania"@es	""
<http://www.wikidata.org/entity/Q136324076>	"Q136324076"		1		"Alemania"@es	""
<http://www.wikidata.org/entity/Q136383286>	"Q136383286"		1		"Alemania"@es	""
<http://www.wikidata.org/entity/Q136432791>	"Q136432791"		1		"Alemania"@es	""
<http://www.wikidata.org/entity/Q136470805>	"Cardeña"@es	"Cardeña"@en	1		"España"@es	""
<http://www.wikidata.org/entity/Q136488923>	"Q136488923"		1		"Bélgica"@es	""
<http://www.wikidata.org/entity/Q136540249>	"Pivovar Zhůřák"@en	"Pivovar Zhůřák"@en	2		"República Checa"@es	""
<http://www.wikidata.org/entity/Q136705600>	"Q136705600"		1		"Suecia"@es	""
<http://www.wikidata.org/entity/Q137150732>	"Q137150732"		1		"Polonia"@es	""
<http://www.wikidata.org/entity/Q137205345>	"Staggeringly Good"@en	"Staggeringly Good"@en	1		"Reino Unido"@es	""
<http://www.wikidata.org/entity/Q137386185>	"Q137386185"		1		"Bélgica"@es	""
<http://www.wikidata.org/entity/Q137396767>	"Q137396767"		1		"República Checa"@es	""
<http://www.wikidata.org/entity/Q137432304>	"Q137432304"		1		"Bélgica"@es	""
<http://www.wikidata.org/entity/Q137555955>	"Harvard Brewing Company"@en	"Harvard Brewing Company"@en	1			""
<http://www.wikidata.org/entity/Q137561503>	"Riebeck & Comp."@en	"Riebeck & Comp."@en	2		"Alemania"@es	""
<http://www.wikidata.org/entity/Q137672783>	"Q137672783"		1		"Imperio aleman (1871-1949)"@es	""
<http://www.wikidata.org/entity/Q137712447>	"Q137712447"		1		"Canadá"@es	""
<http://www.wikidata.org/entity/Q137757165>	"Ferment Brewing Company"@en	"Ferment Brewing Company"@en	2			""
<http://www.wikidata.org/entity/Q137773753>	"Q137773753"		1		"República Checa"@es	""
<http://www.wikidata.org/entity/Q137782665>	"Q137782665"		1		"Polonia"@es	""
<http://www.wikidata.org/entity/Q137883041>	"Q137883041"		1		"Imperio aleman (1871-1949)"@es	""
<http://www.wikidata.org/entity/Q113570799>	"Miyake Hikoemon Brewery"@en	"Miyake Hikoemon Brewery"@en	1		"Japón"@es	""
<http://www.wikidata.org/entity/Q113576492>	"Esslinger Brewery"@en	"Esslinger Brewery"@en	2		"Imperio ruso"@es	""
<http://www.wikidata.org/entity/Q124325417>	"Q124325417"		1		"Alemania"@es	""
<http://www.wikidata.org/entity/Q124357435>	"Q124357435"		1		"República Checa"@es	""
<http://www.wikidata.org/entity/Q124361334>	"manor brewery in Kunštát"@en	"manor brewery in Kunštát"@en	1		"República Checa"@es	""
<http://www.wikidata.org/entity/Q124398490>	"Panimoyhtiö Tuju"@en	"Panimoyhtiö Tuju"@en	1		"Finlandia"@es	""
<http://www.wikidata.org/entity/Q124477537>	"Q124477537"		1		"Países Bajos"@es	""
<http://www.wikidata.org/entity/Q124477666>	"Brasserie de la Tour"@en	"Brasserie de la Tour"@en	1		"Bélgica"@es	""
<http://www.wikidata.org/entity/Q124477851>	"Brouwerij Van den Moortel"@en	"Brouwerij Van den Moortel"@en	2		"Bélgica"@es	""
<http://www.wikidata.org/entity/Q126902452>	"Fabrica de cervezas Kutz"@es		1		"España"@es	""
<http://www.wikidata.org/entity/Q126915701>	"Malmö Brewing Co"@en	"Malmö Brewing Co"@en	1		"Suecia"@es	""
<http://www.wikidata.org/entity/Q126917911>	"Q126917911"		2		"Polonia"@es	""
<http://www.wikidata.org/entity/Q126917922>	"Q126917922"		1		"Polonia"@es	""
<http://www.wikidata.org/entity/Q127165334>	"Cervezas El León"@es		1		"España"@es	""
<http://www.wikidata.org/entity/Q127502398>	"Middle Brow"@en	"Middle Brow"@en	1		"Estados Unidos"@es	""
<http://www.wikidata.org/entity/Q127698539>	"Q127698539"		1		"Bélgica"@es	""
<http://www.wikidata.org/entity/Q127698612>	"Q127698612"		1		"Bélgica"@es	""
<http://www.wikidata.org/entity/Q127698639>	"Q127698639"		1		"Bélgica"@es	""
<http://www.wikidata.org/entity/Q127698657>	"Q127698657"		1		"Bélgica"@es	""
<http://www.wikidata.org/entity/Q127698743>	"Q127698743"		1		"Bélgica"@es	""
<http://www.wikidata.org/entity/Q127698758>	"Q127698758"		2		"Bélgica"@es	""
<http://www.wikidata.org/entity/Q127698768>	"Q127698768"		1		"Bélgica"@es	""
<http://www.wikidata.org/entity/Q127698779>	"Q127698779"		1		"Bélgica"@es	""
<http://www.wikidata.org/entity/Q127698787>	"Q127698787"		1		"Bélgica"@es	""
<http://www.wikidata.org/entity/Q127698796>	"Q127698796"		1		"Bélgica"@es	""
<http://www.wikidata.org/entity/Q137883041>	"Q137883041"		1		"Alemania"@es	""
<http://www.wikidata.org/entity/Q137921514>	"Gnarly Cider Brewery"@en	"Gnarly Cider Brewery"@en	1		"Estados Unidos"@es	""
<http://www.wikidata.org/entity/Q137940929>	"Jake's Beer"@en	"Jake's Beer"@en	1		"Países Bajos"@es	""
<http://www.wikidata.org/entity/Q138012061>	"Mountain Culture Beer Co."@en	"Mountain Culture Beer Co."@en	1		"Australia"@es	""
<http://www.wikidata.org/entity/Q138018504>	"Q138018504"		1		"Alemania"@es	""
<http://www.wikidata.org/entity/Q138135627>	"Zondaar (2025)"@en	"Zondaar (2025)"@en	1			""
<http://www.wikidata.org/entity/Q138307836>	"El Azor"@es	"El Azor beer"@en	1		"España"@es	"Cerveza El Azor"
<http://www.wikidata.org/entity/Q138312901>	"Q138312901"		1		"Alemania"@es	""
<http://www.wikidata.org/entity/Q138315459>	"Q138315459"		1		"Imperio aleman (1871-1949)"@es	""
<http://www.wikidata.org/entity/Q138412748>	"Q138412748"		1		"Imperio aleman (1871-1949)"@es	""
<http://www.wikidata.org/entity/Q138498410>	"Älteres Voitsberger Brauhaus"@en	"Älteres Voitsberger Brauhaus"@en	1		"Austria"@es	""
<http://www.wikidata.org/entity/Q138503101>	"Arequipeña"@es		1			""
<http://www.wikidata.org/entity/Q138524326>	"Haná brewery"@en	"Haná brewery"@en	1			""
<http://www.wikidata.org/entity/Q138599320>	"Altes Brauhaus"@en	"Altes Brauhaus"@en	1		"Austria"@es	""
<http://www.wikidata.org/entity/Q138607354>	"Grandes Brasseries de Maxéville"@en	"Grandes Brasseries de Maxéville"@en	1		"Francia"@es	""
<http://www.wikidata.org/entity/Q138611325>	"La Perla"@en	"La Perla"@en	1		"Libia"@es	""
<http://www.wikidata.org/entity/Q138758515>	"NLand Brewing Company"@en	"NLand Brewing Company"@en	1		"Estados Unidos"@es	""
<http://www.wikidata.org/entity/Q138795810>	"Brouwerij De Posthoorn (Rotterdam)"@en	"Brouwerij De Posthoorn (Rotterdam)"@en	1		"Países Bajos"@es	""
<http://www.wikidata.org/entity/Q138910252>	"Q138910252"		1		"Austria"@es	""
<http://www.wikidata.org/entity/Q138913917>	"Q138913917"		1		"Alemania"@es	""
<http://www.wikidata.org/entity/Q139088503>	"Q139088503"		1		"Alemania"@es	""
<http://www.wikidata.org/entity/Q139121148>	"Q139121148"		1		"Austria"@es	""
<http://www.wikidata.org/entity/Q139407061>	"Magpie Brewing Co."@es	"Magpie Brewing Co."@en	5		"Corea del Sur"@es	""
<http://www.wikidata.org/entity/Q139412738>	"Q139412738"		2		"Alemania"@es	""
<http://www.wikidata.org/entity/Q139624485>	"Q139624485"		1		"Imperio aleman (1871-1949)"@es	""
<http://www.wikidata.org/entity/Q139624485>	"Q139624485"		1		"Alemania"@es	""
<http://www.wikidata.org/entity/Q139669924>	"La Chamoise"@en	"La Chamoise"@en	1		"Francia"@es	""
<http://www.wikidata.org/entity/Q139736020>	"Q139736020"		1		"España"@es	""
<http://www.wikidata.org/entity/Q139736046>	"Q139736046"		1			""
<http://www.wikidata.org/entity/Q140132848>	"F.A. Poth & Sons Brewing Company (Philadelphia)"@en	"F.A. Poth & Sons Brewing Company (Philadelphia)"@en	1		"Estados Unidos"@es	""
<http://www.wikidata.org/entity/Q140302140>	"Q140302140"		1		"Israel"@es	""
<http://www.wikidata.org/entity/Q140305934>	"Old Craigwell Brewery"@en	"Old Craigwell Brewery"@en	1		"Reino Unido"@es	""
<http://www.wikidata.org/entity/Q140306020>	"Fountain Brewery"@en	"Fountain Brewery"@en	1		"Reino Unido"@es	""
<http://www.wikidata.org/entity/Q140306537>	"Q140306537"		1			"Cervecería de Zdiby"
<http://www.wikidata.org/entity/Q140312842>	"Old Argyle Brewery"@en	"Old Argyle Brewery"@en	1		"Reino Unido"@es	""
<http://www.wikidata.org/entity/Q140450975>	"Q140450975"		2		"República Checa"@es	""
<http://www.wikidata.org/entity/Q140645243>	"Långviks krydderi"@en	"Långviks krydderi"@en	1		"Suecia"@es	""
<http://www.wikidata.org/entity/Q140646326>	"Visby Bryggeri"@en	"Visby Bryggeri"@en	1		"Suecia"@es	""
<http://www.wikidata.org/entity/Q140699142>	"Paname Brewing Company"@en	"Paname Brewing Company"@en	1		"Francia"@es	""
<http://www.wikidata.org/entity/Q140795845>	"Rahr Brewery"@en	"Rahr Brewery"@en	1			""
<http://www.wikidata.org/entity/Q140835458>	"Q140835458"		1		"Polonia"@es	""
<http://www.wikidata.org/entity/Q140885384>	"Albquell Bräuhaus"@en	"Albquell Bräuhaus"@en	1		"Alemania"@es	""
<http://www.wikidata.org/entity/Q140891516>	"Adlerbrauerei Moosbeuren"@en	"Adlerbrauerei Moosbeuren"@en	1		"Alemania"@es	""
<http://www.wikidata.org/entity/Q140932840>	"Q140932840"		1		"Japón"@es	""
<http://www.wikidata.org/entity/Q141066550>	"Q141066550"		2		"Imperio aleman (1871-1949)"@es	""
<http://www.wikidata.org/entity/Q141066550>	"Q141066550"		2		"Alemania"@es	""
<http://www.wikidata.org/entity/Q141103316>	"Q141103316"		1		"Japón"@es	""
<http://www.wikidata.org/entity/Q141134092>	"Q141134092"		1		"Imperio aleman (1871-1949)"@es	""
<http://www.wikidata.org/entity/Q141134092>	"Q141134092"		1		"Alemania Oriental"@es	""
<http://www.wikidata.org/entity/Q141134092>	"Q141134092"		1		"Alemania"@es	""
<http://www.wikidata.org/entity/Q141147336>	"Q141147336"		1		"Japón"@es	""
<http://www.wikidata.org/entity/Q141180426>	"La Pasiva"@es	"La Pasiva"@en	1		"Uruguay"@es	"La Pasiva"
<http://www.wikidata.org/entity/Q141180461>	"Cervecerías Rodelu"@es	"Cervecerías Rodelu"@en	1		"Uruguay"@es	"Cervecería República Oriental del Uruguay"
<http://www.wikidata.org/entity/Q141194936>	"Q141194936"		2		"Togo"@es	""
<http://www.wikidata.org/entity/Q141256049>	"Amwell Springs Brewery"@en	"Amwell Springs Brewery"@en	1		"Reino Unido"@es	""
<http://www.wikidata.org/entity/Q141305447>	"Sterling Brewers"@en	"Sterling Brewers"@en	1		"Estados Unidos"@es	""
<http://www.wikidata.org/entity/Q141309106>	"Q141309106"		1			""
<http://www.wikidata.org/entity/Q141377201>	"Q141377201"		1		"Italia"@es	""
<http://www.wikidata.org/entity/Q141392609>	"Hostivar I. brewery"@en	"Hostivar I. brewery"@en	1		"República Checa"@es	""
<http://www.wikidata.org/entity/Q141425973>	"Fathom Brewing, Shoalwater"@en	"Fathom Brewing, Shoalwater"@en	1		"Australia"@es	""
<http://www.wikidata.org/entity/Q141460464>	"Q141460464"		1			""
<http://www.wikidata.org/entity/Q141469624>	"Q141469624"		1		"República Checa"@es	""
<http://www.wikidata.org/entity/Q141511900>	"Q141511900"		1		"Bélgica"@es	""
<http://www.wikidata.org/entity/Q141551868>	"Pedal Haus Brewery"@en	"Pedal Haus Brewery"@en	1		"Estados Unidos"@es	""
<http://www.wikidata.org/entity/Q141564096>	"Sanyohai Shuzo"@en	"Sanyohai Shuzo"@en	1		"Japón"@es	""
<http://www.wikidata.org/entity/Q141567289>	"Yoshida Sake Brewing"@en	"Yoshida Sake Brewing"@en	1		"Japón"@es	""
<http://www.wikidata.org/entity/Q141567763>	"Kasen Shuzo"@en	"Kasen Shuzo"@en	1		"Japón"@es	""
<http://www.wikidata.org/entity/Q141572656>	"Kitaya (sake brewery)"@en	"Kitaya (sake brewery)"@en	1		"Japón"@es	""
<http://www.wikidata.org/entity/Q141599677>	"Q141599677"		1		"Suecia"@es	""
<http://www.wikidata.org/entity/Q10939>	"Brasserie Georges"@es	"Brasserie Georges"@en	4		"Francia"@es	""
