2503908,Graduado o Graduada en Administración de Empresas / Bachelor in Business Administration por la IE Universidad,IE Universidad
2500030,Graduado o Graduada en Administración de Empresas / Bachelor in Business Administration por la Universidad Carlos III de Madrid,Universidad Carlos III de Madrid
2503896,Graduado o Graduada en Administración de Empresas por la Universidad Camilo José Cela,Universidad Camilo José Cela
2500813,Graduado o Graduada en Administración de Empresas por la Universitat de les Illes Balears,Universitat de les Illes Balears
2502004,Graduado o Graduada en Administración de Empresas y Gestión de la Innovación por la Universidad Pompeu Fabra,Universidad Pompeu Fabra
2504543,Graduado o Graduada en Administración de Negocios Digitales por la Universidad Intercontinental de la Empresa,Universidad Intercontinental de la Empresa
2504070,Graduado o Graduada en Administración y Dirección de Empresas / Bachelor in Business Administration and Management por la ESIC Universidad,ESIC Universidad
1500114,Graduado o Graduada en Administración y Dirección de Empresas / Bachelor in Business Administration and Management por la Universidad Francisco de Vitoria,Universidad Francisco de Vitoria
2504206,Graduado o Graduada en Administración y Dirección de Empresas / Bachelor in Business Administration and Management por la Universidad Ramón Llull,Universidad Ramón Llull
2500965,Graduado o Graduada en Administración y Dirección de Empresas / Bachelor in Business Administration and Management por la Universidad Rey Juan Carlos,Universidad Rey Juan Carlos
2504045,Graduado o Graduada en Administración y Dirección de Empresas / Bachelor in Business Administration and Management por la Universidad San Pablo-CEU,Universidad San Pablo-CEU
2504218,Graduado o Graduada en Administración y Dirección de Empresas / Bachelor in Business Administration (BBA) por la Universidad de Navarra,Universidad de Navarra
2500824,Graduado o Graduada en Administración y Dirección de Empresas / Bachelor in Business Administration por la Universidad Católica San Antonio,Universidad Católica San Antonio
2500825,Graduado o Graduada en Administración y Dirección de Empresas / Bachelor in Business Administration por la Universidad Complutense de Madrid,Universidad Complutense de Madrid
2504360,Graduado o Graduada en Administración y Dirección de Empresas / Bachelor in Business Administration por la Universidad Internacional de la Empresa,Universidad Internacional de la Empresa
2503418,Graduado o Graduada en Administración y Dirección de Empresas / Bachelor's Degree in Business Administration and Management por la Universidad Europea de Madrid,Universidad Europea de Madrid
2504542,Graduado o Graduada en Administración y Dirección de Empresas (ADE) por la Universidad Intercontinental de la Empresa,Universidad Intercontinental de la Empresa
2501224,Graduado o Graduada en Administración y Dirección de Empresas/ Bachelor in Business Administration and Management por la Universidad Alfonso X El Sabio,Universidad Alfonso X El Sabio
2504059,Graduado o Graduada en Administración y Dirección de Empresas por la CUNEF Universidad,CUNEF Universidad
2500121,Graduado o Graduada en Administración y Dirección de Empresas por la Mondragón Unibertsitatea,Mondragón Unibertsitatea
2502884,Graduado o Graduada en Administración y Dirección de Empresas por la Universidad a Distancia de Madrid,Universidad a Distancia de Madrid
2501572,Graduado o Graduada en Administración y Dirección de Empresas por la Universidad Autónoma de Barcelona,Universidad Autónoma de Barcelona
2500269,Graduado o Graduada en Administración y Dirección de Empresas por la Universidad Autónoma de Madrid,Universidad Autónoma de Madrid
2500033,Graduado o Graduada en Administración y Dirección de Empresas por la Universidad Católica de Valencia San Vicente Mártir,Universidad Católica de Valencia San Vicente Mártir
1500786,Graduado o Graduada en Administración y Dirección de Empresas por la Universidad Católica Santa Teresa de Jesús de Ávila,Universidad Católica Santa Teresa de Jesús de Ávila
2500821,Graduado o Graduada en Administración y Dirección de Empresas por la Universidad Católica Santa Teresa de Jesús de Ávila,Universidad Católica Santa Teresa de Jesús de Ávila
1500231,Graduado o Graduada en Administración y Dirección de Empresas por la Universidad CEU Fernando III,Universidad CEU Fernando III
2501012,Graduado o Graduada en Administración y Dirección de Empresas por la Universidad de A Coruña,Universidad de A Coruña
2503990,Graduado o Graduada en Administración y Dirección de Empresas por la Universidad de Alcalá,Universidad de Alcalá
2501499,Graduado o Graduada en Administración y Dirección de Empresas por la Universidad de Alicante,Universidad de Alicante
2501719,Graduado o Graduada en Administración y Dirección de Empresas por la Universidad de Almería,Universidad de Almería
2501940,Graduado o Graduada en Administración y Dirección de Empresas por la Universidad de Barcelona,Universidad de Barcelona
2500904,Graduado o Graduada en Administración y Dirección de Empresas por la Universidad de Burgos,Universidad de Burgos
2501338,Graduado o Graduada en Administración y Dirección de Empresas por la Universidad de Cádiz,Universidad de Cádiz
2501505,Graduado o Graduada en Administración y Dirección de Empresas por la Universidad de Cantabria,Universidad de Cantabria
2500678,Graduado o Graduada en Administración y Dirección de Empresas por la Universidad de Castilla-La Mancha,Universidad de Castilla-La Mancha
2501140,Graduado o Graduada en Administración y Dirección de Empresas por la Universidad de Córdoba,Universidad de Córdoba
2501204,Graduado o Graduada en Administración y Dirección de Empresas por la Universidad de Deusto,Universidad de Deusto
2500835,Graduado o Graduada en Administración y Dirección de Empresas por la Universidad de Extremadura,Universidad de Extremadura
1500636,Graduado o Graduada en Administración y Dirección de Empresas por la Universidad de Girona,Universitat de Girona
2501817,Graduado o Graduada en Administración y Dirección de Empresas por la Universidad de Granada,Universidad de Granada
2501841,Graduado o Graduada en Administración y Dirección de Empresas por la Universidad de Huelva,Universidad de Huelva
2501863,Graduado o Graduada en Administración y Dirección de Empresas por la Universidad de Jaén,Universidad de Jaén
2500710,Graduado o Graduada en Administración y Dirección de Empresas por la Universidad de La Laguna,Universidad de La Laguna
2501266,Graduado o Graduada en Administración y Dirección de Empresas por la Universidad de la Rioja,Universidad de La Rioja
2504525,Graduado o Graduada en Administración y Dirección de Empresas por la Universidad de las Hespérides,Universidad de las Hespérides
2501906,Graduado o Graduada en Administración y Dirección de Empresas por la Universidad de Las Palmas de Gran Canaria,Universidad de Las Palmas de Gran Canaria
2501269,Graduado o Graduada en Administración y Dirección de Empresas por la Universidad de León,Universidad de León
2500362,Graduado o Graduada en Administración y Dirección de Empresas por la Universidad de Lleida,Universidad de Lleida
2501966,Graduado o Graduada en Administración y Dirección de Empresas por la Universidad de Málaga,Universidad de Málaga
2500718,Graduado o Graduada en Administración y Dirección de Empresas por la Universidad de Murcia,Universidad de Murcia
2501523,Graduado o Graduada en Administración y Dirección de Empresas por la Universidad de Oviedo,Universidad de Oviedo
2500460,Graduado o Graduada en Administración y Dirección de Empresas por la Universidad de Salamanca,Universidad de Salamanca
2501106,Graduado o Graduada en Administración y Dirección de Empresas por la Universidad de Santiago de Compostela,Universidad de Santiago de Compostela
2501194,Graduado o Graduada en Administración y Dirección de Empresas por la Universidad de Sevilla,Universidad de Sevilla
2502469,Graduado o Graduada en Administración y Dirección de Empresas por la Universidad de Valladolid,Universidad de Valladolid
2503155,Graduado o Graduada en Administración y Dirección de Empresas por la Universidad de Vic-Universidad Central de Catalunya,Universidad de Vic-Universidad Central de Catalunya
2501116,Graduado o Graduada en Administración y Dirección de Empresas por la Universidad de Vigo,Universidad de Vigo
1500575,Graduado o Graduada en Administración y Dirección de Empresas por la Universidad de Zaragoza,Universidad de Zaragoza
2503818,Graduado o Graduada en Administración y Dirección de Empresas por la Universidad del Atlántico Medio,Universidad del Atlántico Medio
2502384,Graduado o Graduada en Administración y Dirección de Empresas por la Universidad del País Vasco/Euskal Herriko Unibertsitatea,Universidad del País Vasco/Euskal Herriko Unibertsitatea
1500530,Graduado o Graduada en Administración y Dirección de Empresas por la Universidad Europea de Andalucía,Universidad Europea de Andalucía
2502788,Graduado o Graduada en Administración y Dirección de Empresas por la Universidad Europea de Canarias,Universidad Europea de Canarias
2503594,Graduado o Graduada en Administración y Dirección de Empresas por la Universidad Europea de Valencia,Universidad Europea de Valencia
2503061,Graduado o Graduada en Administración y Dirección de Empresas por la Universidad Europea del Atlántico,Universidad Europea del Atlántico
2501032,Graduado o Graduada en Administración y Dirección de Empresas por la Universidad Europea Miguel de Cervantes,Universidad Europea Miguel de Cervantes
2500576,Graduado o Graduada en Administración y Dirección de Empresas por la Universidad Internacional de Catalunya,Universitat Internacional de Catalunya
2501207,Graduado o Graduada en Administración y Dirección de Empresas por la Universidad Internacional de La Rioja,Universidad Internacional de La Rioja
1500472,Graduado o Graduada en Administración y Dirección de Empresas por la Universidad Internacional Isabel I de Castilla,Universidad Internacional Isabel I de Castilla
2502686,Graduado o Graduada en Administración y Dirección de Empresas por la Universidad Internacional Isabel I de Castilla,Universidad Internacional Isabel I de Castilla
1500505,Graduado o Graduada en Administración y Dirección de Empresas por la Universidad Internacional Villanueva,Universidad Internacional Villanueva
2502342,Graduado o Graduada en Administración y Dirección de Empresas por la Universidad Jaume I de Castellón,Universidad Jaume I de Castellón
2504499,Graduado o Graduada en Administración y Dirección de Empresas por la Universidad Loyola Andalucía,Universidad Loyola Andalucía
2502178,Graduado o Graduada en Administración y Dirección de Empresas por la Universidad Miguel Hernández de Elche,Universidad Miguel Hernández de Elche
2500781,Graduado o Graduada en Administración y Dirección de Empresas por la Universidad Nacional de Educación a Distancia,Universidad Nacional de Educación a Distancia
2501170,Graduado o Graduada en Administración y Dirección de Empresas por la Universidad Pablo de Olavide,Universidad Pablo de Olavide
2500955,Graduado o Graduada en Administración y Dirección de Empresas por la Universidad Politécnica de Cartagena,Universidad Politécnica de Cartagena
2500958,Graduado o Graduada en Administración y Dirección de Empresas por la Universidad Politécnica de Catalunya,Universidad Politécnica de Catalunya
2503225,Graduado o Graduada en Administración y Dirección de Empresas por la Universidad Politécnica de Madrid,Universidad Politécnica de Madrid
2500401,Graduado o Graduada en Administración y Dirección de Empresas por la Universidad Pompeu Fabra,Universidad Pompeu Fabra
2500642,Graduado o Graduada en Administración y Dirección de Empresas por la Universidad Pontificia Comillas,Universidad Pontificia Comillas
2504517,Graduado o Graduada en Administración y Dirección de Empresas por la Universidad Pontificia de Salamanca,Universidad Pontificia de Salamanca
2501666,Graduado o Graduada en Administración y Dirección de Empresas por la Universidad Pública de Navarra,Universidad Pública de Navarra
2500452,Graduado o Graduada en Administración y Dirección de Empresas por la Universidad Rovira i Virgili,Universidad Rovira i Virgili
2501680,Graduado o Graduada en Administración y Dirección de Empresas por la Universidad San Jorge,Universidad San Jorge
1500650,Graduado o Graduada en Administración y Dirección de Empresas por la Universidad Tecnológica de las Islas Canarias,Universidad Tecnológica de las Islas Canarias
2501492,Graduado o Graduada en Administración y Dirección de Empresas por la Universitat de València (Estudi General),Universitat de València (Estudi General)
2502892,Graduado o Graduada en Administración y Dirección de Empresas por la Universitat Internacional Valenciana,Universitat Internacional Valenciana
2504395,Graduado o Graduada en Administración y Dirección de Empresas por la Universitat Oberta de Catalunya,Universitat Oberta de Catalunya
2501651,Graduado o Graduada en Administración y Dirección de Empresas por la Universitat Politècnica de València,Universitat Politècnica de València
2502944,Graduado o Graduada en Administración y Dirección de Empresas Tecnológicas por la Universidad Pontificia de Salamanca,Universidad Pontificia de Salamanca
1500095,Graduado o Graduada en Administración y Dirección de Empresas y Transformación de Negocios por la Universidad de Lleida,Universidad de Lleida
1500544,Graduado o Graduada en Administración y Dirección Pública por la Universidad de Barcelona,Universidad de Barcelona
2501253,Graduado o Graduada en Administración y Gestión Pública por la Universidad de Extremadura,Universidad de Extremadura
2504431,Graduado o Graduada en Análisis de Datos en la Empresa / Bachelor in Business Analytics por la Universidad Autónoma de Madrid,Universidad Autónoma de Madrid
2500027,Graduado o Graduada en Análisis de Datos para la Empresa/ Bachelor in Data and Business Analytics por la Universidad Carlos III de Madrid,Universidad Carlos III de Madrid
1500115,Graduado o Graduada en Análisis de Datos y de Negocios / Bachelor in Business Analytics & Data por la Universidad Francisco de Vitoria,Universidad Francisco de Vitoria
2504753,Graduado o Graduada en Análisis de Negocios / Bachelor in Business Analytics por la Universidad Pontificia Comillas,Universidad Pontificia Comillas
2504755,Graduado o Graduada en Análisis de Negocios por la Universidad Antonio de Nebrija,Universidad Antonio de Nebrija
2504268,Graduado o Graduada en Análisis de Negocios por la Universidad Internacional Villanueva,Universidad Internacional Villanueva
2502597,Graduado o Graduada en Análisis Económico por la Universidad Pablo de Olavide,Universidad Pablo de Olavide
2503947,Graduado o Graduada en Analítica de Datos Aplicada a los Negocios / Bachelor in Business Data Analytics por la Mondragón Unibertsitatea,Mondragón Unibertsitatea
2504472,Graduado o Graduada en Analítica de Negocios / Bachelor in Business Analytics por la Universidad Internacional de la Empresa,Universidad Internacional de la Empresa
2504132,Graduado o Graduada en Analítica de Negocios/ Bachelor in Business Analytics  por la Universidad Alfonso X El Sabio,Universidad Alfonso X El Sabio
1500560,Graduado o Graduada en Analítica de Negocios por la Universidad Alfonso X el Sabio Mare Nostrum,Universidad Alfonso X el Sabio Mare Nostrum
1500585,Graduado o Graduada en Analítica de Negocios por la Universidad Europea de Canarias,Universidad Europea de Canarias
1500356,Graduado o Graduada en Analítica de Negocios por la Universidad Europea de Valencia,Universidad Europea de Valencia
2503614,Graduado o Graduada en Animación  por la Universidad Europea de Madrid,Universidad Europea de Madrid
2504619,Graduado o Graduada en Animación Digital por la Universidad de Deusto,Universidad de Deusto
2503712,Graduado o Graduada en Animación por la Universidad Camilo José Cela,Universidad Camilo José Cela
2504610,"Graduado o Graduada en Animación por la Universidad de Diseño, Innovación y Tecnología (UDIT)","Universidad de Diseño, Innovación y Tecnología (UDIT)"
1500217,Graduado o Graduada en Animación por la Universidad Internacional de la Empresa,Universidad Internacional de la Empresa
2503220,Graduado o Graduada en Animación por la Universidad Ramón Llull,Universidad Ramón Llull
1500583,Graduado o Graduada en Animación 2D y 3D por la Universidad Internacional de La Rioja,Universidad Internacional de La Rioja
2504081,Graduado o Graduada en Antropología por la Universidad de Salamanca,Universidad de Salamanca
2501469,Graduado o Graduada en Antropología Social por la Universidad del País Vasco/Euskal Herriko Unibertsitatea,Universidad del País Vasco/Euskal Herriko Unibertsitatea
1500086,Graduado o Graduada en Antropología Social y Cultural por la Universidad Autónoma de Barcelona,Universidad Autónoma de Barcelona
2502531,Graduado o Graduada en Antropología Social y Cultural por la Universidad Autónoma de Madrid,Universidad Autónoma de Madrid
2500826,Graduado o Graduada en Antropología Social y Cultural por la Universidad Complutense de Madrid,Universidad Complutense de Madrid
1500268,Graduado o Graduada en Antropología Social y Cultural por la Universidad Complutense de Madrid,Universidad Complutense de Madrid
2500483,Graduado o Graduada en Antropología Social y Cultural por la Universidad de Barcelona,Universidad de Barcelona
2501819,Graduado o Graduada en Antropología Social y Cultural por la Universidad de Granada,Universidad de Granada
2502750,Graduado o Graduada en Antropología Social y Cultural por la Universidad de La Laguna,Universidad de La Laguna
2502291,Graduado o Graduada en Antropología Social y Cultural por la Universidad de Sevilla,Universidad de Sevilla
2503915,Graduado o Graduada en Antropología Social y Cultural por la Universidad de Valladolid,Universidad de Valladolid
1500666,Graduado o Graduada en Antropología Social y Cultural por la Universidad Internacional de La Rioja,Universidad Internacional de La Rioja
2501623,Graduado o Graduada en Antropología Social y Cultural por la Universidad Nacional de Educación a Distancia,Universidad Nacional de Educación a Distancia
2502831,Graduado o Graduada en Antropología y Evolución Humana por la Universidad Rovira i Virgili y la Universitat Oberta de Catalunya,(Conjunto)
2504611,Graduado o Graduada en Arqueología por la Universidad Autónoma de Barcelona,Universidad Autónoma de Barcelona
2504429,Graduado o Graduada en Arqueología por la Universidad Autónoma de Madrid,Universidad Autónoma de Madrid
2501593,Graduado o Graduada en Arqueología por la Universidad Complutense de Madrid,Universidad Complutense de Madrid
2501574,Graduado o Graduada en Arqueología por la Universidad de Barcelona,Universidad de Barcelona
2503108,Graduado o Graduada en Arqueología por la Universidad de Granada; la Universidad de Jaén y la Universidad de Sevilla,(Conjunto)
1500564,Graduado o Graduada en Arqueología por la Universitat de València (Estudi General),Universitat de València (Estudi General)
2502433,Graduado o Graduada en Arquitectura / Degree in Architecture por la Universidad San Pablo-CEU,Universidad San Pablo-CEU
2502066,Graduado o Graduada en Arquitectura Naval e Ingeniería de Sistemas Marinos por la Universidad Politécnica de Cartagena,Universidad Politécnica de Cartagena
2501760,Graduado o Graduada en Arquitectura Naval e Ingeniería Marítima por la Universidad de Cádiz,Universidad de Cádiz
2501481,Graduado o Graduada en Arquitectura Naval por la Universidad Politécnica de Madrid,Universidad Politécnica de Madrid
2501024,Graduado o Graduada en Arquitectura por la Universidad Alfonso X El Sabio,Universidad Alfonso X El Sabio
2500049,Graduado o Graduada en Arquitectura por la Universidad Católica San Antonio,Universidad Católica San Antonio
2501590,Graduado o Graduada en Arquitectura por la Universidad de Castilla-La Mancha,Universidad de Castilla-La Mancha
2501921,Graduado o Graduada en Arquitectura por la Universidad de Las Palmas de Gran Canaria,Universidad de Las Palmas de Gran Canaria
2500776,Graduado o Graduada en Arquitectura por la Universidad Francisco de Vitoria,Universidad Francisco de Vitoria
2501357,Graduado o Graduada en Arquitectura por la Universidad Pontificia de Salamanca,Universidad Pontificia de Salamanca
2500973,Graduado o Graduada en Arquitectura por la Universidad San Jorge,Universidad San Jorge
2500577,Graduado o Graduada en Arquitectura por la Universitat Internacional de Catalunya,Universitat Internacional de Catalunya
2504053,Graduado o Graduada en Arquitectura Técnica por la Universidad de A Coruña,Universidad de A Coruña
2501502,Graduado o Graduada en Arquitectura Técnica por la Universidad de Alicante,Universidad de Alicante
2501579,Graduado o Graduada en Arquitectura Técnica por la Universidad de Burgos,Universidad de Burgos
2500349,Graduado o Graduada en Arquitectura Técnica por la Universidad de La Laguna,Universidad de La Laguna
2500757,Graduado o Graduada en Arquitectura Técnica por la Universidad de Salamanca,Universidad de Salamanca
2502480,Graduado o Graduada en Arquitectura Técnica por la Universidad de Zaragoza,Universidad de Zaragoza
2501644,Graduado o Graduada en Arquitectura Técnica por la Universidad del País Vasco/Euskal Herriko Unibertsitatea,Universidad del País Vasco/Euskal Herriko Unibertsitatea
2500938,Graduado o Graduada en Arquitectura Técnica por la Universidad Jaume I de Castellón,Universidad Jaume I de Castellón
2500739,Graduado o Graduada en Arquitectura Técnica por la Universitat Politècnica de València,Universitat Politècnica de València
2504342,Graduado o Graduada en Arquitectura Técnica y Edificación por la Universidad de Alcalá,Universidad de Alcalá
2503411,Graduado o Graduada en Arquitectura Técnica y Edificación por la Universidad de Girona,Universitat de Girona
2503472,Graduado o Graduada en Arquitectura Técnica y Edificación por la Universidad de Lleida,Universidad de Lleida
2503344,Graduado o Graduada en Arquitectura Técnica y Edificación por la Universidad Politécnica de Catalunya,Universidad Politécnica de Catalunya
2504041,Graduado o Graduada en Arte Digital por la Universidad San Pablo-CEU,Universidad San Pablo-CEU
1500418,Graduado o Graduada en Arte para Videojuegos / Bachelor in Game Art por la Universidad Camilo José Cela,Universidad Camilo José Cela
2504745,Graduado o Graduada en Arte para Videojuegos por la Universidad Euneiz,Universidad Euneiz
2501460,Graduado o Graduada en Arte por la Universidad del País Vasco/Euskal Herriko Unibertsitatea,Universidad del País Vasco/Euskal Herriko Unibertsitatea
2503556,Graduado o Graduada en Artes Digitales / Bachelor in Digital Arts por la Universidad Camilo José Cela,Universidad Camilo José Cela
2504573,Graduado o Graduada en Artes Digitales por la Universidad Ramón Llull,Universidad Ramón Llull
2504414,Graduado o Graduada en Artes Escénicas e Interpretación Audiovisual / Bachelor in Performing Arts and Screen Acting por la Universidad Rey Juan Carlos,Universidad Rey Juan Carlos
1500490,Graduado o Graduada en Artes Escénicas por la Universidad Antonio de Nebrija,Universidad Antonio de Nebrija
2503012,Graduado o Graduada en Artes Escénicas por la Universidad de Girona,Universitat de Girona
2504466,Graduado o Graduada en Artes Escénicas y Cinematográficas por la Universidad Loyola Andalucía,Universidad Loyola Andalucía
1500665,Graduado o Graduada en Artes por la Universidad Internacional de La Rioja,Universidad Internacional de La Rioja
2503579,Graduado o Graduada en Artes por la Universitat Oberta de Catalunya,Universitat Oberta de Catalunya
2501670,Graduado o Graduada en Artes Visuales y Danza por la Universidad Rey Juan Carlos,Universidad Rey Juan Carlos
2501571,Graduado o Graduada en Artes y Diseño por la Universidad Autónoma de Barcelona,Universidad Autónoma de Barcelona
1500226,Graduado o Graduada en Audiología General por la Universidad de Salamanca,Universidad de Salamanca
1500185,Graduado o Graduada en Audiología General por la Universidad de Vic-Universidad Central de Catalunya,Universidad de Vic-Universidad Central de Catalunya
2504404,Graduado o Graduada en Bellas Artes / Bachelor in Fine Arts por la Universitat de les Illes Balears,Universitat de les Illes Balears
1500602,Graduado o Graduada en Bellas Artes por la Universidad Antonio de Nebrija,Universidad Antonio de Nebrija
2500811,Graduado o Graduada en Bellas Artes por la Universidad Complutense de Madrid,Universidad Complutense de Madrid
2504178,Graduado o Graduada en Bellas Artes por la Universidad de Barcelona,Universidad de Barcelona
2501374,Graduado o Graduada en Bellas Artes por la Universidad de Castilla-La Mancha,Universidad de Castilla-La Mancha
2501803,Graduado o Graduada en Bellas Artes por la Universidad de Granada,Universidad de Granada
2500342,Graduado o Graduada en Bellas Artes por la Universidad de La Laguna,Universidad de La Laguna
2501946,Graduado o Graduada en Bellas Artes por la Universidad de Málaga,Universidad de Málaga
2500491,Graduado o Graduada en Bellas Artes por la Universidad de Murcia,Universidad de Murcia
2502014,Graduado o Graduada en Bellas Artes por la Universidad de Salamanca,Universidad de Salamanca
2502288,Graduado o Graduada en Bellas Artes por la Universidad de Sevilla,Universidad de Sevilla
2504333,Graduado o Graduada en Bellas Artes por la Universidad de Vic-Universidad Central de Catalunya,Universidad de Vic-Universidad Central de Catalunya
2500096,Graduado o Graduada en Bellas Artes por la Universidad de Vigo,Universidad de Vigo
2500164,Graduado o Graduada en Bellas Artes por la Universidad de Zaragoza,Universidad de Zaragoza
2500182,Graduado o Graduada en Bellas Artes por la Universidad Francisco de Vitoria,Universidad Francisco de Vitoria
2501390,Graduado o Graduada en Bellas Artes por la Universidad Miguel Hernández de Elche,Universidad Miguel Hernández de Elche
2502412,Graduado o Graduada en Bellas Artes por la Universidad Rey Juan Carlos,Universidad Rey Juan Carlos
2501484,Graduado o Graduada en Bellas Artes por la Universitat Politècnica de València,Universitat Politècnica de València
1500041,Graduado o Graduada en Bioinformática / Bachelor in Bioinformatics por la Universidad Autónoma de Barcelona; la Universidad de Barcelona; la Universidad Politécnica de Catalunya y la Universidad Pompeu Fabra,(Conjunto)
2503795,Graduado o Graduada en Bioinformática / Bachelor in Bioinformatics por la Universidad Autónoma de Barcelona; la Universidad de Barcelona; la Universidad Politécnica de Catalunya y la Universidad Pompeu Fabra,(Conjunto)
2504106,Graduado o Graduada en Bioinformática por la Universidad Católica Santa Teresa de Jesús de Ávila,Universidad Católica Santa Teresa de Jesús de Ávila
2503819,Graduado o Graduada en Bioinformática por la Universidad San Jorge,Universidad San Jorge
1500093,Graduado o Graduada en Bioinformática por la Universitat Internacional Valenciana,Universitat Internacional Valenciana
2504448,Graduado o Graduada en Bioinformática y Datos Masivos (Big Data) por la Universidad San Pablo-CEU,Universidad San Pablo-CEU
2503576,Graduado o Graduada en Bioingeniería por la Universitat Internacional de Catalunya,Universitat Internacional de Catalunya
2501507,Graduado o Graduada en Biología  por la Universidad de Córdoba,Universidad de Córdoba
2500251,Graduado o Graduada en Biología Ambiental por la Universidad Autónoma de Barcelona,Universidad Autónoma de Barcelona
2500250,Graduado o Graduada en Biología por la Universidad Autónoma de Barcelona,Universidad Autónoma de Barcelona
2500475,Graduado o Graduada en Biología por la Universidad Autónoma de Madrid,Universidad Autónoma de Madrid
2500487,Graduado o Graduada en Biología por la Universidad Complutense de Madrid,Universidad Complutense de Madrid
2500224,Graduado o Graduada en Biología por la Universidad de A Coruña,Universidad de A Coruña
2500230,Graduado o Graduada en Biología por la Universidad de Alcalá,Universidad de Alcalá
2502191,Graduado o Graduada en Biología por la Universidad de Alicante,Universidad de Alicante
2500281,Graduado o Graduada en Biología por la Universidad de Barcelona,Universidad de Barcelona
2500923,Graduado o Graduada en Biología por la Universidad de Extremadura,Universidad de Extremadura
2501043,Graduado o Graduada en Biología por la Universidad de Girona,Universitat de Girona
2501807,Graduado o Graduada en Biología por la Universidad de Granada,Universidad de Granada
2501153,Graduado o Graduada en Biología por la Universidad de Jaén,Universidad de Jaén
2501883,Graduado o Graduada en Biología por la Universidad de La Laguna,Universidad de La Laguna
2500352,Graduado o Graduada en Biología por la Universidad de León,Universidad de León
1500693,Graduado o Graduada en Biología por la Universidad de León,Universidad de León
2501959,Graduado o Graduada en Biología por la Universidad de Málaga,Universidad de Málaga
2500722,Graduado o Graduada en Biología por la Universidad de Murcia,Universidad de Murcia
2500588,Graduado o Graduada en Biología por la Universidad de Navarra,Universidad de Navarra
1500859,Graduado o Graduada en Biología por la Universidad de Navarra,Universidad de Navarra
2500952,Graduado o Graduada en Biología por la Universidad de Oviedo,Universidad de Oviedo
2500457,Graduado o Graduada en Biología por la Universidad de Salamanca,Universidad de Salamanca
1500192,Graduado o Graduada en Biología por la Universidad de Santiago de Compostela,Universidad de Santiago de Compostela
2501074,Graduado o Graduada en Biología por la Universidad de Sevilla,Universidad de Sevilla
2501695,Graduado o Graduada en Biología por la Universidad de Vic-Universidad Central de Catalunya,Universidad de Vic-Universidad Central de Catalunya
2501085,Graduado o Graduada en Biología por la Universidad de Vigo,Universidad de Vigo
2501463,Graduado o Graduada en Biología por la Universidad del País Vasco/Euskal Herriko Unibertsitatea,Universidad del País Vasco/Euskal Herriko Unibertsitatea
2500425,Graduado o Graduada en Biología por la Universidad Rey Juan Carlos,Universidad Rey Juan Carlos
1500468,Graduado o Graduada en Biología por la Universidad Rey Juan Carlos,Universidad Rey Juan Carlos
2500703,Graduado o Graduada en Biología por la Universitat de les Illes Balears,Universitat de les Illes Balears
2500882,Graduado o Graduada en Biología por la Universitat de València (Estudi General),Universitat de València (Estudi General)
2500231,Graduado o Graduada en Biología Sanitaria por la Universidad de Alcalá,Universidad de Alcalá
2504556,Graduado o Graduada en Biomedical Engineering por la Universidad del País Vasco/Euskal Herriko Unibertsitatea,Universidad del País Vasco/Euskal Herriko Unibertsitatea
2504266,Graduado o Graduada en Biomedicina / Bachelor in Biomedicine por la Universidad Europea de Madrid,Universidad Europea de Madrid
2502569,Graduado o Graduada en Biomedicina Básica y Experimental por la Universidad de Sevilla,Universidad de Sevilla
2504084,Graduado o Graduada en Biomedicina por la Universidad Alfonso X El Sabio,Universidad Alfonso X El Sabio
1500565,Graduado o Graduada en Biomedicina por la Universidad Alfonso X el Sabio Mare Nostrum,Universidad Alfonso X el Sabio Mare Nostrum
2504726,Graduado o Graduada en Biomedicina por la Universidad Camilo José Cela,Universidad Camilo José Cela
2504350,Graduado o Graduada en Biomedicina por la Universidad de Vic-Universidad Central de Catalunya,Universidad de Vic-Universidad Central de Catalunya
1500520,Graduado o Graduada en Biomedicina por la Universidad Europea de Andalucía,Universidad Europea de Andalucía
2504792,Graduado o Graduada en Biomedicina por la Universidad Europea de Valencia,Universidad Europea de Valencia
2503256,Graduado o Graduada en Biomedicina por la Universidad Francisco de Vitoria,Universidad Francisco de Vitoria
1500415,Graduado o Graduada en Biomedicina por la Universidad Internacional de la Empresa,Universidad Internacional de la Empresa
2504366,Graduado o Graduada en Biomedicina por la Universidad San Jorge,Universidad San Jorge
2504321,Graduado o Graduada en Biomedicina y Terapias Avanzadas por la Universidad de Valladolid,Universidad de Valladolid
2500252,Graduado o Graduada en Bioquímica por la Universidad Autónoma de Barcelona,Universidad Autónoma de Barcelona
2501371,Graduado o Graduada en Bioquímica por la Universidad Autónoma de Madrid,Universidad Autónoma de Madrid
2501452,Graduado o Graduada en Bioquímica por la Universidad Complutense de Madrid,Universidad Complutense de Madrid
2500278,Graduado o Graduada en Bioquímica por la Universidad de Barcelona,Universidad de Barcelona
2502458,Graduado o Graduada en Bioquímica por la Universidad de Castilla-La Mancha,Universidad de Castilla-La Mancha
2501784,Graduado o Graduada en Bioquímica por la Universidad de Córdoba,Universidad de Córdoba
2502909,Graduado o Graduada en Bioquímica por la Universidad de Extremadura,Universidad de Extremadura
2501808,Graduado o Graduada en Bioquímica por la Universidad de Granada,Universidad de Granada
2502795,Graduado o Graduada en Bioquímica por la Universidad de Málaga y la Universidad de Sevilla,(Conjunto)
2500375,Graduado o Graduada en Bioquímica por la Universidad de Murcia,Universidad de Murcia
2500945,Graduado o Graduada en Bioquímica por la Universidad de Navarra,Universidad de Navarra
1500860,Graduado o Graduada en Bioquímica por la Universidad de Navarra,Universidad de Navarra
1500193,Graduado o Graduada en Bioquímica por la Universidad de Santiago de Compostela,Universidad de Santiago de Compostela
2500704,Graduado o Graduada en Bioquímica por la Universitat de les Illes Balears,Universitat de les Illes Balears
2501464,Graduado o Graduada en Bioquímica y Biología Molecular por la Universidad del País Vasco/Euskal Herriko Unibertsitatea,Universidad del País Vasco/Euskal Herriko Unibertsitatea
2504454,Graduado o Graduada en Bioquímica y Biología Molecular por la Universidad Jaume I de Castellón,Universidad Jaume I de Castellón
2500436,Graduado o Graduada en Bioquímica y Biología Molecular por la Universidad Rovira i Virgili,Universidad Rovira i Virgili
2500883,Graduado o Graduada en Bioquímica y Ciencias Biomédicas por la Universitat de València (Estudi General),Universitat de València (Estudi General)
2502609,Graduado o Graduada en Biotecnología/ Bachelor Degree in Biotechnology por la Universidad San Pablo-CEU,Universidad San Pablo-CEU
2504058,Graduado o Graduada en Biotecnología por la Universidad Alfonso X El Sabio,Universidad Alfonso X El Sabio
2500253,Graduado o Graduada en Biotecnología por la Universidad Autónoma de Barcelona,Universidad Autónoma de Barcelona
2500823,Graduado o Graduada en Biotecnología por la Universidad Católica de Valencia San Vicente Mártir,Universidad Católica de Valencia San Vicente Mártir
2504001,Graduado o Graduada en Biotecnología por la Universidad Católica San Antonio,Universidad Católica San Antonio
1500276,Graduado o Graduada en Biotecnología por la Universidad Complutense de Madrid,Universidad Complutense de Madrid
2503195,Graduado o Graduada en Biotecnología por la Universidad de Almería,Universidad de Almería
2500280,Graduado o Graduada en Biotecnología por la Universidad de Barcelona,Universidad de Barcelona
2502558,Graduado o Graduada en Biotecnología por la Universidad de Cádiz,Universidad de Cádiz
2503966,Graduado o Graduada en Biotecnología por la Universidad de Castilla-La Mancha,Universidad de Castilla-La Mancha
2504153,Graduado o Graduada en Biotecnología por la Universidad de Córdoba,Universidad de Córdoba
2502908,Graduado o Graduada en Biotecnología por la Universidad de Extremadura,Universidad de Extremadura
2501044,Graduado o Graduada en Biotecnología por la Universidad de Girona,Universitat de Girona
2502955,Graduado o Graduada en Biotecnología por la Universidad de Granada,Universidad de Granada
1500187,Graduado o Graduada en Biotecnología por la Universidad de Las Palmas de Gran Canaria,Universidad de Las Palmas de Gran Canaria
2500353,Graduado o Graduada en Biotecnología por la Universidad de León,Universidad de León
2500357,Graduado o Graduada en Biotecnología por la Universidad de Lleida,Universidad de Lleida
2500723,Graduado o Graduada en Biotecnología por la Universidad de Murcia,Universidad de Murcia
2500953,Graduado o Graduada en Biotecnología por la Universidad de Oviedo,Universidad de Oviedo
2504020,Graduado o Graduada en Biotecnología por la Universidad de Salamanca,Universidad de Salamanca
2500458,Graduado o Graduada en Biotecnología por la Universidad de Salamanca,Universidad de Salamanca
1500207,Graduado o Graduada en Biotecnología por la Universidad de Santiago de Compostela,Universidad de Santiago de Compostela
1500486,Graduado o Graduada en Biotecnología por la Universidad de Valladolid,Universidad de Valladolid
2500625,Graduado o Graduada en Biotecnología por la Universidad de Vic-Universidad Central de Catalunya,Universidad de Vic-Universidad Central de Catalunya
2502474,Graduado o Graduada en Biotecnología por la Universidad de Zaragoza,Universidad de Zaragoza
2501465,Graduado o Graduada en Biotecnología por la Universidad del País Vasco/Euskal Herriko Unibertsitatea,Universidad del País Vasco/Euskal Herriko Unibertsitatea
2503732,Graduado o Graduada en Biotecnología por la Universidad Europea de Madrid,Universidad Europea de Madrid
2504150,Graduado o Graduada en Biotecnología por la Universidad Europea de Valencia,Universidad Europea de Valencia
2500570,Graduado o Graduada en Biotecnología por la Universidad Francisco de Vitoria,Universidad Francisco de Vitoria
2504737,Graduado o Graduada en Biotecnología por la Universidad Loyola Andalucía,Universidad Loyola Andalucía
2501608,Graduado o Graduada en Biotecnología por la Universidad Miguel Hernández de Elche,Universidad Miguel Hernández de Elche
2501169,Graduado o Graduada en Biotecnología por la Universidad Pablo de Olavide,Universidad Pablo de Olavide
2502648,Graduado o Graduada en Biotecnología por la Universidad Politécnica de Madrid,Universidad Politécnica de Madrid
2503673,Graduado o Graduada en Biotecnología por la Universidad Pública de Navarra,Universidad Pública de Navarra
2502808,Graduado o Graduada en Biotecnología por la Universidad Ramón Llull,Universidad Ramón Llull
2500437,Graduado o Graduada en Biotecnología por la Universidad Rovira i Virgili,Universidad Rovira i Virgili
2501308,Graduado o Graduada en Biotecnología por la Universitat de València (Estudi General),Universitat de València (Estudi General)
2501649,Graduado o Graduada en Biotecnología por la Universitat Politècnica de València,Universitat Politècnica de València
2504707,Graduado o Graduada en Ciberseguridad e Inteligencia Artificial por la Universidad de Málaga,Universidad de Málaga
1500070,Graduado o Graduada en Ciberseguridad por la Universidad de Barcelona,Universidad de Barcelona
2504560,Graduado o Graduada en Ciberseguridad por la Universidad Euneiz,Universidad Euneiz
2504425,Graduado o Graduada en Ciberseguridad por la Universidad Internacional de La Rioja,Universidad Internacional de La Rioja
1500386,Graduado o Graduada en Ciberseguridad por la Universitat Internacional Valenciana,Universitat Internacional Valenciana
2504639,Graduado o Graduada en Ciencia de Datos / Bachelor in Data Science por la CUNEF Universidad,CUNEF Universidad
2503774,Graduado o Graduada en Ciencia de Datos Aplicada / Applied Data Science por la Universitat Oberta de Catalunya,Universitat Oberta de Catalunya
2504021,Graduado o Graduada en Ciencia de Datos e Inteligencia Artificial por la Universidad de Deusto,Universidad de Deusto
1500206,"Graduado o Graduada en Ciencia de Datos e Inteligencia Artificial por la Universidad de Diseño, Innovación y Tecnología (UDIT)","Universidad de Diseño, Innovación y Tecnología (UDIT)"
1500459,Graduado o Graduada en Ciencia de Datos e Inteligencia Artificial por la Universidad de Granada,Universidad de Granada
2504657,Graduado o Graduada en Ciencia de Datos e Inteligencia Artificial por la Universidad Miguel Hernández de Elche,Universidad Miguel Hernández de Elche
2503943,Graduado o Graduada en Ciencia de Datos e Inteligencia Artificial por la Universidad Politécnica de Madrid,Universidad Politécnica de Madrid
1500124,Graduado o Graduada en Ciencia de Datos e Inteligencia Artificial por la Universitat Internacional Valenciana,Universitat Internacional Valenciana
1500222,Graduado o Graduada en Ciencia de Datos por la Universidad Euneiz,Universidad Euneiz
2503924,Graduado o Graduada en Ciencia de Datos por la Universidad Europea de Valencia,Universidad Europea de Valencia
2504176,Graduado o Graduada en Ciencia de Datos por la Universidad Internacional de La Rioja,Universidad Internacional de La Rioja
2503690,Graduado o Graduada en Ciencia de Datos por la Universidad Pública de Navarra,Universidad Pública de Navarra
2503664,Graduado o Graduada en Ciencia de Datos por la Universitat de València (Estudi General),Universitat de València (Estudi General)
2503653,Graduado o Graduada en Ciencia de Datos por la Universitat Politècnica de València,Universitat Politècnica de València
2504341,Graduado o Graduada en Ciencia de los Datos Aplicada por la Universidad Complutense de Madrid,Universidad Complutense de Madrid
2504652,Graduado o Graduada en Ciencia e Ingeniería de Datos / Bachelor in Data Science and Engineering por la Universidad San Pablo-CEU,Universidad San Pablo-CEU
2503783,Graduado o Graduada en Ciencia e Ingeniería de Datos/ Bachelor in Data Science and Engineering por la Universidad Carlos III de Madrid,Universidad Carlos III de Madrid
2504323,Graduado o Graduada en Ciencia e Ingeniería de Datos por la Universidad Autónoma de Madrid,Universidad Autónoma de Madrid
2503952,Graduado o Graduada en Ciencia e Ingeniería de Datos por la Universidad de A Coruña,Universidad de A Coruña
2504047,Graduado o Graduada en Ciencia e Ingeniería de Datos por la Universidad de Las Palmas de Gran Canaria,Universidad de Las Palmas de Gran Canaria
2504340,Graduado o Graduada en Ciencia e Ingeniería de Datos por la Universidad de Murcia y la Universidad Politécnica de Cartagena,(Conjunto)
2504251,Graduado o Graduada en Ciencia e Ingeniería de Datos por la Universidad de Oviedo,Universidad de Oviedo
2503524,Graduado o Graduada en Ciencia e Ingeniería de Datos por la Universidad Politécnica de Catalunya,Universidad Politécnica de Catalunya
2504285,Graduado o Graduada en Ciencia e Ingeniería de Datos por la Universidad Rey Juan Carlos,Universidad Rey Juan Carlos
2501026,Graduado o Graduada en Ciencia Política y Administración Pública por la Universidad Autónoma de Madrid,Universidad Autónoma de Madrid
2501301,Graduado o Graduada en Ciencia Política y Administración Pública por la Universidad de Salamanca,Universidad de Salamanca
2500193,Graduado o Graduada en Ciencia Política y de la Administración  por la Universidad de Santiago de Compostela,Universidad de Santiago de Compostela
1500543,Graduado o Graduada en Ciencia Política y de la Administración por la Universidad de Barcelona,Universidad de Barcelona
2500388,Graduado o Graduada en Ciencia Política y de la Administración por la Universidad Nacional de Educación a Distancia,Universidad Nacional de Educación a Distancia
2504397,Graduado o Graduada en Ciencia Política y de la Administración por la Universitat Oberta de Catalunya,Universitat Oberta de Catalunya
2500259,Graduado o Graduada en Ciencia Política y Gestión Pública por la Universidad Autónoma de Barcelona,Universidad Autónoma de Barcelona
2500810,Graduado o Graduada en Ciencia Política y Gestión Pública por la Universidad de Burgos,Universidad de Burgos
2501470,Graduado o Graduada en Ciencia Política y Gestión Pública por la Universidad del País Vasco/Euskal Herriko Unibertsitatea,Universidad del País Vasco/Euskal Herriko Unibertsitatea
2500966,Graduado o Graduada en Ciencia Política y Gestión Pública por la Universidad Rey Juan Carlos,Universidad Rey Juan Carlos
2504235,"Graduado o Graduada en Ciencia, Tecnología y Humanidades por la Universidad Autónoma de Barcelona; la Universidad Autónoma de Madrid y la Universidad Carlos III de Madrid",(Conjunto)
2503282,Graduado o Graduada en Ciencia y Producción Animal por la Universidad de Lleida,Universidad de Lleida
1500387,Graduado o Graduada en Ciencia y Tecnología Aplicadas al Deporte / Bachelor in Science and Technology Applied to Sport por la Universidad Europea de Madrid,Universidad Europea de Madrid
2501925,Graduado o Graduada en Ciencia y Tecnología de los Alimentos por la Universidad Autónoma de Barcelona,Universidad Autónoma de Barcelona
2500265,Graduado o Graduada en Ciencia y Tecnología de los Alimentos por la Universidad Autónoma de Madrid,Universidad Autónoma de Madrid
2500151,Graduado o Graduada en Ciencia y Tecnología de los Alimentos por la Universidad Católica San Antonio,Universidad Católica San Antonio
2502087,Graduado o Graduada en Ciencia y Tecnología de los Alimentos por la Universidad Complutense de Madrid,Universidad Complutense de Madrid
2502446,Graduado o Graduada en Ciencia y Tecnología de los Alimentos por la Universidad de Barcelona,Universidad de Barcelona
2500301,Graduado o Graduada en Ciencia y Tecnología de los Alimentos por la Universidad de Burgos,Universidad de Burgos
2502459,Graduado o Graduada en Ciencia y Tecnología de los Alimentos por la Universidad de Castilla-La Mancha,Universidad de Castilla-La Mancha
2502649,Graduado o Graduada en Ciencia y Tecnología de los Alimentos por la Universidad de Córdoba,Universidad de Córdoba
2502183,Graduado o Graduada en Ciencia y Tecnología de los Alimentos por la Universidad de Extremadura,Universidad de Extremadura
2502554,Graduado o Graduada en Ciencia y Tecnología de los Alimentos por la Universidad de Granada,Universidad de Granada
2501055,Graduado o Graduada en Ciencia y Tecnología de los Alimentos por la Universidad de León,Universidad de León
2501158,Graduado o Graduada en Ciencia y Tecnología de los Alimentos por la Universidad de Lleida,Universidad de Lleida
2500376,Graduado o Graduada en Ciencia y Tecnología de los Alimentos por la Universidad de Murcia,Universidad de Murcia
2501114,Graduado o Graduada en Ciencia y Tecnología de los Alimentos por la Universidad de Vigo,Universidad de Vigo
2500468,Graduado o Graduada en Ciencia y Tecnología de los Alimentos por la Universidad de Zaragoza,Universidad de Zaragoza
2501466,Graduado o Graduada en Ciencia y Tecnología de los Alimentos por la Universidad del País Vasco/Euskal Herriko Unibertsitatea,Universidad del País Vasco/Euskal Herriko Unibertsitatea
2503252,Graduado o Graduada en Ciencia y Tecnología de los Alimentos por la Universidad Europea del Atlántico,Universidad Europea del Atlántico
1500553,Graduado o Graduada en Ciencia y Tecnología de los Alimentos por la Universidad Internacional de La Rioja,Universidad Internacional de La Rioja
2502359,Graduado o Graduada en Ciencia y Tecnología de los Alimentos por la Universidad Miguel Hernández de Elche,Universidad Miguel Hernández de Elche
2500963,Graduado o Graduada en Ciencia y Tecnología de los Alimentos por la Universidad Rey Juan Carlos,Universidad Rey Juan Carlos
2500884,Graduado o Graduada en Ciencia y Tecnología de los Alimentos por la Universitat de València (Estudi General),Universitat de València (Estudi General)
2501650,Graduado o Graduada en Ciencia y Tecnología de los Alimentos por la Universitat Politècnica de València,Universitat Politècnica de València
1500467,Graduado o Graduada en Ciencia y Tecnología del Agua por la Universidad Rey Juan Carlos,Universidad Rey Juan Carlos
2504155,Graduado o Graduada en Ciencia y Tecnología Geográficas por la Universidad de Murcia,Universidad de Murcia
2503468,Graduado o Graduada en Ciencias Agrarias y Bioeconomía por la Universidad Politécnica de Madrid,Universidad Politécnica de Madrid
2504720,Graduado o Graduada en Ciencias Ambientales para la Sostenibilidad / Bachelor in Environmental Sciences for Sustainability por la IE Universidad,IE Universidad
2504604,Graduado o Graduada en Ciencias Ambientales por la Universidad Autónoma de Barcelona,Universidad Autónoma de Barcelona
2500264,Graduado o Graduada en Ciencias Ambientales por la Universidad Autónoma de Madrid,Universidad Autónoma de Madrid
2501341,Graduado o Graduada en Ciencias Ambientales por la Universidad Católica Santa Teresa de Jesús de Ávila,Universidad Católica Santa Teresa de Jesús de Ávila
2504437,Graduado o Graduada en Ciencias Ambientales por la Universidad de Alcalá,Universidad de Alcalá
2503867,Graduado o Graduada en Ciencias Ambientales por la Universidad de Almería,Universidad de Almería
2500479,Graduado o Graduada en Ciencias Ambientales por la Universidad de Barcelona,Universidad de Barcelona
2501135,Graduado o Graduada en Ciencias Ambientales por la Universidad de Cádiz,Universidad de Cádiz
2502460,Graduado o Graduada en Ciencias Ambientales por la Universidad de Castilla-La Mancha,Universidad de Castilla-La Mancha
2501785,Graduado o Graduada en Ciencias Ambientales por la Universidad de Córdoba,Universidad de Córdoba
2501033,Graduado o Graduada en Ciencias Ambientales por la Universidad de Extremadura,Universidad de Extremadura
2501045,Graduado o Graduada en Ciencias Ambientales por la Universidad de Girona,Universitat de Girona
2501809,Graduado o Graduada en Ciencias Ambientales por la Universidad de Granada,Universidad de Granada
2501143,Graduado o Graduada en Ciencias Ambientales por la Universidad de Huelva,Universidad de Huelva
1500431,Graduado o Graduada en Ciencias Ambientales por la Universidad de Jaén,Universidad de Jaén
2502853,Graduado o Graduada en Ciencias Ambientales por la Universidad de La Laguna,Universidad de La Laguna
1500689,Graduado o Graduada en Ciencias Ambientales por la Universidad de León,Universidad de León
2500354,Graduado o Graduada en Ciencias Ambientales por la Universidad de León,Universidad de León
2501960,Graduado o Graduada en Ciencias Ambientales por la Universidad de Málaga,Universidad de Málaga
2500789,Graduado o Graduada en Ciencias Ambientales por la Universidad de Murcia,Universidad de Murcia
2502932,Graduado o Graduada en Ciencias Ambientales por la Universidad de Navarra,Universidad de Navarra
1500872,Graduado o Graduada en Ciencias Ambientales por la Universidad de Navarra,Universidad de Navarra
2501678,Graduado o Graduada en Ciencias Ambientales por la Universidad de Salamanca,Universidad de Salamanca
2502238,Graduado o Graduada en Ciencias Ambientales por la Universidad de Vigo,Universidad de Vigo
2500068,Graduado o Graduada en Ciencias Ambientales por la Universidad de Zaragoza,Universidad de Zaragoza
2501467,Graduado o Graduada en Ciencias Ambientales por la Universidad del País Vasco/Euskal Herriko Unibertsitatea,Universidad del País Vasco/Euskal Herriko Unibertsitatea
2501609,Graduado o Graduada en Ciencias Ambientales por la Universidad Miguel Hernández de Elche,Universidad Miguel Hernández de Elche
2500999,Graduado o Graduada en Ciencias Ambientales por la Universidad Nacional de Educación a Distancia,Universidad Nacional de Educación a Distancia
2501282,Graduado o Graduada en Ciencias Ambientales por la Universidad Pablo de Olavide,Universidad Pablo de Olavide
2502413,Graduado o Graduada en Ciencias Ambientales por la Universidad Rey Juan Carlos,Universidad Rey Juan Carlos
2500766,Graduado o Graduada en Ciencias Ambientales por la Universitat de València (Estudi General),Universitat de València (Estudi General)
2500801,Graduado o Graduada en Ciencias Ambientales por la Universitat Politècnica de València,Universitat Politècnica de València
2501230,Graduado o Graduada en Ciencias Biomédicas por la Universidad Autónoma de Barcelona,Universidad Autónoma de Barcelona
2503377,Graduado o Graduada en Ciencias Biomédicas por la Universidad de Barcelona,Universidad de Barcelona
2504091,Graduado o Graduada en Ciencias Biomédicas por la Universidad de Cantabria,Universidad de Cantabria
2501273,Graduado o Graduada en Ciencias Biomédicas por la Universidad de Lleida,Universidad de Lleida
1500313,Graduado o Graduada en Ciencias Biomédicas por la Universidad Pompeu Fabra,Universidad Pompeu Fabra
2504365,Graduado o Graduada en Ciencias Biomédicas por la Universidad Ramón Llull,Universidad Ramón Llull
2503965,Graduado o Graduada en Ciencias Biomédicas por la Universitat Internacional de Catalunya,Universitat Internacional de Catalunya
2503621,Graduado o Graduada en Ciencias Criminológicas y de la Seguridad por la Universidad San Pablo-CEU,Universidad San Pablo-CEU
1500046,Graduado o Graduada en Ciencias Culinarias y Gastronómicas por la Universidad de Barcelona,Universidad de Barcelona
2503006,Graduado o Graduada en Ciencias Culinarias y Gastronómicas por la Universidad de Barcelona y la Universidad Politécnica de Catalunya,(Conjunto)
2500909,Graduado o Graduada en Ciencias de la Actividad Física y del Deporte / Bachelor in Physical Activity and Sport Sciences por la Universidad Católica San Antonio,Universidad Católica San Antonio
2500652,Graduado o Graduada en Ciencias de la Actividad Física y del Deporte por la Universidad Alfonso X El Sabio,Universidad Alfonso X El Sabio
1500548,Graduado o Graduada en Ciencias de la Actividad Física y del Deporte por la Universidad Alfonso X el Sabio Mare Nostrum,Universidad Alfonso X el Sabio Mare Nostrum
2503563,Graduado o Graduada en Ciencias de la Actividad Física y del Deporte por la Universidad Antonio de Nebrija,Universidad Antonio de Nebrija
2500270,Graduado o Graduada en Ciencias de la Actividad Física y del Deporte por la Universidad Autónoma de Madrid,Universidad Autónoma de Madrid
2502063,Graduado o Graduada en Ciencias de la Actividad Física y del Deporte por la Universidad Camilo José Cela,Universidad Camilo José Cela
2503516,Graduado o Graduada en Ciencias de la Actividad Física y del Deporte por la Universidad Cardenal Herrera-CEU,Universidad Cardenal Herrera-CEU
2500056,Graduado o Graduada en Ciencias de la Actividad Física y del Deporte por la Universidad Católica de Valencia San Vicente Mártir,Universidad Católica de Valencia San Vicente Mártir
1500495,Graduado o Graduada en Ciencias de la Actividad Física y del Deporte por la Universidad Católica Santa Teresa de Jesús de Ávila,Universidad Católica Santa Teresa de Jesús de Ávila
1500259,Graduado o Graduada en Ciencias de la Actividad Física y del Deporte por la Universidad CEU Fernando III,Universidad CEU Fernando III
2501092,Graduado o Graduada en Ciencias de la Actividad Física y del Deporte por la Universidad de A Coruña,Universidad de A Coruña
2502090,Graduado o Graduada en Ciencias de la Actividad Física y del Deporte por la Universidad de Alcalá,Universidad de Alcalá
2502199,Graduado o Graduada en Ciencias de la Actividad Física y del Deporte por la Universidad de Alicante,Universidad de Alicante
2502724,Graduado o Graduada en Ciencias de la Actividad Física y del Deporte por la Universidad de Almería,Universidad de Almería
2502557,Graduado o Graduada en Ciencias de la Actividad Física y del Deporte por la Universidad de Cádiz,Universidad de Cádiz
2500305,Graduado o Graduada en Ciencias de la Actividad Física y del Deporte por la Universidad de Castilla-La Mancha,Universidad de Castilla-La Mancha
2502954,Graduado o Graduada en Ciencias de la Actividad Física y del Deporte por la Universidad de Deusto,Universidad de Deusto
2500488,Graduado o Graduada en Ciencias de la Actividad Física y del Deporte por la Universidad de Extremadura,Universidad de Extremadura
1500084,Graduado o Graduada en Ciencias de la Actividad Física y del Deporte por la Universidad de Girona,Universitat de Girona
2502566,Graduado o Graduada en Ciencias de la Actividad Física y del Deporte por la Universidad de Huelva,Universidad de Huelva
2504527,Graduado o Graduada en Ciencias de la Actividad Física y del Deporte por la Universidad de La Laguna,Universidad de La Laguna
2500351,Graduado o Graduada en Ciencias de la Actividad Física y del Deporte por la Universidad de Las Palmas de Gran Canaria,Universidad de Las Palmas de Gran Canaria
2501600,Graduado o Graduada en Ciencias de la Actividad Física y del Deporte por la Universidad de León,Universidad de León
2500358,Graduado o Graduada en Ciencias de la Actividad Física y del Deporte por la Universidad de Lleida,Universidad de Lleida
2504494,Graduado o Graduada en Ciencias de la Actividad Física y del Deporte por la Universidad de Málaga,Universidad de Málaga
2500853,Graduado o Graduada en Ciencias de la Actividad Física y del Deporte por la Universidad de Murcia,Universidad de Murcia
1500122,Graduado o Graduada en Ciencias de la Actividad Física y del Deporte por la Universidad de Oviedo,Universidad de Oviedo
2504495,Graduado o Graduada en Ciencias de la Actividad Física y del Deporte por la Universidad de Sevilla,Universidad de Sevilla
2503763,Graduado o Graduada en Ciencias de la Actividad Física y del Deporte por la Universidad de Valladolid,Universidad de Valladolid
2500143,Graduado o Graduada en Ciencias de la Actividad Física y del Deporte por la Universidad de Vic-Universidad Central de Catalunya,Universidad de Vic-Universidad Central de Catalunya
2501117,Graduado o Graduada en Ciencias de la Actividad Física y del Deporte por la Universidad de Vigo,Universidad de Vigo
2500472,Graduado o Graduada en Ciencias de la Actividad Física y del Deporte por la Universidad de Zaragoza,Universidad de Zaragoza
2501471,Graduado o Graduada en Ciencias de la Actividad Física y del Deporte por la Universidad del País Vasco/Euskal Herriko Unibertsitatea,Universidad del País Vasco/Euskal Herriko Unibertsitatea
2504557,Graduado o Graduada en Ciencias de la Actividad Física y del Deporte por la Universidad Euneiz,Universidad Euneiz
1500523,Graduado o Graduada en Ciencias de la Actividad Física y del Deporte por la Universidad Europea de Andalucía,Universidad Europea de Andalucía
1500144,Graduado o Graduada en Ciencias de la Actividad Física y del Deporte por la Universidad Europea de Madrid,Universidad Europea de Madrid
2503052,Graduado o Graduada en Ciencias de la Actividad Física y del Deporte por la Universidad Europea del Atlántico,Universidad Europea del Atlántico
1500164,Graduado o Graduada en Ciencias de la Actividad Física y del Deporte por la Universidad Europea Miguel de Cervantes,Universidad Europea Miguel de Cervantes
1500249,Graduado o Graduada en Ciencias de la Actividad Física y del Deporte por la Universidad Fernando Pessoa-Canarias (UFP-C),Universidad Fernando Pessoa-Canarias (UFP-C)
2504242,Graduado o Graduada en Ciencias de la Actividad Física y del Deporte por la Universidad Francisco de Vitoria,Universidad Francisco de Vitoria
2504387,Graduado o Graduada en Ciencias de la Actividad Física y del Deporte por la Universidad Internacional de La Rioja,Universidad Internacional de La Rioja
1500214,Graduado o Graduada en Ciencias de la Actividad Física y del Deporte por la Universidad Internacional Isabel I de Castilla,Universidad Internacional Isabel I de Castilla
2504082,Graduado o Graduada en Ciencias de la Actividad Física y del Deporte por la Universidad Jaume I de Castellón,Universidad Jaume I de Castellón
2504475,Graduado o Graduada en Ciencias de la Actividad Física y del Deporte por la Universidad Loyola Andalucía,Universidad Loyola Andalucía
2501610,Graduado o Graduada en Ciencias de la Actividad Física y del Deporte por la Universidad Miguel Hernández de Elche,Universidad Miguel Hernández de Elche
2501171,Graduado o Graduada en Ciencias de la Actividad Física y del Deporte por la Universidad Pablo de Olavide,Universidad Pablo de Olavide
2500734,Graduado o Graduada en Ciencias de la Actividad Física y del Deporte por la Universidad Politécnica de Madrid,Universidad Politécnica de Madrid
2502703,Graduado o Graduada en Ciencias de la Actividad Física y del Deporte por la Universidad Pompeu Fabra,Universidad Pompeu Fabra
2503374,Graduado o Graduada en Ciencias de la Actividad Física y del Deporte por la Universidad Pontificia Comillas,Universidad Pontificia Comillas
2502333,Graduado o Graduada en Ciencias de la Actividad Física y del Deporte por la Universidad Pontificia de Salamanca,Universidad Pontificia de Salamanca
2504497,Graduado o Graduada en Ciencias de la Actividad Física y del Deporte por la Universidad Pontificia de Salamanca,Universidad Pontificia de Salamanca
2504719,Graduado o Graduada en Ciencias de la Actividad Física y del Deporte por la Universidad Pública de Navarra,Universidad Pública de Navarra
1500274,Graduado o Graduada en Ciencias de la Actividad Física y del Deporte por la Universidad Ramón Llull,Universidad Ramón Llull
2503530,Graduado o Graduada en Ciencias de la Actividad Física y del Deporte por la Universidad Rey Juan Carlos,Universidad Rey Juan Carlos
1500087,Graduado o Graduada en Ciencias de la Actividad Física y del Deporte por la Universidad Rovira i Virgili,Universidad Rovira i Virgili
2502580,Graduado o Graduada en Ciencias de la Actividad Física y del Deporte por la Universidad San Jorge,Universidad San Jorge
1500100,Graduado o Graduada en Ciencias de la Actividad Física y del Deporte por la Universitat Abat Oliba CEU,Universitat Abat Oliba CEU
2504526,Graduado o Graduada en Ciencias de la Actividad Física y del Deporte por la Universitat de les Illes Balears,Universitat de les Illes Balears
2500764,Graduado o Graduada en Ciencias de la Actividad Física y del Deporte por la Universitat de València (Estudi General),Universitat de València (Estudi General)
2500287,Graduado o Graduada en Ciencias de la Actividad Física y el Deporte por la Universidad de Barcelona,Universidad de Barcelona
2503215,Graduado o Graduada en Ciencias de la Actividad Física y el Deporte por la Universidad Europea de Canarias,Universidad Europea de Canarias
2504530,Graduado o Graduada en Ciencias de la Actividad Física y el Deporte por la Universidad Europea de Valencia,Universidad Europea de Valencia
2500564,Graduado o Graduada en Ciencias de la Actividad Física y el Deporte por la Universidad Europea Miguel de Cervantes,Universidad Europea Miguel de Cervantes
2503702,Graduado o Graduada en Ciencias de la Antigüedad por la Universidad Autónoma de Barcelona,Universidad Autónoma de Barcelona
1500528,Graduado o Graduada en Ciencias de la Mar por la Universitat de les Illes Balears,Universitat de les Illes Balears
1500692,Graduado o Graduada en Ciencias de la Seguridad por la Universidad Internacional de La Rioja,Universidad Internacional de La Rioja
2503483,Graduado o Graduada en Ciencias de la Seguridad por la Universidad Internacional Isabel I de Castilla,Universidad Internacional Isabel I de Castilla
2502665,Graduado o Graduada en Ciencias de la Seguridad Pública por la Universidad Carlos III de Madrid,Universidad Carlos III de Madrid
2504018,Graduado o Graduada en Ciencias de las Religiones por la Universidad Complutense de Madrid,Universidad Complutense de Madrid
2500008,Graduado o Graduada en Ciencias del Mar por la Universidad Católica de Valencia San Vicente Mártir,Universidad Católica de Valencia San Vicente Mártir
2502192,Graduado o Graduada en Ciencias del Mar por la Universidad de Alicante,Universidad de Alicante
2503183,Graduado o Graduada en Ciencias del Mar por la Universidad de Barcelona,Universidad de Barcelona
2501028,Graduado o Graduada en Ciencias del Mar por la Universidad de Cádiz,Universidad de Cádiz
2502349,Graduado o Graduada en Ciencias del Mar por la Universidad de Las Palmas de Gran Canaria,Universidad de Las Palmas de Gran Canaria
2501086,Graduado o Graduada en Ciencias del Mar por la Universidad de Vigo,Universidad de Vigo
2501287,Graduado o Graduada en Ciencias Empresariales - Management por la Universidad Pompeu Fabra,Universidad Pompeu Fabra
2501013,Graduado o Graduada en Ciencias Empresariales por la Universidad de A Coruña,Universidad de A Coruña
2502155,Graduado o Graduada en Ciencias Experimentales por la Universidad Rey Juan Carlos,Universidad Rey Juan Carlos
2504686,Graduado o Graduada en Ciencias Gastronómicas por la Universidad de Burgos; la Universidad de León y la Universidad de Valladolid,(Conjunto)
2503186,Graduado o Graduada en Ciencias Gastronómicas por la Universitat de València (Estudi General),Universitat de València (Estudi General)
2503901,Graduado o Graduada en Ciencias Gastronómicas y Gestión Hotelera por la Universidad de Málaga,Universidad de Málaga
2501561,Graduado o Graduada en Ciencias Jurídicas de las Administraciones Públicas por la Universidad Nacional de Educación a Distancia,Universidad Nacional de Educación a Distancia
1500492,Graduado o Graduada en Ciencias Políticas / Bachelor in Political Science por la IE Universidad,IE Universidad
2500804,"Graduado o Graduada en Ciencias Políticas, Gobierno y Administración Pública por la Universidad de Murcia",Universidad de Murcia
2502172,Graduado o Graduada en Ciencias Políticas por la Universidad Cardenal Herrera-CEU,Universidad Cardenal Herrera-CEU
2500024,Graduado o Graduada en Ciencias Políticas por la Universidad Carlos III de Madrid,Universidad Carlos III de Madrid
2501343,Graduado o Graduada en Ciencias Políticas por la Universidad Complutense de Madrid,Universidad Complutense de Madrid
2502709,Graduado o Graduada en Ciencias Políticas por la Universitat Abat Oliba CEU,Universitat Abat Oliba CEU
2503652,Graduado o Graduada en Ciencias Políticas y de la Administración por la Universidad de Girona,Universitat de Girona
2501820,Graduado o Graduada en Ciencias Políticas y de la Administración por la Universidad de Granada,Universidad de Granada
2501172,Graduado o Graduada en Ciencias Políticas y de la Administración por la Universidad Pablo de Olavide,Universidad Pablo de Olavide
2500402,Graduado o Graduada en Ciencias Políticas y de la Administración por la Universidad Pompeu Fabra,Universidad Pompeu Fabra
2502260,Graduado o Graduada en Ciencias Políticas y de la Administración Pública por la Universitat de València (Estudi General),Universitat de València (Estudi General)
2501206,Graduado o Graduada en Ciencias Políticas y Gestión Pública por la Universidad Internacional de La Rioja,Universidad Internacional de La Rioja
2501451,Graduado o Graduada en Ciencias Políticas y Gestión Pública por la Universidad Miguel Hernández de Elche,Universidad Miguel Hernández de Elche
2504022,Graduado o Graduada en Ciencias por la Universidad Autónoma de Barcelona; la Universidad Autónoma de Madrid y la Universidad Carlos III de Madrid,(Conjunto)
2503689,Graduado o Graduada en Ciencias por la Universidad Pública de Navarra,Universidad Pública de Navarra
2503697,Graduado o Graduada en Ciencias y Tecnologías del Mar por la Universidad Politécnica de Catalunya,Universidad Politécnica de Catalunya
1500345,Graduado o Graduada en Ciencias y Tecnologías del Mar por la Universitat Politècnica de València,Universitat Politècnica de València
2503500,Graduado o Graduada en Cine por la Universidad del Atlántico Medio,Universidad del Atlántico Medio
2503554,Graduado o Graduada en Cine y Cultura por la Universidad de Córdoba,Universidad de Córdoba
2502652,Graduado o Graduada en Cine y Ficción Audiovisual por la Universidad Camilo José Cela,Universidad Camilo José Cela
2504415,Graduado o Graduada en Cinematografía / Bachelor in Filmmaking por la Universidad Rey Juan Carlos,Universidad Rey Juan Carlos
2504617,Graduado o Graduada en Cinematografía por la Universidad de Barcelona,Universidad de Barcelona
1500695,Graduado o Graduada en Cinematografía por la Universidad Internacional de La Rioja,Universidad Internacional de La Rioja
2501270,Graduado o Graduada en Comercio Internacional por la Universidad de León,Universidad de León
2500914,Graduado o Graduada en Comercio por la Universidad Complutense de Madrid,Universidad Complutense de Madrid
2501310,Graduado o Graduada en Comercio por la Universidad de Valladolid,Universidad de Valladolid
2502239,Graduado o Graduada en Comercio por la Universidad de Vigo,Universidad de Vigo
2502361,Graduado o Graduada en Comercio y Marketing por la Universidad de Oviedo,Universidad de Oviedo
1500885,Graduado o Graduada en Communication Networks and Systems por la Universitat Politècnica de València,Universitat Politècnica de València
2503765,Graduado o Graduada en Comportamiento y Ciencias Sociales / Bachelor in Behavior and Social Sciences por la IE Universidad,IE Universidad
2504224,Graduado o Graduada en Composición Musical / Bachelor in Music Composition por la Universidad Rey Juan Carlos,Universidad Rey Juan Carlos
2504739,"Graduado o Graduada en Composición, Postproducción y Efectos Visuales por la Universidad de Deusto",Universidad de Deusto
2503928,Graduado o Graduada en Computación e Inteligencia Artificial / Bachelor in Computer Science and Artificial Intelligence por la IE Universidad,IE Universidad
2504450,Graduado o Graduada en Computación e Inteligencia Artificial por la Universidad Alfonso X El Sabio,Universidad Alfonso X El Sabio
1500556,Graduado o Graduada en Computación e Inteligencia Artificial por la Universidad Alfonso X el Sabio Mare Nostrum,Universidad Alfonso X el Sabio Mare Nostrum
1500886,Graduado o Graduada en Computer Science and Technology por la Universitat Politècnica de València,Universitat Politècnica de València
2500025,"Graduado o Graduada en Comunicación Audiovisual / Bachelor in Film, Television and Media Studies por la Universidad Carlos III de Madrid",Universidad Carlos III de Madrid
2500585,Graduado o Graduada en Comunicación Audiovisual por la Mondragón Unibertsitatea,Mondragón Unibertsitatea
1500580,Graduado o Graduada en Comunicación Audiovisual por la Universidad Antonio de Nebrija,Universidad Antonio de Nebrija
2501928,Graduado o Graduada en Comunicación Audiovisual por la Universidad Autónoma de Barcelona,Universidad Autónoma de Barcelona
2500530,Graduado o Graduada en Comunicación Audiovisual por la Universidad Cardenal Herrera-CEU,Universidad Cardenal Herrera-CEU
2500031,Graduado o Graduada en Comunicación Audiovisual por la Universidad Católica San Antonio,Universidad Católica San Antonio
2500827,Graduado o Graduada en Comunicación Audiovisual por la Universidad Complutense de Madrid,Universidad Complutense de Madrid
2501014,Graduado o Graduada en Comunicación Audiovisual por la Universidad de A Coruña,Universidad de A Coruña
2502093,Graduado o Graduada en Comunicación Audiovisual por la Universidad de Alcalá,Universidad de Alcalá
2503977,Graduado o Graduada en Comunicación Audiovisual por la Universidad de Barcelona,Universidad de Barcelona
2500979,Graduado o Graduada en Comunicación Audiovisual por la Universidad de Burgos,Universidad de Burgos
2504463,Graduado o Graduada en Comunicación Audiovisual por la Universidad de Burgos,Universidad de Burgos
2503956,Graduado o Graduada en Comunicación Audiovisual por la Universidad de Castilla-La Mancha,Universidad de Castilla-La Mancha
2500318,Graduado o Graduada en Comunicación Audiovisual por la Universidad de Extremadura,Universidad de Extremadura
2501821,Graduado o Graduada en Comunicación Audiovisual por la Universidad de Granada,Universidad de Granada
2501967,Graduado o Graduada en Comunicación Audiovisual por la Universidad de Málaga,Universidad de Málaga
2500124,Graduado o Graduada en Comunicación Audiovisual por la Universidad de Murcia,Universidad de Murcia
2500589,Graduado o Graduada en Comunicación Audiovisual por la Universidad de Navarra,Universidad de Navarra
2501107,Graduado o Graduada en Comunicación Audiovisual por la Universidad de Santiago de Compostela,Universidad de Santiago de Compostela
2502292,Graduado o Graduada en Comunicación Audiovisual por la Universidad de Sevilla,Universidad de Sevilla
2500627,Graduado o Graduada en Comunicación Audiovisual por la Universidad de Vic-Universidad Central de Catalunya,Universidad de Vic-Universidad Central de Catalunya
2500466,Graduado o Graduada en Comunicación Audiovisual por la Universidad de Vigo,Universidad de Vigo
2501472,Graduado o Graduada en Comunicación Audiovisual por la Universidad del País Vasco/Euskal Herriko Unibertsitatea,Universidad del País Vasco/Euskal Herriko Unibertsitatea
2503433,Graduado o Graduada en Comunicación Audiovisual por la Universidad Europea de Madrid,Universidad Europea de Madrid
2503053,Graduado o Graduada en Comunicación Audiovisual por la Universidad Europea del Atlántico,Universidad Europea del Atlántico
2500565,Graduado o Graduada en Comunicación Audiovisual por la Universidad Europea Miguel de Cervantes,Universidad Europea Miguel de Cervantes
1500176,Graduado o Graduada en Comunicación Audiovisual por la Universidad Europea Miguel de Cervantes,Universidad Europea Miguel de Cervantes
2503438,Graduado o Graduada en Comunicación Audiovisual por la Universidad Fernando Pessoa-Canarias (UFP-C),Universidad Fernando Pessoa-Canarias (UFP-C)
2500571,Graduado o Graduada en Comunicación Audiovisual por la Universidad Francisco de Vitoria,Universidad Francisco de Vitoria
2504479,Graduado o Graduada en Comunicación Audiovisual por la Universidad Internacional de la Empresa,Universidad Internacional de la Empresa
2504436,Graduado o Graduada en Comunicación Audiovisual por la Universidad Internacional Villanueva,Universidad Internacional Villanueva
2500339,Graduado o Graduada en Comunicación Audiovisual por la Universidad Jaume I de Castellón,Universidad Jaume I de Castellón
2504696,Graduado o Graduada en Comunicación Audiovisual por la Universidad Loyola Andalucía,Universidad Loyola Andalucía
2501614,Graduado o Graduada en Comunicación Audiovisual por la Universidad Miguel Hernández de Elche,Universidad Miguel Hernández de Elche
2500108,Graduado o Graduada en Comunicación Audiovisual por la Universidad Pompeu Fabra,Universidad Pompeu Fabra
2503092,Graduado o Graduada en Comunicación Audiovisual por la Universidad Pontificia Comillas,Universidad Pontificia Comillas
1500747,Graduado o Graduada en Comunicación Audiovisual por la Universidad Pontificia de Salamanca,Universidad Pontificia de Salamanca
2501291,Graduado o Graduada en Comunicación Audiovisual por la Universidad Pontificia de Salamanca,Universidad Pontificia de Salamanca
2503175,Graduado o Graduada en Comunicación Audiovisual por la Universidad Ramón Llull,Universidad Ramón Llull
2500170,Graduado o Graduada en Comunicación Audiovisual por la Universidad Rey Juan Carlos,Universidad Rey Juan Carlos
2500447,Graduado o Graduada en Comunicación Audiovisual por la Universidad Rovira i Virgili,Universidad Rovira i Virgili
2500183,Graduado o Graduada en Comunicación Audiovisual por la Universidad San Jorge,Universidad San Jorge
2503937,Graduado o Graduada en Comunicación Audiovisual por la Universidad San Pablo-CEU,Universidad San Pablo-CEU
1500481,Graduado o Graduada en Comunicación Audiovisual por la Universidad Tecnológica de las Islas Canarias,Universidad Tecnológica de las Islas Canarias
2500763,Graduado o Graduada en Comunicación Audiovisual por la Universitat de València (Estudi General),Universitat de València (Estudi General)
2500579,Graduado o Graduada en Comunicación Audiovisual por la Universitat Internacional de Catalunya,Universitat Internacional de Catalunya
2501354,Graduado o Graduada en Comunicación Audiovisual por la Universitat Politècnica de València,Universitat Politècnica de València
2504788,Graduado o Graduada en Comunicación Audiovisual por la Universitat Politècnica de València,Universitat Politècnica de València
2503630,Graduado o Graduada en Comunicación Audiovisual y Multimedia por la Universidad de Girona,Universitat de Girona
2503430,Graduado o Graduada en Comunicación Audiovisual y Nuevos Medios / Bachelor in Audiovisual Communication and New Media por la Universidad Camilo José Cela,Universidad Camilo José Cela
1500910,Graduado o Graduada en Comunicación Corporativa por la Universidad de Navarra,Universidad de Navarra
1500320,"Graduado o Graduada en Comunicación Corporativa, Protocolo y Eventos por la Universidad Internacional de La Rioja",Universidad Internacional de La Rioja
2504408,Graduado o Graduada en Comunicación Cultural por la Universidad de Girona,Universitat de Girona
2503868,Graduado o Graduada en Comunicación de las Organizaciones por la Universidad Autónoma de Barcelona,Universidad Autónoma de Barcelona
2504692,Graduado o Graduada en Comunicación Digital por la Universidad de Valladolid,Universidad de Valladolid
1500117,Graduado o Graduada en Comunicación Digital por la Universidad Francisco de Vitoria,Universidad Francisco de Vitoria
2504651,Graduado o Graduada en Comunicación Digital por la Universidad Rey Juan Carlos,Universidad Rey Juan Carlos
2503938,Graduado o Graduada en Comunicación Digital por la Universidad San Pablo-CEU,Universidad San Pablo-CEU
1500363,Graduado o Graduada en Comunicación Digital y Periodismo por la Universidad Tecnológica Atlántico-Mediterráneo,Universidad Tecnológica Atlántico-Mediterráneo
1500248,Graduado o Graduada en Comunicación e Industrias Culturales por la Universidad de Barcelona,Universidad de Barcelona
1500619,"Graduado o Graduada en Comunicación Estratégica, Protocolo y Organización de Eventos por la Universidad Antonio de Nebrija",Universidad Antonio de Nebrija
1500118,Graduado o Graduada en Comunicación Global por la Universidad Francisco de Vitoria,Universidad Francisco de Vitoria
2503873,Graduado o Graduada en Comunicación Interactiva por la Universidad Autónoma de Barcelona,Universidad Autónoma de Barcelona
2503352,Graduado o Graduada en Comunicación Internacional - Bachelor in Global Communication por la Universidad Pontificia Comillas,Universidad Pontificia Comillas
2500546,Graduado o Graduada en Comunicación por la Universidad de Deusto,Universidad de Deusto
2503808,Graduado o Graduada en Comunicación por la Universidad del Atlántico Medio,Universidad del Atlántico Medio
2500844,Graduado o Graduada en Comunicación por la Universidad Internacional de La Rioja,Universidad Internacional de La Rioja
2504286,Graduado o Graduada en Comunicación por la Universitat Internacional Valenciana,Universitat Internacional Valenciana
2500596,Graduado o Graduada en Comunicación por la Universitat Oberta de Catalunya,Universitat Oberta de Catalunya
2503631,Graduado o Graduada en Comunicación y Creación Audiovisual por la Universidad de Salamanca,Universidad de Salamanca
2504679,Graduado o Graduada en Comunicación y Gestión de Moda / Bachelor in Fashion Communication and Management  por la Universidad Europea de Madrid,Universidad Europea de Madrid
2503506,Graduado o Graduada en Comunicación y Medios Digitales / Bachelor in Communication and Digital Media por la IE Universidad,IE Universidad
2503458,Graduado o Graduada en Comunicación y Periodismo Audiovisuales por la Universidad de Lleida,Universidad de Lleida
2501615,Graduado o Graduada en Comunicación y Relaciones Públicas por la Universidad Miguel Hernández de Elche,Universidad Miguel Hernández de Elche
2503634,Graduado o Graduada en Conservación de la Naturaleza por la Universidad de Lleida,Universidad de Lleida
2501804,Graduado o Graduada en Conservación y Restauración de Bienes Culturales por la Universidad de Granada,Universidad de Granada
2502683,Graduado o Graduada en Conservación y Restauración de Bienes Culturales por la Universidad de La Laguna,Universidad de La Laguna
2502289,Graduado o Graduada en Conservación y Restauración de Bienes Culturales por la Universidad de Sevilla,Universidad de Sevilla
2501461,Graduado o Graduada en Conservación y Restauración de Bienes Culturales por la Universidad del País Vasco/Euskal Herriko Unibertsitatea,Universidad del País Vasco/Euskal Herriko Unibertsitatea
2501485,Graduado o Graduada en Conservación y Restauración de Bienes Culturales por la Universitat Politècnica de València,Universitat Politècnica de València
2502084,Graduado o Graduada en Conservación y Restauración del Patrimonio Cultural por la Universidad Complutense de Madrid,Universidad Complutense de Madrid
2504180,Graduado o Graduada en Conservación-Restauración de Bienes Culturales por la Universidad de Barcelona,Universidad de Barcelona
2501231,Graduado o Graduada en Contabilidad y Finanzas por la Universidad Autónoma de Barcelona,Universidad Autónoma de Barcelona
1500640,Graduado o Graduada en Contabilidad y Finanzas por la Universidad de Girona,Universitat de Girona
2501389,Graduado o Graduada en Contabilidad y Finanzas por la Universidad de La Laguna,Universidad de La Laguna
2501524,Graduado o Graduada en Contabilidad y Finanzas por la Universidad de Oviedo,Universidad de Oviedo
2501071,Graduado o Graduada en Contabilidad y Finanzas por la Universidad Rey Juan Carlos,Universidad Rey Juan Carlos
1500170,Graduado o Graduada en Cooperación Internacional para el Desarrollo por la Universidad Internacional de La Rioja,Universidad Internacional de La Rioja
2501229,"Graduado o Graduada en Creación, Administración y Dirección de Empresas por la Universidad Antonio de Nebrija",Universidad Antonio de Nebrija
2504477,Graduado o Graduada en Creación de Videojuegos y Animación Digital por la Universidad Loyola Andalucía,Universidad Loyola Andalucía
1500348,"Graduado o Graduada en Creación Digital, Animación y Desarrollo de Videojuegos por la Universidad del Atlántico Medio",Universidad del Atlántico Medio
2503862,"Graduado o Graduada en Creación Digital, Animación y Videojuegos por la Universidad de A Coruña",Universidad de A Coruña
2501462,Graduado o Graduada en Creación y Diseño por la Universidad del País Vasco/Euskal Herriko Unibertsitatea,Universidad del País Vasco/Euskal Herriko Unibertsitatea
1500120,Graduado o Graduada en Creación y Narración de Videojuegos por la Universidad Francisco de Vitoria,Universidad Francisco de Vitoria
1500322,Graduado o Graduada en Creación y Producción Musical por la Universidad Loyola Andalucía,Universidad Loyola Andalucía
2503334,Graduado o Graduada en Criminalística: Ciencias y Tecnologías Forenses por la Universidad de Alcalá,Universidad de Alcalá
2501251,Graduado o Graduada en Criminología / Bachelor in Criminology  por la Universidad Europea de Madrid,Universidad Europea de Madrid
2504326,Graduado o Graduada en Criminología por la Universidad a Distancia de Madrid,Universidad a Distancia de Madrid
2500257,Graduado o Graduada en Criminología por la Universidad Autónoma de Barcelona,Universidad Autónoma de Barcelona
2502994,Graduado o Graduada en Criminología por la Universidad Católica de Valencia San Vicente Mártir,Universidad Católica de Valencia San Vicente Mártir
2502654,Graduado o Graduada en Criminología por la Universidad Católica San Antonio,Universidad Católica San Antonio
2502742,Graduado o Graduada en Criminología por la Universidad Complutense de Madrid,Universidad Complutense de Madrid
2501429,Graduado o Graduada en Criminología por la Universidad de Alicante,Universidad de Alicante
2500294,Graduado o Graduada en Criminología por la Universidad de Barcelona,Universidad de Barcelona
2503888,Graduado o Graduada en Criminología por la Universidad de Castilla-La Mancha,Universidad de Castilla-La Mancha
2503427,Graduado o Graduada en Criminología por la Universidad de Extremadura,Universidad de Extremadura
2500699,Graduado o Graduada en Criminología por la Universidad de Girona,Universitat de Girona
2502666,Graduado o Graduada en Criminología por la Universidad de Granada,Universidad de Granada
2501968,Graduado o Graduada en Criminología por la Universidad de Málaga,Universidad de Málaga
2500815,Graduado o Graduada en Criminología por la Universidad de Murcia,Universidad de Murcia
1500112,Graduado o Graduada en Criminología por la Universidad de Oviedo,Universidad de Oviedo
2502782,Graduado o Graduada en Criminología por la Universidad de Salamanca y la Universidad de Valladolid,(Conjunto)
2503038,Graduado o Graduada en Criminología por la Universidad de Santiago de Compostela,Universidad de Santiago de Compostela
2502571,Graduado o Graduada en Criminología por la Universidad de Sevilla,Universidad de Sevilla
2503672,Graduado o Graduada en Criminología por la Universidad de Vic-Universidad Central de Catalunya,Universidad de Vic-Universidad Central de Catalunya
2501473,Graduado o Graduada en Criminología por la Universidad del País Vasco/Euskal Herriko Unibertsitatea,Universidad del País Vasco/Euskal Herriko Unibertsitatea
2502864,Graduado o Graduada en Criminología por la Universidad Europea de Valencia,Universidad Europea de Valencia
2503474,Graduado o Graduada en Criminología por la Universidad Europea Miguel de Cervantes,Universidad Europea Miguel de Cervantes
2502968,Graduado o Graduada en Criminología por la Universidad Francisco de Vitoria,Universidad Francisco de Vitoria
2504693,Graduado o Graduada en Criminología por la Universidad Internacional de la Empresa,Universidad Internacional de la Empresa
2502748,Graduado o Graduada en Criminología por la Universidad Internacional de La Rioja,Universidad Internacional de La Rioja
2502679,Graduado o Graduada en Criminología por la Universidad Internacional Isabel I de Castilla,Universidad Internacional Isabel I de Castilla
2503154,Graduado o Graduada en Criminología por la Universidad Loyola Andalucía,Universidad Loyola Andalucía
2503661,Graduado o Graduada en Criminología por la Universidad Nacional de Educación a Distancia,Universidad Nacional de Educación a Distancia
2502594,Graduado o Graduada en Criminología por la Universidad Pablo de Olavide,Universidad Pablo de Olavide
2503015,Graduado o Graduada en Criminología por la Universidad Pontificia Comillas,Universidad Pontificia Comillas
2502157,Graduado o Graduada en Criminología por la Universidad Rey Juan Carlos,Universidad Rey Juan Carlos
2504564,Graduado o Graduada en Criminología por la Universidad San Jorge,Universidad San Jorge
1500478,Graduado o Graduada en Criminología por la Universidad Tecnológica de las Islas Canarias,Universidad Tecnológica de las Islas Canarias
2501493,Graduado o Graduada en Criminología por la Universitat de València (Estudi General),Universitat de València (Estudi General)
2501954,Graduado o Graduada en Criminología por la Universitat Oberta de Catalunya,Universitat Oberta de Catalunya
2503821,Graduado o Graduada en Criminología y Ciencias de la Seguridad por la Universitat Internacional Valenciana,Universitat Internacional Valenciana
2504770,Graduado o Graduada en Criminología y Ciencias Forenses por la Universidad Antonio de Nebrija,Universidad Antonio de Nebrija
2501288,Graduado o Graduada en Criminología y Políticas Públicas de Prevención por la Universidad Pompeu Fabra,Universidad Pompeu Fabra
2503492,Graduado o Graduada en Criminología y Seguridad por la Universidad Camilo José Cela,Universidad Camilo José Cela
2501748,Graduado o Graduada en Criminología y Seguridad por la Universidad de Cádiz,Universidad de Cádiz
2502264,Graduado o Graduada en Criminología y Seguridad por la Universidad Jaume I de Castellón,Universidad Jaume I de Castellón
2502702,Graduado o Graduada en Criminología y Seguridad por la Universitat Abat Oliba CEU,Universitat Abat Oliba CEU
2503737,Graduado o Graduada en Datos y Analítica de Negocio / Bachelor in Data and Business Analytics por la IE Universidad,IE Universidad
2504272,Graduado o Graduada en Datos y Analítica de Negocio por la ESIC Universidad,ESIC Universidad
2504485,Graduado o Graduada en Datos y Analítica de Negocio por la Universidad Loyola Andalucía,Universidad Loyola Andalucía
2504728,Graduado o Graduada en Derecho / Bachelor in Law por la ESIC Universidad,ESIC Universidad
2503996,Graduado o Graduada en Derecho / Bachelor in Law por la Universidad Ramón Llull,Universidad Ramón Llull
2504110,Graduado o Graduada en Derecho / Bachelor of Laws por la IE Universidad,IE Universidad
2504126,Graduado o Graduada en Derecho por la CUNEF Universidad,CUNEF Universidad
2502888,Graduado o Graduada en Derecho por la Universidad a Distancia de Madrid,Universidad a Distancia de Madrid
2501552,Graduado o Graduada en Derecho por la Universidad Alfonso X El Sabio,Universidad Alfonso X El Sabio
2503487,Graduado o Graduada en Derecho por la Universidad Antonio de Nebrija,Universidad Antonio de Nebrija
2500786,Graduado o Graduada en Derecho por la Universidad Autónoma de Barcelona,Universidad Autónoma de Barcelona
2501134,Graduado o Graduada en Derecho por la Universidad Autónoma de Madrid,Universidad Autónoma de Madrid
2503491,Graduado o Graduada en Derecho por la Universidad Camilo José Cela,Universidad Camilo José Cela
2501443,Graduado o Graduada en Derecho por la Universidad Cardenal Herrera-CEU,Universidad Cardenal Herrera-CEU
2500026,Graduado o Graduada en Derecho por la Universidad Carlos III de Madrid,Universidad Carlos III de Madrid
2501242,Graduado o Graduada en Derecho por la Universidad Católica de Valencia San Vicente Mártir,Universidad Católica de Valencia San Vicente Mártir
2501248,Graduado o Graduada en Derecho por la Universidad Católica San Antonio,Universidad Católica San Antonio
2501249,Graduado o Graduada en Derecho por la Universidad Católica Santa Teresa de Jesús de Ávila,Universidad Católica Santa Teresa de Jesús de Ávila
1500168,Graduado o Graduada en Derecho por la Universidad Católica Santa Teresa de Jesús de Ávila,Universidad Católica Santa Teresa de Jesús de Ávila
1500240,Graduado o Graduada en Derecho por la Universidad CEU Fernando III,Universidad CEU Fernando III
2500828,Graduado o Graduada en Derecho por la Universidad Complutense de Madrid,Universidad Complutense de Madrid
2501015,Graduado o Graduada en Derecho por la Universidad de A Coruña,Universidad de A Coruña
2500034,Graduado o Graduada en Derecho por la Universidad de Alcalá,Universidad de Alcalá
2501430,Graduado o Graduada en Derecho por la Universidad de Alicante,Universidad de Alicante
2501720,Graduado o Graduada en Derecho por la Universidad de Almería,Universidad de Almería
2500295,Graduado o Graduada en Derecho por la Universidad de Barcelona,Universidad de Barcelona
2501372,Graduado o Graduada en Derecho por la Universidad de Burgos,Universidad de Burgos
2501749,Graduado o Graduada en Derecho por la Universidad de Cádiz,Universidad de Cádiz
2501765,Graduado o Graduada en Derecho por la Universidad de Cantabria,Universidad de Cantabria
2501445,Graduado o Graduada en Derecho por la Universidad de Castilla-La Mancha,Universidad de Castilla-La Mancha
2501319,Graduado o Graduada en Derecho por la Universidad de Córdoba,Universidad de Córdoba
2500547,Graduado o Graduada en Derecho por la Universidad de Deusto,Universidad de Deusto
2501255,Graduado o Graduada en Derecho por la Universidad de Extremadura,Universidad de Extremadura
2500326,Graduado o Graduada en Derecho por la Universidad de Girona,Universitat de Girona
2501511,Graduado o Graduada en Derecho por la Universidad de Granada,Universidad de Granada
2501256,Graduado o Graduada en Derecho por la Universidad de Huelva,Universidad de Huelva
2501864,Graduado o Graduada en Derecho por la Universidad de Jaén,Universidad de Jaén
2501887,Graduado o Graduada en Derecho por la Universidad de La Laguna,Universidad de La Laguna
2500847,Graduado o Graduada en Derecho por la Universidad de La Rioja,Universidad de La Rioja
2504524,Graduado o Graduada en Derecho por la Universidad de las Hespérides,Universidad de las Hespérides
2501908,Graduado o Graduada en Derecho por la Universidad de Las Palmas de Gran Canaria,Universidad de Las Palmas de Gran Canaria
2501458,Graduado o Graduada en Derecho por la Universidad de León,Universidad de León
2500363,Graduado o Graduada en Derecho por la Universidad de Lleida,Universidad de Lleida
2501274,Graduado o Graduada en Derecho por la Universidad de Málaga,Universidad de Málaga
2500719,Graduado o Graduada en Derecho por la Universidad de Murcia,Universidad de Murcia
2501235,Graduado o Graduada en Derecho por la Universidad de Navarra,Universidad de Navarra
2502362,Graduado o Graduada en Derecho por la Universidad de Oviedo,Universidad de Oviedo
2501679,Graduado o Graduada en Derecho por la Universidad de Salamanca,Universidad de Salamanca
1500461,Graduado o Graduada en Derecho por la Universidad de Santiago de Compostela,Universidad de Santiago de Compostela
2501196,Graduado o Graduada en Derecho por la Universidad de Sevilla,Universidad de Sevilla
2501497,Graduado o Graduada en Derecho por la Universidad de Valladolid,Universidad de Valladolid
2503671,Graduado o Graduada en Derecho por la Universidad de Vic-Universidad Central de Catalunya,Universidad de Vic-Universidad Central de Catalunya
2501118,Graduado o Graduada en Derecho por la Universidad de Vigo,Universidad de Vigo
2502475,Graduado o Graduada en Derecho por la Universidad de Zaragoza,Universidad de Zaragoza
2503773,Graduado o Graduada en Derecho por la Universidad del Atlántico Medio,Universidad del Atlántico Medio
2501637,Graduado o Graduada en Derecho por la Universidad del País Vasco/Euskal Herriko Unibertsitatea,Universidad del País Vasco/Euskal Herriko Unibertsitatea
2504794,Graduado o Graduada en Derecho por la Universidad Europea de Canarias,Universidad Europea de Canarias
2503619,Graduado o Graduada en Derecho por la Universidad Europea de Madrid,Universidad Europea de Madrid
2502862,Graduado o Graduada en Derecho por la Universidad Europea de Valencia,Universidad Europea de Valencia
2504716,Graduado o Graduada en Derecho por la Universidad Europea Miguel de Cervantes,Universidad Europea Miguel de Cervantes
2504641,Graduado o Graduada en Derecho por la Universidad Francisco de Vitoria,Universidad Francisco de Vitoria
1500465,Graduado o Graduada en Derecho por la Universidad Intercontinental de la Empresa,Universidad Intercontinental de la Empresa
2501456,Graduado o Graduada en Derecho por la Universidad Internacional de Catalunya,Universitat Internacional de Catalunya
2504471,Graduado o Graduada en Derecho por la Universidad Internacional de la Empresa,Universidad Internacional de la Empresa
2501557,Graduado o Graduada en Derecho por la Universidad Internacional de La Rioja,Universidad Internacional de La Rioja
2502670,Graduado o Graduada en Derecho por la Universidad Internacional Isabel I de Castilla,Universidad Internacional Isabel I de Castilla
1500500,Graduado o Graduada en Derecho por la Universidad Internacional Villanueva,Universidad Internacional Villanueva
2502265,Graduado o Graduada en Derecho por la Universidad Jaume I de Castellón,Universidad Jaume I de Castellón
2502768,Graduado o Graduada en Derecho por la Universidad Loyola Andalucía,Universidad Loyola Andalucía
2501616,Graduado o Graduada en Derecho por la Universidad Miguel Hernández de Elche,Universidad Miguel Hernández de Elche
2501624,Graduado o Graduada en Derecho por la Universidad Nacional de Educación a Distancia,Universidad Nacional de Educación a Distancia
2501091,Graduado o Graduada en Derecho por la Universidad Pablo de Olavide,Universidad Pablo de Olavide
2500403,Graduado o Graduada en Derecho por la Universidad Pompeu Fabra,Universidad Pompeu Fabra
2500603,Graduado o Graduada en Derecho por la Universidad Pontificia Comillas,Universidad Pontificia Comillas
2504516,Graduado o Graduada en Derecho por la Universidad Pontificia de Salamanca,Universidad Pontificia de Salamanca
2501297,Graduado o Graduada en Derecho por la Universidad Pública de Navarra,Universidad Pública de Navarra
2500871,Graduado o Graduada en Derecho por la Universidad Rey Juan Carlos,Universidad Rey Juan Carlos
2500443,Graduado o Graduada en Derecho por la Universidad Rovira i Virgili,Universidad Rovira i Virgili
2503392,Graduado o Graduada en Derecho por la Universidad San Jorge,Universidad San Jorge
2503824,Graduado o Graduada en Derecho por la Universidad San Pablo-CEU,Universidad San Pablo-CEU
1500352,Graduado o Graduada en Derecho por la Universidad Tecnológica Atlántico-Mediterráneo,Universidad Tecnológica Atlántico-Mediterráneo
1500444,Graduado o Graduada en Derecho por la Universidad Tecnológica de las Islas Canarias,Universidad Tecnológica de las Islas Canarias
2500645,Graduado o Graduada en Derecho por la Universitat Abat Oliba CEU,Universitat Abat Oliba CEU
2500843,Graduado o Graduada en Derecho por la Universitat de les Illes Balears,Universitat de les Illes Balears
2501684,Graduado o Graduada en Derecho por la Universitat de València (Estudi General),Universitat de València (Estudi General)
2502895,Graduado o Graduada en Derecho por la Universitat Internacional Valenciana,Universitat Internacional Valenciana
2500194,Graduado o Graduada en Derecho por la Universitat Oberta de Catalunya,Universitat Oberta de Catalunya
2504434,Graduado o Graduada en Desarrollo de Aplicaciones 3D Interactivas y Videojuegos por la Universidad de Salamanca,Universidad de Salamanca
2503208,Graduado o Graduada en Desarrollo de Videojuegos por la Universidad Complutense de Madrid,Universidad Complutense de Madrid
1500203,"Graduado o Graduada en Desarrollo Full-Stack por la Universidad de Diseño, Innovación y Tecnología (UDIT)","Universidad de Diseño, Innovación y Tecnología (UDIT)"
1500735,Graduado o Graduada en Desarrollo y Pruebas de Software / Bachelor in Software Development and Testing por la Universidad Nacional de Educación a Distancia; la Universitat Oberta de Catalunya y Open Universiteit Nederland(Países Bajos),(Conjunto Internacional)
2500113,Graduado o Graduada en Dirección de Empresas (BBA) / Bachelor of Business Administration (BBA) por la Universidad Ramón Llull,Universidad Ramón Llull
1500152,Graduado o Graduada en Dirección de Empresas de Entretenimiento Digital / Bachelor in Management of Digital Entertainment Companies por la Universidad Camilo José Cela,Universidad Camilo José Cela
2503963,Graduado o Graduada en Dirección de Empresas en el Ámbito Digital / Digital Business por la Universidad Miguel Hernández de Elche,Universidad Miguel Hernández de Elche
1500072,Graduado o Graduada en Dirección de Empresas Hoteleras y Gastronómicas por la Universidad de Girona,Universitat de Girona
2500677,Graduado o Graduada en Dirección de Empresas por la Universidad Cardenal Herrera-CEU,Universidad Cardenal Herrera-CEU
2500524,Graduado o Graduada en Dirección de Empresas por la Universitat Abat Oliba CEU,Universitat Abat Oliba CEU
1500594,Graduado o Graduada en Dirección de Empresas Tecnológicas / Bachelor in Management of Business and Technology por la Universidad Ramón Llull,Universidad Ramón Llull
1500244,Graduado o Graduada en Dirección Hotelera Internacional por la Universidad de Barcelona,Universidad de Barcelona
2502904,Graduado o Graduada en Dirección Hotelera por la Universidad Autónoma de Barcelona,Universidad Autónoma de Barcelona
2503837,Graduado o Graduada en Dirección Hotelera por la Universitat de les Illes Balears,Universitat de les Illes Balears
2502786,Graduado o Graduada en Dirección Internacional de Empresas de Turismo y Ocio por la Universidad Europea de Canarias,Universidad Europea de Canarias
2504642,Graduado o Graduada en Dirección Internacional de Negocios / Bachelor in International Business Management por la Universidad Francisco de Vitoria,Universidad Francisco de Vitoria
2504063,Graduado o Graduada en Dirección y Gestión de Empresas en el Ámbito Digital por la ESIC Universidad,ESIC Universidad
2503405,Graduado o Graduada en Dirección y Gestión de Empresas en el Ámbito Digital por la Universidad Rey Juan Carlos,Universidad Rey Juan Carlos
2504399,Graduado o Graduada en Dirección y Gestión de Empresas en el Ámbito Digital por la Universidad Rovira i Virgili,Universidad Rovira i Virgili
1500104,Graduado o Graduada en Dirección y Gestión Gastronómica por la Universidad de Barcelona,Universidad de Barcelona
2501122,Graduado o Graduada en Dirección y Gestión Pública por la Universidad de Vigo,Universidad de Vigo
2503499,Graduado o Graduada en Diseño / Bachelor in Design por la IE Universidad,IE Universidad
2504615,"Graduado o Graduada en Diseño, Animación y Arte Digital para Videojuegos y Juegos Aplicados por la Universidad de Barcelona",Universidad de Barcelona
2504599,"Graduado o Graduada en Diseño, Animación y Arte Digital por la Universidad Politécnica de Catalunya",Universidad Politécnica de Catalunya
2504265,Graduado o Graduada en Diseño Arquitectónico de Interiores por la Universitat Politècnica de València,Universitat Politècnica de València
2504581,"Graduado o Graduada en Diseño Audiovisual e Ilustración / Bachelor in Audiovisual Design and Illustration por la Universidad de Diseño, Innovación y Tecnología (UDIT)","Universidad de Diseño, Innovación y Tecnología (UDIT)"
2504269,Graduado o Graduada en Diseño Audiovisual e Ilustración por la Universidad Camilo José Cela,Universidad Camilo José Cela
2504270,Graduado o Graduada en Diseño de Interiores / Bachelor in Interior Design por la Universidad Camilo José Cela,Universidad Camilo José Cela
2504582,"Graduado o Graduada en Diseño de Interiores / Bachelor in Interior Design por la Universidad de Diseño, Innovación y Tecnología (UDIT)","Universidad de Diseño, Innovación y Tecnología (UDIT)"
2504729,Graduado o Graduada en Diseño de Interiores / Bachelor in Interior Design por la Universidad San Pablo-CEU,Universidad San Pablo-CEU
2502436,Graduado o Graduada en Diseño de Interiores por la Universidad Antonio de Nebrija,Universidad Antonio de Nebrija
2504174,Graduado o Graduada en Diseño de Interiores por la Universidad Internacional de La Rioja,Universidad Internacional de La Rioja
2504681,Graduado o Graduada en Diseño de Interiores/Bachelor in Interior Design por la Universidad Europea de Madrid,Universidad Europea de Madrid
2504586,"Graduado o Graduada en Diseño de Moda / Bachelor in Fashion Design  por la Universidad de Diseño, Innovación y Tecnología (UDIT)","Universidad de Diseño, Innovación y Tecnología (UDIT)"
1500189,Graduado o Graduada en Diseño de Moda / Bachelor in Fashion Design por la IE Universidad,IE Universidad
1500493,Graduado o Graduada en Diseño de Moda por la Universidad Antonio de Nebrija,Universidad Antonio de Nebrija
2500672,Graduado o Graduada en Diseño de Moda por la Universidad Camilo José Cela,Universidad Camilo José Cela
1500374,Graduado o Graduada en Diseño de Moda por la Universidad Europea de Valencia,Universidad Europea de Valencia
1500547,Graduado o Graduada en Diseño de Moda por la Universidad Internacional de La Rioja,Universidad Internacional de La Rioja
2503020,Graduado o Graduada en Diseño de Moda por la Universidad Politécnica de Madrid,Universidad Politécnica de Madrid
2503425,Graduado o Graduada en Diseño de Producto / Bachelor in Product Design por la Universidad Camilo José Cela,Universidad Camilo José Cela
2504727,Graduado o Graduada en Diseño de Producto por la Universidad Europea de Madrid,Universidad Europea de Madrid
1500417,Graduado o Graduada en Diseño de Videojuegos / Bachelor in Game Design por la Universidad Camilo José Cela,Universidad Camilo José Cela
1500555,Graduado o Graduada en Diseño de Videojuegos por la Universidad Alfonso X el Sabio Mare Nostrum,Universidad Alfonso X el Sabio Mare Nostrum
2504156,Graduado o Graduada en Diseño de Videojuegos por la Universidad de Burgos,Universidad de Burgos
2503617,Graduado o Graduada en Diseño de Videojuegos por la Universidad Europea de Madrid,Universidad Europea de Madrid
2503362,Graduado o Graduada en Diseño/ Design por la Universidad de Navarra,Universidad de Navarra
2503788,Graduado o Graduada en Diseño Digital por la Universidad Camilo José Cela,Universidad Camilo José Cela
2503011,Graduado o Graduada en Diseño Digital por la Universidad Internacional de La Rioja,Universidad Internacional de La Rioja
1500634,Graduado o Graduada en Diseño Digital y Multimedia / Bachelor in Digital and Multimedia Design por la Universidad Antonio de Nebrija,Universidad Antonio de Nebrija
2503508,Graduado o Graduada en Diseño Digital y Multimedia por la Universidad Antonio de Nebrija,Universidad Antonio de Nebrija
2504756,Graduado o Graduada en Diseño Digital y Tecnologías Creativas por la Universidad de Lleida,Universidad de Lleida
2504011,Graduado o Graduada en Diseño Digital y Tecnologías Creativas por la Universidad San Jorge,Universidad San Jorge
2504598,Graduado o Graduada en Diseño Digital y Tecnologías Multimedia por la Universidad Politécnica de Catalunya,Universidad Politécnica de Catalunya
2504593,Graduado o Graduada en Diseño e Innovación de Negocios Digitales / Bachelor in Digital Business Design and Innovation por la Universidad Ramón Llull,Universidad Ramón Llull
2504275,Graduado o Graduada en Diseño e Innovación por la Universidad de Vic-Universidad Central de Catalunya,Universidad de Vic-Universidad Central de Catalunya
2504796,Graduado o Graduada en Diseño Gráfico Digital por la Universidad Europea de Canarias,Universidad Europea de Canarias
1500451,Graduado o Graduada en Diseño Gráfico y Creatividad Digital por la Universidad Pablo de Olavide,Universidad Pablo de Olavide
2504740,Graduado o Graduada en Diseño Gráfico y Motion Graphics por la Universidad de Deusto,Universidad de Deusto
2504165,Graduado o Graduada en Diseño Gráfico y Multimedia / Bachelor in Graphic Design and Multimedia  por la Universidad Europea de Madrid,Universidad Europea de Madrid
2504403,Graduado o Graduada en Diseño Gráfico y Tecnologías Creativas por la Universidad Europea de Valencia,Universidad Europea de Valencia
2502685,Graduado o Graduada en Diseño Integral y Gestión de la Imagen por la Universidad Rey Juan Carlos,Universidad Rey Juan Carlos
2504585,"Graduado o Graduada en Diseño Multimedia y Gráfico / Bachelor in Multimedia and Graphic Design por la Universidad de Diseño, Innovación y Tecnología (UDIT)","Universidad de Diseño, Innovación y Tecnología (UDIT)"
1500266,Graduado o Graduada en Diseño para los Sistemas Alimentarios por la Universidad de Barcelona y la Universidad de Vic-Universidad Central de Catalunya,(Conjunto)
2500242,Graduado o Graduada en Diseño por la Universidad Autónoma de Barcelona,Universidad Autónoma de Barcelona
2502085,Graduado o Graduada en Diseño por la Universidad Complutense de Madrid,Universidad Complutense de Madrid
2504179,Graduado o Graduada en Diseño por la Universidad de Barcelona,Universidad de Barcelona
2502684,Graduado o Graduada en Diseño por la Universidad de La Laguna,Universidad de La Laguna
2501084,Graduado o Graduada en Diseño por la Universidad de Vic-Universidad Central de Catalunya,Universidad de Vic-Universidad Central de Catalunya
2504328,Graduado o Graduada en Diseño por la Universidad de Vigo,Universidad de Vigo
2503605,Graduado o Graduada en Diseño por la Universidad Europea de Madrid,Universidad Europea de Madrid
2500085,Graduado o Graduada en Diseño por la Universidad Francisco de Vitoria,Universidad Francisco de Vitoria
1500554,Graduado o Graduada en Diseño por la Universidad Ramón Llull,Universidad Ramón Llull
2504741,Graduado o Graduada en Diseño y Arte Digital para Videojuegos por la Universidad de Deusto,Universidad de Deusto
2504680,Graduado o Graduada en Diseño y Creación de Moda / Bachelor in Fashion Design and Fashion Creation por la Universidad Europea de Madrid,Universidad Europea de Madrid
2504607,Graduado o Graduada en Diseño y Creación de Productos Interactivos por la Universidad Ramón Llull,Universidad Ramón Llull
2504626,Graduado o Graduada en Diseño y Creación Digitales por la Universitat Oberta de Catalunya,Universitat Oberta de Catalunya
2504579,"Graduado o Graduada en Diseño y Desarrollo de Producto / Bachelor in Product Design and Development por la Universidad de Diseño, Innovación y Tecnología (UDIT)","Universidad de Diseño, Innovación y Tecnología (UDIT)"
2503255,Graduado o Graduada en Diseño y Desarrollo de Videojuegos por la Universidad de Girona,Universitat de Girona
2504744,Graduado o Graduada en Diseño y Desarrollo de Videojuegos por la Universidad Euneiz,Universidad Euneiz
2504289,Graduado o Graduada en Diseño y Desarrollo de Videojuegos por la Universidad Internacional de La Rioja,Universidad Internacional de La Rioja
2502694,Graduado o Graduada en Diseño y Desarrollo de Videojuegos por la Universidad Jaume I de Castellón,Universidad Jaume I de Castellón
2503054,Graduado o Graduada en Diseño y Desarrollo de Videojuegos por la Universidad Politécnica de Catalunya,Universidad Politécnica de Catalunya
2502822,Graduado o Graduada en Diseño y Desarrollo de Videojuegos por la Universidad Rey Juan Carlos,Universidad Rey Juan Carlos
2502841,Graduado o Graduada en Diseño y Desarrollo de Videojuegos por la Universidad San Jorge,Universidad San Jorge
1500166,Graduado o Graduada en Diseño y Desarrollo de Videojuegos y Entornos Virtuales por la Universidad Católica Santa Teresa de Jesús de Ávila,Universidad Católica Santa Teresa de Jesús de Ávila
2504583,"Graduado o Graduada en Diseño y Desarrollo de Videojuegos y Entornos Virtuales por la Universidad de Diseño, Innovación y Tecnología (UDIT)","Universidad de Diseño, Innovación y Tecnología (UDIT)"
2503654,Graduado o Graduada en Diseño y Desarrollo de Videojuegos y Experiencias Interactivas por la Universitat Politècnica de València,Universitat Politècnica de València
2504614,Graduado o Graduada en Diseño y Desarrollo de Videojuegos y Juegos Aplicados  por la Universidad de Barcelona,Universidad de Barcelona
2503400,Graduado o Graduada en Diseño y Gestión de Moda por la Universidad Rey Juan Carlos,Universidad Rey Juan Carlos
2503607,Graduado o Graduada en Diseño y Gestión de Proyectos Transmedia por la Universidad Autónoma de Madrid,Universidad Autónoma de Madrid
2504042,Graduado o Graduada en Diseño y Narración de Animación y Videojuegos por la Universidad Católica de Valencia San Vicente Mártir,Universidad Católica de Valencia San Vicente Mártir
1500607,Graduado o Graduada en Diseño y Producción de Videojuegos por la Universidad Pompeu Fabra,Universidad Pompeu Fabra
2503349,Graduado o Graduada en Diseño y Tecnologías Creativas por la Universitat Politècnica de València,Universitat Politècnica de València
1500828,Graduado o Graduada en Documentación y Gestión de la Información Digital por la Universidad de Extremadura,Universidad de Extremadura
2503914,Graduado o Graduada en Economía / Bachelor in Economics por la IE Universidad,IE Universidad
2500119,Graduado o Graduada en Economía / Bachelor in Economics por la Universidad Carlos III de Madrid,Universidad Carlos III de Madrid
2500910,Graduado o Graduada en Economía / Bachelor in Economics por la Universidad Complutense de Madrid,Universidad Complutense de Madrid
2504217,Graduado o Graduada en Economía / Bachelor in Economics por la Universidad de Navarra,Universidad de Navarra
1500435,Graduado o Graduada en Economía / Bachelor in Economics por la Universidad Internacional de la Empresa,Universidad Internacional de la Empresa
2500967,Graduado o Graduada en Economía / Bachelor in Economics por la Universidad Rey Juan Carlos,Universidad Rey Juan Carlos
2504663,Graduado o Graduada en Economía / Bachelor in Economy por la Universidad Europea de Madrid,Universidad Europea de Madrid
2504067,Graduado o Graduada en Economía / Economics por la CUNEF Universidad,CUNEF Universidad
2500837,Graduado o Graduada en Economía  por la Universidad de Extremadura,Universidad de Extremadura
1500388,Graduado o Graduada en Economía de la Empresa Internacional / Bachelor in International Business Economics por la Universidad Jaume I de Castellón,Universidad Jaume I de Castellón
1500362,Graduado o Graduada en Economía Digital e Inteligencia de Negocios por la Universidad Tecnológica Atlántico-Mediterráneo,Universidad Tecnológica Atlántico-Mediterráneo
2501299,Graduado o Graduada en Economía Financiera y Actuarial por la Universidad Rey Juan Carlos,Universidad Rey Juan Carlos
2503999,Graduado o Graduada en Economía por la Universidad a Distancia de Madrid,Universidad a Distancia de Madrid
2501573,Graduado o Graduada en Economía por la Universidad Autónoma de Barcelona,Universidad Autónoma de Barcelona
2500477,Graduado o Graduada en Economía por la Universidad Autónoma de Madrid,Universidad Autónoma de Madrid
2501250,Graduado o Graduada en Economía por la Universidad Católica Santa Teresa de Jesús de Ávila,Universidad Católica Santa Teresa de Jesús de Ávila
2501016,Graduado o Graduada en Economía por la Universidad de A Coruña,Universidad de A Coruña
2503988,Graduado o Graduada en Economía por la Universidad de Alcalá,Universidad de Alcalá
2501501,Graduado o Graduada en Economía por la Universidad de Alicante,Universidad de Alicante
2504027,Graduado o Graduada en Economía por la Universidad de Almería,Universidad de Almería
2500668,Graduado o Graduada en Economía por la Universidad de Barcelona,Universidad de Barcelona
2504355,Graduado o Graduada en Economía por la Universidad de Barcelona,Universidad de Barcelona
2501506,Graduado o Graduada en Economía por la Universidad de Cantabria,Universidad de Cantabria
2500679,Graduado o Graduada en Economía por la Universidad de Castilla-La Mancha,Universidad de Castilla-La Mancha
1500638,Graduado o Graduada en Economía por la Universidad de Girona,Universitat de Girona
2501822,Graduado o Graduada en Economía por la Universidad de Granada,Universidad de Granada
2500711,Graduado o Graduada en Economía por la Universidad de La Laguna,Universidad de La Laguna
2504523,Graduado o Graduada en Economía por la Universidad de las Hespérides,Universidad de las Hespérides
2501909,Graduado o Graduada en Economía por la Universidad de Las Palmas de Gran Canaria,Universidad de Las Palmas de Gran Canaria
2500941,Graduado o Graduada en Economía por la Universidad de León,Universidad de León
2501969,Graduado o Graduada en Economía por la Universidad de Málaga,Universidad de Málaga
2500721,Graduado o Graduada en Economía por la Universidad de Murcia,Universidad de Murcia
2501525,Graduado o Graduada en Economía por la Universidad de Oviedo,Universidad de Oviedo
2500461,Graduado o Graduada en Economía por la Universidad de Salamanca,Universidad de Salamanca
2501108,Graduado o Graduada en Economía por la Universidad de Santiago de Compostela,Universidad de Santiago de Compostela
2501078,Graduado o Graduada en Economía por la Universidad de Sevilla,Universidad de Sevilla
2501078,Graduado o Graduada en Economía por la Universidad de Sevilla,Universidad de Sevilla
2501691,Graduado o Graduada en Economía por la Universidad de Valladolid,Universidad de Valladolid
2501119,Graduado o Graduada en Economía por la Universidad de Vigo,Universidad de Vigo
2502476,Graduado o Graduada en Economía por la Universidad de Zaragoza,Universidad de Zaragoza
2501638,Graduado o Graduada en Economía por la Universidad del País Vasco/Euskal Herriko Unibertsitatea,Universidad del País Vasco/Euskal Herriko Unibertsitatea
2504440,Graduado o Graduada en Economía por la Universidad Internacional de La Rioja,Universidad Internacional de La Rioja
2502343,Graduado o Graduada en Economía por la Universidad Jaume I de Castellón,Universidad Jaume I de Castellón
2502769,Graduado o Graduada en Economía por la Universidad Loyola Andalucía,Universidad Loyola Andalucía
2500389,Graduado o Graduada en Economía por la Universidad Nacional de Educación a Distancia,Universidad Nacional de Educación a Distancia
2500498,Graduado o Graduada en Economía por la Universidad Pompeu Fabra,Universidad Pompeu Fabra
2501529,Graduado o Graduada en Economía por la Universidad Pública de Navarra,Universidad Pública de Navarra
2500453,Graduado o Graduada en Economía por la Universidad Rovira i Virgili,Universidad Rovira i Virgili
2502829,Graduado o Graduada en Economía por la Universidad San Pablo-CEU,Universidad San Pablo-CEU
2500932,Graduado o Graduada en Economía por la Universitat de les Illes Balears,Universitat de les Illes Balears
2501407,Graduado o Graduada en Economía por la Universitat de València (Estudi General),Universitat de València (Estudi General)
2503268,Graduado o Graduada en Economía por la Universitat Oberta de Catalunya,Universitat Oberta de Catalunya
2501827,Graduado o Graduada en Educación Infantil por la Universidad de Granada,Universidad de Granada
2501845,Graduado o Graduada en Educación Infantil por la Universidad de Huelva,Universidad de Huelva
2501865,Graduado o Graduada en Educación Infantil por la Universidad de Jaén,Universidad de Jaén
2501267,Graduado o Graduada en Educación Infantil por la Universidad de La Rioja,Universidad de La Rioja
2501911,Graduado o Graduada en Educación Infantil por la Universidad de Las Palmas de Gran Canaria,Universidad de Las Palmas de Gran Canaria
2500850,Graduado o Graduada en Educación Infantil por la Universidad de León,Universidad de León
2500515,Graduado o Graduada en Educación Infantil por la Universidad de Lleida,Universidad de Lleida
2501975,Graduado o Graduada en Educación Infantil por la Universidad de Málaga,Universidad de Málaga
2500379,Graduado o Graduada en Educación Infantil por la Universidad de Murcia,Universidad de Murcia
2501530,Graduado o Graduada en Educación Infantil por la Universidad de Sevilla,Universidad de Sevilla
2500464,Graduado o Graduada en Educación Infantil por la Universidad de Valladolid,Universidad de Valladolid
2501120,Graduado o Graduada en Educación Infantil por la Universidad de Vigo,Universidad de Vigo
2501639,Graduado o Graduada en Educación Infantil por la Universidad del País Vasco/Euskal Herriko Unibertsitatea,Universidad del País Vasco/Euskal Herriko Unibertsitatea
2504432,Graduado o Graduada en Educación Infantil por la Universidad Francisco de Vitoria,Universidad Francisco de Vitoria
1500413,Graduado o Graduada en Educación Infantil por la Universidad Internacional de la Empresa,Universidad Internacional de la Empresa
2504294,Graduado o Graduada en Educación Infantil por la Universidad Internacional Isabel I de Castilla,Universidad Internacional Isabel I de Castilla
2504706,Graduado o Graduada en Educación Infantil por la Universidad Loyola Andalucía,Universidad Loyola Andalucía
2504426,Graduado o Graduada en Educación Infantil por la Universidad Nacional de Educación a Distancia,Universidad Nacional de Educación a Distancia
2500087,Graduado o Graduada en Educación Infantil por la Universidad Pontificia Comillas,Universidad Pontificia Comillas
2500415,Graduado o Graduada en Educación Infantil por la Universidad Ramón Llull,Universidad Ramón Llull
2500454,Graduado o Graduada en Educación Infantil por la Universidad Rovira i Virgili,Universidad Rovira i Virgili
2504277,Graduado o Graduada en Educación Infantil por la Universidad San Pablo-CEU,Universidad San Pablo-CEU
1500364,Graduado o Graduada en Educación Infantil por la Universidad Tecnológica Atlántico-Mediterráneo,Universidad Tecnológica Atlántico-Mediterráneo
1500446,Graduado o Graduada en Educación Infantil por la Universidad Tecnológica de las Islas Canarias,Universidad Tecnológica de las Islas Canarias
2501424,Graduado o Graduada en Educación Infantil por la Universitat Abat Oliba CEU,Universitat Abat Oliba CEU
2500933,Graduado o Graduada en Educación Infantil por la Universitat de les Illes Balears,Universitat de les Illes Balears
2500580,Graduado o Graduada en Educación Infantil por la Universitat Internacional de Catalunya,Universitat Internacional de Catalunya
2502673,Graduado o Graduada en Educación Infantil por la Universitat Internacional Valenciana,Universitat Internacional Valenciana
2500427,Graduado o Graduada en Educación Primaria / Bachelor in Primary Education por la Universidad Rey Juan Carlos,Universidad Rey Juan Carlos
2502976,Graduado o Graduada en Educación Primaria - Primary Education por la Universidad San Jorge,Universidad San Jorge
2500587,Graduado o Graduada en Educación Primaria por la Mondragón Unibertsitatea,Mondragón Unibertsitatea
1500173,Graduado o Graduada en Educación Primaria por la Universidad Alfonso X El Sabio,Universidad Alfonso X El Sabio
2502612,Graduado o Graduada en Educación Primaria por la Universidad Antonio de Nebrija,Universidad Antonio de Nebrija
2500798,Graduado o Graduada en Educación Primaria por la Universidad Autónoma de Barcelona,Universidad Autónoma de Barcelona
2502174,Graduado o Graduada en Educación Primaria por la Universidad Cardenal Herrera-CEU,Universidad Cardenal Herrera-CEU
2502495,Graduado o Graduada en Educación Primaria por la Universidad Católica de Valencia San Vicente Mártir y la Universitat Internacional Valenciana,(Conjunto)
2500541,Graduado o Graduada en Educación Primaria por la Universidad Católica San Antonio,Universidad Católica San Antonio
1500257,Graduado o Graduada en Educación Primaria por la Universidad CEU Fernando III,Universidad CEU Fernando III
2501018,Graduado o Graduada en Educación Primaria por la Universidad de A Coruña,Universidad de A Coruña
2501718,Graduado o Graduada en Educación Primaria por la Universidad de Almería,Universidad de Almería
2501751,Graduado o Graduada en Educación Primaria por la Universidad de Cádiz,Universidad de Cádiz
2501789,Graduado o Graduada en Educación Primaria por la Universidad de Córdoba,Universidad de Córdoba
2500549,Graduado o Graduada en Educación Primaria por la Universidad de Deusto,Universidad de Deusto
2500926,Graduado o Graduada en Educación Primaria por la Universidad de Extremadura,Universidad de Extremadura
2501828,Graduado o Graduada en Educación Primaria por la Universidad de Granada,Universidad de Granada
2501846,Graduado o Graduada en Educación Primaria por la Universidad de Huelva,Universidad de Huelva
2501866,Graduado o Graduada en Educación Primaria por la Universidad de Jaén,Universidad de Jaén
2501268,Graduado o Graduada en Educación Primaria por la Universidad de La Rioja,Universidad de La Rioja
2501912,Graduado o Graduada en Educación Primaria por la Universidad de Las Palmas de Gran Canaria,Universidad de Las Palmas de Gran Canaria
2500851,Graduado o Graduada en Educación Primaria por la Universidad de León,Universidad de León
2503757,Graduado o Graduada en Educación Primaria por la Universidad de Lleida,Universidad de Lleida
2501977,Graduado o Graduada en Educación Primaria por la Universidad de Málaga,Universidad de Málaga
2500380,Graduado o Graduada en Educación Primaria por la Universidad de Murcia,Universidad de Murcia
2501531,Graduado o Graduada en Educación Primaria por la Universidad de Sevilla,Universidad de Sevilla
2500465,Graduado o Graduada en Educación Primaria por la Universidad de Valladolid,Universidad de Valladolid
2501121,Graduado o Graduada en Educación Primaria por la Universidad de Vigo,Universidad de Vigo
2501640,Graduado o Graduada en Educación Primaria por la Universidad del País Vasco/Euskal Herriko Unibertsitatea,Universidad del País Vasco/Euskal Herriko Unibertsitatea
1500457,Graduado o Graduada en Educación Primaria por la Universidad Europea de Canarias,Universidad Europea de Canarias
2503327,Graduado o Graduada en Educación Primaria por la Universidad Europea del Atlántico,Universidad Europea del Atlántico
1500109,Graduado o Graduada en Educación Primaria por la Universidad Europea Miguel de Cervantes,Universidad Europea Miguel de Cervantes
2504433,Graduado o Graduada en Educación Primaria por la Universidad Francisco de Vitoria,Universidad Francisco de Vitoria
2500581,Graduado o Graduada en Educación Primaria por la Universidad Internacional de Catalunya,Universitat Internacional de Catalunya
2504675,Graduado o Graduada en Educación Primaria por la Universidad Internacional de la Empresa,Universidad Internacional de la Empresa
2504297,Graduado o Graduada en Educación Primaria por la Universidad Internacional Isabel I de Castilla,Universidad Internacional Isabel I de Castilla
2504697,Graduado o Graduada en Educación Primaria por la Universidad Loyola Andalucía,Universidad Loyola Andalucía
2500146,Graduado o Graduada en Educación Primaria por la Universidad Pontificia Comillas,Universidad Pontificia Comillas
2500416,Graduado o Graduada en Educación Primaria por la Universidad Ramón Llull,Universidad Ramón Llull
2500455,Graduado o Graduada en Educación Primaria por la Universidad Rovira i Virgili,Universidad Rovira i Virgili
2504278,Graduado o Graduada en Educación Primaria por la Universidad San Pablo-CEU,Universidad San Pablo-CEU
1500365,Graduado o Graduada en Educación Primaria por la Universidad Tecnológica Atlántico-Mediterráneo,Universidad Tecnológica Atlántico-Mediterráneo
1500447,Graduado o Graduada en Educación Primaria por la Universidad Tecnológica de las Islas Canarias,Universidad Tecnológica de las Islas Canarias
2501425,Graduado o Graduada en Educación Primaria por la Universitat Abat Oliba CEU,Universitat Abat Oliba CEU
2500986,Graduado o Graduada en Educación Primaria por la Universitat de les Illes Balears,Universitat de les Illes Balears
2503974,Graduado o Graduada en Educación Primaria por la Universitat Oberta de Catalunya,Universitat Oberta de Catalunya
2504731,Graduado o Graduada en Educación Social por la Universidad Antonio de Nebrija,Universidad Antonio de Nebrija
2500260,Graduado o Graduada en Educación Social por la Universidad Autónoma de Barcelona,Universidad Autónoma de Barcelona
2500796,Graduado o Graduada en Educación Social por la Universidad Autónoma de Madrid,Universidad Autónoma de Madrid
2500822,Graduado o Graduada en Educación Social por la Universidad Católica de Valencia San Vicente Mártir,Universidad Católica de Valencia San Vicente Mártir
2500913,Graduado o Graduada en Educación Social por la Universidad Complutense de Madrid,Universidad Complutense de Madrid
2501221,Graduado o Graduada en Educación Social por la Universidad de A Coruña,Universidad de A Coruña
2502094,Graduado o Graduada en Educación Social por la Universidad de Alcalá,Universidad de Alcalá
2502530,Graduado o Graduada en Educación Social por la Universidad de Almería,Universidad de Almería
2500292,Graduado o Graduada en Educación Social por la Universidad de Barcelona,Universidad de Barcelona
2501442,Graduado o Graduada en Educación Social por la Universidad de Burgos,Universidad de Burgos
2500307,Graduado o Graduada en Educación Social por la Universidad de Castilla-La Mancha,Universidad de Castilla-La Mancha
2503045,Graduado o Graduada en Educación Social por la Universidad de Córdoba,Universidad de Córdoba
2500550,Graduado o Graduada en Educación Social por la Universidad de Deusto,Universidad de Deusto
2500838,Graduado o Graduada en Educación Social por la Universidad de Extremadura,Universidad de Extremadura
2500327,Graduado o Graduada en Educación Social por la Universidad de Girona,Universitat de Girona
2501823,Graduado o Graduada en Educación Social por la Universidad de Granada,Universidad de Granada
2501843,Graduado o Graduada en Educación Social por la Universidad de Huelva,Universidad de Huelva
2502956,Graduado o Graduada en Educación Social por la Universidad de Jaén,Universidad de Jaén
2501914,Graduado o Graduada en Educación Social por la Universidad de Las Palmas de Gran Canaria,Universidad de Las Palmas de Gran Canaria
2500852,Graduado o Graduada en Educación Social por la Universidad de León,Universidad de León
2500365,Graduado o Graduada en Educación Social por la Universidad de Lleida,Universidad de Lleida
2501970,Graduado o Graduada en Educación Social por la Universidad de Málaga,Universidad de Málaga
2500381,Graduado o Graduada en Educación Social por la Universidad de Murcia,Universidad de Murcia
2501629,Graduado o Graduada en Educación Social por la Universidad de Oviedo,Universidad de Oviedo
2502425,Graduado o Graduada en Educación Social por la Universidad de Salamanca,Universidad de Salamanca
2501109,Graduado o Graduada en Educación Social por la Universidad de Santiago de Compostela,Universidad de Santiago de Compostela
2500463,Graduado o Graduada en Educación Social por la Universidad de Valladolid,Universidad de Valladolid
2500628,Graduado o Graduada en Educación Social por la Universidad de Vic-Universidad Central de Catalunya,Universidad de Vic-Universidad Central de Catalunya
2501203,Graduado o Graduada en Educación Social por la Universidad de Vigo,Universidad de Vigo
2502024,Graduado o Graduada en Educación Social por la Universidad del País Vasco/Euskal Herriko Unibertsitatea,Universidad del País Vasco/Euskal Herriko Unibertsitatea
2504260,Graduado o Graduada en Educación Social por la Universidad Francisco de Vitoria,Universidad Francisco de Vitoria
2503960,Graduado o Graduada en Educación Social por la Universidad Internacional de La Rioja,Universidad Internacional de La Rioja
2500390,Graduado o Graduada en Educación Social por la Universidad Nacional de Educación a Distancia,Universidad Nacional de Educación a Distancia
2501526,Graduado o Graduada en Educación Social por la Universidad Pablo de Olavide,Universidad Pablo de Olavide
2501399,Graduado o Graduada en Educación Social por la Universidad Pontificia de Salamanca,Universidad Pontificia de Salamanca
1500463,Graduado o Graduada en Educación Social por la Universidad Pontificia de Salamanca,Universidad Pontificia de Salamanca
2500419,Graduado o Graduada en Educación Social por la Universidad Ramón Llull,Universidad Ramón Llull
1500626,Graduado o Graduada en Educación Social por la Universidad Rovira i Virgili,Universidad Rovira i Virgili
1500603,Graduado o Graduada en Educación Social por la Universidad San Jorge,Universidad San Jorge
2500336,Graduado o Graduada en Educación Social por la Universitat de les Illes Balears,Universitat de les Illes Balears
2500878,Graduado o Graduada en Educación Social por la Universitat de València (Estudi General),Universitat de València (Estudi General)
1500331,Graduado o Graduada en Educación Social por la Universitat Internacional Valenciana,Universitat Internacional Valenciana
2500597,Graduado o Graduada en Educación Social por la Universitat Oberta de Catalunya,Universitat Oberta de Catalunya
2504752,Graduado o Graduada en Efectos Visuales / Bachelor in Visual Effects por la Universidad Camilo José Cela,Universidad Camilo José Cela
2504546,Graduado o Graduada en Emprendimiento por la Universidad de las Hespérides,Universidad de las Hespérides
2503813,Graduado o Graduada en Emprendimiento y Gestión de Empresas por la Universidad Camilo José Cela,Universidad Camilo José Cela
1500043,"Graduado o Graduada en Empresa, Innovación y Tecnología por la Universidad Politécnica de Catalunya",Universidad Politécnica de Catalunya
1500581,Graduado o Graduada en Empresa Internacional / Bachelor in International Business por la Universidad de Zaragoza,Universidad de Zaragoza
2502823,Graduado o Graduada en Empresa Internacional por la Universidad de Barcelona,Universidad de Barcelona
2503560,Graduado o Graduada en Empresa y Tecnología / Bachelor in Management and Technology por la Universidad Camilo José Cela,Universidad Camilo José Cela
2503790,Graduado o Graduada en Empresa y Tecnología / Bachelor in Management and Technology por la Universidad Carlos III de Madrid,Universidad Carlos III de Madrid
1500584,Graduado o Graduada en Empresa y Tecnología Digital por la Universitat Politècnica de València,Universitat Politècnica de València
2504637,Graduado o Graduada en Empresa y Tecnología por la CUNEF Universidad,CUNEF Universidad
2504405,Graduado o Graduada en Empresa y Tecnología por la Universidad a Distancia de Madrid,Universidad a Distancia de Madrid
2501232,Graduado o Graduada en Empresa y Tecnología por la Universidad Autónoma de Barcelona,Universidad Autónoma de Barcelona
1500218,Graduado o Graduada en Empresa y Tecnología por la Universidad de Santiago de Compostela,Universidad de Santiago de Compostela
2502603,Graduado o Graduada en Empresas y Actividades Turísticas por la Universidad a Distancia de Madrid,Universidad a Distancia de Madrid
2502850,Graduado o Graduada en Energy Engineering/Ingeniería de la Energía por la Universidad Carlos III de Madrid,Universidad Carlos III de Madrid
2501227,Graduado o Graduada en Enfermería por la Universidad Alfonso X El Sabio,Universidad Alfonso X El Sabio
1500526,Graduado o Graduada en Enfermería por la Universidad Alfonso X el Sabio Mare Nostrum,Universidad Alfonso X el Sabio Mare Nostrum
2502438,Graduado o Graduada en Enfermería por la Universidad Antonio de Nebrija,Universidad Antonio de Nebrija
2500891,Graduado o Graduada en Enfermería por la Universidad Autónoma de Barcelona,Universidad Autónoma de Barcelona
2502042,Graduado o Graduada en Enfermería por la Universidad Autónoma de Madrid,Universidad Autónoma de Madrid
2502511,Graduado o Graduada en Enfermería por la Universidad Camilo José Cela,Universidad Camilo José Cela
2500531,Graduado o Graduada en Enfermería por la Universidad Cardenal Herrera-CEU,Universidad Cardenal Herrera-CEU
2501245,Graduado o Graduada en Enfermería por la Universidad Católica de Valencia San Vicente Mártir,Universidad Católica de Valencia San Vicente Mártir
2500138,Graduado o Graduada en Enfermería por la Universidad Católica San Antonio,Universidad Católica San Antonio
2501710,Graduado o Graduada en Enfermería por la Universidad Católica Santa Teresa de Jesús de Ávila,Universidad Católica Santa Teresa de Jesús de Ávila
1500369,Graduado o Graduada en Enfermería por la Universidad CEU Fernando III,Universidad CEU Fernando III
2500309,Graduado o Graduada en Enfermería por la Universidad Complutense de Madrid,Universidad Complutense de Madrid
2501008,Graduado o Graduada en Enfermería por la Universidad de A Coruña,Universidad de A Coruña
2500232,Graduado o Graduada en Enfermería por la Universidad de Alcalá,Universidad de Alcalá
2502196,Graduado o Graduada en Enfermería por la Universidad de Alicante,Universidad de Alicante
2504090,Graduado o Graduada en Enfermería por la Universidad de Almería,Universidad de Almería
2500284,Graduado o Graduada en Enfermería por la Universidad de Barcelona,Universidad de Barcelona
2502448,Graduado o Graduada en Enfermería por la Universidad de Burgos,Universidad de Burgos
2501335,Graduado o Graduada en Enfermería por la Universidad de Cádiz,Universidad de Cádiz
2501373,Graduado o Graduada en Enfermería por la Universidad de Cantabria,Universidad de Cantabria
2500681,Graduado o Graduada en Enfermería por la Universidad de Castilla-La Mancha,Universidad de Castilla-La Mancha
2501321,Graduado o Graduada en Enfermería por la Universidad de Córdoba,Universidad de Córdoba
2504512,Graduado o Graduada en Enfermería por la Universidad de Deusto,Universidad de Deusto
2500313,Graduado o Graduada en Enfermería por la Universidad de Extremadura,Universidad de Extremadura
2504014,Graduado o Graduada en Enfermería por la Universidad de Girona,Universitat de Girona
1500083,Graduado o Graduada en Enfermería por la Universidad de Granada,Universidad de Granada
2501146,Graduado o Graduada en Enfermería por la Universidad de Huelva,Universidad de Huelva
2501154,Graduado o Graduada en Enfermería por la Universidad de Jaén,Universidad de Jaén
2500713,Graduado o Graduada en Enfermería por la Universidad de La Laguna,Universidad de La Laguna
2502122,Graduado o Graduada en Enfermería por la Universidad de La Rioja,Universidad de La Rioja
2502350,Graduado o Graduada en Enfermería por la Universidad de Las Palmas de Gran Canaria,Universidad de Las Palmas de Gran Canaria
2502353,Graduado o Graduada en Enfermería por la Universidad de León,Universidad de León
2503462,Graduado o Graduada en Enfermería por la Universidad de Lleida,Universidad de Lleida
2501160,Graduado o Graduada en Enfermería por la Universidad de Málaga,Universidad de Málaga
2500942,Graduado o Graduada en Enfermería por la Universidad de Murcia,Universidad de Murcia
2500591,Graduado o Graduada en Enfermería por la Universidad de Navarra,Universidad de Navarra
2500731,Graduado o Graduada en Enfermería por la Universidad de Oviedo,Universidad de Oviedo
2502043,Graduado o Graduada en Enfermería por la Universidad de Salamanca,Universidad de Salamanca
2504480,Graduado o Graduada en Enfermería por la Universidad de Santiago de Compostela,Universidad de Santiago de Compostela
2501190,Graduado o Graduada en Enfermería por la Universidad de Sevilla,Universidad de Sevilla
2502310,Graduado o Graduada en Enfermería por la Universidad de Valladolid,Universidad de Valladolid
2503157,Graduado o Graduada en Enfermería por la Universidad de Vic-Universidad Central de Catalunya,Universidad de Vic-Universidad Central de Catalunya
2501202,Graduado o Graduada en Enfermería por la Universidad de Vigo,Universidad de Vigo
2500072,Graduado o Graduada en Enfermería por la Universidad de Zaragoza,Universidad de Zaragoza
2504779,Graduado o Graduada en Enfermería por la Universidad del Atlántico Medio,Universidad del Atlántico Medio
2502012,Graduado o Graduada en Enfermería por la Universidad del País Vasco/Euskal Herriko Unibertsitatea,Universidad del País Vasco/Euskal Herriko Unibertsitatea
2502977,Graduado o Graduada en Enfermería por la Universidad Europea de Canarias,Universidad Europea de Canarias
2503601,Graduado o Graduada en Enfermería por la Universidad Europea de Madrid,Universidad Europea de Madrid
2502873,Graduado o Graduada en Enfermería por la Universidad Europea de Valencia,Universidad Europea de Valencia
2504501,Graduado o Graduada en Enfermería por la Universidad Europea Miguel de Cervantes,Universidad Europea Miguel de Cervantes
2503301,Graduado o Graduada en Enfermería por la Universidad Fernando Pessoa-Canarias (UFP-C),Universidad Fernando Pessoa-Canarias (UFP-C)
2501454,Graduado o Graduada en Enfermería por la Universidad Francisco de Vitoria,Universidad Francisco de Vitoria
1500770,Graduado o Graduada en Enfermería por la Universidad Intercontinental de la Empresa,Universidad Intercontinental de la Empresa
1500209,Graduado o Graduada en Enfermería por la Universidad Internacional de la Empresa,Universidad Internacional de la Empresa
1500107,Graduado o Graduada en Enfermería por la Universidad Internacional Villanueva,Universidad Internacional Villanueva
2502261,Graduado o Graduada en Enfermería por la Universidad Jaume I de Castellón,Universidad Jaume I de Castellón
2504677,Graduado o Graduada en Enfermería por la Universidad Loyola Andalucía,Universidad Loyola Andalucía
1500590,Graduado o Graduada en Enfermería por la Universidad Miguel Hernández de Elche,Universidad Miguel Hernández de Elche
2500399,Graduado o Graduada en Enfermería por la Universidad Pompeu Fabra,Universidad Pompeu Fabra
2500604,Graduado o Graduada en Enfermería por la Universidad Pontificia Comillas,Universidad Pontificia Comillas
2504712,Graduado o Graduada en Enfermería por la Universidad Pontificia de Salamanca,Universidad Pontificia de Salamanca
2501397,Graduado o Graduada en Enfermería por la Universidad Pontificia de Salamanca,Universidad Pontificia de Salamanca
2501665,Graduado o Graduada en Enfermería por la Universidad Pública de Navarra,Universidad Pública de Navarra
2503739,Graduado o Graduada en Enfermería por la Universidad Ramón Llull,Universidad Ramón Llull
2500741,Graduado o Graduada en Enfermería por la Universidad Rey Juan Carlos,Universidad Rey Juan Carlos
2503397,Graduado o Graduada en Enfermería por la Universidad Rovira i Virgili,Universidad Rovira i Virgili
2500972,Graduado o Graduada en Enfermería por la Universidad San Jorge,Universidad San Jorge
2502162,Graduado o Graduada en Enfermería por la Universidad San Pablo-CEU,Universidad San Pablo-CEU
1500329,Graduado o Graduada en Enfermería por la Universitat Abat Oliba CEU,Universitat Abat Oliba CEU
2500930,Graduado o Graduada en Enfermería por la Universitat de les Illes Balears,Universitat de les Illes Balears
2502255,Graduado o Graduada en Enfermería por la Universitat de València (Estudi General),Universitat de València (Estudi General)
2500639,Graduado o Graduada en Enfermería por la Universitat Internacional de Catalunya,Universitat Internacional de Catalunya
2503905,Graduado o Graduada en Engineering Physics / Ingeniería Física por la Universidad Carlos III de Madrid,Universidad Carlos III de Madrid
2502562,Graduado o Graduada en Enología por la Universidad de Cádiz,Universidad de Cádiz
2503976,Graduado o Graduada en Enología por la Universidad de Castilla-La Mancha,Universidad de Castilla-La Mancha
2502604,Graduado o Graduada en Enología por la Universidad de Córdoba,Universidad de Córdoba
2502184,Graduado o Graduada en Enología por la Universidad de Extremadura,Universidad de Extremadura
2502120,Graduado o Graduada en Enología por la Universidad de La Rioja,Universidad de La Rioja
2502309,Graduado o Graduada en Enología por la Universidad de Valladolid,Universidad de Valladolid
2502970,Graduado o Graduada en Enología por la Universidad Rovira i Virgili,Universidad Rovira i Virgili
1500216,Graduado o Graduada en Escritura Creativa y Desarrollo de Contenidos por la Universidad Internacional de la Empresa,Universidad Internacional de la Empresa
2500648,Graduado o Graduada en Español: Estudios Lingüísticos y Literarios por la Universidad de A Coruña,Universidad de A Coruña
2500682,Graduado o Graduada en Español: Lengua y Literatura por la Universidad Complutense de Madrid,Universidad Complutense de Madrid
1500631,Graduado o Graduada en Español: Lengua y Literatura por la Universidad de Burgos,Universidad de Burgos
2500671,Graduado o Graduada en Español: Lengua y Literatura por la Universidad de Burgos,Universidad de Burgos
2501375,Graduado o Graduada en Español: Lengua y Literatura por la Universidad de Castilla-La Mancha,Universidad de Castilla-La Mancha
2500343,Graduado o Graduada en Español: Lengua y Literatura por la Universidad de La Laguna,Universidad de La Laguna
2501415,Graduado o Graduada en Español: Lengua y Literatura por la Universidad de Valladolid,Universidad de Valladolid
2502406,Graduado o Graduada en Español: Lengua y Literaturas por la Universidad de Alicante,Universidad de Alicante
2500755,Graduado o Graduada en Estadística,Universidad de Salamanca
2503852,Graduado o Graduada en Estadística Aplicada por la Universidad Autónoma de Barcelona,Universidad Autónoma de Barcelona
2501031,Graduado o Graduada en Estadística Aplicada por la Universidad Complutense de Madrid,Universidad Complutense de Madrid
1500646,Graduado o Graduada en Estadística Empresarial por la Universidad Internacional de La Rioja,Universidad Internacional de La Rioja
2501617,Graduado o Graduada en Estadística Empresarial por la Universidad Miguel Hernández de Elche,Universidad Miguel Hernández de Elche
1500246,Graduado o Graduada en Estadística por la Universidad de Barcelona y la Universidad Politécnica de Catalunya,(Conjunto)
2502185,Graduado o Graduada en Estadística por la Universidad de Extremadura,Universidad de Extremadura
2501810,Graduado o Graduada en Estadística por la Universidad de Granada,Universidad de Granada
1500715,Graduado o Graduada en Estadística por la Universidad de Salamanca,Universidad de Salamanca
2503289,Graduado o Graduada en Estadística por la Universidad de Salamanca,Universidad de Salamanca
2501683,Graduado o Graduada en Estadística por la Universidad de Sevilla,Universidad de Sevilla
2501083,Graduado o Graduada en Estadística por la Universidad de Valladolid,Universidad de Valladolid
2502522,Graduado o Graduada en Estadística y Empresa por la Universidad de Jaén,Universidad de Jaén
2500744,Graduado o Graduada en Estudios Alemanes por la Universidad de Salamanca,Universidad de Salamanca
2502409,Graduado o Graduada en Estudios Árabes e Islámicos por la Universidad de Alicante,Universidad de Alicante
2501740,Graduado o Graduada en Estudios Árabes e Islámicos por la Universidad de Cádiz,Universidad de Cádiz
2502521,Graduado o Graduada en Estudios Árabes e Islámicos por la Universidad de Granada,Universidad de Granada
2500745,Graduado o Graduada en Estudios Árabes e Islámicos por la Universidad de Salamanca,Universidad de Salamanca
2503883,Graduado o Graduada en Estudios Árabes y Hebreos por la Universidad de Barcelona,Universidad de Barcelona
2500344,Graduado o Graduada en Estudios Clásicos por la Universidad de La Laguna,Universidad de La Laguna
2501533,Graduado o Graduada en Estudios Clásicos por la Universidad de Valladolid,Universidad de Valladolid
2501701,Graduado o Graduada en Estudios Clásicos por la Universidad de Zaragoza,Universidad de Zaragoza
2500794,Graduado o Graduada en Estudios Clásicos y de la Antigüedad por la Universidad Autónoma de Madrid,Universidad Autónoma de Madrid
2502363,Graduado o Graduada en Estudios Clásicos y Románicos por la Universidad de Oviedo,Universidad de Oviedo
2503917,Graduado o Graduada en Estudios Culturales / Bachelor in Cultural Studies por la Universidad Carlos III de Madrid,Universidad Carlos III de Madrid
2503251,Graduado o Graduada en Estudios de Arquitectura / Bachelor in Architectural Studies por la IE Universidad,IE Universidad
2503167,Graduado o Graduada en Estudios de Arquitectura por la Universidad de A Coruña,Universidad de A Coruña
2503005,Graduado o Graduada en Estudios de Arquitectura por la Universidad de Girona,Universitat de Girona
2501832,Graduado o Graduada en Estudios de Arquitectura por la Universidad de Granada,Universidad de Granada
2503657,Graduado o Graduada en Estudios de Arquitectura por la Universidad de Navarra,Universidad de Navarra
2503104,Graduado o Graduada en Estudios de Arquitectura por la Universidad Politécnica de Catalunya,Universidad Politécnica de Catalunya
2504406,Graduado o Graduada en Estudios de Arquitectura por la Universidad Ramón Llull,Universidad Ramón Llull
1500284,Graduado o Graduada en Estudios de Arquitectura por la Universidad Rovira i Virgili,Universidad Rovira i Virgili
2500244,Graduado o Graduada en Estudios de Asia Oriental  por la Universidad Autónoma de Barcelona,Universidad Autónoma de Barcelona
2502576,Graduado o Graduada en Estudios de Asia Oriental por la Universidad de Málaga y la Universidad de Sevilla,(Conjunto)
2503203,Graduado o Graduada en Estudios de Asia Oriental por la Universidad de Salamanca,Universidad de Salamanca
2500795,"Graduado o Graduada en Estudios de Asia y África: Árabe, Chino y Japonés por la Universidad Autónoma de Madrid",Universidad Autónoma de Madrid
2504388,Graduado o Graduada en Estudios de Catalán y Español por la Universidad Autónoma de Barcelona,Universidad Autónoma de Barcelona
2501801,Graduado o Graduada en Estudios de Catalán y Español por la Universidad Autónoma de Barcelona,Universidad Autónoma de Barcelona
2504418,Graduado o Graduada en Estudios de Comunicación y Medios / Bachelor in Communication and Media Studies por la Universidad de Murcia,Universidad de Murcia
2504380,Graduado o Graduada en Estudios de Inglés y Catalán por la Universidad Autónoma de Barcelona,Universidad Autónoma de Barcelona
2501902,Graduado o Graduada en Estudios de Inglés y Catalán por la Universidad Autónoma de Barcelona,Universidad Autónoma de Barcelona
2504394,Graduado o Graduada en Estudios de Inglés y de Clásicas por la Universidad Autónoma de Barcelona,Universidad Autónoma de Barcelona
2501907,Graduado o Graduada en Estudios de Inglés y de Clásicas por la Universidad Autónoma de Barcelona,Universidad Autónoma de Barcelona
2501910,Graduado o Graduada en Estudios de Inglés y Español por la Universidad Autónoma de Barcelona,Universidad Autónoma de Barcelona
2504386,Graduado o Graduada en Estudios de Inglés y Español por la Universidad Autónoma de Barcelona,Universidad Autónoma de Barcelona
2501913,Graduado o Graduada en Estudios de Inglés y Francés por la Universidad Autónoma de Barcelona,Universidad Autónoma de Barcelona
2504393,Graduado o Graduada en Estudios de Inglés y Francés por la Universidad Autónoma de Barcelona,Universidad Autónoma de Barcelona
2503229,Graduado o Graduada en Estudios de la Arquitectura por la Universidad Ramón Llull,Universidad Ramón Llull
2502677,Graduado o Graduada en Estudios en Arquitectura por la Universidad de Zaragoza,Universidad de Zaragoza
2502533,Graduado o Graduada en Estudios Franceses por la Universidad Autónoma de Barcelona y la Universidad de Barcelona,(Conjunto)
2502411,Graduado o Graduada en Estudios Franceses por la Universidad de Alicante,Universidad de Alicante
2501741,Graduado o Graduada en Estudios Franceses por la Universidad de Cádiz,Universidad de Cádiz
2501512,Graduado o Graduada en Estudios Franceses por la Universidad de Granada,Universidad de Granada
2500368,Graduado o Graduada en Estudios Franceses por la Universidad de Murcia,Universidad de Murcia
2500746,Graduado o Graduada en Estudios Franceses por la Universidad de Salamanca,Universidad de Salamanca
2501185,Graduado o Graduada en Estudios Franceses por la Universidad de Sevilla,Universidad de Sevilla
2502347,Graduado o Graduada en Estudios Francófonos Aplicados por la Universidad de La Laguna,Universidad de La Laguna
1500025,Graduado o Graduada en Estudios Globales / Bachelor in Global Studies por la Universidad de Girona,Universitat de Girona
2503387,Graduado o Graduada en Estudios Globales / Global Studies por la Universidad Pompeu Fabra,Universidad Pompeu Fabra
2500873,Graduado o Graduada en Estudios Hebreos y Arameos por la Universidad de Salamanca,Universidad de Salamanca
2500772,Graduado o Graduada en Estudios Hispánicos: Lengua Española y sus Literaturas por la Universidad Autónoma de Madrid,Universidad Autónoma de Madrid
2501401,"Graduado o Graduada en Estudios Hispánicos, Lengua Española y sus Literaturas por la Universitat de València (Estudi General)",Universitat de València (Estudi General)
2500226,Graduado o Graduada en Estudios Hispánicos por la Universidad de Alcalá,Universidad de Alcalá
2502549,Graduado o Graduada en Estudios Hispánicos por la Universidad de Cantabria,Universidad de Cantabria
2500936,Graduado o Graduada en Estudios Ingleses / Bachelor in English Studies por la Universidad Jaume I de Castellón,Universidad Jaume I de Castellón
2500683,Graduado o Graduada en Estudios Ingleses  por la Universidad Complutense de Madrid,Universidad Complutense de Madrid
2502415,Graduado o Graduada en Estudios Ingleses  por la Universidad de Alicante,Universidad de Alicante
2500495,"Graduado o Graduada en Estudios Ingleses. Lengua, Literatura y Cultura por la Universidad Nacional de Educación a Distancia",Universidad Nacional de Educación a Distancia
2504212,Graduado o Graduada en Estudios Ingleses por la Universidad Autónoma de Barcelona,Universidad Autónoma de Barcelona
2500655,Graduado o Graduada en Estudios Ingleses por la Universidad Autónoma de Madrid,Universidad Autónoma de Madrid
2500007,Graduado o Graduada en Estudios Ingleses por la Universidad de Alcalá,Universidad de Alcalá
2501711,Graduado o Graduada en Estudios Ingleses por la Universidad de Almería,Universidad de Almería
2500275,Graduado o Graduada en Estudios Ingleses por la Universidad de Barcelona,Universidad de Barcelona
2501742,Graduado o Graduada en Estudios Ingleses por la Universidad de Cádiz,Universidad de Cádiz
2501376,Graduado o Graduada en Estudios Ingleses por la Universidad de Castilla-La Mancha,Universidad de Castilla-La Mancha
2501779,Graduado o Graduada en Estudios Ingleses por la Universidad de Córdoba,Universidad de Córdoba
2500694,Graduado o Graduada en Estudios Ingleses por la Universidad de Extremadura,Universidad de Extremadura
2501257,Graduado o Graduada en Estudios Ingleses por la Universidad de Granada,Universidad de Granada
2501837,Graduado o Graduada en Estudios Ingleses por la Universidad de Huelva,Universidad de Huelva
2501858,Graduado o Graduada en Estudios Ingleses por la Universidad de Jaén,Universidad de Jaén
2500345,Graduado o Graduada en Estudios Ingleses por la Universidad de La Laguna,Universidad de La Laguna
2500845,Graduado o Graduada en Estudios Ingleses por la Universidad de La Rioja,Universidad de La Rioja
2503467,Graduado o Graduada en Estudios Ingleses por la Universidad de Lleida,Universidad de Lleida
2501948,Graduado o Graduada en Estudios Ingleses por la Universidad de Málaga,Universidad de Málaga
2500369,Graduado o Graduada en Estudios Ingleses por la Universidad de Murcia,Universidad de Murcia
2502364,Graduado o Graduada en Estudios Ingleses por la Universidad de Oviedo,Universidad de Oviedo
2500747,Graduado o Graduada en Estudios Ingleses por la Universidad de Salamanca,Universidad de Salamanca
2501089,Graduado o Graduada en Estudios Ingleses por la Universidad de Sevilla,Universidad de Sevilla
2501416,Graduado o Graduada en Estudios Ingleses por la Universidad de Valladolid,Universidad de Valladolid
2501702,Graduado o Graduada en Estudios Ingleses por la Universidad de Zaragoza,Universidad de Zaragoza
2501392,Graduado o Graduada en Estudios Ingleses por la Universidad del País Vasco/Euskal Herriko Unibertsitatea,Universidad del País Vasco/Euskal Herriko Unibertsitatea
2500331,Graduado o Graduada en Estudios Ingleses por la Universitat de les Illes Balears,Universitat de les Illes Balears
2501402,Graduado o Graduada en Estudios Ingleses por la Universitat de València (Estudi General),Universitat de València (Estudi General)
2502997,Graduado o Graduada en Estudios Internacionales / Bachelor in International Studies por la Universidad Carlos III de Madrid,Universidad Carlos III de Madrid
2501289,Graduado o Graduada en Estudios Internacionales de Economía y Empresa / International Business Economics por la Universidad Pompeu Fabra,Universidad Pompeu Fabra
2504636,Graduado o Graduada en Estudios Internacionales en Empresa y Economía / Bachelor in International Business and Economics por la CUNEF Universidad,CUNEF Universidad
2502958,Graduado o Graduada en Estudios Internacionales por la Universidad Autónoma de Madrid,Universidad Autónoma de Madrid
2503823,Graduado o Graduada en Estudios Internacionales por la Universidad de Castilla-La Mancha,Universidad de Castilla-La Mancha
2500874,Graduado o Graduada en Estudios Italianos por la Universidad de Salamanca,Universidad de Salamanca
2504389,Graduado o Graduada en Estudios Jurídico Militares por la Universidad Complutense de Madrid,Universidad Complutense de Madrid
2500276,Graduado o Graduada en Estudios Literarios por la Universidad de Barcelona,Universidad de Barcelona
1500035,Graduado o Graduada en Estudios para la Defensa y Seguridad por la Universidad de Zaragoza,Universidad de Zaragoza
2504464,Graduado o Graduada en Estudios Policiales por la Universidad de Salamanca,Universidad de Salamanca
1500779,Graduado o Graduada en Farmacia por la Universidad de Valladolid,Universidad de Valladolid
2501468,Graduado o Graduada en Farmacia por la Universidad del País Vasco/Euskal Herriko Unibertsitatea,Universidad del País Vasco/Euskal Herriko Unibertsitatea
2503725,Graduado o Graduada en Farmacia por la Universidad Europea de Madrid,Universidad Europea de Madrid
1500753,Graduado o Graduada en Farmacia por la Universidad Fernando Pessoa-Canarias (UFP-C),Universidad Fernando Pessoa-Canarias (UFP-C)
2502538,Graduado o Graduada en Farmacia por la Universidad Francisco de Vitoria,Universidad Francisco de Vitoria
1500023,Graduado o Graduada en Farmacia por la Universidad Internacional de la Empresa,Universidad Internacional de la Empresa
2504476,Graduado o Graduada en Farmacia por la Universidad Loyola Andalucía,Universidad Loyola Andalucía
2502357,Graduado o Graduada en Farmacia por la Universidad Miguel Hernández de Elche,Universidad Miguel Hernández de Elche
2502992,Graduado o Graduada en Farmacia por la Universidad Ramón Llull,Universidad Ramón Llull
2503889,Graduado o Graduada en Farmacia por la Universidad Rey Juan Carlos,Universidad Rey Juan Carlos
2500067,Graduado o Graduada en Farmacia por la Universidad San Jorge,Universidad San Jorge
2504674,Graduado o Graduada en Farmacia por la Universitat de les Illes Balears,Universitat de les Illes Balears
2500767,Graduado o Graduada en Farmacia por la Universitat de València (Estudi General),Universitat de València (Estudi General)
1500121,Graduado o Graduada en Ficción y Narración por la Universidad Francisco de Vitoria,Universidad Francisco de Vitoria
2504338,Graduado o Graduada en Filología Aplicada Gallega y Española por la Universidad de Vigo,Universidad de Vigo
2503998,Graduado o Graduada en Filología Catalana: Estudios de Literatura y Lingüística por la Universidad Autónoma de Barcelona,Universidad Autónoma de Barcelona
2502418,Graduado o Graduada en Filología Catalana por la Universidad de Alicante,Universidad de Alicante
2500277,Graduado o Graduada en Filología Catalana por la Universidad de Barcelona,Universidad de Barcelona
2504410,Graduado o Graduada en Filología Catalana por la Universidad de Girona,Universitat de Girona
2501403,Graduado o Graduada en Filología Catalana por la Universitat de València (Estudi General),Universitat de València (Estudi General)
2503466,Graduado o Graduada en Filología Catalana y Estudios Occitanos por la Universidad de Lleida,Universidad de Lleida
2500684,Graduado o Graduada en Filología Clásica por la Universidad Complutense de Madrid,Universidad Complutense de Madrid
2500663,Graduado o Graduada en Filología Clásica por la Universidad de Barcelona,Universidad de Barcelona
2501743,Graduado o Graduada en Filología Clásica por la Universidad de Cádiz,Universidad de Cádiz
2500919,Graduado o Graduada en Filología Clásica por la Universidad de Extremadura,Universidad de Extremadura
2501513,Graduado o Graduada en Filología Clásica por la Universidad de Granada,Universidad de Granada
2501950,Graduado o Graduada en Filología Clásica por la Universidad de Málaga,Universidad de Málaga
2500370,Graduado o Graduada en Filología Clásica por la Universidad de Murcia,Universidad de Murcia
2500749,Graduado o Graduada en Filología Clásica por la Universidad de Salamanca,Universidad de Salamanca
2501096,Graduado o Graduada en Filología Clásica por la Universidad de Santiago de Compostela,Universidad de Santiago de Compostela
2501186,Graduado o Graduada en Filología Clásica por la Universidad de Sevilla,Universidad de Sevilla
2501404,Graduado o Graduada en Filología Clásica por la Universitat de València (Estudi General),Universitat de València (Estudi General)
2501712,Graduado o Graduada en Filología Hispánica  por la Universidad de Almería,Universidad de Almería
2500664,Graduado o Graduada en Filología Hispánica por la Universidad de Barcelona,Universidad de Barcelona
2501744,Graduado o Graduada en Filología Hispánica por la Universidad de Cádiz,Universidad de Cádiz
2501780,Graduado o Graduada en Filología Hispánica por la Universidad de Córdoba,Universidad de Córdoba
2500983,Graduado o Graduada en Filología Hispánica por la Universidad de Extremadura,Universidad de Extremadura
2504411,Graduado o Graduada en Filología Hispánica por la Universidad de Girona,Universitat de Girona
2501258,Graduado o Graduada en Filología Hispánica por la Universidad de Granada,Universidad de Granada
2501838,Graduado o Graduada en Filología Hispánica por la Universidad de Huelva,Universidad de Huelva
2501859,Graduado o Graduada en Filología Hispánica por la Universidad de Jaén,Universidad de Jaén
2502352,Graduado o Graduada en Filología Hispánica por la Universidad de Las Palmas de Gran Canaria,Universidad de Las Palmas de Gran Canaria
1500053,Graduado o Graduada en Filología Hispánica por la Universidad de Lleida,Universidad de Lleida
2501275,Graduado o Graduada en Filología Hispánica por la Universidad de Málaga,Universidad de Málaga
2500750,Graduado o Graduada en Filología Hispánica por la Universidad de Salamanca,Universidad de Salamanca
2501187,Graduado o Graduada en Filología Hispánica por la Universidad de Sevilla,Universidad de Sevilla
2501703,Graduado o Graduada en Filología Hispánica por la Universidad de Zaragoza,Universidad de Zaragoza
2500940,Graduado o Graduada en Filología Moderna. Inglés por la Universidad de León,Universidad de León
1500680,Graduado o Graduada en Filología Moderna: Inglés por la Universidad de León,Universidad de León
2502385,Graduado o Graduada en Filología por la Universidad del País Vasco/Euskal Herriko Unibertsitatea,Universidad del País Vasco/Euskal Herriko Unibertsitatea
2504109,"Graduado o Graduada en Filosofía, Política, Derecho y Economía / Bachelor of Philosophy, Politics, Law and Economics por la IE Universidad",IE Universidad
1500384,"Graduado o Graduada en Filosofía, Política y Comunicación por la Universidad San Pablo-CEU",Universidad San Pablo-CEU
2504638,"Graduado o Graduada en Filosofía, Política y Economía / Bachelor in Philosophy, Politics and Economics por la CUNEF Universidad",CUNEF Universidad
2503724,"Graduado o Graduada en Filosofía, Política y Economía (Philosophy, Politics and Economics) por la Universidad de Navarra",Universidad de Navarra
1500225,"Graduado o Graduada en Filosofía, Política y Economía por la Universidad a Distancia de Madrid",Universidad a Distancia de Madrid
2503809,"Graduado o Graduada en Filosofía, Política y Economía por la Universidad Autónoma de Barcelona; la Universidad Autónoma de Madrid; la Universidad Carlos III de Madrid y la Universidad Pompeu Fabra",(Conjunto)
1500275,"Graduado o Graduada en Filosofía, Política y Economía por la Universidad Complutense de Madrid",Universidad Complutense de Madrid
2503546,"Graduado o Graduada en Filosofía, Política y Economía por la Universidad de Deusto; la Universidad Pontificia Comillas y la Universidad Ramón Llull",(Conjunto)
1500527,"Graduado o Graduada en Filosofía, Política y Economía por la Universidad de las Hespérides",Universidad de las Hespérides
2504645,"Graduado o Graduada en Filosofía, Política y Economía por la Universidad Francisco de Vitoria",Universidad Francisco de Vitoria
2504290,"Graduado o Graduada en Filosofía, Política y Economía por la Universidad Internacional de La Rioja",Universidad Internacional de La Rioja
2504715,"Graduado o Graduada en Filosofía, Política y Economía por la Universidad Internacional Isabel I de Castilla",Universidad Internacional Isabel I de Castilla
1500833,"Graduado o Graduada en Filosofía, Política y Economía por la Universidad Nacional de Educación a Distancia",Universidad Nacional de Educación a Distancia
2500246,Graduado o Graduada en Filosofía por la Universidad Autónoma de Barcelona,Universidad Autónoma de Barcelona
2501441,Graduado o Graduada en Filosofía por la Universidad Autónoma de Madrid,Universidad Autónoma de Madrid
2501030,Graduado o Graduada en Filosofía por la Universidad Católica de Valencia San Vicente Mártir,Universidad Católica de Valencia San Vicente Mártir
2504199,Graduado o Graduada en Filosofía por la Universidad Católica Santa Teresa de Jesús de Ávila y la Universitat Abat Oliba CEU,(Conjunto)
2500685,Graduado o Graduada en Filosofía por la Universidad Complutense de Madrid,Universidad Complutense de Madrid
2501027,Graduado o Graduada en Filosofía por la Universidad de Barcelona,Universidad de Barcelona
2504416,Graduado o Graduada en Filosofía por la Universidad de Girona,Universitat de Girona
2501259,Graduado o Graduada en Filosofía por la Universidad de Granada,Universidad de Granada
2500346,Graduado o Graduada en Filosofía por la Universidad de La Laguna,Universidad de La Laguna
2501957,Graduado o Graduada en Filosofía por la Universidad de Málaga,Universidad de Málaga
2500371,Graduado o Graduada en Filosofía por la Universidad de Murcia,Universidad de Murcia
2503120,Graduado o Graduada en Filosofía por la Universidad de Navarra,Universidad de Navarra
2500816,Graduado o Graduada en Filosofía por la Universidad de Oviedo,Universidad de Oviedo
2500751,Graduado o Graduada en Filosofía por la Universidad de Salamanca,Universidad de Salamanca
2500758,Graduado o Graduada en Filosofía por la Universidad de Santiago de Compostela,Universidad de Santiago de Compostela
2501072,Graduado o Graduada en Filosofía por la Universidad de Sevilla,Universidad de Sevilla
2501686,Graduado o Graduada en Filosofía por la Universidad de Valladolid,Universidad de Valladolid
2500190,Graduado o Graduada en Filosofía por la Universidad de Zaragoza,Universidad de Zaragoza
2501394,Graduado o Graduada en Filosofía por la Universidad del País Vasco/Euskal Herriko Unibertsitatea,Universidad del País Vasco/Euskal Herriko Unibertsitatea
2500518,Graduado o Graduada en Filosofía por la Universidad Nacional de Educación a Distancia,Universidad Nacional de Educación a Distancia
2500605,Graduado o Graduada en Filosofía por la Universidad Pontificia Comillas,Universidad Pontificia Comillas
2504447,Graduado o Graduada en Filosofía por la Universidad Pontificia de Salamanca,Universidad Pontificia de Salamanca
2504577,Graduado o Graduada en Filosofía por la Universidad Ramón Llull,Universidad Ramón Llull
2503406,Graduado o Graduada en Filosofía por la Universidad Rey Juan Carlos,Universidad Rey Juan Carlos
1500697,Graduado o Graduada en Filosofía por la Universidad Tecnológica de las Islas Canarias,Universidad Tecnológica de las Islas Canarias
2500701,Graduado o Graduada en Filosofía por la Universitat de les Illes Balears,Universitat de les Illes Balears
2500760,Graduado o Graduada en Filosofía por la Universitat de València (Estudi General),Universitat de València (Estudi General)
2502886,"Graduado o Graduada en Finanzas, Banca y Seguros por la Universidad Complutense de Madrid",Universidad Complutense de Madrid
2502470,"Graduado o Graduada en Finanzas, Banca y Seguros por la Universidad de Valladolid",Universidad de Valladolid
2503993,Graduado o Graduada en Finanzas por la Universidad de Alcalá,Universidad de Alcalá
2504034,Graduado o Graduada en Finanzas por la Universidad de León,Universidad de León
2501271,Graduado o Graduada en Finanzas por la Universidad de León,Universidad de León
2501360,Graduado o Graduada en Finanzas y Contabilidad  por la Universidad Rovira i Virgili,Universidad Rovira i Virgili
2501722,Graduado o Graduada en Finanzas y Contabilidad por la Universidad de Almería,Universidad de Almería
2501238,Graduado o Graduada en Finanzas y Contabilidad por la Universidad de Burgos,Universidad de Burgos
2501339,Graduado o Graduada en Finanzas y Contabilidad por la Universidad de Cádiz,Universidad de Cádiz
2502186,Graduado o Graduada en Finanzas y Contabilidad por la Universidad de Extremadura,Universidad de Extremadura
2501824,Graduado o Graduada en Finanzas y Contabilidad por la Universidad de Granada,Universidad de Granada
2501844,Graduado o Graduada en Finanzas y Contabilidad por la Universidad de Huelva,Universidad de Huelva
2501867,Graduado o Graduada en Finanzas y Contabilidad por la Universidad de Jaén,Universidad de Jaén
2504545,Graduado o Graduada en Finanzas y Contabilidad por la Universidad de las Hespérides,Universidad de las Hespérides
2501971,Graduado o Graduada en Finanzas y Contabilidad por la Universidad de Málaga,Universidad de Málaga
2501197,Graduado o Graduada en Finanzas y Contabilidad por la Universidad de Sevilla,Universidad de Sevilla
2502477,Graduado o Graduada en Finanzas y Contabilidad por la Universidad de Zaragoza,Universidad de Zaragoza
2503684,Graduado o Graduada en Finanzas y Contabilidad por la Universidad Internacional de La Rioja,Universidad Internacional de La Rioja
2502344,Graduado o Graduada en Finanzas y Contabilidad por la Universidad Jaume I de Castellón,Universidad Jaume I de Castellón
1500412,Graduado o Graduada en Finanzas y Contabilidad por la Universidad Tecnológica Atlántico-Mediterráneo,Universidad Tecnológica Atlántico-Mediterráneo
2501494,Graduado o Graduada en Finanzas y Contabilidad por la Universitat de València (Estudi General),Universitat de València (Estudi General)
1500327,Graduado o Graduada en Finanzas y Contabilidad por la Universitat Internacional Valenciana,Universitat Internacional Valenciana
2500155,Graduado o Graduada en Finanzas y Contabilidad/Bachelor in Finance and Accounting por la Universidad Carlos III de Madrid,Universidad Carlos III de Madrid
2501786,Graduado o Graduada en Física  por la Universidad de Córdoba,Universidad de Córdoba
2504428,Graduado o Graduada en Física Aplicada por la Universidad Antonio de Nebrija,Universidad Antonio de Nebrija
2504444,Graduado o Graduada en Física/ Bachelor in Physics por la Universidad Alfonso X El Sabio,Universidad Alfonso X El Sabio
2504271,Graduado o Graduada en Física Computacional por la Universidad Camilo José Cela,Universidad Camilo José Cela
2504094,Graduado o Graduada en Física e Instrumentación Espacial por la Universidad de Alcalá,Universidad de Alcalá
1500316,Graduado o Graduada en Física por la Universidad Autónoma de Barcelona,Universidad Autónoma de Barcelona
2500266,Graduado o Graduada en Física por la Universidad Autónoma de Madrid,Universidad Autónoma de Madrid
1500576,Graduado o Graduada en Física por la Universidad Cardenal Herrera-CEU,Universidad Cardenal Herrera-CEU
2500689,Graduado o Graduada en Física por la Universidad Complutense de Madrid,Universidad Complutense de Madrid
2503283,Graduado o Graduada en Física por la Universidad de Alicante,Universidad de Alicante
1500439,Graduado o Graduada en Física por la Universidad de Almería y la Universidad de Huelva,(Conjunto)
2500283,Graduado o Graduada en Física por la Universidad de Barcelona,Universidad de Barcelona
2500906,Graduado o Graduada en Física por la Universidad de Cantabria,Universidad de Cantabria
2504759,Graduado o Graduada en Física por la Universidad de Castilla-La Mancha,Universidad de Castilla-La Mancha
2500924,Graduado o Graduada en Física por la Universidad de Extremadura,Universidad de Extremadura
2501514,Graduado o Graduada en Física por la Universidad de Granada,Universidad de Granada
2500939,Graduado o Graduada en Física por la Universidad de La Laguna,Universidad de La Laguna
2500377,Graduado o Graduada en Física por la Universidad de Murcia,Universidad de Murcia
2501059,Graduado o Graduada en Física por la Universidad de Oviedo,Universidad de Oviedo
2500459,Graduado o Graduada en Física por la Universidad de Salamanca,Universidad de Salamanca
2501102,Graduado o Graduada en Física por la Universidad de Santiago de Compostela,Universidad de Santiago de Compostela
2501189,Graduado o Graduada en Física por la Universidad de Sevilla,Universidad de Sevilla
2501688,Graduado o Graduada en Física por la Universidad de Valladolid,Universidad de Valladolid
2502478,Graduado o Graduada en Física por la Universidad de Zaragoza,Universidad de Zaragoza
2502389,Graduado o Graduada en Física por la Universidad del País Vasco/Euskal Herriko Unibertsitatea,Universidad del País Vasco/Euskal Herriko Unibertsitatea
2503941,Graduado o Graduada en Física por la Universidad Europea de Madrid,Universidad Europea de Madrid
2504143,Graduado o Graduada en Física por la Universidad Europea de Valencia,Universidad Europea de Valencia
2504698,Graduado o Graduada en Física por la Universidad Internacional de la Empresa,Universidad Internacional de la Empresa
2504233,Graduado o Graduada en Física por la Universidad Internacional de La Rioja,Universidad Internacional de La Rioja
2501278,Graduado o Graduada en Física por la Universidad Nacional de Educación a Distancia,Universidad Nacional de Educación a Distancia
1500253,Graduado o Graduada en Física por la Universidad San Pablo-CEU,Universidad San Pablo-CEU
2500334,Graduado o Graduada en Física por la Universitat de les Illes Balears,Universitat de les Illes Balears
2502252,Graduado o Graduada en Física por la Universitat de València (Estudi General),Universitat de València (Estudi General)
2504649,Graduado o Graduada en Física por la Universitat Internacional Valenciana,Universitat Internacional Valenciana
2504247,Graduado o Graduada en Fisioterapia / Bachelor in Physiotherapy por la Universidad San Pablo-CEU,Universidad San Pablo-CEU
1500085,Graduado o Graduada en Fisioterapia  por la Universidad de Barcelona y la Universidad de Girona,(Conjunto)
2501366,Graduado o Graduada en Fisioterapia por la Universidad Alfonso X El Sabio,Universidad Alfonso X El Sabio
1500558,Graduado o Graduada en Fisioterapia por la Universidad Alfonso X el Sabio Mare Nostrum,Universidad Alfonso X el Sabio Mare Nostrum
2504742,Graduado o Graduada en Fisioterapia por la Universidad Antonio de Nebrija,Universidad Antonio de Nebrija
2500892,Graduado o Graduada en Fisioterapia por la Universidad Autónoma de Barcelona,Universidad Autónoma de Barcelona
2500661,Graduado o Graduada en Fisioterapia por la Universidad Autónoma de Madrid,Universidad Autónoma de Madrid
2502065,Graduado o Graduada en Fisioterapia por la Universidad Camilo José Cela,Universidad Camilo José Cela
2500533,Graduado o Graduada en Fisioterapia por la Universidad Cardenal Herrera-CEU,Universidad Cardenal Herrera-CEU
2500161,Graduado o Graduada en Fisioterapia por la Universidad Católica de Valencia San Vicente Mártir,Universidad Católica de Valencia San Vicente Mártir
2500053,Graduado o Graduada en Fisioterapia por la Universidad Católica San Antonio,Universidad Católica San Antonio
2502663,Graduado o Graduada en Fisioterapia por la Universidad Católica Santa Teresa de Jesús de Ávila,Universidad Católica Santa Teresa de Jesús de Ávila
1500371,Graduado o Graduada en Fisioterapia por la Universidad CEU Fernando III,Universidad CEU Fernando III
2501381,Graduado o Graduada en Fisioterapia por la Universidad Complutense de Madrid,Universidad Complutense de Madrid
2501009,Graduado o Graduada en Fisioterapia por la Universidad de A Coruña,Universidad de A Coruña
2500233,Graduado o Graduada en Fisioterapia por la Universidad de Alcalá,Universidad de Alcalá
2501333,Graduado o Graduada en Fisioterapia por la Universidad de Almería,Universidad de Almería
2501336,Graduado o Graduada en Fisioterapia por la Universidad de Cádiz,Universidad de Cádiz
2500675,Graduado o Graduada en Fisioterapia por la Universidad de Cantabria,Universidad de Cantabria
2502462,Graduado o Graduada en Fisioterapia por la Universidad de Castilla-La Mancha,Universidad de Castilla-La Mancha
2503277,Graduado o Graduada en Fisioterapia por la Universidad de Córdoba,Universidad de Córdoba
2504124,Graduado o Graduada en Fisioterapia por la Universidad de Deusto,Universidad de Deusto
2500509,Graduado o Graduada en Fisioterapia por la Universidad de Extremadura,Universidad de Extremadura
2500698,Graduado o Graduada en Fisioterapia por la Universidad de Girona,Universitat de Girona
2501262,Graduado o Graduada en Fisioterapia por la Universidad de Granada,Universidad de Granada
2501050,Graduado o Graduada en Fisioterapia por la Universidad de Jaén,Universidad de Jaén
2500779,Graduado o Graduada en Fisioterapia por la Universidad de La Laguna,Universidad de La Laguna
2502351,Graduado o Graduada en Fisioterapia por la Universidad de Las Palmas de Gran Canaria,Universidad de Las Palmas de Gran Canaria
2501936,Graduado o Graduada en Fisioterapia por la Universidad de León,Universidad de León
1500676,Graduado o Graduada en Fisioterapia por la Universidad de León,Universidad de León
2501947,Graduado o Graduada en Fisioterapia por la Universidad de Lleida,Universidad de Lleida
2501161,Graduado o Graduada en Fisioterapia por la Universidad de Málaga,Universidad de Málaga
2501001,Graduado o Graduada en Fisioterapia por la Universidad de Murcia,Universidad de Murcia
2500732,Graduado o Graduada en Fisioterapia por la Universidad de Oviedo,Universidad de Oviedo
2502044,Graduado o Graduada en Fisioterapia por la Universidad de Salamanca,Universidad de Salamanca
2501076,Graduado o Graduada en Fisioterapia por la Universidad de Sevilla,Universidad de Sevilla
2501363,Graduado o Graduada en Fisioterapia por la Universidad de Valladolid,Universidad de Valladolid
2503156,Graduado o Graduada en Fisioterapia por la Universidad de Vic-Universidad Central de Catalunya,Universidad de Vic-Universidad Central de Catalunya
2501115,Graduado o Graduada en Fisioterapia por la Universidad de Vigo,Universidad de Vigo
2500073,Graduado o Graduada en Fisioterapia por la Universidad de Zaragoza,Universidad de Zaragoza
1500215,Graduado o Graduada en Fisioterapia por la Universidad del Atlántico Medio,Universidad del Atlántico Medio
2502552,Graduado o Graduada en Fisioterapia por la Universidad del País Vasco/Euskal Herriko Unibertsitatea,Universidad del País Vasco/Euskal Herriko Unibertsitatea
2504558,Graduado o Graduada en Fisioterapia por la Universidad Euneiz,Universidad Euneiz
1500533,Graduado o Graduada en Fisioterapia por la Universidad Europea de Andalucía,Universidad Europea de Andalucía
2502982,Graduado o Graduada en Fisioterapia por la Universidad Europea de Canarias,Universidad Europea de Canarias
1500140,Graduado o Graduada en Fisioterapia por la Universidad Europea de Madrid,Universidad Europea de Madrid
2502863,Graduado o Graduada en Fisioterapia por la Universidad Europea de Valencia,Universidad Europea de Valencia
1500165,Graduado o Graduada en Fisioterapia por la Universidad Europea Miguel de Cervantes,Universidad Europea Miguel de Cervantes
2502857,Graduado o Graduada en Fisioterapia por la Universidad Europea Miguel de Cervantes,Universidad Europea Miguel de Cervantes
2503994,Graduado o Graduada en Fisioterapia por la Universidad Fernando Pessoa-Canarias (UFP-C),Universidad Fernando Pessoa-Canarias (UFP-C)
2501386,Graduado o Graduada en Fisioterapia por la Universidad Francisco de Vitoria,Universidad Francisco de Vitoria
2504699,Graduado o Graduada en Fisioterapia por la Universidad Internacional de la Empresa,Universidad Internacional de la Empresa
1500158,Graduado o Graduada en Fisioterapia por la Universidad Internacional Villanueva,Universidad Internacional Villanueva
2504678,Graduado o Graduada en Fisioterapia por la Universidad Loyola Andalucía,Universidad Loyola Andalucía
2501611,Graduado o Graduada en Fisioterapia por la Universidad Miguel Hernández de Elche,Universidad Miguel Hernández de Elche
2503259,Graduado o Graduada en Fisioterapia por la Universidad Pablo de Olavide,Universidad Pablo de Olavide
2503246,Graduado o Graduada en Fisioterapia por la Universidad Pompeu Fabra,Universidad Pompeu Fabra
2500606,Graduado o Graduada en Fisioterapia por la Universidad Pontificia Comillas,Universidad Pontificia Comillas
2504714,Graduado o Graduada en Fisioterapia por la Universidad Pontificia de Salamanca,Universidad Pontificia de Salamanca
2501398,Graduado o Graduada en Fisioterapia por la Universidad Pontificia de Salamanca,Universidad Pontificia de Salamanca
2502408,Graduado o Graduada en Fisioterapia por la Universidad Pública de Navarra,Universidad Pública de Navarra
2503759,Graduado o Graduada en Fisioterapia por la Universidad Ramón Llull,Universidad Ramón Llull
2500742,Graduado o Graduada en Fisioterapia por la Universidad Rey Juan Carlos,Universidad Rey Juan Carlos
2502420,Graduado o Graduada en Fisioterapia por la Universidad Rovira i Virgili,Universidad Rovira i Virgili
2500994,Graduado o Graduada en Fisioterapia por la Universidad San Jorge,Universidad San Jorge
2500931,Graduado o Graduada en Fisioterapia por la Universitat de les Illes Balears,Universitat de les Illes Balears
2500768,Graduado o Graduada en Fisioterapia por la Universitat de València (Estudi General),Universitat de València (Estudi General)
2500582,Graduado o Graduada en Fisioterapia por la Universitat Internacional de Catalunya,Universitat Internacional de Catalunya
2504359,Graduado o Graduada en Fotografía por la Universidad Internacional de La Rioja,Universidad Internacional de La Rioja
2504225,Graduado o Graduada en Fotografía y Creación Audiovisual / Bachelor in Photography and Audiovisual Creation por la Universidad Rey Juan Carlos,Universidad Rey Juan Carlos
2503230,Graduado o Graduada en Fundamentos de Arquitectura por la Universidad Cardenal Herrera-CEU,Universidad Cardenal Herrera-CEU
1500814,Graduado o Graduada en Fundamentos de Arquitectura por la Universidad de Castilla-La Mancha,Universidad de Castilla-La Mancha
2503555,Graduado o Graduada en Fundamentos de Arquitectura por la Universidad de Málaga,Universidad de Málaga
2502778,Graduado o Graduada en Fundamentos de Arquitectura por la Universidad de Sevilla,Universidad de Sevilla
2502739,Graduado o Graduada en Fundamentos de Arquitectura por la Universidad del País Vasco/Euskal Herriko Unibertsitatea,Universidad del País Vasco/Euskal Herriko Unibertsitatea
2503197,Graduado o Graduada en Fundamentos de Arquitectura por la Universidad Politécnica de Cartagena,Universidad Politécnica de Cartagena
2502726,Graduado o Graduada en Fundamentos de Arquitectura y Urbanismo por la Universidad de Alcalá,Universidad de Alcalá
2500126,Graduado o Graduada en Fundamentos de la Arquitectura / Bachelor in Fundamentals of Architecture  por la Universidad Europea de Madrid,Universidad Europea de Madrid
1500389,Graduado o Graduada en Fundamentos de la Arquitectura por la Universidad Alfonso X El Sabio,Universidad Alfonso X El Sabio
2502701,Graduado o Graduada en Fundamentos de la Arquitectura por la Universidad Antonio de Nebrija,Universidad Antonio de Nebrija
2504363,Graduado o Graduada en Fundamentos de la Arquitectura por la Universidad Católica San Antonio,Universidad Católica San Antonio
2502965,Graduado o Graduada en Fundamentos de la Arquitectura por la Universidad de Alicante,Universidad de Alicante
2503086,Graduado o Graduada en Fundamentos de la Arquitectura por la Universidad de Valladolid,Universidad de Valladolid
2502925,Graduado o Graduada en Fundamentos de la Arquitectura por la Universidad Europea de Canarias,Universidad Europea de Canarias
2502137,Graduado o Graduada en Fundamentos de la Arquitectura por la Universidad Politécnica de Madrid,Universidad Politécnica de Madrid
2502158,Graduado o Graduada en Fundamentos de la Arquitectura por la Universidad Rey Juan Carlos,Universidad Rey Juan Carlos
2503025,Graduado o Graduada en Fundamentos de la Arquitectura por la Universitat Politècnica de València,Universitat Politècnica de València
2500649,Graduado o Graduada en Gallego y Portugués: Estudios Lingüísticos y Literarios por la Universidad de A Coruña,Universidad de A Coruña
2503196,Graduado o Graduada en Gastronomía / Gastronomy por la Universidad Cardenal Herrera-CEU,Universidad Cardenal Herrera-CEU
2504424,Graduado o Graduada en Gastronomía e Innovación Culinaria por la Universidad Pontificia Comillas,Universidad Pontificia Comillas
2504563,Graduado o Graduada en Gastronomía por la Universidad Católica San Antonio,Universidad Católica San Antonio
2504019,Graduado o Graduada en Gastronomía por la Universidad Europea del Atlántico,Universidad Europea del Atlántico
2502971,Graduado o Graduada en Gastronomía por la Universidad Francisco de Vitoria,Universidad Francisco de Vitoria
1500411,Graduado o Graduada en Gastronomía por la Universidad Rey Juan Carlos,Universidad Rey Juan Carlos
2502671,Graduado o Graduada en Gastronomía y Artes Culinarias por la Mondragón Unibertsitatea,Mondragón Unibertsitatea
2503658,Graduado o Graduada en Gastronomía y Artes Culinarias por la Universidad de Alicante,Universidad de Alicante
2500890,Graduado o Graduada en Genética por la Universidad Autónoma de Barcelona,Universidad Autónoma de Barcelona
2504612,Graduado o Graduada en Genética por la Universidad Francisco de Vitoria,Universidad Francisco de Vitoria
2503681,Graduado o Graduada en Genética por la Universidad San Pablo-CEU,Universidad San Pablo-CEU
2503709,"Graduado o Graduada en Geografía, Análisis Territorial y Sostenibilidad por la Universidad Rovira i Virgili",Universidad Rovira i Virgili
1500559,"Graduado o Graduada en Geografía, Ciencias Territoriales y Medio Ambiente por la Universidad de Las Palmas de Gran Canaria",Universidad de Las Palmas de Gran Canaria
2503973,"Graduado o Graduada en Geografía, Desarrollo Territorial y Sostenibilidad por la Universidad de Castilla-La Mancha",Universidad de Castilla-La Mancha
2504118,Graduado o Graduada en Geografía e Historia por la Universidad de Jaén,Universidad de Jaén
2500846,Graduado o Graduada en Geografía e Historia por la Universidad de La Rioja,Universidad de La Rioja
2500996,Graduado o Graduada en Geografía e Historia por la Universidad de Vigo,Universidad de Vigo
2500384,Graduado o Graduada en Geografía e Historia por la Universidad Nacional de Educación a Distancia,Universidad Nacional de Educación a Distancia
2502331,Graduado o Graduada en Geografía e Historia por la Universidad Pablo de Olavide,Universidad Pablo de Olavide
2500660,"Graduado o Graduada en Geografía, Geotecnologías y Sostenibilidad Territorial por la Universidad Autónoma de Madrid",Universidad Autónoma de Madrid
2503710,"Graduado o Graduada en Geografía, Medio Ambiente y Planificación Territorial por la Universidad Autónoma de Barcelona",Universidad Autónoma de Barcelona
2500323,"Graduado o Graduada en Geografía, Ordenación del Territorio y Gestión del Medio Ambiente por la Universidad de Girona",Universitat de Girona
2500752,Graduado o Graduada en Geografía por la Universidad de Salamanca,Universidad de Salamanca
2500702,Graduado o Graduada en Geografía por la Universitat de les Illes Balears,Universitat de les Illes Balears
2504412,"Graduado o Graduada en Geografía, Territorio y Medio Ambiente por la Universidad de Girona",Universitat de Girona
1500254,"Graduado o Graduada en Geografía, Territorio y Medio Ambiente por la Universidad de Zaragoza",Universidad de Zaragoza
2504618,Graduado o Graduada en Geografía y Cambio Global por la Universidad de Barcelona,Universidad de Barcelona
2501825,Graduado o Graduada en Geografía y Gestión del Territorio por la Universidad de Granada,Universidad de Granada
2501972,Graduado o Graduada en Geografía y Gestión del Territorio por la Universidad de Málaga,Universidad de Málaga
2501079,Graduado o Graduada en Geografía y Gestión del Territorio por la Universidad de Sevilla,Universidad de Sevilla
2502508,Graduado o Graduada en Geografía y Medio Ambiente por la Universitat de València (Estudi General),Universitat de València (Estudi General)
2500803,Graduado o Graduada en Geografía y Ordenación del Territorio por la Universidad Complutense de Madrid,Universidad Complutense de Madrid
2502421,Graduado o Graduada en Geografía y Ordenación del Territorio por la Universidad de Alicante,Universidad de Alicante
2500820,Graduado o Graduada en Geografía y Ordenación del Territorio por la Universidad de Cantabria,Universidad de Cantabria
2501377,Graduado o Graduada en Geografía y Ordenación del Territorio por la Universidad de Castilla-La Mancha,Universidad de Castilla-La Mancha
2500920,Graduado o Graduada en Geografía y Ordenación del Territorio por la Universidad de Extremadura,Universidad de Extremadura
2500712,Graduado o Graduada en Geografia y Ordenación del Territorio por la Universidad de La Laguna,Universidad de La Laguna
2500714,Graduado o Graduada en Geografía y Ordenación del Territorio por la Universidad de Las Palmas de Gran Canaria,Universidad de Las Palmas de Gran Canaria
2502354,Graduado o Graduada en Geografía y Ordenación del Territorio por la Universidad de León,Universidad de León
1500702,Graduado o Graduada en Geografía y Ordenación del Territorio por la Universidad de León,Universidad de León
2500728,Graduado o Graduada en Geografía y Ordenación del Territorio por la Universidad de Oviedo,Universidad de Oviedo
2503949,Graduado o Graduada en Geografía y Ordenación del Territorio por la Universidad de Santiago de Compostela,Universidad de Santiago de Compostela
2501474,Graduado o Graduada en Geografía y Ordenación del Territorio por la Universidad del País Vasco/Euskal Herriko Unibertsitatea,Universidad del País Vasco/Euskal Herriko Unibertsitatea
2504103,Graduado o Graduada en Geografía y Planificación Territorial por la Universidad de Valladolid,Universidad de Valladolid
1500618,Graduado o Graduada en Geografía y Retos Globales por la Universidad de Lleida,Universidad de Lleida
2500254,Graduado o Graduada en Geología por la Universidad Autónoma de Barcelona,Universidad Autónoma de Barcelona
2500690,Graduado o Graduada en Geología por la Universidad Complutense de Madrid,Universidad Complutense de Madrid
2502193,Graduado o Graduada en Geología por la Universidad de Alicante,Universidad de Alicante
2500279,Graduado o Graduada en Geología por la Universidad de Barcelona,Universidad de Barcelona
2501597,Graduado o Graduada en Geología por la Universidad de Granada,Universidad de Granada
2501144,Graduado o Graduada en Geología por la Universidad de Huelva,Universidad de Huelva
2502365,Graduado o Graduada en Geología por la Universidad de Oviedo,Universidad de Oviedo
2503475,Graduado o Graduada en Geología por la Universidad de Salamanca,Universidad de Salamanca
2502426,Graduado o Graduada en Geología por la Universidad de Salamanca,Universidad de Salamanca
2500469,Graduado o Graduada en Geología por la Universidad de Zaragoza,Universidad de Zaragoza
2501634,Graduado o Graduada en Geología por la Universidad del País Vasco/Euskal Herriko Unibertsitatea,Universidad del País Vasco/Euskal Herriko Unibertsitatea
2501233,Graduado o Graduada en Gestión Aeronáutica por la Universidad Autónoma de Barcelona,Universidad Autónoma de Barcelona
2501504,Graduado o Graduada en Gestión Aeronáutica por la Universidad Autónoma de Madrid,Universidad Autónoma de Madrid
2503801,Graduado o Graduada en Gestión Aplicada / Bachelor in Applied Management por la Universidad de Navarra,Universidad de Navarra
2502626,Graduado o Graduada en Gestión Comercial y Marketing por la Universidad Miguel Hernández de Elche,Universidad Miguel Hernández de Elche
2503100,Graduado o Graduada en Gestión Cultural por la Universidad de Córdoba,Universidad de Córdoba
2504332,Graduado o Graduada en Gestión Cultural por la Universidad de Santiago de Compostela,Universidad de Santiago de Compostela
2503743,Graduado o Graduada en Gestión de Ciudades Inteligentes y Sostenibles por la Universidad Autónoma de Barcelona,Universidad Autónoma de Barcelona
2504491,Graduado o Graduada en Gestión de Empresas Hosteleras por la Universidad de Santiago de Compostela,Universidad de Santiago de Compostela
2504166,Graduado o Graduada en Gestión de Información y Contenidos Digitales por la Universidad de Murcia,Universidad de Murcia
1500252,Graduado o Graduada en Gestión de Información y Contenidos Digitales por la Universidad de Zaragoza,Universidad de Zaragoza
2503826,Graduado o Graduada en Gestión de Información y Documentación Digital por la Universidad de Barcelona,Universidad de Barcelona
2503932,Graduado o Graduada en Gestión de la Ciberseguridad por la Universidad Francisco de Vitoria,Universidad Francisco de Vitoria
2503753,Graduado o Graduada en Gestión de la Comunicación Global / Global Communication Management por la Universidad Ramón Llull,Universidad Ramón Llull
2503593,Graduado o Graduada en Gestión de la Información y Contenidos Digitales por la Universidad Carlos III de Madrid,Universidad Carlos III de Madrid
2504589,Graduado o Graduada en Gestión de la Sociedad Digital por la Universidad de Vic-Universidad Central de Catalunya,Universidad de Vic-Universidad Central de Catalunya
1500328,"Graduado o Graduada en Gestión de la Sostenibilidad, Transformación Digital y Medio Ambiente por la Universitat Oberta de Catalunya",Universitat Oberta de Catalunya
2502390,Graduado o Graduada en Gestión de Negocios por la Universidad del País Vasco/Euskal Herriko Unibertsitatea,Universidad del País Vasco/Euskal Herriko Unibertsitatea
2501302,Graduado o Graduada en Gestión de Pequeñas y Medianas Empresas por la Universidad de Salamanca,Universidad de Salamanca
1500800,Graduado o Graduada en Gestión de Proyectos Internacionales de Ingeniería Civil por la Universidad de Cantabria,Universidad de Cantabria
2503333,Graduado o Graduada en Gestión de Seguridad Pública por la Universidad Carlos III de Madrid,Universidad Carlos III de Madrid
1500475,Graduado o Graduada en Gestión del Diseño / Bachelor in Design Management por la Universidad Europea de Madrid,Universidad Europea de Madrid
2504505,Graduado o Graduada en Gestión del Transporte y la Logística por la Universitat Politècnica de València,Universitat Politècnica de València
2503633,Graduado o Graduada en Gestión del Turismo por la Universidad de Salamanca,Universidad de Salamanca
2502681,Graduado o Graduada en Gestión Deportiva / Bachelor's Degree in Sport Management por la Universidad Europea de Madrid,Universidad Europea de Madrid
1500161,Graduado o Graduada en Gestión Deportiva / Bachelors in Sports Management por la Universidad Alfonso X El Sabio,Universidad Alfonso X El Sabio
1500223,Graduado o Graduada en Gestión Deportiva por la Universidad Euneiz,Universidad Euneiz
2503194,Graduado o Graduada en Gestión Deportiva por la Universidad Ramón Llull,Universidad Ramón Llull
2503887,Graduado o Graduada en Gestión Digital de Información y Documentación por la Universidad de A Coruña,Universidad de A Coruña
2502814,Graduado o Graduada en Gestión e Ingeniería de Servicios por la Universidad Rey Juan Carlos,Universidad Rey Juan Carlos
2503728,Graduado o Graduada en Gestión Empresarial Basada en el Análisis De Datos (Business Analytics) por la Universidad Europea de Madrid,Universidad Europea de Madrid
2503706,Graduado o Graduada en Gestión en Turismo y Hotelería por la Universidad Rovira i Virgili,Universidad Rovira i Virgili
2503423,Graduado o Graduada en Gestión Hotelera y Turística por la Universidad de Cantabria,Universidad de Cantabria
2503730,Graduado o Graduada en Gestión Industrial de la Moda por la Universidad de A Coruña,Universidad de A Coruña
2502089,Graduado o Graduada en Gestión Informática Empresarial,Universidad Complutense de Madrid
2504324,Graduado o Graduada en Gestión Logística por la Universidad Internacional de La Rioja,Universidad Internacional de La Rioja
1500154,Graduado o Graduada en Gestión Logística y Transporte por la Universitat Internacional Valenciana,Universitat Internacional Valenciana
2504738,"Graduado o Graduada en Gestión, Tecnología y Moda / Bachelor in Fashion Management and Technology por la Universidad Miguel Hernández de Elche",Universidad Miguel Hernández de Elche
2503835,Graduado o Graduada en Gestión Turística y del Ocio por la Universidad Europea de Valencia,Universidad Europea de Valencia
2501209,Graduado o Graduada en Gestión y Administración Pública por la Universidad Complutense de Madrid,Universidad Complutense de Madrid
2501568,Graduado o Graduada en Gestión y Administración Pública por la Universidad de Alicante,Universidad de Alicante
2501130,Graduado o Graduada en Gestión y Administración Pública por la Universidad de Almería,Universidad de Almería
2503270,Graduado o Graduada en Gestión y Administración Pública por la Universidad de Barcelona y la Universitat Oberta de Catalunya,(Conjunto)
2501750,Graduado o Graduada en Gestión y Administración Pública por la Universidad de Cádiz,Universidad de Cádiz
2501446,Graduado o Graduada en Gestión y Administración Pública por la Universidad de Castilla-La Mancha,Universidad de Castilla-La Mancha
2501868,Graduado o Graduada en Gestión y Administración Pública por la Universidad de Jaén,Universidad de Jaén
2501973,Graduado o Graduada en Gestión y Administración Pública por la Universidad de Málaga,Universidad de Málaga
2503275,Graduado o Graduada en Gestión y Administración Pública por la Universidad de Oviedo,Universidad de Oviedo
2502326,Graduado o Graduada en Gestión y Administración Pública por la Universidad de Zaragoza,Universidad de Zaragoza
2502698,Graduado o Graduada en Gestión y Administración Pública por la Universidad Jaume I de Castellón,Universidad Jaume I de Castellón
2501486,Graduado o Graduada en Gestión y Administración Pública por la Universitat Politècnica de València,Universitat Politècnica de València
2504584,"Graduado o Graduada en Gestión y Comunicación de la Moda / Bachelor in Fashion Management and Communication por la Universidad de Diseño, Innovación y Tecnología (UDIT)","Universidad de Diseño, Innovación y Tecnología (UDIT)"
2504280,Graduado o Graduada en Gestión y Comunicación de la Moda  por la Universidad Camilo José Cela,Universidad Camilo José Cela
1500338,Graduado o Graduada en Gestión y Digitalización en el Deporte por la Universidad Politécnica de Catalunya,Universidad Politécnica de Catalunya
2502026,Graduado o Graduada en Gestión y Marketing Empresarial por la Universidad del País Vasco/Euskal Herriko Unibertsitatea,Universidad del País Vasco/Euskal Herriko Unibertsitatea
2503799,Graduado o Graduada en Gestión y Operaciones del Transporte Aéreo por la Universidad Politécnica de Madrid,Universidad Politécnica de Madrid
2503729,Graduado o Graduada en Global Studies por la Universidad de Salamanca,Universidad de Salamanca
1500050,Graduado o Graduada en Global Studies por la Universidad de Vic-Universidad Central de Catalunya,Universidad de Vic-Universidad Central de Catalunya
2503822,"Graduado o Graduada en Gobernanza Global, Economía y Orden Legal / Bachelor in Global Governance, Economics and Legal Order por la Universidad Ramón Llull",Universidad Ramón Llull
2500239,Graduado o Graduada en Historia del Arte por la Universidad Autónoma de Barcelona,Universidad Autónoma de Barcelona
2500657,Graduado o Graduada en Historia del Arte por la Universidad Autónoma de Madrid,Universidad Autónoma de Madrid
2500687,Graduado o Graduada en Historia del Arte por la Universidad Complutense de Madrid,Universidad Complutense de Madrid
2500274,Graduado o Graduada en Historia del Arte por la Universidad de Barcelona,Universidad de Barcelona
2501379,Graduado o Graduada en Historia del Arte por la Universidad de Castilla-La Mancha,Universidad de Castilla-La Mancha
2501782,Graduado o Graduada en Historia del Arte por la Universidad de Córdoba,Universidad de Córdoba
2504420,Graduado o Graduada en Historia del Arte por la Universidad de Girona,Universitat de Girona
2501264,Graduado o Graduada en Historia del Arte por la Universidad de Granada,Universidad de Granada
2504117,Graduado o Graduada en Historia del Arte por la Universidad de Jaén,Universidad de Jaén
2500709,Graduado o Graduada en Historia del Arte por la Universidad de La Laguna,Universidad de La Laguna
1500703,Graduado o Graduada en Historia del Arte por la Universidad de León,Universidad de León
2500716,Graduado o Graduada en Historia del Arte por la Universidad de León,Universidad de León
2501159,Graduado o Graduada en Historia del Arte por la Universidad de Málaga,Universidad de Málaga
2500373,Graduado o Graduada en Historia del Arte por la Universidad de Murcia,Universidad de Murcia
2500729,Graduado o Graduada en Historia del Arte por la Universidad de Oviedo,Universidad de Oviedo
2500997,Graduado o Graduada en Historia del Arte por la Universidad de Salamanca,Universidad de Salamanca
1500224,Graduado o Graduada en Historia del Arte por la Universidad de Santiago de Compostela,Universidad de Santiago de Compostela
2501306,Graduado o Graduada en Historia del Arte por la Universidad de Sevilla,Universidad de Sevilla
2501418,Graduado o Graduada en Historia del Arte por la Universidad de Valladolid,Universidad de Valladolid
2501705,Graduado o Graduada en Historia del Arte por la Universidad de Zaragoza,Universidad de Zaragoza
2501395,Graduado o Graduada en Historia del Arte por la Universidad del País Vasco/Euskal Herriko Unibertsitatea,Universidad del País Vasco/Euskal Herriko Unibertsitatea
2504257,Graduado o Graduada en Historia del Arte por la Universidad Internacional de La Rioja,Universidad Internacional de La Rioja
2500385,Graduado o Graduada en Historia del Arte por la Universidad Nacional de Educación a Distancia,Universidad Nacional de Educación a Distancia
2500615,Graduado o Graduada en Historia del Arte por la Universidad San Pablo-CEU,Universidad San Pablo-CEU
2500784,Graduado o Graduada en Historia del Arte por la Universitat de les Illes Balears,Universitat de les Illes Balears
2500762,Graduado o Graduada en Historia del Arte por la Universitat de València (Estudi General),Universitat de València (Estudi General)
2503644,Graduado o Graduada en Historia del Arte y Arqueología por la Universidad Rovira i Virgili,Universidad Rovira i Virgili
1500079,Graduado o Graduada en Historia del Arte y Gestión del Patrimonio Artístico por la Universidad de Lleida,Universidad de Lleida
1500420,Graduado o Graduada en Historia del Arte y Patrimonio Cultural por la Universidad Rey Juan Carlos,Universidad Rey Juan Carlos
2501254,Graduado o Graduada en Historia del Arte y Patrimonio Histórico-Artístico por la Universidad de Extremadura,Universidad de Extremadura
2503276,"Graduado o Graduada en Historia, Geografía e Historia del Arte por la Universidad de Lleida y la Universitat Oberta de Catalunya",(Conjunto)
2502668,"Graduado o Graduada en Historia, Geografía e Historia del Arte por la Universidad Internacional Isabel I de Castilla",Universidad Internacional Isabel I de Castilla
2504216,"Graduado o Graduada en Historia, Política y Economía Contemporáneas / Contemporary History, Politics and Economics por la Universidad Autónoma de Barcelona",Universidad Autónoma de Barcelona
2502890,Graduado o Graduada en Historia por la Universidad a Distancia de Madrid,Universidad a Distancia de Madrid
1500615,Graduado o Graduada en Historia por la Universidad Autónoma de Barcelona,Universidad Autónoma de Barcelona
2500656,Graduado o Graduada en Historia por la Universidad Autónoma de Madrid,Universidad Autónoma de Madrid
1500147,Graduado o Graduada en Historia por la Universidad Camilo José Cela,Universidad Camilo José Cela
2500686,Graduado o Graduada en Historia por la Universidad Complutense de Madrid,Universidad Complutense de Madrid
2500227,Graduado o Graduada en Historia por la Universidad de Alcalá,Universidad de Alcalá
2501566,Graduado o Graduada en Historia por la Universidad de Alicante,Universidad de Alicante
2504089,Graduado o Graduada en Historia por la Universidad de Almería,Universidad de Almería
2500504,Graduado o Graduada en Historia por la Universidad de Barcelona,Universidad de Barcelona
2501745,Graduado o Graduada en Historia por la Universidad de Cádiz,Universidad de Cádiz
2500783,Graduado o Graduada en Historia por la Universidad de Cantabria,Universidad de Cantabria
2501378,Graduado o Graduada en Historia por la Universidad de Castilla-La Mancha,Universidad de Castilla-La Mancha
2501781,Graduado o Graduada en Historia por la Universidad de Córdoba,Universidad de Córdoba
2504419,Graduado o Graduada en Historia por la Universidad de Girona,Universitat de Girona
2501260,Graduado o Graduada en Historia por la Universidad de Granada,Universidad de Granada
2501839,Graduado o Graduada en Historia por la Universidad de Huelva,Universidad de Huelva
2500347,Graduado o Graduada en Historia por la Universidad de La Laguna,Universidad de La Laguna
2500350,Graduado o Graduada en Historia por la Universidad de Las Palmas de Gran Canaria,Universidad de Las Palmas de Gran Canaria
2500715,Graduado o Graduada en Historia por la Universidad de León,Universidad de León
1500701,Graduado o Graduada en Historia por la Universidad de León,Universidad de León
2503294,Graduado o Graduada en Historia por la Universidad de Lleida,Universidad de Lleida
2501958,Graduado o Graduada en Historia por la Universidad de Málaga,Universidad de Málaga
2500516,Graduado o Graduada en Historia por la Universidad de Murcia,Universidad de Murcia
2503121,Graduado o Graduada en Historia por la Universidad de Navarra,Universidad de Navarra
2500785,Graduado o Graduada en Historia por la Universidad de Oviedo,Universidad de Oviedo
2500875,Graduado o Graduada en Historia por la Universidad de Salamanca,Universidad de Salamanca
1500034,Graduado o Graduada en Historia por la Universidad de Santiago de Compostela,Universidad de Santiago de Compostela
2501073,Graduado o Graduada en Historia por la Universidad de Sevilla,Universidad de Sevilla
2501417,Graduado o Graduada en Historia por la Universidad de Valladolid,Universidad de Valladolid
2501704,Graduado o Graduada en Historia por la Universidad de Zaragoza,Universidad de Zaragoza
2501633,Graduado o Graduada en Historia por la Universidad del País Vasco/Euskal Herriko Unibertsitatea,Universidad del País Vasco/Euskal Herriko Unibertsitatea
2504658,Graduado o Graduada en Historia por la Universidad Europea de Madrid,Universidad Europea de Madrid
1500469,Graduado o Graduada en Historia por la Universidad Pontificia de Salamanca,Universidad Pontificia de Salamanca
2500424,Graduado o Graduada en Historia por la Universidad Rey Juan Carlos,Universidad Rey Juan Carlos
2503642,Graduado o Graduada en Historia por la Universidad Rovira i Virgili,Universidad Rovira i Virgili
2500614,Graduado o Graduada en Historia por la Universidad San Pablo-CEU,Universidad San Pablo-CEU
2500511,Graduado o Graduada en Historia por la Universitat de les Illes Balears,Universitat de les Illes Balears
2500761,Graduado o Graduada en Historia por la Universitat de València (Estudi General),Universitat de València (Estudi General)
2504468,Graduado o Graduada en Historia por la Universitat Internacional Valenciana,Universitat Internacional Valenciana
2501805,Graduado o Graduada en Historia y Ciencias de la Música por la Universidad de Granada,Universidad de Granada
2500730,Graduado o Graduada en Historia y Ciencias de la Música por la Universidad de Oviedo,Universidad de Oviedo
2500753,Graduado o Graduada en Historia y Ciencias de la Música por la Universidad de Salamanca,Universidad de Salamanca
2500770,Graduado o Graduada en Historia y Ciencias de la Música por la Universidad de Valladolid,Universidad de Valladolid
2500658,Graduado o Graduada en Historia y Ciencias de la Música y Tecnología Musical por la Universidad Autónoma de Madrid,Universidad Autónoma de Madrid
2504157,Graduado o Graduada en Historia y Geografía por la Universidad Internacional de La Rioja,Universidad Internacional de La Rioja
2500834,Graduado o Graduada en Historia y Patrimonio Histórico por la Universidad de Extremadura,Universidad de Extremadura
2501578,Graduado o Graduada en Historia y Patrimonio por la Universidad de Burgos,Universidad de Burgos
2502345,Graduado o Graduada en Historia y Patrimonio por la Universidad Jaume I de Castellón,Universidad Jaume I de Castellón
2503751,Graduado o Graduada en Historia y Patrimonio por la Universidad Pública de Navarra,Universidad Pública de Navarra
1500678,Graduado o Graduada en Historia y Pensamiento por la Universidad Cardenal Herrera-CEU,Universidad Cardenal Herrera-CEU
2503797,Graduado o Graduada en Historia y Política / Bachelor in History and Politics por la Universidad Carlos III de Madrid,Universidad Carlos III de Madrid
1500190,Graduado o Graduada en Humanidades / Bachelor in Humanities por la IE Universidad,IE Universidad
2504144,Graduado o Graduada en Humanidades Digitales Globales por la Mondragón Unibertsitatea,Mondragón Unibertsitatea
2500120,Graduado o Graduada en Humanidades Digitales por la Universidad Carlos III de Madrid,Universidad Carlos III de Madrid
2501589,Graduado o Graduada en Humanidades: Historia Cultural por la Universidad de Castilla-La Mancha,Universidad de Castilla-La Mancha
2500228,Graduado o Graduada en Humanidades por la Universidad de Alcalá,Universidad de Alcalá
2501567,Graduado o Graduada en Humanidades por la Universidad de Alicante,Universidad de Alicante
2501714,Graduado o Graduada en Humanidades por la Universidad de Almería,Universidad de Almería
2501746,Graduado o Graduada en Humanidades por la Universidad de Cádiz,Universidad de Cádiz
2502900,Graduado o Graduada en Humanidades por la Universidad de Huelva,Universidad de Huelva
2502015,Graduado o Graduada en Humanidades por la Universidad de Salamanca,Universidad de Salamanca
2503769,Graduado o Graduada en Humanidades por la Universidad Francisco de Vitoria,Universidad Francisco de Vitoria
1500645,Graduado o Graduada en Humanidades por la Universidad Internacional de La Rioja,Universidad Internacional de La Rioja
2502346,Graduado o Graduada en Humanidades por la Universidad Jaume I de Castellón,Universidad Jaume I de Castellón
2501061,Graduado o Graduada en Humanidades por la Universidad Pablo de Olavide,Universidad Pablo de Olavide
2500107,Graduado o Graduada en Humanidades por la Universidad Pompeu Fabra,Universidad Pompeu Fabra
2503940,Graduado o Graduada en Humanidades por la Universidad San Pablo-CEU,Universidad San Pablo-CEU
2504267,Graduado o Graduada en Humanidades por la Universitat Internacional Valenciana,Universitat Internacional Valenciana
2503767,Graduado o Graduada en Humanidades por la Universitat Oberta de Catalunya,Universitat Oberta de Catalunya
2500578,Graduado o Graduada en Humanidades y Estudios Culturales por la Universitat Internacional de Catalunya,Universitat Internacional de Catalunya
2501587,Graduado o Graduada en Humanidades y Estudios Sociales por la Universidad de Castilla-La Mancha,Universidad de Castilla-La Mancha
1500648,Graduado o Graduada en Humanidades y Gestión de la Cultura por la Universidad Autónoma de Barcelona,Universidad Autónoma de Barcelona
2501588,Graduado o Graduada en Humanidades y Patrimonio por la Universidad de Castilla-La Mancha,Universidad de Castilla-La Mancha
1500419,Graduado o Graduada en Ilustración y Desarrollo Visual / Illustration and Visual Development por la Universidad Camilo José Cela,Universidad Camilo José Cela
1500474,Graduado o Graduada en Industrias Culturales y Creativas por la Mondragón Unibertsitatea,Mondragón Unibertsitatea
2500915,Graduado o Graduada en Información y Documentación por la Universidad Complutense de Madrid,Universidad Complutense de Madrid
2502187,Graduado o Graduada en Información y Documentación por la Universidad de Extremadura,Universidad de Extremadura
2501826,Graduado o Graduada en Información y Documentación por la Universidad de Granada,Universidad de Granada
2501157,Graduado o Graduada en Información y Documentación por la Universidad de León,Universidad de León
2500163,Graduado o Graduada en Información y Documentación por la Universidad de Salamanca,Universidad de Salamanca
1500661,Graduado o Graduada en Información y Documentación por la Universidad de Salamanca,Universidad de Salamanca
2500977,Graduado o Graduada en Información y Documentación por la Universitat de València (Estudi General),Universitat de València (Estudi General)
2504381,Graduado o Graduada en Informática Industrial y Robótica por la Universitat Politècnica de València,Universitat Politècnica de València
2500503,Graduado o Graduada en Informática y Servicios por la Universidad Autónoma de Barcelona,Universidad Autónoma de Barcelona
2502159,Graduado o Graduada en Ingeniería Aeroespacial en Aeronavegación por la Universidad Rey Juan Carlos,Universidad Rey Juan Carlos
2502112,Graduado o Graduada en Ingeniería Aeroespacial en Aeronaves / Bachelors Degree in Aerospace and Aircraft Engineering por la Universidad Europea de Madrid,Universidad Europea de Madrid
2503514,Graduado o Graduada en Ingeniería Aeroespacial en Transporte y Aeropuertos por la Universidad Rey Juan Carlos,Universidad Rey Juan Carlos
2503513,Graduado o Graduada en Ingeniería Aeroespacial en Vehículos Aeroespaciales por la Universidad Rey Juan Carlos,Universidad Rey Juan Carlos
2501428,Graduado o Graduada en Ingeniería Aeroespacial por la Universidad Alfonso X El Sabio,Universidad Alfonso X El Sabio
2501584,Graduado o Graduada en Ingeniería Aeroespacial por la Universidad Carlos III de Madrid,Universidad Carlos III de Madrid
2504772,Graduado o Graduada en Ingeniería Aeroespacial por la Universidad de Alicante,Universidad de Alicante
2502553,Graduado o Graduada en Ingeniería Aeroespacial por la Universidad de Cádiz,Universidad de Cádiz
2503950,Graduado o Graduada en Ingeniería Aeroespacial por la Universidad de Castilla-La Mancha,Universidad de Castilla-La Mancha
2501601,Graduado o Graduada en Ingeniería Aeroespacial por la Universidad de León,Universidad de León
2502296,Graduado o Graduada en Ingeniería Aeroespacial por la Universidad de Sevilla,Universidad de Sevilla
2503357,Graduado o Graduada en Ingeniería Aeroespacial por la Universidad de Vigo,Universidad de Vigo
1500408,Graduado o Graduada en Ingeniería Aeroespacial por la Universidad Loyola Andalucía,Universidad Loyola Andalucía
2502400,Graduado o Graduada en Ingeniería Aeroespacial por la Universidad Politécnica de Madrid,Universidad Politécnica de Madrid
1500219,Graduado o Graduada en Ingeniería Aeroespacial por la Universidad Rey Juan Carlos,Universidad Rey Juan Carlos
2501653,Graduado o Graduada en Ingeniería Aeroespacial por la Universitat Politècnica de València,Universitat Politècnica de València
2503098,Graduado o Graduada en Ingeniería Agraria por la Universidad de León,Universidad de León
2502241,Graduado o Graduada en Ingeniería Agraria por la Universidad de Vigo,Universidad de Vigo
2502355,Graduado o Graduada en Ingeniería Agraria y Alimentaria por la Universidad de Lleida,Universidad de Lleida
2502913,Graduado o Graduada en Ingeniería Agraria y Energética por la Universidad de Valladolid,Universidad de Valladolid
2501726,Graduado o Graduada en Ingeniería Agrícola por la Universidad de Almería,Universidad de Almería
2501849,Graduado o Graduada en Ingeniería Agrícola por la Universidad de Huelva,Universidad de Huelva
2502124,Graduado o Graduada en Ingeniería Agrícola por la Universidad de La Rioja,Universidad de La Rioja
2502275,Graduado o Graduada en Ingeniería Agrícola por la Universidad de Salamanca,Universidad de Salamanca
2502297,Graduado o Graduada en Ingeniería Agrícola por la Universidad de Sevilla,Universidad de Sevilla
2503445,Graduado o Graduada en Ingeniería Agrícola por la Universidad Politécnica de Madrid,Universidad Politécnica de Madrid
2502898,Graduado o Graduada en Ingeniería Agrícola y Agroalimentaria por la Universidad de Castilla-La Mancha,Universidad de Castilla-La Mancha
2503101,Graduado o Graduada en Ingeniería Agrícola y Agroalimentaria por la Universidad de Santiago de Compostela,Universidad de Santiago de Compostela
2503786,Graduado o Graduada en Ingeniería Agrícola y Agroambiental por la Universidad Pontificia Comillas,Universidad Pontificia Comillas
2501773,Graduado o Graduada en Ingeniería Agrícola y del Medio Rural por la Universidad de Castilla-La Mancha,Universidad de Castilla-La Mancha
2501893,Graduado o Graduada en Ingeniería Agrícola y del Medio Rural por la Universidad de La Laguna,Universidad de La Laguna
2502313,Graduado o Graduada en Ingeniería Agrícola y del Medio Rural por la Universidad de Valladolid,Universidad de Valladolid
2501774,Graduado o Graduada en Ingeniería Agroalimentaria por la Universidad de Castilla-La Mancha,Universidad de Castilla-La Mancha
2501509,Graduado o Graduada en Ingeniería Agroalimentaria por la Universidad de Girona,Universitat de Girona
2502058,Graduado o Graduada en Ingeniería Agroalimentaria por la Universidad de Salamanca,Universidad de Salamanca
2503479,Graduado o Graduada en Ingeniería Agroalimentaria por la Universidad de Salamanca,Universidad de Salamanca
2501622,Graduado o Graduada en Ingeniería Agroalimentaria y Agroambiental por la Universidad Miguel Hernández de Elche,Universidad Miguel Hernández de Elche
2502899,Graduado o Graduada en Ingeniería Agroalimentaria y de Sistemas Biológicos por la Universidad Politécnica de Cartagena,Universidad Politécnica de Cartagena
2501732,Graduado o Graduada en Ingeniería Agroalimentaria y del Medio Rural por la Universidad de Burgos,Universidad de Burgos
2501793,Graduado o Graduada en Ingeniería Agroalimentaria y del Medio Rural por la Universidad de Córdoba,Universidad de Córdoba
2502330,Graduado o Graduada en Ingeniería Agroalimentaria y del Medio Rural por la Universidad de Zaragoza,Universidad de Zaragoza
2501489,Graduado o Graduada en Ingeniería Agroalimentaria y del Medio Rural por la Universidad Pública de Navarra,Universidad Pública de Navarra
2502341,Graduado o Graduada en Ingeniería Agroalimentaria y del Medio Rural por la Universitat de les Illes Balears,Universitat de les Illes Balears
2501654,Graduado o Graduada en Ingeniería Agroalimentaria y del Medio Rural por la Universitat Politècnica de València,Universitat Politècnica de València
2502139,Graduado o Graduada en Ingeniería Agroambiental por la Universidad Politécnica de Madrid,Universidad Politécnica de Madrid
2501068,Graduado o Graduada en Ingeniería Alimentaria por la Universidad Politécnica de Catalunya,Universidad Politécnica de Catalunya
2503450,Graduado o Graduada en Ingeniería Alimentaria por la Universidad Politécnica de Madrid,Universidad Politécnica de Madrid
2502028,Graduado o Graduada en Ingeniería Ambiental por la Universidad del País Vasco/Euskal Herriko Unibertsitatea,Universidad del País Vasco/Euskal Herriko Unibertsitatea
1500600,Graduado o Graduada en Ingeniería Ambiental por la Universidad Internacional de La Rioja,Universidad Internacional de La Rioja
2503979,Graduado o Graduada en Ingeniería Ambiental por la Universidad Politécnica de Catalunya,Universidad Politécnica de Catalunya
2502416,Graduado o Graduada en Ingeniería Ambiental por la Universidad Rey Juan Carlos,Universidad Rey Juan Carlos
1500325,Graduado o Graduada en Ingeniería Ambiental por la Universitat Politècnica de València,Universitat Politècnica de València
1500294,Graduado o Graduada en Ingeniería Audiovisual Computacional por la Universidad Pompeu Fabra,Universidad Pompeu Fabra
2502705,Graduado o Graduada en Ingeniería Biomédica / Bachelor in Biomedical Engineering  por la Universidad Europea de Madrid,Universidad Europea de Madrid
2503353,Graduado o Graduada en Ingeniería Biomédica / Bachelor in Biomedical Engineering  por la Universidad Rey Juan Carlos,Universidad Rey Juan Carlos
2501585,Graduado o Graduada en Ingeniería Biomédica / Bachelor in Biomedical Engineering por la Universidad Carlos III de Madrid,Universidad Carlos III de Madrid
2502740,Graduado o Graduada en Ingeniería Biomédica / Bachelor in Biomedical Engineering por la Universidad San Pablo-CEU,Universidad San Pablo-CEU
2502830,Graduado o Graduada en Ingeniería Biomédica por la Mondragón Unibertsitatea,Mondragón Unibertsitatea
2504054,Graduado o Graduada en Ingeniería Biomédica por la Universidad Alfonso X El Sabio,Universidad Alfonso X El Sabio
2504743,Graduado o Graduada en Ingeniería Biomédica por la Universidad Antonio de Nebrija,Universidad Antonio de Nebrija
2504043,Graduado o Graduada en Ingeniería Biomédica por la Universidad Autónoma de Madrid,Universidad Autónoma de Madrid
2502978,Graduado o Graduada en Ingeniería Biomédica por la Universidad de Alicante,Universidad de Alicante
2502447,Graduado o Graduada en Ingeniería Biomédica por la Universidad de Barcelona,Universidad de Barcelona
2504757,Graduado o Graduada en Ingeniería Biomédica por la Universidad de Castilla-La Mancha,Universidad de Castilla-La Mancha
2504460,Graduado o Graduada en Ingeniería Biomédica por la Universidad de Deusto,Universidad de Deusto
2503629,Graduado o Graduada en Ingeniería Biomédica por la Universidad de Girona,Universitat de Girona
1500456,Graduado o Graduada en Ingeniería Biomédica por la Universidad de Granada y la Universidad de Jaén,(Conjunto)
2504760,Graduado o Graduada en Ingeniería Biomédica por la Universidad de Las Palmas de Gran Canaria,Universidad de Las Palmas de Gran Canaria
2501056,Graduado o Graduada en Ingeniería Biomédica por la Universidad de Navarra,Universidad de Navarra
2503929,Graduado o Graduada en Ingeniería Biomédica por la Universidad de Valladolid,Universidad de Valladolid
2503668,Graduado o Graduada en Ingeniería Biomédica por la Universidad de Vigo,Universidad de Vigo
1500241,Graduado o Graduada en Ingeniería Biomédica por la Universidad de Zaragoza,Universidad de Zaragoza
1500821,Graduado o Graduada en Ingeniería Biomédica por la Universidad Europea de Canarias,Universidad Europea de Canarias
2504080,Graduado o Graduada en Ingeniería Biomédica por la Universidad Francisco de Vitoria,Universidad Francisco de Vitoria
1500407,Graduado o Graduada en Ingeniería Biomédica por la Universidad Loyola Andalucía,Universidad Loyola Andalucía
2504227,Graduado o Graduada en Ingeniería Biomédica por la Universidad Politécnica de Cartagena,Universidad Politécnica de Cartagena
2501069,Graduado o Graduada en Ingeniería Biomédica por la Universidad Politécnica de Catalunya,Universidad Politécnica de Catalunya
2502647,Graduado o Graduada en Ingeniería Biomédica por la Universidad Politécnica de Madrid,Universidad Politécnica de Madrid
1500295,Graduado o Graduada en Ingeniería Biomédica por la Universidad Pompeu Fabra,Universidad Pompeu Fabra
1500827,Graduado o Graduada en Ingeniería Biomédica por la Universidad Pontificia Comillas,Universidad Pontificia Comillas
2503691,Graduado o Graduada en Ingeniería Biomédica por la Universidad Pública de Navarra,Universidad Pública de Navarra
2503597,Graduado o Graduada en Ingeniería Biomédica por la Universidad Rovira i Virgili,Universidad Rovira i Virgili
2504552,Graduado o Graduada en Ingeniería Biomédica por la Universidad San Jorge,Universidad San Jorge
1500657,Graduado o Graduada en Ingeniería Biomédica por la Universitat Oberta de Catalunya,Universitat Oberta de Catalunya
2502731,Graduado o Graduada en Ingeniería Biomédica por la Universitat Politècnica de València,Universitat Politècnica de València
2501324,Graduado o Graduada en Ingeniería Civil en Construcciones Civiles por la Universidad Alfonso X El Sabio,Universidad Alfonso X El Sabio
1500517,Graduado o Graduada en Ingeniería Civil por la Universidad Antonio de Nebrija,Universidad Antonio de Nebrija
2502054,Graduado o Graduada en Ingeniería Civil por la Universidad Católica San Antonio,Universidad Católica San Antonio
1500855,Graduado o Graduada en Ingeniería Civil por la Universidad de A Coruña,Universidad de A Coruña
2501433,Graduado o Graduada en Ingeniería Civil por la Universidad de Alicante,Universidad de Alicante
2502934,Graduado o Graduada en Ingeniería Civil por la Universidad de Burgos,Universidad de Burgos
2501757,Graduado o Graduada en Ingeniería Civil por la Universidad de Cádiz,Universidad de Cádiz
2504100,Graduado o Graduada en Ingeniería Civil por la Universidad de Cantabria,Universidad de Cantabria
2501794,Graduado o Graduada en Ingeniería Civil por la Universidad de Córdoba,Universidad de Córdoba
2504167,Graduado o Graduada en Ingeniería Civil por la Universidad de Extremadura,Universidad de Extremadura
2504481,Graduado o Graduada en Ingeniería Civil por la Universidad de Granada,Universidad de Granada
2501871,Graduado o Graduada en Ingeniería Civil por la Universidad de Jaén,Universidad de Jaén
2501894,Graduado o Graduada en Ingeniería Civil por la Universidad de La Laguna,Universidad de La Laguna
2501923,Graduado o Graduada en Ingeniería Civil por la Universidad de Las Palmas de Gran Canaria,Universidad de Las Palmas de Gran Canaria
2502586,Graduado o Graduada en Ingeniería Civil por la Universidad de Oviedo,Universidad de Oviedo
2502276,Graduado o Graduada en Ingeniería Civil por la Universidad de Salamanca,Universidad de Salamanca
2502232,Graduado o Graduada en Ingeniería Civil por la Universidad de Santiago de Compostela,Universidad de Santiago de Compostela
2502523,Graduado o Graduada en Ingeniería Civil por la Universidad de Sevilla,Universidad de Sevilla
2502479,Graduado o Graduada en Ingeniería Civil por la Universidad de Zaragoza,Universidad de Zaragoza
2502030,Graduado o Graduada en Ingeniería Civil por la Universidad del País Vasco/Euskal Herriko Unibertsitatea,Universidad del País Vasco/Euskal Herriko Unibertsitatea
2501349,Graduado o Graduada en Ingeniería Civil por la Universidad Europea de Madrid,Universidad Europea de Madrid
2504087,Graduado o Graduada en Ingeniería Civil por la Universidad Politécnica de Cartagena,Universidad Politécnica de Cartagena
2503980,Graduado o Graduada en Ingeniería Civil por la Universidad Politécnica de Catalunya,Universidad Politécnica de Catalunya
2502507,Graduado o Graduada en Ingeniería Civil por la Universitat Politècnica de València,Universitat Politècnica de València
2504565,Graduado o Graduada en Ingeniería Civil por la Universitat Politècnica de València,Universitat Politècnica de València
2501775,Graduado o Graduada en Ingeniería Civil y Territorial por la Universidad de Castilla-La Mancha,Universidad de Castilla-La Mancha
2502142,Graduado o Graduada en Ingeniería Civil y Territorial por la Universidad Politécnica de Madrid,Universidad Politécnica de Madrid
2504000,Graduado o Graduada en Ingeniería de Automoción por la Universidad Autónoma de Barcelona,Universidad Autónoma de Barcelona
2503523,Graduado o Graduada en Ingeniería de Automoción por la Universidad Politécnica de Catalunya,Universidad Politécnica de Catalunya
2503580,Graduado o Graduada en Ingeniería de Bioprocesos Alimentarios por la Universidad Rovira i Virgili,Universidad Rovira i Virgili
1500813,Graduado o Graduada en Ingeniería de Ciencias Agroalimentarias por la Universitat de les Illes Balears,Universitat de les Illes Balears
2503693,Graduado o Graduada en Ingeniería de Ciencias Agronómicas por la Universidad Politécnica de Catalunya,Universidad Politécnica de Catalunya
2501383,Graduado o Graduada en Ingeniería de Computadores por la Universidad Complutense de Madrid,Universidad Complutense de Madrid
2503893,Graduado o Graduada en Ingeniería de Computadores por la Universidad de Alcalá,Universidad de Alcalá
2503027,Graduado o Graduada en Ingeniería de Computadores por la Universidad Politécnica de Madrid,Universidad Politécnica de Madrid
2500969,Graduado o Graduada en Ingeniería de Computadores por la Universidad Rey Juan Carlos,Universidad Rey Juan Carlos
2500045,Graduado o Graduada en Ingeniería de Comunicaciones Móviles y Espaciales/Bachelor in Mobile and Space Communications Engineering  por la Universidad Carlos III de Madrid,Universidad Carlos III de Madrid
2504344,Graduado o Graduada en Ingeniería de Datos e Inteligencia Artificial por la Universidad Complutense de Madrid,Universidad Complutense de Madrid
2504435,Graduado o Graduada en Ingeniería de Datos e Inteligencia Artificial por la Universidad de León,Universidad de León
2504207,Graduado o Graduada en Ingeniería de Datos en Procesos Industriales por la Universidad de Zaragoza,Universidad de Zaragoza
2503758,Graduado o Graduada en Ingeniería de Datos por la Universidad Autónoma de Barcelona,Universidad Autónoma de Barcelona
2504276,Graduado o Graduada en Ingeniería de Diseño Industrial por la Universidad de Vic-Universidad Central de Catalunya,Universidad de Vic-Universidad Central de Catalunya
2500907,Graduado o Graduada en Ingeniería de Diseño Industrial y Desarrollo de Productos por la Universidad Cardenal Herrera-CEU,Universidad Cardenal Herrera-CEU
2501021,Graduado o Graduada en Ingeniería de Diseño Industrial y Desarrollo del Producto,Universidad de A Coruña
2500733,Graduado o Graduada en Ingeniería de Diseño Industrial y Desarrollo del Producto por la Universidad Politécnica de Catalunya,Universidad Politécnica de Catalunya
2500195,Graduado o Graduada en Ingeniería de Edificación por la Universidad Católica San Antonio,Universidad Católica San Antonio
2500773,Graduado o Graduada en Ingeniería de Edificación por la Universidad de Castilla-La Mancha,Universidad de Castilla-La Mancha
2500394,Graduado o Graduada en Ingeniería de Edificación por la Universidad Politécnica de Cartagena,Universidad Politécnica de Cartagena
2502551,Graduado o Graduada en Ingeniería de Energías Renovables por la Universidad del País Vasco/Euskal Herriko Unibertsitatea,Universidad del País Vasco/Euskal Herriko Unibertsitatea
2502578,Graduado o Graduada en Ingeniería de Energías Renovables y Tecnologías del Hidrógeno por la Universidad de Huelva,Universidad de Huelva
2500159,Graduado o Graduada en Ingeniería de Internet / Bachelor in Internet Engineering por la Universidad Carlos III de Madrid,Universidad Carlos III de Madrid
2503551,Graduado o Graduada en Ingeniería de la Automoción por la Universidad de Vic-Universidad Central de Catalunya,Universidad de Vic-Universidad Central de Catalunya
1500280,Graduado o Graduada en Ingeniería de la Automoción por la Universidad de Vigo,Universidad de Vigo
2504457,Graduado o Graduada en Ingeniería de la Ciberseguridad / Bachelor in Cybersecurity Engineering por la Universidad Europea de Madrid,Universidad Europea de Madrid
1500237,Graduado o Graduada en Ingeniería de la Ciberseguridad por la Universidad CEU Fernando III,Universidad CEU Fernando III
2503408,Graduado o Graduada en Ingeniería de la Ciberseguridad por la Universidad Rey Juan Carlos,Universidad Rey Juan Carlos
2504551,Graduado o Graduada en Ingeniería de la Ciberseguridad por la Universidad San Jorge,Universidad San Jorge
2501358,Graduado o Graduada en Ingeniería de la Edificación,Universidad Pontificia de Salamanca
2504539,Graduado o Graduada en Ingeniería de la Empresa por la Universidad Intercontinental de la Empresa,Universidad Intercontinental de la Empresa
2502828,Graduado o Graduada en Ingeniería de la Energía por la Mondragón Unibertsitatea,Mondragón Unibertsitatea
1500430,Graduado o Graduada en Ingeniería de la Energía por la Universidad de Jaén,Universidad de Jaén
2501602,Graduado o Graduada en Ingeniería de la Energía por la Universidad de León,Universidad de León
2502583,Graduado o Graduada en Ingeniería de la Energía por la Universidad de Málaga y la Universidad de Sevilla,(Conjunto)
2502242,Graduado o Graduada en Ingeniería de la Energía por la Universidad de Vigo,Universidad de Vigo
2504402,Graduado o Graduada en Ingeniería de la Energía por la Universidad Nacional de Educación a Distancia,Universidad Nacional de Educación a Distancia
2500782,Graduado o Graduada en Ingeniería de la Energía por la Universidad Politécnica de Catalunya,Universidad Politécnica de Catalunya
2502494,Graduado o Graduada en Ingeniería de la Energía por la Universidad Politécnica de Madrid,Universidad Politécnica de Madrid
2500743,Graduado o Graduada en Ingeniería de la Energía por la Universidad Rey Juan Carlos,Universidad Rey Juan Carlos
2502660,Graduado o Graduada en Ingeniería de la Energía por la Universitat Politècnica de València,Universitat Politècnica de València
2501795,Graduado o Graduada en Ingeniería de la Energía y Recursos Minerales por la Universidad de Córdoba,Universidad de Córdoba
2502278,Graduado o Graduada en Ingeniería de la Energía y Recursos Minerales por la Universidad de Salamanca,Universidad de Salamanca
2503626,Graduado o Graduada en Ingeniería de la Energía y Sostenibilidad por la Universidad de Lleida,Universidad de Lleida
2503898,Graduado o Graduada en Ingeniería de la Salud por la Universidad de Burgos,Universidad de Burgos
2502602,Graduado o Graduada en Ingeniería de la Salud por la Universidad de Málaga y la Universidad de Sevilla,(Conjunto)
2504376,Graduado o Graduada en Ingeniería de la Salud por la Universidad Ramón Llull,Universidad Ramón Llull
2501776,Graduado o Graduada en Ingeniería de la Tecnología Minera,Universidad de Castilla-La Mancha
2501037,Graduado o Graduada en Ingeniería de las Explotaciones Agropecuarias por la Universidad de Extremadura,Universidad de Extremadura
2503920,Graduado o Graduada en Ingeniería de las Industrias Agrarias y Alimentarias por la Universidad Católica Santa Teresa de Jesús de Ávila,Universidad Católica Santa Teresa de Jesús de Ávila
2501038,Graduado o Graduada en Ingeniería de las Industrias Agrarias y Alimentarias por la Universidad de Extremadura,Universidad de Extremadura
2502314,Graduado o Graduada en Ingeniería de las Industrias Agrarias y Alimentarias por la Universidad de Valladolid,Universidad de Valladolid
2503216,Graduado o Graduada en Ingeniería de las Industrias Agrarias y Alimentarias por la Universidad Europea del Atlántico,Universidad Europea del Atlántico
2503426,Graduado o Graduada en Ingeniería de las Tecnologías de la Información Geoespacial por la Universidad Politécnica de Madrid,Universidad Politécnica de Madrid
2502298,Graduado o Graduada en Ingeniería de las Tecnologías de Telecomunicación por la Universidad de Sevilla,Universidad de Sevilla
2503919,Graduado o Graduada en Ingeniería de las Tecnologías Industriales por la Universidad Loyola Andalucía,Universidad Loyola Andalucía
2501777,Graduado o Graduada en Ingeniería de los Recursos Energéticos,Universidad de Castilla-La Mancha
2502143,"Graduado o Graduada en Ingeniería de los Recursos Energéticos, Combustibles y Explosivos por la Universidad Politécnica de Madrid",Universidad Politécnica de Madrid
2501768,Graduado o Graduada en Ingeniería de los Recursos Energéticos por la Universidad de Cantabria,Universidad de Cantabria
2502449,Graduado o Graduada en Ingeniería de los Recursos Mineros por la Universidad de Cantabria,Universidad de Cantabria
2502243,Graduado o Graduada en Ingeniería de los Recursos Mineros y Energéticos por la Universidad de Vigo,Universidad de Vigo
2502559,Graduado o Graduada en Ingeniería de Materiales por la Universidad Complutense de Madrid,Universidad Complutense de Madrid
2500298,Graduado o Graduada en Ingeniería de Materiales por la Universidad de Barcelona,Universidad de Barcelona
2502921,Graduado o Graduada en Ingeniería de Materiales por la Universidad de Salamanca,Universidad de Salamanca
2502570,Graduado o Graduada en Ingeniería de Materiales por la Universidad de Sevilla,Universidad de Sevilla
2501982,Graduado o Graduada en Ingeniería de Materiales por la Universidad Politécnica de Catalunya,Universidad Politécnica de Catalunya
2500738,Graduado o Graduada en Ingeniería de Materiales por la Universidad Politécnica de Madrid,Universidad Politécnica de Madrid
2500430,Graduado o Graduada en Ingeniería de Materiales por la Universidad Rey Juan Carlos,Universidad Rey Juan Carlos
2502206,Graduado o Graduada en Ingeniería de Obras Públicas por la Universidad de A Coruña,Universidad de A Coruña
2502405,Graduado o Graduada en Ingeniería de Obras Públicas por la Universitat Politècnica de València,Universitat Politècnica de València
2502592,Graduado o Graduada en Ingeniería de Organización Industrial por la Universidad a Distancia de Madrid,Universidad a Distancia de Madrid
2501735,Graduado o Graduada en Ingeniería de Organización Industrial por la Universidad de Burgos,Universidad de Burgos
2501873,Graduado o Graduada en Ingeniería de Organización Industrial por la Universidad de Jaén,Universidad de Jaén
2502588,Graduado o Graduada en Ingeniería de Organización Industrial por la Universidad de Málaga y la Universidad de Sevilla,(Conjunto)
2503731,Graduado o Graduada en Ingeniería de Organización Industrial por la Universidad de Oviedo,Universidad de Oviedo
2501708,Graduado o Graduada en Ingeniería de Organización Industrial por la Universidad de Zaragoza,Universidad de Zaragoza
2503923,Graduado o Graduada en Ingeniería de Organización Industrial por la Universidad Europea de Valencia,Universidad Europea de Valencia
2503217,Graduado o Graduada en Ingeniería de Organización Industrial por la Universidad Europea del Atlántico,Universidad Europea del Atlántico
2503310,Graduado o Graduada en Ingeniería de Organización Industrial por la Universidad Europea Miguel de Cervantes,Universidad Europea Miguel de Cervantes
2503141,Graduado o Graduada en Ingeniería de Organización Industrial por la Universidad Loyola Andalucía,Universidad Loyola Andalucía
2503708,Graduado o Graduada en Ingeniería de Organización Industrial por la Universidad Pompeu Fabra,Universidad Pompeu Fabra
1500428,Graduado o Graduada en Ingeniería de Organización Industrial por la Universidad Tecnológica Atlántico-Mediterráneo,Universidad Tecnológica Atlántico-Mediterráneo
2501658,Graduado o Graduada en Ingeniería de Organización Industrial por la Universitat Politècnica de València,Universitat Politècnica de València
2502401,Graduado o Graduada en Ingeniería de Organización por la Universidad Politécnica de Madrid,Universidad Politécnica de Madrid
2502236,Graduado o Graduada en Ingeniería de Procesos Químicos Industriales por la Universidad de Santiago de Compostela,Universidad de Santiago de Compostela
2504141,Graduado o Graduada en Ingeniería de Recursos Minerales y Energía por la Universidad Politécnica de Cartagena,Universidad Politécnica de Cartagena
2504184,Graduado o Graduada en Ingeniería de Recursos Minerales y su Reciclaje por la Universidad Politécnica de Catalunya,Universidad Politécnica de Catalunya
2502366,Graduado o Graduada en Ingeniería de Recursos Mineros y Energéticos por la Universidad de Oviedo,Universidad de Oviedo
1500298,Graduado o Graduada en Ingeniería de Redes de Telecomunicación por la Universidad Pompeu Fabra,Universidad Pompeu Fabra
2503531,Graduado o Graduada en Ingeniería de Robótica Software por la Universidad Rey Juan Carlos,Universidad Rey Juan Carlos
1500039,Graduado o Graduada en Ingeniería de Satélites por la Universidad Politécnica de Catalunya,Universidad Politécnica de Catalunya
2503260,Graduado o Graduada en Ingeniería de Sistemas Aeroespaciales por la Universidad Politécnica de Catalunya,Universidad Politécnica de Catalunya
2502463,Graduado o Graduada en Ingeniería de Sistemas Audiovisuales de Telecomunicación,Universidad de Castilla-La Mancha
2501212,Graduado o Graduada en Ingeniería de Sistemas Audiovisuales por la Universidad Politécnica de Catalunya,Universidad Politécnica de Catalunya
2500868,Graduado o Graduada en Ingeniería de Sistemas Audiovisuales por la Universidad Ramón Llull,Universidad Ramón Llull
2501213,Graduado o Graduada en Ingeniería de Sistemas Biológicos por la Universidad Politécnica de Catalunya,Universidad Politécnica de Catalunya
2502435,Graduado o Graduada en Ingeniería de Sistemas de Información/ Bachelor in Information Systems Engineering por la Universidad San Pablo-CEU,Universidad San Pablo-CEU
2501342,Graduado o Graduada en Ingeniería de Sistemas de Información por la Universidad Católica Santa Teresa de Jesús de Ávila,Universidad Católica Santa Teresa de Jesús de Ávila
2504632,Graduado o Graduada en Ingeniería de Sistemas de Inteligencia Artificial por la Universidad Francisco de Vitoria,Universidad Francisco de Vitoria
2500898,Graduado o Graduada en Ingeniería de Sistemas de Telecomunicación por la Universidad Autónoma de Barcelona,Universidad Autónoma de Barcelona
2501990,Graduado o Graduada en Ingeniería de Sistemas de Telecomunicación por la Universidad de Málaga,Universidad de Málaga
2501215,Graduado o Graduada en Ingeniería de Sistemas de Telecomunicación por la Universidad Politécnica de Catalunya,Universidad Politécnica de Catalunya
2500736,Graduado o Graduada en Ingeniería de Sistemas de Telecomunicación por la Universidad Politécnica de Madrid,Universidad Politécnica de Madrid
2501179,Graduado o Graduada en Ingeniería de Sistemas de Telecomunicación por la Universidad Ramón Llull,Universidad Ramón Llull
2502437,Graduado o Graduada en Ingeniería de Sistemas de Telecomunicación por la Universidad San Pablo-CEU,Universidad San Pablo-CEU
2504627,Graduado o Graduada en Ingeniería de Sistemas Industriales por la Universidad Alfonso X El Sabio,Universidad Alfonso X El Sabio
2501978,Graduado o Graduada en Ingeniería de Sistemas TIC por la Universidad Politécnica de Catalunya,Universidad Politécnica de Catalunya
2503394,Graduado o Graduada en Ingeniería de Sistemas y Servicios de Telecomunicaciones por la Universidad Rovira i Virgili,Universidad Rovira i Virgili
2500184,Graduado o Graduada en Ingeniería de Sonido e Imagen /Bachelor in Sound and Image Engineering  por la Universidad Carlos III de Madrid,Universidad Carlos III de Madrid
2500696,Graduado o Graduada en Ingeniería de Sonido e Imagen en Telecomunicación por la Universidad de Extremadura,Universidad de Extremadura
2501995,Graduado o Graduada en Ingeniería de Sonido e Imagen por la Universidad de Málaga,Universidad de Málaga
2500396,Graduado o Graduada en Ingeniería de Sonido e Imagen por la Universidad Politécnica de Madrid,Universidad Politécnica de Madrid
2500864,Graduado o Graduada en Ingeniería de Tecnología y Diseño Textil  por la Universidad Politécnica de Catalunya,Universidad Politécnica de Catalunya
1500383,Graduado o Graduada en Ingeniería de Tecnología y Diseño Textil por la Universitat Politècnica de València,Universitat Politècnica de València
2502337,Graduado o Graduada en Ingeniería de Tecnologías de Telecomunicación por la Universidad Autónoma de Madrid,Universidad Autónoma de Madrid
2504040,Graduado o Graduada en Ingeniería de Tecnologías de Telecomunicación por la Universidad Católica San Antonio,Universidad Católica San Antonio
2502450,Graduado o Graduada en Ingeniería de Tecnologías de Telecomunicación por la Universidad de Cantabria,Universidad de Cantabria
2503250,Graduado o Graduada en Ingeniería de Tecnologías de Telecomunicación por la Universidad de Castilla-La Mancha,Universidad de Castilla-La Mancha
1500707,Graduado o Graduada en Ingeniería de Tecnologías de Telecomunicación por la Universidad de Extremadura,Universidad de Extremadura
2501834,Graduado o Graduada en Ingeniería de Tecnologías de Telecomunicación por la Universidad de Granada,Universidad de Granada
2501875,Graduado o Graduada en Ingeniería de Tecnologías de Telecomunicación por la Universidad de Jaén,Universidad de Jaén
2501927,Graduado o Graduada en Ingeniería de Tecnologías de Telecomunicación por la Universidad de Las Palmas de Gran Canaria,Universidad de Las Palmas de Gran Canaria
2501997,Graduado o Graduada en Ingeniería de Tecnologías de Telecomunicación por la Universidad de Málaga,Universidad de Málaga
1500198,Graduado o Graduada en Ingeniería de Tecnologías de Telecomunicación por la Universidad de Valladolid,Universidad de Valladolid
2502244,Graduado o Graduada en Ingeniería de Tecnologías de Telecomunicación por la Universidad de Vigo,Universidad de Vigo
2502482,Graduado o Graduada en Ingeniería de Tecnologías de Telecomunicación por la Universidad de Zaragoza,Universidad de Zaragoza
2501620,Graduado o Graduada en Ingeniería de Tecnologías de Telecomunicación por la Universidad Miguel Hernández de Elche,Universidad Miguel Hernández de Elche
2502144,Graduado o Graduada en Ingeniería de Tecnologías de Telecomunicación por la Universidad Politécnica de Madrid,Universidad Politécnica de Madrid
2502407,Graduado o Graduada en Ingeniería de Tecnologías de Telecomunicación por la Universitat Politècnica de València,Universitat Politècnica de València
2501663,"Graduado o Graduada en Ingeniería de Tecnologías de Telecomunicación, Sonido e Imagen por la Universitat Politècnica de València",Universitat Politècnica de València
2500951,Graduado o Graduada en Ingeniería de Tecnologías Industriales por la Universidad de Navarra,Universidad de Navarra
2502372,Graduado o Graduada en Ingeniería de Tecnologías Industriales por la Universidad de Oviedo,Universidad de Oviedo
2502302,Graduado o Graduada en Ingeniería de Tecnologías Industriales por la Universidad de Sevilla,Universidad de Sevilla
2502481,Graduado o Graduada en Ingeniería de Tecnologías Industriales por la Universidad de Zaragoza,Universidad de Zaragoza
2502161,Graduado o Graduada en Ingeniería de Tecnologías Industriales por la Universidad Rey Juan Carlos,Universidad Rey Juan Carlos
1500429,Graduado o Graduada en Ingeniería de Tecnologías Mineras por la Universidad de Jaén,Universidad de Jaén
2502367,Graduado o Graduada en Ingeniería de Tecnologías Mineras por la Universidad de Oviedo,Universidad de Oviedo
1500771,Graduado o Graduada en Ingeniería de Tecnologías Navales para la Defensa por la Universidad de Vigo,Universidad de Vigo
2503253,Graduado o Graduada en Ingeniería de Tecnologías y Servicios de Telecomunicación por la Universidad Politécnica de Catalunya,Universidad Politécnica de Catalunya
1500367,Graduado o Graduada en Ingeniería de Tecnologías y Servicios de Telecomunicación por la Universitat Internacional Valenciana,Universitat Internacional Valenciana
2503864,Graduado o Graduada en Ingeniería de Tecnologías y Servicios de Telecomunicación por la Universitat Oberta de Catalunya,Universitat Oberta de Catalunya
1500151,Graduado o Graduada en Ingeniería de Videojuegos / Bachelor in Videogame Engineering por la Universidad Camilo José Cela,Universidad Camilo José Cela
2502036,Graduado o Graduada en Ingeniería del Automóvil por la Universidad Antonio de Nebrija,Universidad Antonio de Nebrija
2502145,Graduado o Graduada en Ingeniería del Medio Natural por la Universidad Politécnica de Madrid,Universidad Politécnica de Madrid
2503791,Graduado o Graduada en Ingeniería del Software por la Universidad Camilo José Cela,Universidad Camilo José Cela
2501385,Graduado o Graduada en Ingeniería del Software por la Universidad Complutense de Madrid,Universidad Complutense de Madrid
2501999,Graduado o Graduada en Ingeniería del Software por la Universidad de Málaga,Universidad de Málaga
2504482,Graduado o Graduada en Ingeniería del Software por la Universidad Loyola Andalucía,Universidad Loyola Andalucía
2503028,Graduado o Graduada en Ingeniería del Software por la Universidad Politécnica de Madrid,Universidad Politécnica de Madrid
2500970,Graduado o Graduada en Ingeniería del Software por la Universidad Rey Juan Carlos,Universidad Rey Juan Carlos
1500212,Graduado o Graduada en Ingeniería del Software y Videojuegos por la Universidad Internacional de la Empresa,Universidad Internacional de la Empresa
2502267,Graduado o Graduada en Ingeniería Eléctrica para la Transición Energética por la Universidad Jaume I de Castellón,Universidad Jaume I de Castellón
2502207,Graduado o Graduada en Ingeniería Eléctrica por la Universidad de A Coruña,Universidad de A Coruña
2503039,Graduado o Graduada en Ingeniería Eléctrica por la Universidad de Almería,Universidad de Almería
2503085,Graduado o Graduada en Ingeniería Eléctrica por la Universidad de Cádiz,Universidad de Cádiz
2502451,Graduado o Graduada en Ingeniería Eléctrica por la Universidad de Cantabria,Universidad de Cantabria
2502464,Graduado o Graduada en Ingeniería Eléctrica por la Universidad de Castilla-La Mancha,Universidad de Castilla-La Mancha
2501796,Graduado o Graduada en Ingeniería Eléctrica por la Universidad de Córdoba,Universidad de Córdoba
2502339,Graduado o Graduada en Ingeniería Eléctrica por la Universidad de Girona,Universitat de Girona
2501850,Graduado o Graduada en Ingeniería Eléctrica por la Universidad de Huelva,Universidad de Huelva
2501874,Graduado o Graduada en Ingeniería Eléctrica por la Universidad de Jaén,Universidad de Jaén
2502125,Graduado o Graduada en Ingeniería Eléctrica por la Universidad de la Rioja,Universidad de La Rioja
2502983,Graduado o Graduada en Ingeniería Eléctrica por la Universidad de Las Palmas de Gran Canaria,Universidad de Las Palmas de Gran Canaria
2502687,Graduado o Graduada en Ingeniería Eléctrica por la Universidad de León,Universidad de León
2502001,Graduado o Graduada en Ingeniería Eléctrica por la Universidad de Málaga,Universidad de Málaga
2501057,Graduado o Graduada en Ingeniería Eléctrica por la Universidad de Navarra,Universidad de Navarra
2502369,Graduado o Graduada en Ingeniería Eléctrica por la Universidad de Oviedo,Universidad de Oviedo
1500719,Graduado o Graduada en Ingeniería Eléctrica por la Universidad de Salamanca,Universidad de Salamanca
2502279,Graduado o Graduada en Ingeniería Eléctrica por la Universidad de Salamanca,Universidad de Salamanca
2502299,Graduado o Graduada en Ingeniería Eléctrica por la Universidad de Sevilla,Universidad de Sevilla
2502315,Graduado o Graduada en Ingeniería Eléctrica por la Universidad de Valladolid,Universidad de Valladolid
2502245,Graduado o Graduada en Ingeniería Eléctrica por la Universidad de Vigo,Universidad de Vigo
2502483,Graduado o Graduada en Ingeniería Eléctrica por la Universidad de Zaragoza,Universidad de Zaragoza
2502391,Graduado o Graduada en Ingeniería Eléctrica por la Universidad del País Vasco/Euskal Herriko Unibertsitatea,Universidad del País Vasco/Euskal Herriko Unibertsitatea
2502180,Graduado o Graduada en Ingeniería Eléctrica por la Universidad Miguel Hernández de Elche,Universidad Miguel Hernández de Elche
2500392,Graduado o Graduada en Ingeniería Eléctrica por la Universidad Nacional de Educación a Distancia,Universidad Nacional de Educación a Distancia
2501176,Graduado o Graduada en Ingeniería Eléctrica por la Universidad Politécnica de Cartagena,Universidad Politécnica de Cartagena
2501216,Graduado o Graduada en Ingeniería Eléctrica por la Universidad Politécnica de Catalunya,Universidad Politécnica de Catalunya
2502402,Graduado o Graduada en Ingeniería Eléctrica por la Universidad Politécnica de Madrid,Universidad Politécnica de Madrid
2501672,Graduado o Graduada en Ingeniería Eléctrica por la Universidad Rovira i Virgili,Universidad Rovira i Virgili
2501655,Graduado o Graduada en Ingeniería Eléctrica por la Universitat Politècnica de València,Universitat Politècnica de València
2501039,Graduado o Graduada en Ingeniería Eléctrica (Rama Industrial) por la Universidad de Extremadura,Universidad de Extremadura
2502738,Graduado o Graduada en Ingeniería Eléctrica y Electrónica por la Universidad Pública de Navarra,Universidad Pública de Navarra
1500264,Graduado o Graduada en Ingeniería Eléctrica y Sistemas Ferroviarios por la Universidad Politécnica de Catalunya,Universidad Politécnica de Catalunya
2500188,Graduado o Graduada en Ingeniería Eléctrica/Bachelor in Electrical Power Engineering por la Universidad Carlos III de Madrid,Universidad Carlos III de Madrid
2502735,Graduado o Graduada en Ingeniería Electrónica de Comunicaciones por la Universidad Complutense de Madrid,Universidad Complutense de Madrid
2502381,Graduado o Graduada en Ingeniería Electrónica de Comunicaciones por la Universidad de Alcalá,Universidad de Alcalá
2500735,Graduado o Graduada en Ingeniería Electrónica de Comunicaciones por la Universidad Politécnica de Madrid,Universidad Politécnica de Madrid
2500895,Graduado o Graduada en Ingeniería Electrónica de Telecomunicación por la Universidad Autónoma de Barcelona,Universidad Autónoma de Barcelona
2500300,Graduado o Graduada en Ingeniería Electrónica de Telecomunicación por la Universidad de Barcelona,Universidad de Barcelona
2501993,Graduado o Graduada en Ingeniería Electrónica de Telecomunicación por la Universidad de Málaga,Universidad de Málaga
2503696,Graduado o Graduada en Ingeniería Electrónica de Telecomunicación por la Universidad Politécnica de Catalunya,Universidad Politécnica de Catalunya
2500869,Graduado o Graduada en Ingeniería Electrónica de Telecomunicación por la Universidad Ramón Llull,Universidad Ramón Llull
2501410,Graduado o Graduada en Ingeniería Electrónica de Telecomunicación por la Universitat de València (Estudi General),Universitat de València (Estudi General)
2503081,Graduado o Graduada en Ingeniería Electrónica Industrial por la Universidad de Cádiz,Universidad de Cádiz
2502550,Graduado o Graduada en Ingeniería Electrónica Industrial por la Universidad de Granada,Universidad de Granada
2501876,Graduado o Graduada en Ingeniería Electrónica Industrial por la Universidad de Jaén,Universidad de Jaén
2502005,Graduado o Graduada en Ingeniería Electrónica Industrial por la Universidad de Málaga,Universidad de Málaga
2502300,Graduado o Graduada en Ingeniería Electrónica Industrial por la Universidad de Sevilla,Universidad de Sevilla
2501411,Graduado o Graduada en Ingeniería Electrónica Industrial por la Universitat de València (Estudi General),Universitat de València (Estudi General)
2501328,Graduado o Graduada en Ingeniería Electrónica Industrial y Automática por la Universidad Alfonso X El Sabio,Universidad Alfonso X El Sabio
2501133,Graduado o Graduada en Ingeniería Electrónica Industrial y Automática por la Universidad Autónoma de Barcelona,Universidad Autónoma de Barcelona
2504104,Graduado o Graduada en Ingeniería Electrónica Industrial y Automática por la Universidad Católica Santa Teresa de Jesús de Ávila,Universidad Católica Santa Teresa de Jesús de Ávila
2502203,Graduado o Graduada en Ingeniería Electrónica Industrial y Automática por la Universidad de A Coruña,Universidad de A Coruña
2501727,Graduado o Graduada en Ingeniería Electrónica Industrial y Automática por la Universidad de Almería,Universidad de Almería
2501736,Graduado o Graduada en Ingeniería Electrónica Industrial y Automática por la Universidad de Burgos,Universidad de Burgos
2502465,Graduado o Graduada en Ingeniería Electrónica Industrial y Automática por la Universidad de Castilla-La Mancha,Universidad de Castilla-La Mancha
2501797,Graduado o Graduada en Ingeniería Electrónica Industrial y Automática por la Universidad de Córdoba,Universidad de Córdoba
2503148,Graduado o Graduada en Ingeniería Electrónica Industrial y Automática por la Universidad de Deusto,Universidad de Deusto
2500840,Graduado o Graduada en Ingeniería Electrónica Industrial y Automática por la Universidad de Girona,Universitat de Girona
2501851,Graduado o Graduada en Ingeniería Electrónica Industrial y Automática por la Universidad de Huelva,Universidad de Huelva
2501895,Graduado o Graduada en Ingeniería Electrónica Industrial y Automática por la Universidad de La Laguna,Universidad de La Laguna
2502127,Graduado o Graduada en Ingeniería Electrónica Industrial y Automática por la Universidad de la Rioja,Universidad de La Rioja
2503004,Graduado o Graduada en Ingeniería Electrónica Industrial y Automática por la Universidad de Las Palmas de Gran Canaria,Universidad de Las Palmas de Gran Canaria
2502370,Graduado o Graduada en Ingeniería Electrónica Industrial y Automática por la Universidad de Oviedo,Universidad de Oviedo
2502280,Graduado o Graduada en Ingeniería Electrónica Industrial y Automática por la Universidad de Salamanca,Universidad de Salamanca
1500717,Graduado o Graduada en Ingeniería Electrónica Industrial y Automática por la Universidad de Salamanca,Universidad de Salamanca
2502393,Graduado o Graduada en Ingeniería Electrónica Industrial y Automática por la Universidad del País Vasco/Euskal Herriko Unibertsitatea,Universidad del País Vasco/Euskal Herriko Unibertsitatea
1500569,Graduado o Graduada en Ingeniería Electrónica Industrial y Automática por la Universidad Internacional de La Rioja,Universidad Internacional de La Rioja
2500393,Graduado o Graduada en Ingeniería Electrónica Industrial y Automática por la Universidad Nacional de Educación a Distancia,Universidad Nacional de Educación a Distancia
2500956,Graduado o Graduada en Ingeniería Electrónica Industrial y Automática por la Universidad Politécnica de Cartagena,Universidad Politécnica de Cartagena
2501217,Graduado o Graduada en Ingeniería Electrónica Industrial y Automática por la Universidad Politécnica de Catalunya,Universidad Politécnica de Catalunya
2502403,Graduado o Graduada en Ingeniería Electrónica Industrial y Automática por la Universidad Politécnica de Madrid,Universidad Politécnica de Madrid
2503062,Graduado o Graduada en Ingeniería Electrónica Industrial y Automática por la Universidad Pompeu Fabra,Universidad Pompeu Fabra
2503640,Graduado o Graduada en Ingeniería Electrónica Industrial y Automática por la Universidad Rey Juan Carlos,Universidad Rey Juan Carlos
2501673,Graduado o Graduada en Ingeniería Electrónica Industrial y Automática por la Universidad Rovira i Virgili,Universidad Rovira i Virgili
2502134,Graduado o Graduada en Ingeniería Electrónica Industrial y Automática por la Universitat de les Illes Balears,Universitat de les Illes Balears
2501656,Graduado o Graduada en Ingeniería Electrónica Industrial y Automática por la Universitat Politècnica de València,Universitat Politècnica de València
2500196,Graduado o Graduada en Ingeniería Electrónica Industrial y Automática/Bachelor's degree in Industrial Electronics and Automation Engineering por la Universidad Carlos III de Madrid,Universidad Carlos III de Madrid
2502392,Graduado o Graduada en Ingeniería Electrónica por la Universidad del País Vasco/Euskal Herriko Unibertsitatea,Universidad del País Vasco/Euskal Herriko Unibertsitatea
2502601,"Graduado o Graduada en Ingeniería Electrónica, Robótica y Mecatrónica por la Universidad de Málaga y la Universidad de Sevilla",(Conjunto)
2502484,Graduado o Graduada en Ingeniería Electrónica y Automática  por la Universidad de Zaragoza,Universidad de Zaragoza
2501619,Graduado o Graduada en Ingeniería Electrónica y Automática Industrial por la Universidad Miguel Hernández de Elche,Universidad Miguel Hernández de Elche
2501040,Graduado o Graduada en Ingeniería Electrónica y Automática (Rama Industrial) por la Universidad de Extremadura,Universidad de Extremadura
2503515,Graduado o Graduada en Ingeniería en Automoción por la Universidad del País Vasco/Euskal Herriko Unibertsitatea,Universidad del País Vasco/Euskal Herriko Unibertsitatea
2503123,Graduado o Graduada en Ingeniería en Diseño Industrial por la Universidad de Deusto,Universidad de Deusto
2500035,Graduado o Graduada en Ingeniería en Diseño Industrial y Desarrollo de Producto por la Mondragón Unibertsitatea,Mondragón Unibertsitatea
2501005,Graduado o Graduada en Ingeniería en Diseño Industrial y Desarrollo de Producto por la Universidad Alfonso X El Sabio,Universidad Alfonso X El Sabio
1500776,Graduado o Graduada en Ingeniería en Diseño Industrial y Desarrollo de Producto por la Universidad de Valladolid,Universidad de Valladolid
2502316,Graduado o Graduada en Ingeniería en Diseño Industrial y Desarrollo de Producto por la Universidad de Valladolid,Universidad de Valladolid
2500166,Graduado o Graduada en Ingeniería en Diseño Industrial y Desarrollo de Producto por la Universidad de Zaragoza,Universidad de Zaragoza
1500570,Graduado o Graduada en Ingeniería en Diseño Industrial y Desarrollo de Producto por la Universidad Internacional de La Rioja,Universidad Internacional de La Rioja
2504182,Graduado o Graduada en Ingeniería en Diseño Industrial y Desarrollo de Producto por la Universidad Politécnica de Cartagena,Universidad Politécnica de Cartagena
2502404,Graduado o Graduada en Ingeniería en Diseño Industrial y Desarrollo de Producto por la Universidad Politécnica de Madrid,Universidad Politécnica de Madrid
2500927,Graduado o Graduada en Ingeniería en Diseño Industrial y Desarrollo de Productos por la Universidad de Extremadura,Universidad de Extremadura
2501924,Graduado o Graduada en Ingeniería en Diseño Industrial y Desarrollo de Productos por la Universidad de Las Palmas de Gran Canaria,Universidad de Las Palmas de Gran Canaria
2500990,Graduado o Graduada en Ingeniería en Diseño Industrial y Desarrollo de Productos por la Universidad de Navarra,Universidad de Navarra
2502268,Graduado o Graduada en Ingeniería en Diseño Industrial y Desarrollo de Productos por la Universidad Jaume I de Castellón,Universidad Jaume I de Castellón
2501356,Graduado o Graduada en Ingeniería en Diseño Industrial y Desarrollo de Productos por la Universitat Politècnica de València,Universitat Politècnica de València
2500044,Graduado o Graduada en Ingeniería en Diseño Industrial y Desarrollo del Producto por la Universidad Antonio de Nebrija,Universidad Antonio de Nebrija
2502561,Graduado o Graduada en Ingeniería en Diseño Industrial y Desarrollo del Producto por la Universidad de Cádiz,Universidad de Cádiz
2502002,Graduado o Graduada en Ingeniería en Diseño Industrial y Desarrollo del Producto por la Universidad de Málaga,Universidad de Málaga
2502301,Graduado o Graduada en Ingeniería en Diseño Industrial y Desarrollo del Producto por la Universidad de Sevilla,Universidad de Sevilla
2502168,Graduado o Graduada en Ingeniería en Diseño Mecánico por la Universidad Pública de Navarra,Universidad Pública de Navarra
2500199,Graduado o Graduada en Ingeniería en Electrónica Industrial por la Mondragón Unibertsitatea,Mondragón Unibertsitatea
2501058,Graduado o Graduada en Ingeniería en Electrónica Industrial por la Universidad de Navarra,Universidad de Navarra
2502452,Graduado o Graduada en Ingeniería en Electrónica Industrial y Automática por la Universidad de Cantabria,Universidad de Cantabria
2501603,Graduado o Graduada en Ingeniería en Electrónica Industrial y Automática por la Universidad de León,Universidad de León
2501952,Graduado o Graduada en Ingeniería en Electrónica Industrial y Automática por la Universidad de Lleida,Universidad de Lleida
2502317,Graduado o Graduada en Ingeniería en Electrónica Industrial y Automática por la Universidad de Valladolid,Universidad de Valladolid
2502246,Graduado o Graduada en Ingeniería en Electrónica Industrial y Automática por la Universidad de Vigo,Universidad de Vigo
2502382,Graduado o Graduada en Ingeniería en Electrónica y Automática Industrial por la Universidad de Alcalá,Universidad de Alcalá
2503857,Graduado o Graduada en Ingeniería en Energías Renovables y Eficiencia Energética por la Universidad Autónoma de Barcelona,Universidad Autónoma de Barcelona
2504263,Graduado o Graduada en Ingeniería en Geoinformación y Geomática por la Universidad de Extremadura,Universidad de Extremadura
2503749,Graduado o Graduada en Ingeniería en Geoinformación y Geomática por la Universidad de Salamanca,Universidad de Salamanca
2503436,Graduado o Graduada en Ingeniería en Geoinformación y Geomática por la Universidad Politécnica de Catalunya,Universidad Politécnica de Catalunya
2501604,Graduado o Graduada en Ingeniería en Geomática y Topografía por la Universidad de León,Universidad de León
2501657,Graduado o Graduada en Ingeniería en Geomática y Topografía por la Universitat Politècnica de València,Universitat Politècnica de València
1500448,Graduado o Graduada en Ingeniería en Geotecnologías y Topografía por la Universidad de León,Universidad de León
2504088,Graduado o Graduada en Ingeniería en Industria Conectada por la Universidad Francisco de Vitoria,Universidad Francisco de Vitoria
2500036,Graduado o Graduada en Ingeniería en Informática por la Mondragón Unibertsitatea,Mondragón Unibertsitatea
1500296,Graduado o Graduada en Ingeniería en Informática por la Universidad Pompeu Fabra,Universidad Pompeu Fabra
2502751,Graduado o Graduada en Ingeniería en Innovación de Procesos y Productos por la Universidad del País Vasco/Euskal Herriko Unibertsitatea,Universidad del País Vasco/Euskal Herriko Unibertsitatea
2504621,Graduado o Graduada en Ingeniería en Inteligencia Artificial por la Universidad de Alicante,Universidad de Alicante
1500243,Graduado o Graduada en Ingeniería en Inteligencia Artificial por la Universidad de Navarra,Universidad de Navarra
1500624,Graduado o Graduada en Ingeniería en Inteligencia Artificial por la Universidad Nacional de Educación a Distancia,Universidad Nacional de Educación a Distancia
2503578,Graduado o Graduada en Ingeniería en Matemática Aplicada a Ciencia de Datos por la Universidad Europea de Madrid,Universidad Europea de Madrid
2501422,Graduado o Graduada en Ingeniería en Organización de las Tecnologías de la Información y de la Comunicación por la Universidad Ramón Llull,Universidad Ramón Llull
2503812,Graduado o Graduada en Ingeniería en Organización Industrial  por la Universitat Internacional Valenciana,Universitat Internacional Valenciana
2500037,Graduado o Graduada en Ingeniería en Organización Industrial por la Mondragón Unibertsitatea,Mondragón Unibertsitatea
2500263,Graduado o Graduada en Ingeniería en Organización Industrial por la Universidad Autónoma de Barcelona,Universidad Autónoma de Barcelona
2500555,Graduado o Graduada en Ingeniería en Organización Industrial por la Universidad de Deusto,Universidad de Deusto
2502503,Graduado o Graduada en Ingeniería en Organización Industrial por la Universidad de Las Palmas de Gran Canaria,Universidad de Las Palmas de Gran Canaria
2500950,Graduado o Graduada en Ingeniería en Organización Industrial por la Universidad de Navarra,Universidad de Navarra
2502318,Graduado o Graduada en Ingeniería en Organización Industrial por la Universidad de Valladolid,Universidad de Valladolid
2502247,Graduado o Graduada en Ingeniería en Organización Industrial por la Universidad de Vigo,Universidad de Vigo
2501645,Graduado o Graduada en Ingeniería en Organización Industrial por la Universidad del País Vasco/Euskal Herriko Unibertsitatea,Universidad del País Vasco/Euskal Herriko Unibertsitatea
2502856,Graduado o Graduada en Ingeniería en Organización Industrial por la Universidad Internacional de La Rioja,Universidad Internacional de La Rioja
2502160,Graduado o Graduada en Ingeniería en Organización Industrial por la Universidad Rey Juan Carlos,Universidad Rey Juan Carlos
2503879,Graduado o Graduada en Ingeniería en Organización Industrial y Logística por la Universidad de Lleida,Universidad de Lleida
2502248,Graduado o Graduada en Ingeniería en Química Industrial por la Universidad de Vigo,Universidad de Vigo
2500431,Graduado o Graduada en Ingeniería en Sistemas Audiovisuales y Multimedia por la Universidad Rey Juan Carlos,Universidad Rey Juan Carlos
2503894,Graduado o Graduada en Ingeniería en Sistemas de Información por la Universidad de Alcalá,Universidad de Alcalá
1500235,Graduado o Graduada en Ingeniería en Sistemas de Telecomunicación por la Universidad CEU Fernando III,Universidad CEU Fernando III
2502383,Graduado o Graduada en Ingeniería en Sistemas de Telecomunicación por la Universidad de Alcalá,Universidad de Alcalá
2503726,Graduado o Graduada en Ingeniería en Sistemas de Telecomunicación por la Universidad Europea de Madrid,Universidad Europea de Madrid
2501006,Graduado o Graduada en Ingeniería en Sistemas de Telecomunicación por la Universidad Politécnica de Cartagena,Universidad Politécnica de Cartagena
2501181,Graduado o Graduada en Ingeniería en Sistemas de Telecomunicación por la Universidad Rey Juan Carlos,Universidad Rey Juan Carlos
2503615,Graduado o Graduada en Ingeniería en Sistemas Industriales / Industrial Systems Engineering por la Universidad Europea de Madrid,Universidad Europea de Madrid
2503815,Graduado o Graduada en Ingeniería en Sistemas Industriales por la Universidad Francisco de Vitoria,Universidad Francisco de Vitoria
2504537,Graduado o Graduada en Ingeniería en Sistemas Inteligentes por la Universidad Intercontinental de la Empresa,Universidad Intercontinental de la Empresa
2501984,Graduado o Graduada en Ingeniería en Sistemas y Tecnología Naval por la Universidad Politécnica de Catalunya,Universidad Politécnica de Catalunya
2501434,Graduado o Graduada en Ingeniería en Sonido e Imagen en Telecomunicación por la Universidad de Alicante,Universidad de Alicante
2501647,Graduado o Graduada en Ingeniería en Tecnología Industrial por la Universidad del País Vasco/Euskal Herriko Unibertsitatea,Universidad del País Vasco/Euskal Herriko Unibertsitatea
2502146,Graduado o Graduada en Ingeniería en Tecnología Minera por la Universidad Politécnica de Madrid,Universidad Politécnica de Madrid
2501934,Graduado o Graduada en Ingeniería en Tecnología Naval por la Universidad de Las Palmas de Gran Canaria,Universidad de Las Palmas de Gran Canaria
2501987,Graduado o Graduada en Ingeniería en Tecnologías Aeroespaciales por la Universidad Politécnica de Catalunya,Universidad Politécnica de Catalunya
2504628,Graduado o Graduada en Ingeniería en Tecnologías Aeroespaciales por la Universidad Politécnica de Madrid,Universidad Politécnica de Madrid
2503198,Graduado o Graduada en Ingeniería en Tecnologías Ambientales por la Universidad Politécnica de Madrid,Universidad Politécnica de Madrid
2501449,Graduado o Graduada en Ingeniería en Tecnologías de la Información por la Universidad Nacional de Educación a Distancia,Universidad Nacional de Educación a Distancia
2500429,Graduado o Graduada en Ingeniería en Tecnologías de la Telecomunicación por la Universidad Rey Juan Carlos,Universidad Rey Juan Carlos
2503193,Graduado o Graduada en Ingeniería en Tecnologías de Telecomunicación por la Universidad de Alcalá,Universidad de Alcalá
2503227,Graduado o Graduada en Ingeniería en Tecnologías de Telecomunicación por la Universidad Pontificia Comillas,Universidad Pontificia Comillas
2501669,Graduado o Graduada en Ingeniería en Tecnologías de Telecomunicación por la Universidad Pública de Navarra,Universidad Pública de Navarra
1500358,Graduado o Graduada en Ingeniería en Tecnologías de Telecomunicación por la Universidad Rey Juan Carlos,Universidad Rey Juan Carlos
2501586,Graduado o Graduada en Ingeniería en Tecnologías de Telecomunicación/Bachelor in Telecommunication Technologies Engineering por la Universidad Carlos III de Madrid,Universidad Carlos III de Madrid
2502077,Graduado o Graduada en Ingeniería en Tecnologías Industriales  por la Universidad Politécnica de Cartagena,Universidad Politécnica de Cartagena
2501369,Graduado o Graduada en Ingeniería en Tecnologías Industriales por la Universidad Antonio de Nebrija,Universidad Antonio de Nebrija
2502457,Graduado o Graduada en Ingeniería en Tecnologías Industriales por la Universidad Carlos III de Madrid,Universidad Carlos III de Madrid
2502209,Graduado o Graduada en Ingeniería en Tecnologías Industriales por la Universidad de A Coruña,Universidad de A Coruña
2503933,Graduado o Graduada en Ingeniería en Tecnologías Industriales por la Universidad de Alcalá,Universidad de Alcalá
2503173,Graduado o Graduada en Ingeniería en Tecnologías Industriales por la Universidad de Cádiz,Universidad de Cádiz
2502453,Graduado o Graduada en Ingeniería en Tecnologías Industriales por la Universidad de Cantabria,Universidad de Cantabria
2503147,Graduado o Graduada en Ingeniería en Tecnologías Industriales por la Universidad de Deusto,Universidad de Deusto
2503855,Graduado o Graduada en Ingeniería en Tecnologías Industriales por la Universidad de Extremadura,Universidad de Extremadura
2502340,Graduado o Graduada en Ingeniería en Tecnologías Industriales por la Universidad de Girona,Universitat de Girona
2502003,Graduado o Graduada en Ingeniería en Tecnologías Industriales por la Universidad de Málaga,Universidad de Málaga
2502651,Graduado o Graduada en Ingeniería en Tecnologías Industriales por la Universidad de Valladolid,Universidad de Valladolid
2502249,Graduado o Graduada en Ingeniería en Tecnologías Industriales por la Universidad de Vigo,Universidad de Vigo
2502269,Graduado o Graduada en Ingeniería en Tecnologías Industriales por la Universidad Jaume I de Castellón,Universidad Jaume I de Castellón
1500599,Graduado o Graduada en Ingeniería en Tecnologías Industriales por la Universidad Miguel Hernández de Elche,Universidad Miguel Hernández de Elche
2502335,Graduado o Graduada en Ingeniería en Tecnologías Industriales por la Universidad Nacional de Educación a Distancia,Universidad Nacional de Educación a Distancia
2501989,Graduado o Graduada en Ingeniería en Tecnologías Industriales por la Universidad Politécnica de Catalunya,Universidad Politécnica de Catalunya
2501648,Graduado o Graduada en Ingeniería en Tecnologías Industriales por la Universidad Politécnica de Madrid,Universidad Politécnica de Madrid
2503205,Graduado o Graduada en Ingeniería en Tecnologías Industriales por la Universidad Pontificia Comillas,Universidad Pontificia Comillas
2502493,Graduado o Graduada en Ingeniería en Tecnologías Industriales por la Universidad Pública de Navarra,Universidad Pública de Navarra
2502410,Graduado o Graduada en Ingeniería en Tecnologías Industriales por la Universidad Ramón Llull,Universidad Ramón Llull
2501659,Graduado o Graduada en Ingeniería en Tecnologías Industriales por la Universitat Politècnica de València,Universitat Politècnica de València
2504273,Graduado o Graduada en Ingeniería en Tecnologías para Animación y Videojuegos por la Universidad San Pablo-CEU,Universidad San Pablo-CEU
2502368,Graduado o Graduada en Ingeniería en Tecnologías y Servicios de Telecomunicación  por la Universidad de Oviedo,Universidad de Oviedo
2501991,Graduado o Graduada en Ingeniería en Vehículos Aeroespaciales por la Universidad Politécnica de Catalunya,Universidad Politécnica de Catalunya
2504120,Graduado o Graduada en Ingeniería Energética por la Universidad de Valladolid,Universidad de Valladolid
2504522,Graduado o Graduada en Ingeniería Física Aplicada a la Industria por la Mondragón Unibertsitatea,Mondragón Unibertsitatea
1500159,Graduado o Graduada en Ingeniería Física por la Universidad Francisco de Vitoria,Universidad Francisco de Vitoria
2502535,Graduado o Graduada en Ingeniería Física por la Universidad Politécnica de Catalunya,Universidad Politécnica de Catalunya
2504322,Graduado o Graduada en Ingeniería Física por la Universitat Politècnica de València,Universitat Politècnica de València
2504592,Graduado o Graduada en Ingeniería Física y Matemática por la Universidad de Las Palmas de Gran Canaria,Universidad de Las Palmas de Gran Canaria
2502320,Graduado o Graduada en Ingeniería Forestal: Industrias Forestales por la Universidad de Valladolid,Universidad de Valladolid
2501798,Graduado o Graduada en Ingeniería Forestal por la Universidad de Córdoba,Universidad de Córdoba
2502356,Graduado o Graduada en Ingeniería Forestal por la Universidad de Lleida,Universidad de Lleida
2502250,Graduado o Graduada en Ingeniería Forestal por la Universidad de Vigo,Universidad de Vigo
2502147,Graduado o Graduada en Ingeniería Forestal por la Universidad Politécnica de Madrid,Universidad Politécnica de Madrid
2503744,Graduado o Graduada en Ingeniería Forestal y del Medio Natural por la Universidad Católica Santa Teresa de Jesús de Ávila,Universidad Católica Santa Teresa de Jesús de Ávila
2501778,Graduado o Graduada en Ingeniería Forestal y del Medio Natural por la Universidad de Castilla-La Mancha,Universidad de Castilla-La Mancha
2501094,Graduado o Graduada en Ingeniería Forestal y del Medio Natural por la Universidad de Extremadura,Universidad de Extremadura
2501852,Graduado o Graduada en Ingeniería Forestal y del Medio Natural por la Universidad de Huelva,Universidad de Huelva
2501943,Graduado o Graduada en Ingeniería Forestal y del Medio Natural por la Universidad de León,Universidad de León
2504313,Graduado o Graduada en Ingeniería Forestal y del Medio Natural por la Universidad de Oviedo,Universidad de Oviedo
2502235,Graduado o Graduada en Ingeniería Forestal y del Medio Natural por la Universidad de Santiago de Compostela,Universidad de Santiago de Compostela
2502319,Graduado o Graduada en Ingeniería Forestal y del Medio Natural por la Universidad de Valladolid,Universidad de Valladolid
2501660,Graduado o Graduada en Ingeniería Forestal y del Medio Natural por la Universitat Politècnica de València,Universitat Politècnica de València
2502281,Graduado o Graduada en Ingeniería Geológica,Universidad de Salamanca
2502506,Graduado o Graduada en Ingeniería Geológica por la Universidad Complutense de Madrid,Universidad Complutense de Madrid
2503476,Graduado o Graduada en Ingeniería Geológica por la Universidad de Salamanca,Universidad de Salamanca
2502148,Graduado o Graduada en Ingeniería Geológica por la Universidad Politécnica de Madrid,Universidad Politécnica de Madrid
2503257,Graduado o Graduada en Ingeniería Geomática por la Universidad de Las Palmas de Gran Canaria,Universidad de Las Palmas de Gran Canaria
2503454,Graduado o Graduada en Ingeniería Geomática por la Universidad de Oviedo,Universidad de Oviedo
2503444,Graduado o Graduada en Ingeniería Geomática por la Universidad Politécnica de Madrid,Universidad Politécnica de Madrid
2502282,Graduado o Graduada en Ingeniería Geomática y Topografía por la Universidad de Salamanca,Universidad de Salamanca
1500432,Graduado o Graduada en Ingeniería Geomática y Topográfica por la Universidad de Jaén,Universidad de Jaén
2501042,Graduado o Graduada en Ingeniería Hortofrutícola y Jardinería por la Universidad de Extremadura,Universidad de Extremadura
2504474,Graduado o Graduada en Ingeniería Informática / Bachelor in Computer Engineering por la Universidad Internacional de la Empresa,Universidad Internacional de la Empresa
2500046,Graduado o Graduada en Ingeniería Informática / Bachelor in Computer Science and Engineering por la Universidad Carlos III de Madrid,Universidad Carlos III de Madrid
2502303,Graduado o Graduada en Ingeniería Informática - Ingeniería de Computadores por la Universidad de Sevilla,Universidad de Sevilla
2502304,Graduado o Graduada en Ingeniería Informática - Ingeniería del Software  por la Universidad de Sevilla,Universidad de Sevilla
1500485,Graduado o Graduada en Ingeniería Informática - Inteligencia Artificial por la Universidad de Sevilla,Universidad de Sevilla
2502270,Graduado o Graduada en Ingeniería Informática  por la Universidad Jaume I de Castellón,Universidad Jaume I de Castellón
2502332,Graduado o Graduada en Ingeniería Informática  por la Universidad Pablo de Olavide,Universidad Pablo de Olavide
2500422,Graduado o Graduada en Ingeniería Informática  por la Universidad Ramón Llull,Universidad Ramón Llull
2504310,Graduado o Graduada en Ingeniería Informática - Sistemas de Información por la Universidad Católica Santa Teresa de Jesús de Ávila,Universidad Católica Santa Teresa de Jesús de Ávila
2502305,Graduado o Graduada en Ingeniería Informática - Tecnologías Informáticas por la Universidad de Sevilla,Universidad de Sevilla
2502031,Graduado o Graduada en Ingeniería Informática de Gestión y Sistemas de Información por la Universidad del País Vasco/Euskal Herriko Unibertsitatea,Universidad del País Vasco/Euskal Herriko Unibertsitatea
2503063,Graduado o Graduada en Ingeniería Informática de Gestión y Sistemas de Información por la Universidad Pompeu Fabra,Universidad Pompeu Fabra
2500978,Graduado o Graduada en Ingeniería Informática de Servicios y Aplicaciones por la Universidad de Valladolid,Universidad de Valladolid
2502374,Graduado o Graduada en Ingeniería Informática del Software por la Universidad de Oviedo,Universidad de Oviedo
2502188,Graduado o Graduada en Ingeniería Informática en Ingeniería de Computadores por la Universidad de Extremadura,Universidad de Extremadura
2502189,Graduado o Graduada en Ingeniería Informática en Ingeniería del Software por la Universidad de Extremadura,Universidad de Extremadura
2502284,Graduado o Graduada en Ingeniería Informática en Sistemas de Información por la Universidad de Salamanca,Universidad de Salamanca
2502190,Graduado o Graduada en Ingeniería Informática en Tecnologías de la Información por la Universidad de Extremadura,Universidad de Extremadura
2502375,Graduado o Graduada en Ingeniería Informática en Tecnologías de la Información por la Universidad de Oviedo,Universidad de Oviedo
2502181,Graduado o Graduada en Ingeniería Informática en Tecnologías de la Información por la Universidad Miguel Hernández de Elche,Universidad Miguel Hernández de Elche
2504068,Graduado o Graduada en Ingeniería Informática por la CUNEF Universidad,CUNEF Universidad
1500178,Graduado o Graduada en Ingeniería Informática por la ESIC Universidad,ESIC Universidad
2502711,Graduado o Graduada en Ingeniería Informática por la Universidad a Distancia de Madrid,Universidad a Distancia de Madrid
2500158,Graduado o Graduada en Ingeniería Informática por la Universidad Alfonso X El Sabio,Universidad Alfonso X El Sabio
2503533,Graduado o Graduada en Ingeniería Informática por la Universidad Antonio de Nebrija,Universidad Antonio de Nebrija
2502441,Graduado o Graduada en Ingeniería Informática por la Universidad Autónoma de Barcelona,Universidad Autónoma de Barcelona
2500272,Graduado o Graduada en Ingeniería Informática por la Universidad Autónoma de Madrid,Universidad Autónoma de Madrid
2504279,Graduado o Graduada en Ingeniería Informática por la Universidad Camilo José Cela,Universidad Camilo José Cela
2500051,Graduado o Graduada en Ingeniería Informática por la Universidad Católica San Antonio,Universidad Católica San Antonio
1500236,Graduado o Graduada en Ingeniería Informática por la Universidad CEU Fernando III,Universidad CEU Fernando III
2501384,Graduado o Graduada en Ingeniería Informática por la Universidad Complutense de Madrid,Universidad Complutense de Madrid
2502210,Graduado o Graduada en Ingeniería Informática por la Universidad de A Coruña,Universidad de A Coruña
2503892,Graduado o Graduada en Ingeniería Informática por la Universidad de Alcalá,Universidad de Alcalá
2501435,Graduado o Graduada en Ingeniería Informática por la Universidad de Alicante,Universidad de Alicante
2501728,Graduado o Graduada en Ingeniería Informática por la Universidad de Almería,Universidad de Almería
1500545,Graduado o Graduada en Ingeniería Informática por la Universidad de Barcelona,Universidad de Barcelona
2501737,Graduado o Graduada en Ingeniería Informática por la Universidad de Burgos,Universidad de Burgos
2501759,Graduado o Graduada en Ingeniería Informática por la Universidad de Cádiz,Universidad de Cádiz
2502454,Graduado o Graduada en Ingeniería Informática por la Universidad de Cantabria,Universidad de Cantabria
2502466,Graduado o Graduada en Ingeniería Informática por la Universidad de Castilla-La Mancha,Universidad de Castilla-La Mancha
2501799,Graduado o Graduada en Ingeniería Informática por la Universidad de Córdoba,Universidad de Córdoba
2500556,Graduado o Graduada en Ingeniería Informática por la Universidad de Deusto,Universidad de Deusto
1500733,Graduado o Graduada en Ingeniería Informática por la Universidad de Extremadura,Universidad de Extremadura
2501944,Graduado o Graduada en Ingeniería Informática por la Universidad de Girona,Universitat de Girona
2501835,Graduado o Graduada en Ingeniería Informática por la Universidad de Granada,Universidad de Granada
2501853,Graduado o Graduada en Ingeniería Informática por la Universidad de Huelva,Universidad de Huelva
2501879,Graduado o Graduada en Ingeniería Informática por la Universidad de Jaén,Universidad de Jaén
2501896,Graduado o Graduada en Ingeniería Informática por la Universidad de La Laguna,Universidad de La Laguna
2500849,Graduado o Graduada en Ingeniería Informática por la Universidad de La Rioja,Universidad de La Rioja
2501930,Graduado o Graduada en Ingeniería Informática por la Universidad de Las Palmas de Gran Canaria,Universidad de Las Palmas de Gran Canaria
2501605,Graduado o Graduada en Ingeniería Informática por la Universidad de León,Universidad de León
2501607,Graduado o Graduada en Ingeniería Informática por la Universidad de Lleida,Universidad de Lleida
2502006,Graduado o Graduada en Ingeniería Informática por la Universidad de Málaga,Universidad de Málaga
2500494,Graduado o Graduada en Ingeniería Informática por la Universidad de Murcia,Universidad de Murcia
2502283,Graduado o Graduada en Ingeniería Informática por la Universidad de Salamanca,Universidad de Salamanca
2501112,Graduado o Graduada en Ingeniería Informática por la Universidad de Santiago de Compostela,Universidad de Santiago de Compostela
2503074,Graduado o Graduada en Ingeniería Informática por la Universidad de Valladolid,Universidad de Valladolid
2501126,Graduado o Graduada en Ingeniería Informática por la Universidad de Vigo,Universidad de Vigo
2501707,Graduado o Graduada en Ingeniería Informática por la Universidad de Zaragoza,Universidad de Zaragoza
2502394,Graduado o Graduada en Ingeniería Informática por la Universidad del País Vasco/Euskal Herriko Unibertsitatea,Universidad del País Vasco/Euskal Herriko Unibertsitatea
1500519,Graduado o Graduada en Ingeniería Informática por la Universidad Europea de Andalucía,Universidad Europea de Andalucía
2500082,Graduado o Graduada en Ingeniería Informática por la Universidad Europea de Madrid,Universidad Europea de Madrid
1500380,Graduado o Graduada en Ingeniería Informática por la Universidad Europea de Valencia,Universidad Europea de Valencia
2503218,Graduado o Graduada en Ingeniería Informática por la Universidad Europea del Atlántico,Universidad Europea del Atlántico
2500566,Graduado o Graduada en Ingeniería Informática por la Universidad Europea Miguel de Cervantes,Universidad Europea Miguel de Cervantes
2502117,Graduado o Graduada en Ingeniería Informática por la Universidad Francisco de Vitoria,Universidad Francisco de Vitoria
2502760,Graduado o Graduada en Ingeniería Informática por la Universidad Internacional de La Rioja,Universidad Internacional de La Rioja
2502678,Graduado o Graduada en Ingeniería Informática por la Universidad Internacional Isabel I de Castilla,Universidad Internacional Isabel I de Castilla
2501450,Graduado o Graduada en Ingeniería Informática por la Universidad Nacional de Educación a Distancia,Universidad Nacional de Educación a Distancia
2501996,Graduado o Graduada en Ingeniería Informática por la Universidad Politécnica de Catalunya,Universidad Politécnica de Catalunya
2500397,Graduado o Graduada en Ingeniería Informática por la Universidad Politécnica de Madrid,Universidad Politécnica de Madrid
2501359,Graduado o Graduada en Ingeniería Informática por la Universidad Pontificia de Salamanca,Universidad Pontificia de Salamanca
2501490,Graduado o Graduada en Ingeniería Informática por la Universidad Pública de Navarra,Universidad Pública de Navarra
2500971,Graduado o Graduada en Ingeniería Informática por la Universidad Rey Juan Carlos,Universidad Rey Juan Carlos
2501674,Graduado o Graduada en Ingeniería Informática por la Universidad Rovira i Virgili,Universidad Rovira i Virgili
2500066,Graduado o Graduada en Ingeniería Informática por la Universidad San Jorge,Universidad San Jorge
1500421,Graduado o Graduada en Ingeniería Informática por la Universidad Tecnológica Atlántico-Mediterráneo,Universidad Tecnológica Atlántico-Mediterráneo
2502135,Graduado o Graduada en Ingeniería Informática por la Universitat de les Illes Balears,Universitat de les Illes Balears
2501412,Graduado o Graduada en Ingeniería Informática por la Universitat de València (Estudi General),Universitat de València (Estudi General)
2503415,Graduado o Graduada en Ingeniería Informática por la Universitat Internacional Valenciana,Universitat Internacional Valenciana
2501283,Graduado o Graduada en Ingeniería Informática por la Universitat Oberta de Catalunya,Universitat Oberta de Catalunya
2501661,Graduado o Graduada en Ingeniería Informática por la Universitat Politècnica de València,Universitat Politècnica de València
2503267,Graduado o Graduada en Ingeniería Informática y Tecnologías Virtuales por la Universidad Loyola Andalucía,Universidad Loyola Andalucía
1500201,Graduado o Graduada en Ingeniería Logística y Organización Industrial por la Universidad Antonio de Nebrija,Universidad Antonio de Nebrija
2501769,Graduado o Graduada en Ingeniería Marina por la Universidad de Cantabria,Universidad de Cantabria
2501482,Graduado o Graduada en Ingeniería Marítima por la Universidad Politécnica de Madrid,Universidad Politécnica de Madrid
2501770,Graduado o Graduada en Ingeniería Marítima y Arquitectura Naval por la Universidad de Cantabria,Universidad de Cantabria
2504069,Graduado o Graduada en Ingeniería Matemática // Bachelor in Mathematical Engineering por la CUNEF Universidad,CUNEF Universidad
2504382,Graduado o Graduada en Ingeniería Matemática e Inteligencia Artificial por la Universidad Pontificia Comillas,Universidad Pontificia Comillas
1500297,Graduado o Graduada en Ingeniería Matemática en Ciencia de Datos por la Universidad Pompeu Fabra,Universidad Pompeu Fabra
2504127,Graduado o Graduada en Ingeniería Matemática por la Universidad Alfonso X El Sabio,Universidad Alfonso X El Sabio
1500579,Graduado o Graduada en Ingeniería Matemática por la Universidad Cardenal Herrera-CEU,Universidad Cardenal Herrera-CEU
2500693,Graduado o Graduada en Ingeniería Matemática por la Universidad Complutense de Madrid,Universidad Complutense de Madrid
1500010,Graduado o Graduada en Ingeniería Matemática por la Universidad de Deusto,Universidad de Deusto
1500592,Graduado o Graduada en Ingeniería Matemática por la Universidad del Atlántico Medio,Universidad del Atlántico Medio
2503958,Graduado o Graduada en Ingeniería Matemática por la Universidad Francisco de Vitoria,Universidad Francisco de Vitoria
2504459,Graduado o Graduada en Ingeniería Matemática por la Universidad San Pablo-CEU,Universidad San Pablo-CEU
2504237,Graduado o Graduada en Ingeniería Matemática y Física por la Universidad Rovira i Virgili,Universidad Rovira i Virgili
2501440,Graduado o Graduada en Ingeniería Mecánica,Universidad Antonio de Nebrija
2501729,Graduado o Graduada en Ingeniería Mecánica  por la Universidad de Almería,Universidad de Almería
2500197,Graduado o Graduada en Ingeniería Mecánica por la Mondragón Unibertsitatea,Mondragón Unibertsitatea
2501331,Graduado o Graduada en Ingeniería Mecánica por la Universidad Alfonso X El Sabio,Universidad Alfonso X El Sabio
2500896,Graduado o Graduada en Ingeniería Mecánica por la Universidad Autónoma de Barcelona,Universidad Autónoma de Barcelona
2501592,Graduado o Graduada en Ingeniería Mecánica por la Universidad Católica Santa Teresa de Jesús de Ávila,Universidad Católica Santa Teresa de Jesús de Ávila
2502212,Graduado o Graduada en Ingeniería Mecánica por la Universidad de A Coruña,Universidad de A Coruña
2501738,Graduado o Graduada en Ingeniería Mecánica por la Universidad de Burgos,Universidad de Burgos
2503077,Graduado o Graduada en Ingeniería Mecánica por la Universidad de Cádiz,Universidad de Cádiz
2502455,Graduado o Graduada en Ingeniería Mecánica por la Universidad de Cantabria,Universidad de Cantabria
2502467,Graduado o Graduada en Ingeniería Mecánica por la Universidad de Castilla-La Mancha,Universidad de Castilla-La Mancha
2501800,Graduado o Graduada en Ingeniería Mecánica por la Universidad de Córdoba,Universidad de Córdoba
2503149,Graduado o Graduada en Ingeniería Mecánica por la Universidad de Deusto,Universidad de Deusto
2500841,Graduado o Graduada en Ingeniería Mecánica por la Universidad de Girona,Universitat de Girona
2501854,Graduado o Graduada en Ingeniería Mecánica por la Universidad de Huelva,Universidad de Huelva
2501880,Graduado o Graduada en Ingeniería Mecánica por la Universidad de Jaén,Universidad de Jaén
2501898,Graduado o Graduada en Ingeniería Mecánica por la Universidad de La Laguna,Universidad de La Laguna
2502128,Graduado o Graduada en Ingeniería Mecánica por la Universidad de la Rioja,Universidad de La Rioja
2502980,Graduado o Graduada en Ingeniería Mecánica por la Universidad de Las Palmas de Gran Canaria,Universidad de Las Palmas de Gran Canaria
2501945,Graduado o Graduada en Ingeniería Mecánica por la Universidad de León,Universidad de León
2501953,Graduado o Graduada en Ingeniería Mecánica por la Universidad de Lleida,Universidad de Lleida
2502008,Graduado o Graduada en Ingeniería Mecánica por la Universidad de Málaga,Universidad de Málaga
2500949,Graduado o Graduada en Ingeniería Mecánica por la Universidad de Navarra,Universidad de Navarra
2502376,Graduado o Graduada en Ingeniería Mecánica por la Universidad de Oviedo,Universidad de Oviedo
2502285,Graduado o Graduada en Ingeniería Mecánica por la Universidad de Salamanca,Universidad de Salamanca
1500736,Graduado o Graduada en Ingeniería Mecánica por la Universidad de Salamanca,Universidad de Salamanca
2502306,Graduado o Graduada en Ingeniería Mecánica por la Universidad de Sevilla,Universidad de Sevilla
2502322,Graduado o Graduada en Ingeniería Mecánica por la Universidad de Valladolid,Universidad de Valladolid
2502251,Graduado o Graduada en Ingeniería Mecánica por la Universidad de Vigo,Universidad de Vigo
2502485,Graduado o Graduada en Ingeniería Mecánica por la Universidad de Zaragoza,Universidad de Zaragoza
2502396,Graduado o Graduada en Ingeniería Mecánica por la Universidad del País Vasco/Euskal Herriko Unibertsitatea,Universidad del País Vasco/Euskal Herriko Unibertsitatea
2504298,Graduado o Graduada en Ingeniería Mecánica por la Universidad Francisco de Vitoria,Universidad Francisco de Vitoria
2502271,Graduado o Graduada en Ingeniería Mecánica por la Universidad Jaume I de Castellón,Universidad Jaume I de Castellón
2501621,Graduado o Graduada en Ingeniería Mecánica por la Universidad Miguel Hernández de Elche,Universidad Miguel Hernández de Elche
2500519,Graduado o Graduada en Ingeniería Mecánica por la Universidad Nacional de Educación a Distancia,Universidad Nacional de Educación a Distancia
2501065,Graduado o Graduada en Ingeniería Mecánica por la Universidad Politécnica de Cartagena,Universidad Politécnica de Cartagena
2501218,Graduado o Graduada en Ingeniería Mecánica por la Universidad Politécnica de Catalunya,Universidad Politécnica de Catalunya
2502150,Graduado o Graduada en Ingeniería Mecánica por la Universidad Politécnica de Madrid,Universidad Politécnica de Madrid
2503064,Graduado o Graduada en Ingeniería Mecánica por la Universidad Pompeu Fabra,Universidad Pompeu Fabra
2502737,Graduado o Graduada en Ingeniería Mecánica por la Universidad Pública de Navarra,Universidad Pública de Navarra
2503544,Graduado o Graduada en Ingeniería Mecánica por la Universidad Rey Juan Carlos,Universidad Rey Juan Carlos
2501675,Graduado o Graduada en Ingeniería Mecánica por la Universidad Rovira i Virgili,Universidad Rovira i Virgili
2502182,Graduado o Graduada en Ingeniería Mecánica por la Universitat Politècnica de València,Universitat Politècnica de València
2500928,Graduado o Graduada en Ingeniería Mecánica (Rama Industrial) por la Universidad de Extremadura,Universidad de Extremadura
2500048,Graduado o Graduada en Ingeniería Mecánica/Bachelor's degree in Mechanical Engineering por la Universidad Carlos III de Madrid,Universidad Carlos III de Madrid
2503651,Graduado o Graduada en Ingeniería Mecatrónica por la Mondragón Unibertsitatea,Mondragón Unibertsitatea
2500631,Graduado o Graduada en Ingeniería Mecatrónica por la Universidad de Vic-Universidad Central de Catalunya,Universidad de Vic-Universidad Central de Catalunya
2502329,Graduado o Graduada en Ingeniería Mecatrónica por la Universidad de Zaragoza,Universidad de Zaragoza
1500406,Graduado o Graduada en Ingeniería Mecatrónica y Robótica por la Universidad de Salamanca,Universidad de Salamanca
2503209,Graduado o Graduada en Ingeniería Mecatrónica y Robótica por la Universidad Loyola Andalucía,Universidad Loyola Andalucía
2501848,Graduado o Graduada en Ingeniería Minera por la Universidad de Huelva,Universidad de Huelva
2501606,Graduado o Graduada en Ingeniería Minera por la Universidad de León,Universidad de León
2503266,Graduado o Graduada en Ingeniería Minera y Energética por la Universidad de Castilla-La Mancha,Universidad de Castilla-La Mancha
1500143,Graduado o Graduada en Ingeniería Mineralúrgica y Metalúrgica de las Materias Primas por la Universidad Politécnica de Madrid,Universidad Politécnica de Madrid
2501436,Graduado o Graduada en Ingeniería Multimedia por la Universidad de Alicante,Universidad de Alicante
2500145,Graduado o Graduada en Ingeniería Multimedia por la Universidad Ramón Llull,Universidad Ramón Llull
2501414,Graduado o Graduada en Ingeniería Multimedia por la Universitat de València (Estudi General),Universitat de València (Estudi General)
2501771,Graduado o Graduada en Ingeniería Náutica y Transporte Marítimo por la Universidad de Cantabria,Universidad de Cantabria
2502885,Graduado o Graduada en Ingeniería Naval y Oceánica por la Universidad de A Coruña,Universidad de A Coruña
2501730,Graduado o Graduada en Ingeniería Química Industrial por la Universidad de Almería,Universidad de Almería
2502712,Graduado o Graduada en Ingeniería Química Industrial por la Universidad de Extremadura,Universidad de Extremadura
2501855,Graduado o Graduada en Ingeniería Química Industrial por la Universidad de Huelva,Universidad de Huelva
2501881,Graduado o Graduada en Ingeniería Química Industrial por la Universidad de Jaén,Universidad de Jaén
2501900,Graduado o Graduada en Ingeniería Química Industrial por la Universidad de La Laguna,Universidad de La Laguna
2503003,Graduado o Graduada en Ingeniería Química Industrial por la Universidad de Las Palmas de Gran Canaria,Universidad de Las Palmas de Gran Canaria
2502378,Graduado o Graduada en Ingeniería Química Industrial por la Universidad de Oviedo,Universidad de Oviedo
2502308,Graduado o Graduada en Ingeniería Química Industrial por la Universidad de Sevilla,Universidad de Sevilla
2502032,Graduado o Graduada en Ingeniería Química Industrial por la Universidad del País Vasco/Euskal Herriko Unibertsitatea,Universidad del País Vasco/Euskal Herriko Unibertsitatea
2500991,Graduado o Graduada en Ingeniería Química Industrial por la Universidad Politécnica de Cartagena,Universidad Politécnica de Cartagena
2500897,Graduado o Graduada en Ingeniería Química por la Universidad Autónoma de Barcelona,Universidad Autónoma de Barcelona
2500273,Graduado o Graduada en Ingeniería Química por la Universidad Autónoma de Madrid,Universidad Autónoma de Madrid
2500312,Graduado o Graduada en Ingeniería Química por la Universidad Complutense de Madrid,Universidad Complutense de Madrid
2501437,Graduado o Graduada en Ingeniería Química por la Universidad de Alicante,Universidad de Alicante
2500484,Graduado o Graduada en Ingeniería Química por la Universidad de Barcelona,Universidad de Barcelona
2501761,Graduado o Graduada en Ingeniería Química por la Universidad de Cádiz,Universidad de Cádiz
2502456,Graduado o Graduada en Ingeniería Química por la Universidad de Cantabria,Universidad de Cantabria
2502468,Graduado o Graduada en Ingeniería Química por la Universidad de Castilla-La Mancha,Universidad de Castilla-La Mancha
2500842,Graduado o Graduada en Ingeniería Química por la Universidad de Girona,Universitat de Girona
2501836,Graduado o Graduada en Ingeniería Química por la Universidad de Granada,Universidad de Granada
2501932,Graduado o Graduada en Ingeniería Química por la Universidad de Las Palmas de Gran Canaria,Universidad de Las Palmas de Gran Canaria
2503777,Graduado o Graduada en Ingeniería Química por la Universidad de Lleida,Universidad de Lleida
2502009,Graduado o Graduada en Ingeniería Química por la Universidad de Málaga,Universidad de Málaga
2500383,Graduado o Graduada en Ingeniería Química por la Universidad de Murcia,Universidad de Murcia
2502377,Graduado o Graduada en Ingeniería Química por la Universidad de Oviedo,Universidad de Oviedo
2502286,Graduado o Graduada en Ingeniería Química por la Universidad de Salamanca,Universidad de Salamanca
1500659,Graduado o Graduada en Ingeniería Química por la Universidad de Salamanca,Universidad de Salamanca
1500194,Graduado o Graduada en Ingeniería Química por la Universidad de Santiago de Compostela,Universidad de Santiago de Compostela
2502307,Graduado o Graduada en Ingeniería Química por la Universidad de Sevilla,Universidad de Sevilla
2502323,Graduado o Graduada en Ingeniería Química por la Universidad de Valladolid,Universidad de Valladolid
2501709,Graduado o Graduada en Ingeniería Química por la Universidad de Zaragoza,Universidad de Zaragoza
2502398,Graduado o Graduada en Ingeniería Química por la Universidad del País Vasco/Euskal Herriko Unibertsitatea,Universidad del País Vasco/Euskal Herriko Unibertsitatea
2502272,Graduado o Graduada en Ingeniería Química por la Universidad Jaume I de Castellón,Universidad Jaume I de Castellón
2501219,Graduado o Graduada en Ingeniería Química por la Universidad Politécnica de Catalunya,Universidad Politécnica de Catalunya
2501483,Graduado o Graduada en Ingeniería Química por la Universidad Politécnica de Madrid,Universidad Politécnica de Madrid
2500423,Graduado o Graduada en Ingeniería Química por la Universidad Ramón Llull,Universidad Ramón Llull
2500432,Graduado o Graduada en Ingeniería Química por la Universidad Rey Juan Carlos,Universidad Rey Juan Carlos
2501676,Graduado o Graduada en Ingeniería Química por la Universidad Rovira i Virgili,Universidad Rovira i Virgili
2501413,Graduado o Graduada en Ingeniería Química por la Universitat de València (Estudi General),Universitat de València (Estudi General)
2501662,Graduado o Graduada en Ingeniería Química por la Universitat Politècnica de València,Universitat Politècnica de València
2501764,Graduado o Graduada en Ingeniería Radioelectrónica por la Universidad de Cádiz,Universidad de Cádiz
2504462,Graduado o Graduada en Ingeniería Robótica /Bachelor in Robotics Engineering  por la Universidad Carlos III de Madrid,Universidad Carlos III de Madrid
2504660,Graduado o Graduada en Ingeniería Robótica e Inteligencia Artificial por la Universidad Camilo José Cela,Universidad Camilo José Cela
1500279,Graduado o Graduada en Ingeniería Robótica Industrial  por la Universidad Antonio de Nebrija,Universidad Antonio de Nebrija
2503138,Graduado o Graduada en Ingeniería Robótica por la Universidad de Alicante,Universidad de Alicante
2504114,Graduado o Graduada en Ingeniería Robótica por la Universidad de Deusto,Universidad de Deusto
2500697,Graduado o Graduada en Ingeniería Telemática en Telecomunicación por la Universidad de Extremadura,Universidad de Extremadura
2502386,Graduado o Graduada en Ingeniería Telemática por la Universidad de Alcalá,Universidad de Alcalá
2501882,Graduado o Graduada en Ingeniería Telemática por la Universidad de Jaén,Universidad de Jaén
2502011,Graduado o Graduada en Ingeniería Telemática por la Universidad de Málaga,Universidad de Málaga
2501177,Graduado o Graduada en Ingeniería Telemática por la Universidad Politécnica de Cartagena,Universidad Politécnica de Cartagena
2501220,Graduado o Graduada en Ingeniería Telemática por la Universidad Politécnica de Catalunya,Universidad Politécnica de Catalunya
2500737,Graduado o Graduada en Ingeniería Telemática por la Universidad Politécnica de Madrid,Universidad Politécnica de Madrid
2500870,Graduado o Graduada en Ingeniería Telemática por la Universidad Ramón Llull,Universidad Ramón Llull
2501180,Graduado o Graduada en Ingeniería Telemática por la Universidad Rey Juan Carlos,Universidad Rey Juan Carlos
2502136,Graduado o Graduada en Ingeniería Telemática por la Universitat de les Illes Balears,Universitat de les Illes Balears
2501532,Graduado o Graduada en Ingeniería Telemática por la Universitat de València (Estudi General),Universitat de València (Estudi General)
1500101,Graduado o Graduada en Ingeniería Térmica por la Universidad Pública de Navarra,Universidad Pública de Navarra
2503160,Graduado o Graduada en Ingeniería y Gestión Empresarial por la Universitat Politècnica de València,Universitat Politècnica de València
2504075,Graduado o Graduada en Ingeniería y Sistemas de Datos por la Universidad Politécnica de Madrid,Universidad Politécnica de Madrid
2500650,Graduado o Graduada en Inglés: Estudios Lingüísticos y Literarios por la Universidad de A Coruña,Universidad de A Coruña
2500433,Graduado o Graduada en Inglés por la Universidad Rovira i Virgili,Universidad Rovira i Virgili
2502752,Graduado o Graduada en Innovación de Procesos y Productos Alimentarios por la Universidad Pública de Navarra,Universidad Pública de Navarra
2502964,Graduado o Graduada en Innovación y Seguridad Alimentaria por la Universidad de Girona,Universitat de Girona
2504640,Graduado o Graduada en Inteligencia Artificial / Bachelor in Artificial Intelligence  por la CUNEF Universidad,CUNEF Universidad
2504392,Graduado o Graduada en Inteligencia Artificial / Bachelor in Artificial Intelligence por la Universidad Autónoma de Barcelona,Universidad Autónoma de Barcelona
1500381,Graduado o Graduada en Inteligencia Artificial / Bachelor in Artificial Intelligence por la Universidad Carlos III de Madrid,Universidad Carlos III de Madrid
2504532,Graduado o Graduada en Inteligencia Artificial por la Universidad de A Coruña; la Universidad de Santiago de Compostela y la Universidad de Vigo,(Conjunto)
2504060,Graduado o Graduada en Inteligencia Artificial por la Universidad del País Vasco/Euskal Herriko Unibertsitatea,Universidad del País Vasco/Euskal Herriko Unibertsitatea
1500628,Graduado o Graduada en Inteligencia Artificial por la Universidad Europea de Canarias,Universidad Europea de Canarias
1500390,Graduado o Graduada en Inteligencia Artificial por la Universidad Europea de Madrid,Universidad Europea de Madrid
1500682,Graduado o Graduada en Inteligencia Artificial por la Universidad Europea de Valencia,Universidad Europea de Valencia
1500656,Graduado o Graduada en Inteligencia Artificial por la Universidad Internacional de La Rioja,Universidad Internacional de La Rioja
2504183,Graduado o Graduada en Inteligencia Artificial por la Universidad Politécnica de Catalunya,Universidad Politécnica de Catalunya
2504258,Graduado o Graduada en Inteligencia Artificial por la Universidad Rey Juan Carlos,Universidad Rey Juan Carlos
2504553,Graduado o Graduada en Inteligencia Artificial por la Universidad San Jorge,Universidad San Jorge
1500343,Graduado o Graduada en Inteligencia Artificial por la Universitat Politècnica de València,Universitat Politècnica de València
1500438,Graduado o Graduada en Inteligencia Artificial y Ciberseguridad por la Universidad de Almería y la Universidad de Jaén,(Conjunto)
1500302,Graduado o Graduada en Inteligencia Artificial y Ciencia de Datos / Bachelor in Artificial Intelligence and Data Science por la Universidad Ramón Llull,Universidad Ramón Llull
1500604,Graduado o Graduada en Inteligencia Artificial y Robótica Aplicadas por la Universidad Pompeu Fabra,Universidad Pompeu Fabra
1500686,Graduado o Graduada en Inteligencia de los Negocios / Bachelor in Business Intelligence por la Universidad Cardenal Herrera-CEU,Universidad Cardenal Herrera-CEU
1500233,Graduado o Graduada en Inteligencia de los Negocios por la Universidad CEU Fernando III,Universidad CEU Fernando III
1500794,Graduado o Graduada en Inteligencia de Negocio y Analítica de Datos por la Universidad de Cantabria,Universidad de Cantabria
2503762,Graduado o Graduada en Inteligencia de Negocios por la Universidad San Pablo-CEU,Universidad San Pablo-CEU
1500057,Graduado o Graduada en Inteligencia de Negocios por la Universitat Abat Oliba CEU,Universitat Abat Oliba CEU
2504222,Graduado o Graduada en Inteligencia Empresarial y Análisis de Datos por la Universidad Ramón Llull,Universidad Ramón Llull
2504262,Graduado o Graduada en Inteligencia Robótica por la Universidad Jaume I de Castellón,Universidad Jaume I de Castellón
1500434,"Graduado o Graduada en Inteligencia, Seguridad y Diplomacia por la Universidad Rey Juan Carlos",Universidad Rey Juan Carlos
1500188,Graduado o Graduada en Inteligencia y Analítica de Negocio por la Universidad Internacional de La Rioja,Universidad Internacional de La Rioja
2503885,Graduado o Graduada en Inteligencia y Analítica de Negocios / BIA por la Universitat de València (Estudi General),Universitat de València (Estudi General)
1500887,Graduado o Graduada en Intelligent Manufacturing por la Universitat Politècnica de València,Universitat Politècnica de València
1500601,Graduado o Graduada en International Business Management por la Universidad de Girona,Universitat de Girona
2503033,Graduado o Graduada en Interpretación de Música Moderna por la Universidad Alfonso X El Sabio,Universidad Alfonso X El Sabio
2502839,Graduado o Graduada en Interpretación Musical por la Universidad Alfonso X El Sabio,Universidad Alfonso X El Sabio
2503410,Graduado o Graduada en Lengua de Signos Española y Comunidad Sorda por la Universidad Rey Juan Carlos,Universidad Rey Juan Carlos
2500717,Graduado o Graduada en Lengua Española y su Literatura por la Universidad de León,Universidad de León
2502379,Graduado o Graduada en Lengua Española y sus Literaturas por la Universidad de Oviedo,Universidad de Oviedo
2503144,Graduado o Graduada en Lengua y Cultura Vasca / Euskal Hizkuntza eta Kultura por la Universidad de Deusto,Universidad de Deusto
2500434,Graduado o Graduada en Lengua y Literatura Catalanas por la Universidad Rovira i Virgili,Universidad Rovira i Virgili
2500332,Graduado o Graduada en Lengua y Literatura Catalanas por la Universitat de les Illes Balears,Universitat de les Illes Balears
2500599,Graduado o Graduada en Lengua y Literatura Catalanas por la Universitat Oberta de Catalunya,Universitat Oberta de Catalunya
2503119,Graduado o Graduada en Lengua y Literatura Española por la Universidad Rey Juan Carlos,Universidad Rey Juan Carlos
2504211,Graduado o Graduada en Lengua y Literatura Españolas por la Universidad Autónoma de Barcelona,Universidad Autónoma de Barcelona
2500374,Graduado o Graduada en Lengua y Literatura Españolas por la Universidad de Murcia,Universidad de Murcia
2504554,Graduado o Graduada en Lengua y Literatura Españolas por la Universidad de Navarra,Universidad de Navarra
2501305,Graduado o Graduada en Lengua y Literatura Españolas por la Universidad de Santiago de Compostela,Universidad de Santiago de Compostela
2500386,Graduado o Graduada en Lengua y Literatura Españolas por la Universidad Nacional de Educación a Distancia,Universidad Nacional de Educación a Distancia
2500333,Graduado o Graduada en Lengua y Literatura Españolas por la Universitat de les Illes Balears,Universitat de les Illes Balears
1500336,Graduado o Graduada en Lengua y Literatura Españolas por la Universitat Internacional Valenciana,Universitat Internacional Valenciana
2501098,Graduado o Graduada en Lengua y Literatura Gallegas por la Universidad de Santiago de Compostela,Universidad de Santiago de Compostela
2501156,Graduado o Graduada en Lengua y Literatura Hispánica por la Universidad de La Rioja,Universidad de La Rioja
1500501,Graduado o Graduada en Lengua y Literatura Hispánicas por la Universidad Internacional de La Rioja,Universidad Internacional de La Rioja
2500435,Graduado o Graduada en Lengua y Literatura Hispánicas por la Universidad Rovira i Virgili,Universidad Rovira i Virgili
2501099,Graduado o Graduada en Lengua y Literatura Inglesas por la Universidad de Santiago de Compostela,Universidad de Santiago de Compostela
2503832,Graduado o Graduada en Lenguas Aplicadas por la Universidad Pompeu Fabra,Universidad Pompeu Fabra
2503603,Graduado o Graduada en Lenguas Aplicadas y Traducción por la Universidad de Lleida,Universidad de Lleida
2500771,Graduado o Graduada en Lenguas Extranjeras por la Universidad de Vigo,Universidad de Vigo
2500754,"Graduado o Graduada en Lenguas, Literaturas y Culturas Románicas por la Universidad de Salamanca",Universidad de Salamanca
2501903,Graduado o Graduada en Lenguas Modernas  por la Universidad de Las Palmas de Gran Canaria,Universidad de Las Palmas de Gran Canaria
2504423,Graduado o Graduada en Lenguas Modernas Aplicadas / Bachelor in Applied Modern Languages por la Universidad Antonio de Nebrija,Universidad Antonio de Nebrija
2500659,"Graduado o Graduada en Lenguas Modernas, Cultura y Comunicación por la Universidad Autónoma de Madrid",Universidad Autónoma de Madrid
1500211,"Graduado o Graduada en Lenguas Modernas, Literaturas y Culturas por la Universidad de Sevilla",Universidad de Sevilla
2500558,Graduado o Graduada en Lenguas Modernas por la Universidad de Deusto,Universidad de Deusto
2502324,Graduado o Graduada en Lenguas Modernas por la Universidad de Zaragoza,Universidad de Zaragoza
2500559,Graduado o Graduada en Lenguas Modernas y Gestión por la Universidad de Deusto,Universidad de Deusto
2500774,Graduado o Graduada en Lenguas Modernas y sus Literaturas por la Universidad Complutense de Madrid,Universidad Complutense de Madrid
2500899,Graduado o Graduada en Lenguas Modernas y sus Literaturas por la Universidad de Granada,Universidad de Granada
2502380,Graduado o Graduada en Lenguas Modernas y sus Literaturas por la Universidad de Oviedo,Universidad de Oviedo
2501687,Graduado o Graduada en Lenguas Modernas y sus Literaturas por la Universidad de Valladolid,Universidad de Valladolid
2501405,Graduado o Graduada en Lenguas Modernas y sus Literaturas por la Universitat de València (Estudi General),Universitat de València (Estudi General)
2500229,Graduado o Graduada en Lenguas Modernas y Traducción por la Universidad de Alcalá,Universidad de Alcalá
2503199,Graduado o Graduada en Lenguas Románicas y sus Literaturas por la Universidad de Barcelona,Universidad de Barcelona
2501380,"Graduado o Graduada en Lenguas y Literaturas Modernas, Francés - Inglés por la Universidad de Castilla-La Mancha",Universidad de Castilla-La Mancha
2500666,Graduado o Graduada en Lenguas y Literaturas Modernas por la Universidad de Barcelona,Universidad de Barcelona
2501100,Graduado o Graduada en Lenguas y Literaturas Modernas por la Universidad de Santiago de Compostela,Universidad de Santiago de Compostela
2500921,Graduado o Graduada en Lenguas y Literaturas Modernas-Francés por la Universidad de Extremadura,Universidad de Extremadura
2500922,Graduado o Graduada en Lenguas y Literaturas Modernas-Portugués por la Universidad de Extremadura,Universidad de Extremadura
2501277,Graduado o Graduada en Liderazgo Emprendedor e Innovación por la Mondragón Unibertsitatea,Mondragón Unibertsitatea
1500688,Graduado o Graduada en Liderazgo Emprendedor e Innovación por la Universidad Internacional de La Rioja,Universidad Internacional de La Rioja
1500614,Graduado o Graduada en Liderazgo Transformador e Impacto Social / Bachelor in Transformational Leadership and Social Impact por la Universidad Ramón Llull,Universidad Ramón Llull
2500667,Graduado o Graduada en Lingüística por la Universidad de Barcelona,Universidad de Barcelona
2502086,Graduado o Graduada en Lingüística y Lenguas Aplicadas por la Universidad Complutense de Madrid,Universidad Complutense de Madrid
2501747,Graduado o Graduada en Lingüística y Lenguas Aplicadas por la Universidad de Cádiz,Universidad de Cádiz
2502743,Graduado o Graduada en Literatura General y Comparada por la Universidad Complutense de Madrid,Universidad Complutense de Madrid
2501806,Graduado o Graduada en Literaturas Comparadas por la Universidad de Granada,Universidad de Granada
2503858,Graduado o Graduada en Logística Empresarial por la Universidad de Girona,Universitat de Girona
2503029,Graduado o Graduada en Logística y Negocios Marítimos por la Universidad Pompeu Fabra,Universidad Pompeu Fabra
1500416,Graduado o Graduada en Logopedia por la Universidad a Distancia de Madrid,Universidad a Distancia de Madrid
2500893,Graduado o Graduada en Logopedia por la Universidad Autónoma de Barcelona,Universidad Autónoma de Barcelona
1500148,Graduado o Graduada en Logopedia por la Universidad Camilo José Cela,Universidad Camilo José Cela
2501246,Graduado o Graduada en Logopedia por la Universidad Católica de Valencia San Vicente Mártir,Universidad Católica de Valencia San Vicente Mártir
2500310,Graduado o Graduada en Logopedia por la Universidad Complutense de Madrid,Universidad Complutense de Madrid
2501010,Graduado o Graduada en Logopedia por la Universidad de A Coruña,Universidad de A Coruña
2504749,Graduado o Graduada en Logopedia por la Universidad de Alicante,Universidad de Alicante
2502565,Graduado o Graduada en Logopedia por la Universidad de Cantabria,Universidad de Cantabria
2500303,Graduado o Graduada en Logopedia por la Universidad de Castilla-La Mancha,Universidad de Castilla-La Mancha
2501814,Graduado o Graduada en Logopedia por la Universidad de Granada,Universidad de Granada
2500513,Graduado o Graduada en Logopedia por la Universidad de La Laguna,Universidad de La Laguna
2501963,Graduado o Graduada en Logopedia por la Universidad de Málaga,Universidad de Málaga
2500493,Graduado o Graduada en Logopedia por la Universidad de Murcia,Universidad de Murcia
2501625,Graduado o Graduada en Logopedia por la Universidad de Oviedo,Universidad de Oviedo
2502472,Graduado o Graduada en Logopedia por la Universidad de Valladolid,Universidad de Valladolid
2503543,Graduado o Graduada en Logopedia por la Universidad de Vic-Universidad Central de Catalunya y la Universitat Oberta de Catalunya,(Conjunto)
1500197,Graduado o Graduada en Logopedia por la Universidad del País Vasco/Euskal Herriko Unibertsitatea,Universidad del País Vasco/Euskal Herriko Unibertsitatea
2504283,Graduado o Graduada en Logopedia por la Universidad Europea de Madrid,Universidad Europea de Madrid
2504483,Graduado o Graduada en Logopedia por la Universidad Internacional de La Rioja,Universidad Internacional de La Rioja
1500199,Graduado o Graduada en Logopedia por la Universidad Internacional Isabel I de Castilla,Universidad Internacional Isabel I de Castilla
2504701,Graduado o Graduada en Logopedia por la Universidad Pontificia de Salamanca,Universidad Pontificia de Salamanca
2501664,Graduado o Graduada en Logopedia por la Universidad Pontificia de Salamanca,Universidad Pontificia de Salamanca
1500273,Graduado o Graduada en Logopedia por la Universidad Ramón Llull,Universidad Ramón Llull
2501685,Graduado o Graduada en Logopedia por la Universitat de València (Estudi General),Universitat de València (Estudi General)
2504226,Graduado o Graduada en Logopedia por la Universitat Internacional Valenciana,Universitat Internacional Valenciana
2501137,Graduado o Graduada en Maestro de Educación Infantil por la Universidad Católica de Valencia San Vicente Mártir,Universidad Católica de Valencia San Vicente Mártir
2500290,Graduado o Graduada en Maestro de Educación Infantil por la Universidad de Barcelona,Universidad de Barcelona
2502228,Graduado o Graduada en Maestro de Educación Infantil por la Universidad de Santiago de Compostela,Universidad de Santiago de Compostela
2500632,Graduado o Graduada en Maestro de Educación Infantil por la Universidad de Vic-Universidad Central de Catalunya,Universidad de Vic-Universidad Central de Catalunya
2500291,Graduado o Graduada en Maestro de Educación Primaria por la Universidad de Barcelona,Universidad de Barcelona
2500508,Graduado o Graduada en Maestro de Educación Primaria por la Universidad de Burgos,Universidad de Burgos
2502229,Graduado o Graduada en Maestro de Educación Primaria por la Universidad de Santiago de Compostela,Universidad de Santiago de Compostela
2500633,Graduado o Graduada en Maestro de Educación Primaria por la Universidad de Vic-Universidad Central de Catalunya,Universidad de Vic-Universidad Central de Catalunya
2502078,Graduado o Graduada en Maestro Educación Primaria por la Universidad Camilo José Cela,Universidad Camilo José Cela
2502076,Graduado o Graduada en Maestro en Educación Infantil por la Universidad Camilo José Cela,Universidad Camilo José Cela
2502656,Graduado o Graduada en Maestro en Educación Infantil por la Universidad Católica Santa Teresa de Jesús de Ávila,Universidad Católica Santa Teresa de Jesús de Ávila
2500911,Graduado o Graduada en Maestro en Educación Infantil por la Universidad Complutense de Madrid,Universidad Complutense de Madrid
2502200,Graduado o Graduada en Maestro en Educación Infantil por la Universidad de Alicante,Universidad de Alicante
2500306,Graduado o Graduada en Maestro en Educación Infantil por la Universidad de Castilla-La Mancha,Universidad de Castilla-La Mancha
2501888,Graduado o Graduada en Maestro en Educación Infantil por la Universidad de La Laguna,Universidad de La Laguna
2501627,Graduado o Graduada en Maestro en Educación Infantil por la Universidad de Oviedo,Universidad de Oviedo
2502427,Graduado o Graduada en Maestro en Educación Infantil por la Universidad de Salamanca,Universidad de Salamanca
1500499,Graduado o Graduada en Maestro en Educación Infantil por la Universidad del Atlántico Medio,Universidad del Atlántico Medio
2501151,Graduado o Graduada en Maestro en Educación Infantil por la Universidad Internacional de La Rioja,Universidad Internacional de La Rioja
1500508,Graduado o Graduada en Maestro en Educación Infantil por la Universidad Internacional Villanueva,Universidad Internacional Villanueva
2500960,Graduado o Graduada en Maestro en Educación Infantil por la Universidad Pontificia de Salamanca,Universidad Pontificia de Salamanca
2500407,Graduado o Graduada en Maestro en Educación Infantil por la Universidad Pública de Navarra,Universidad Pública de Navarra
2501138,Graduado o Graduada en Maestro en Educación Primaria por la Universidad Católica de Valencia San Vicente Mártir,Universidad Católica de Valencia San Vicente Mártir
2502650,Graduado o Graduada en Maestro en Educación Primaria por la Universidad Católica Santa Teresa de Jesús de Ávila,Universidad Católica Santa Teresa de Jesús de Ávila
2500912,Graduado o Graduada en Maestro en Educación Primaria por la Universidad Complutense de Madrid,Universidad Complutense de Madrid
2502201,Graduado o Graduada en Maestro en Educación Primaria por la Universidad de Alicante,Universidad de Alicante
2500486,Graduado o Graduada en Maestro en Educación Primaria por la Universidad de Castilla-La Mancha,Universidad de Castilla-La Mancha
2501889,Graduado o Graduada en Maestro en Educación Primaria por la Universidad de La Laguna,Universidad de La Laguna
1500824,Graduado o Graduada en Maestro en Educación Primaria por la Universidad de las Hespérides,Universidad de las Hespérides
2501628,Graduado o Graduada en Maestro en Educación Primaria por la Universidad de Oviedo,Universidad de Oviedo
2502429,Graduado o Graduada en Maestro en Educación Primaria por la Universidad de Salamanca,Universidad de Salamanca
1500511,Graduado o Graduada en Maestro en Educación Primaria por la Universidad del Atlántico Medio,Universidad del Atlántico Medio
2501152,Graduado o Graduada en Maestro en Educación Primaria por la Universidad Internacional de La Rioja,Universidad Internacional de La Rioja
1500509,Graduado o Graduada en Maestro en Educación Primaria por la Universidad Internacional Villanueva,Universidad Internacional Villanueva
2501004,Graduado o Graduada en Maestro en Educación Primaria por la Universidad Pontificia de Salamanca,Universidad Pontificia de Salamanca
2500408,Graduado o Graduada en Maestro en Educación Primaria por la Universidad Pública de Navarra,Universidad Pública de Navarra
2500302,Graduado o Graduada en Maestro o Maestra de Educación Infantil por la Universidad de Burgos,Universidad de Burgos
2501598,Graduado o Graduada en Maestro o Maestra en Educación Infantil por la Universidad Jaume I de Castellón,Universidad Jaume I de Castellón
2501599,Graduado o Graduada en Maestro o Maestra en Educación Primaria por la Universidad Jaume I de Castellón,Universidad Jaume I de Castellón
2501003,Graduado o Graduada en Maestro/a de Educación Infantil por la Universidad de Girona,Universitat de Girona
2500985,Graduado o Graduada en Maestro/a de Educación Primaria por la Universidad de Girona,Universitat de Girona
2501210,Graduado o Graduada en Maestro/a en Educación Infantil por la Universidad Autónoma de Madrid,Universidad Autónoma de Madrid
1500549,Graduado o Graduada en Maestro/a en Educación Infantil por la Universidad Europea de Andalucía,Universidad Europea de Andalucía
2504055,Graduado o Graduada en Maestro/a en Educación Infantil por la Universidad Europea de Madrid,Universidad Europea de Madrid
2500876,Graduado o Graduada en Maestro/a en Educación Infantil por la Universitat de València (Estudi General),Universitat de València (Estudi General)
2501211,Graduado o Graduada en Maestro/a en Educación Primaria por la Universidad Autónoma de Madrid,Universidad Autónoma de Madrid
1500525,Graduado o Graduada en Maestro/a en Educación Primaria por la Universidad Europea de Andalucía,Universidad Europea de Andalucía
2504186,Graduado o Graduada en Maestro/a en Educación Primaria por la Universidad Europea de Madrid,Universidad Europea de Madrid
2500877,Graduado o Graduada en Maestro/a en Educación Primaria por la Universitat de València (Estudi General),Universitat de València (Estudi General)
2502095,Graduado o Graduada en Magisterio de Educación Infantil por la Universidad de Alcalá,Universidad de Alcalá
2500860,Graduado o Graduada en Magisterio de Educación Infantil por la Universidad de Navarra,Universidad de Navarra
2502096,Graduado o Graduada en Magisterio de Educación Primaria por la Universidad de Alcalá,Universidad de Alcalá
2500861,Graduado o Graduada en Magisterio de Educación Primaria por la Universidad de Navarra,Universidad de Navarra
2503262,Graduado o Graduada en Magisterio en Educación Infantil por la Universidad a Distancia de Madrid,Universidad a Distancia de Madrid
2501580,Graduado o Graduada en Magisterio en Educación Infantil por la Universidad de Cantabria,Universidad de Cantabria
2500473,Graduado o Graduada en Magisterio en Educación Infantil por la Universidad de Zaragoza,Universidad de Zaragoza
2503254,Graduado o Graduada en Magisterio en Educación Primaria por la Universidad a Distancia de Madrid,Universidad a Distancia de Madrid
2501581,Graduado o Graduada en Magisterio en Educación Primaria por la Universidad de Cantabria,Universidad de Cantabria
2500474,Graduado o Graduada en Magisterio en Educación Primaria por la Universidad de Zaragoza,Universidad de Zaragoza
2504291,Graduado o Graduada en Máquinas Navales por la Universidad de A Coruña,Universidad de A Coruña
2501762,Graduado o Graduada en Marina por la Universidad de Cádiz,Universidad de Cádiz
2502040,Graduado o Graduada en Marina por la Universidad de Oviedo,Universidad de Oviedo
2504065,Graduado o Graduada en Marketing / Bachelor in Marketing por la ESIC Universidad,ESIC Universidad
1500267,Graduado o Graduada en Marketing / Bachelor in Marketing por la Universidad Antonio de Nebrija,Universidad Antonio de Nebrija
2503616,Graduado o Graduada en Marketing / Bachelor in Marketing por la Universidad Europea de Madrid,Universidad Europea de Madrid
2501300,Graduado o Graduada en Marketing / Bachelor in Marketing por la Universidad Rey Juan Carlos,Universidad Rey Juan Carlos
2504048,Graduado o Graduada en Marketing / Bachelor in Marketing por la Universidad San Pablo-CEU,Universidad San Pablo-CEU
2504735,Graduado o Graduada en Marketing/ Bachelor in Marketing por la Universidad Alfonso X El Sabio,Universidad Alfonso X El Sabio
1500366,Graduado o Graduada en Marketing Digital por la Universidad Tecnológica Atlántico-Mediterráneo,Universidad Tecnológica Atlántico-Mediterráneo
2501352,Graduado o Graduada en Marketing e Investigación de Mercados (MIM) por la Universidad de León,Universidad de León
2501723,Graduado o Graduada en Marketing e Investigación de Mercados por la Universidad de Almería,Universidad de Almería
2501753,Graduado o Graduada en Marketing e Investigación de Mercados por la Universidad de Cádiz,Universidad de Cádiz
2501829,Graduado o Graduada en Marketing e Investigación de Mercados por la Universidad de Granada,Universidad de Granada
2501979,Graduado o Graduada en Marketing e Investigación de Mercados por la Universidad de Málaga,Universidad de Málaga
2501199,Graduado o Graduada en Marketing e Investigación de Mercados por la Universidad de Sevilla,Universidad de Sevilla
2502473,Graduado o Graduada en Marketing e Investigación de Mercados por la Universidad de Valladolid,Universidad de Valladolid
2502486,Graduado o Graduada en Marketing e Investigación de Mercados por la Universidad de Zaragoza,Universidad de Zaragoza
2501284,Graduado o Graduada en Marketing e Investigación de Mercados por la Universitat Oberta de Catalunya,Universitat Oberta de Catalunya
1500245,"Graduado o Graduada en Marketing, Eventos y Entretenimiento por la Universidad de Barcelona",Universidad de Barcelona
1500042,"Graduado o Graduada en Marketing, Innovación y Tecnología por la Universidad Politécnica de Catalunya",Universidad Politécnica de Catalunya
2503103,Graduado o Graduada en Marketing por la Universidad a Distancia de Madrid,Universidad a Distancia de Madrid
2502175,Graduado o Graduada en Marketing por la Universidad Cardenal Herrera-CEU,Universidad Cardenal Herrera-CEU
1500877,Graduado o Graduada en Marketing por la Universidad Católica de Valencia San Vicente Mártir,Universidad Católica de Valencia San Vicente Mártir
2503662,Graduado o Graduada en Marketing por la Universidad de Alicante,Universidad de Alicante
2502948,Graduado o Graduada en Marketing por la Universidad de Girona,Universitat de Girona
2502061,Graduado o Graduada en Marketing por la Universidad de Murcia,Universidad de Murcia
2503391,Graduado o Graduada en Marketing por la Universidad de Navarra,Universidad de Navarra
2502027,Graduado o Graduada en Marketing por la Universidad del País Vasco/Euskal Herriko Unibertsitatea,Universidad del País Vasco/Euskal Herriko Unibertsitatea
1500532,Graduado o Graduada en Marketing por la Universidad Europea de Andalucía,Universidad Europea de Andalucía
2502787,Graduado o Graduada en Marketing por la Universidad Europea de Canarias,Universidad Europea de Canarias
2503859,Graduado o Graduada en Marketing por la Universidad Europea de Valencia,Universidad Europea de Valencia
2502116,Graduado o Graduada en Marketing por la Universidad Francisco de Vitoria,Universidad Francisco de Vitoria
2502836,Graduado o Graduada en Marketing por la Universidad Internacional de La Rioja,Universidad Internacional de La Rioja
2504465,Graduado o Graduada en Marketing por la Universidad Internacional Villanueva,Universidad Internacional Villanueva
1500016,Graduado o Graduada en Marketing por la Universidad Jaume I de Castellón,Universidad Jaume I de Castellón
2503922,Graduado o Graduada en Marketing por la Universidad Ramón Llull,Universidad Ramón Llull
2503592,Graduado o Graduada en Marketing por la Universidad Rovira i Virgili,Universidad Rovira i Virgili
2503393,Graduado o Graduada en Marketing por la Universidad San Jorge,Universidad San Jorge
1500649,Graduado o Graduada en Marketing por la Universidad Tecnológica de las Islas Canarias,Universidad Tecnológica de las Islas Canarias
2503962,Graduado o Graduada en Marketing por la Universitat Internacional Valenciana,Universitat Internacional Valenciana
1500795,"Graduado o Graduada en Marketing, Publicidad y Relaciones Públicas por la Universidad Internacional Isabel I de Castilla",Universidad Internacional Isabel I de Castilla
2504362,Graduado o Graduada en Marketing y Comunicación / Bachelor in Marketing and Communication por la Universidad Internacional de la Empresa,Universidad Internacional de la Empresa
2504767,Graduado o Graduada en Marketing y Comunicación Digital por la ESIC Universidad,ESIC Universidad
1500096,Graduado o Graduada en Marketing y Comunicación Digital por la Universidad de Lleida,Universidad de Lleida
2503083,Graduado o Graduada en Marketing y Comunicación Digital por la Universidad Pablo de Olavide,Universidad Pablo de Olavide
2503102,Graduado o Graduada en Marketing y Comunicación Digital por la Universidad Politécnica de Catalunya,Universidad Politécnica de Catalunya
2502718,Graduado o Graduada en Marketing y Comunicación Empresarial por la Universidad de Vic-Universidad Central de Catalunya,Universidad de Vic-Universidad Central de Catalunya
2502928,Graduado o Graduada en Marketing y Comunicación por la Universidad Pontificia de Salamanca,Universidad Pontificia de Salamanca
1500751,Graduado o Graduada en Marketing y Comunicación por la Universidad Pontificia de Salamanca,Universidad Pontificia de Salamanca
2502704,Graduado o Graduada en Marketing y Comunidades Digitales por la Universidad Pompeu Fabra,Universidad Pompeu Fabra
2503666,Graduado o Graduada en Marketing y Dirección Comercial por la Universidad Católica San Antonio,Universidad Católica San Antonio
2501544,Graduado o Graduada en Marketing y Dirección Comercial por la Universitat Abat Oliba CEU,Universitat Abat Oliba CEU
1500234,Graduado o Graduada en Marketing y Gestión Comercial por la Universidad CEU Fernando III,Universidad CEU Fernando III
2504711,Graduado o Graduada en Matemática Aplicada / Bachelor in Applied Mathematics por la IE Universidad,IE Universidad
1500382,Graduado o Graduada en Matemática Aplicada / Bachelor in Applied Mathematics por la Universidad Carlos III de Madrid,Universidad Carlos III de Madrid
2504158,Graduado o Graduada en Matemática Aplicada por la Universidad Loyola Andalucía,Universidad Loyola Andalucía
1500621,Graduado o Graduada en Matemática Aplicada por la Universidad Ramón Llull,Universidad Ramón Llull
1500375,Graduado o Graduada en Matemática Aplicada y Computación por la Universidad de Burgos,Universidad de Burgos
2503906,Graduado o Graduada en Matemática Computacional por la Universidad Camilo José Cela,Universidad Camilo José Cela
2503907,Graduado o Graduada en Matemática Computacional por la Universidad Internacional de La Rioja,Universidad Internacional de La Rioja
2502274,Graduado o Graduada en Matemática Computacional por la Universidad Jaume I de Castellón,Universidad Jaume I de Castellón
2503740,Graduado o Graduada en Matemática Computacional y Analítica de Datos por la Universidad Autónoma de Barcelona,Universidad Autónoma de Barcelona
1500200,"Graduado o Graduada en Matemáticas Aplicadas a la Ingeniería de Software por la Universidad de Diseño, Innovación y Tecnología (UDIT)","Universidad de Diseño, Innovación y Tecnología (UDIT)"
2504430,Graduado o Graduada en Matemáticas Aplicadas por la Universidad Antonio de Nebrija,Universidad Antonio de Nebrija
2502399,Graduado o Graduada en Matemáticas e Informática por la Universidad Politécnica de Madrid,Universidad Politécnica de Madrid
2500149,Graduado o Graduada en Matemáticas por la Universidad Autónoma de Barcelona,Universidad Autónoma de Barcelona
2500476,Graduado o Graduada en Matemáticas por la Universidad Autónoma de Madrid,Universidad Autónoma de Madrid
1500787,Graduado o Graduada en Matemáticas por la Universidad Católica Santa Teresa de Jesús de Ávila,Universidad Católica Santa Teresa de Jesús de Ávila
2500691,Graduado o Graduada en Matemáticas por la Universidad Complutense de Madrid,Universidad Complutense de Madrid
2502194,Graduado o Graduada en Matemáticas por la Universidad de Alicante,Universidad de Alicante
2504078,Graduado o Graduada en Matemáticas por la Universidad de Almería,Universidad de Almería
1500546,Graduado o Graduada en Matemáticas por la Universidad de Barcelona,Universidad de Barcelona
2501029,Graduado o Graduada en Matemáticas por la Universidad de Cádiz,Universidad de Cádiz
2500676,Graduado o Graduada en Matemáticas por la Universidad de Cantabria,Universidad de Cantabria
2504758,Graduado o Graduada en Matemáticas por la Universidad de Castilla-La Mancha,Universidad de Castilla-La Mancha
2500982,Graduado o Graduada en Matemáticas por la Universidad de Extremadura,Universidad de Extremadura
2501811,Graduado o Graduada en Matemáticas por la Universidad de Granada,Universidad de Granada
2501884,Graduado o Graduada en Matemáticas por la Universidad de La Laguna,Universidad de La Laguna
2501052,Graduado o Graduada en Matemáticas por la Universidad de La Rioja,Universidad de La Rioja
2501961,Graduado o Graduada en Matemáticas por la Universidad de Málaga,Universidad de Málaga
2500378,Graduado o Graduada en Matemáticas por la Universidad de Murcia,Universidad de Murcia
2501060,Graduado o Graduada en Matemáticas por la Universidad de Oviedo,Universidad de Oviedo
1500667,Graduado o Graduada en Matemáticas por la Universidad de Salamanca,Universidad de Salamanca
2500061,Graduado o Graduada en Matemáticas por la Universidad de Salamanca,Universidad de Salamanca
2500172,Graduado o Graduada en Matemáticas por la Universidad de Santiago de Compostela,Universidad de Santiago de Compostela
2501075,Graduado o Graduada en Matemáticas por la Universidad de Sevilla,Universidad de Sevilla
2500998,Graduado o Graduada en Matemáticas por la Universidad de Valladolid,Universidad de Valladolid
2502487,Graduado o Graduada en Matemáticas por la Universidad de Zaragoza,Universidad de Zaragoza
2501635,Graduado o Graduada en Matemáticas por la Universidad del País Vasco/Euskal Herriko Unibertsitatea,Universidad del País Vasco/Euskal Herriko Unibertsitatea
1500534,Graduado o Graduada en Matemáticas por la Universidad Europea de Canarias,Universidad Europea de Canarias
1500442,Graduado o Graduada en Matemáticas por la Universidad Europea de Valencia,Universidad Europea de Valencia
2504498,Graduado o Graduada en Matemáticas por la Universidad Internacional de la Empresa,Universidad Internacional de la Empresa
2501279,Graduado o Graduada en Matemáticas por la Universidad Nacional de Educación a Distancia,Universidad Nacional de Educación a Distancia
2500496,Graduado o Graduada en Matemáticas por la Universidad Politécnica de Catalunya,Universidad Politécnica de Catalunya
2504164,Graduado o Graduada en Matemáticas por la Universidad Politécnica de Madrid,Universidad Politécnica de Madrid
2502156,Graduado o Graduada en Matemáticas por la Universidad Rey Juan Carlos,Universidad Rey Juan Carlos
2500777,Graduado o Graduada en Matemáticas por la Universitat de les Illes Balears,Universitat de les Illes Balears
2502253,Graduado o Graduada en Matemáticas por la Universitat de València (Estudi General),Universitat de València (Estudi General)
2504288,Graduado o Graduada en Matemáticas por la Universitat Internacional Valenciana,Universitat Internacional Valenciana
2504353,Graduado o Graduada en Matemáticas por la Universitat Politècnica de València,Universitat Politècnica de València
2504390,Graduado o Graduada en Matemáticas y Ciencia de Datos por la Universidad Complutense de Madrid,Universidad Complutense de Madrid
1500818,Graduado o Graduada en Matemáticas y Ciencia de Datos por la Universidad de las Hespérides,Universidad de las Hespérides
2503904,Graduado o Graduada en Matemáticas y Computación / Mathematics and Computing  por la Universidad Carlos III de Madrid,Universidad Carlos III de Madrid
1500045,Graduado o Graduada en Matemáticas y Computación por la Universidad de Alcalá,Universidad de Alcalá
2500833,Graduado o Graduada en Matemáticas y Estadística por la Universidad Complutense de Madrid,Universidad Complutense de Madrid
1500466,Graduado o Graduada en Matemáticas y Filosofía por la Universidad de Córdoba,Universidad de Córdoba
1500822,Graduado o Graduada en Matemáticas y Filosofía por la Universidad de las Hespérides,Universidad de las Hespérides
2502164,Graduado o Graduada en Medicina / Bachelor in Medicine por la Universidad San Pablo-CEU,Universidad San Pablo-CEU
2501322,Graduado o Graduada en Medicina por la Universidad Alfonso X El Sabio,Universidad Alfonso X El Sabio
1500162,Graduado o Graduada en Medicina por la Universidad Antonio de Nebrija,Universidad Antonio de Nebrija
2502442,Graduado o Graduada en Medicina por la Universidad Autónoma de Barcelona,Universidad Autónoma de Barcelona
2502497,Graduado o Graduada en Medicina por la Universidad Autónoma de Madrid,Universidad Autónoma de Madrid
2504684,Graduado o Graduada en Medicina por la Universidad Camilo José Cela,Universidad Camilo José Cela
2502170,Graduado o Graduada en Medicina por la Universidad Cardenal Herrera-CEU,Universidad Cardenal Herrera-CEU
2500542,Graduado o Graduada en Medicina por la Universidad Católica de Valencia San Vicente Mártir,Universidad Católica de Valencia San Vicente Mártir
2502655,Graduado o Graduada en Medicina por la Universidad Católica San Antonio,Universidad Católica San Antonio
1500370,Graduado o Graduada en Medicina por la Universidad CEU Fernando III,Universidad CEU Fernando III
2500812,Graduado o Graduada en Medicina por la Universidad Complutense de Madrid,Universidad Complutense de Madrid
2502092,Graduado o Graduada en Medicina por la Universidad de Alcalá,Universidad de Alcalá
2503834,Graduado o Graduada en Medicina por la Universidad de Alicante,Universidad de Alicante
2504413,Graduado o Graduada en Medicina por la Universidad de Almería,Universidad de Almería
2500285,Graduado o Graduada en Medicina por la Universidad de Barcelona,Universidad de Barcelona
1500766,Graduado o Graduada en Medicina por la Universidad de Burgos,Universidad de Burgos
2501337,Graduado o Graduada en Medicina por la Universidad de Cádiz,Universidad de Cádiz
2500792,Graduado o Graduada en Medicina por la Universidad de Cantabria,Universidad de Cantabria
2501772,Graduado o Graduada en Medicina por la Universidad de Castilla-La Mancha,Universidad de Castilla-La Mancha
2501318,Graduado o Graduada en Medicina por la Universidad de Córdoba,Universidad de Córdoba
2503884,Graduado o Graduada en Medicina por la Universidad de Deusto,Universidad de Deusto
2500314,Graduado o Graduada en Medicina por la Universidad de Extremadura,Universidad de Extremadura
2500099,Graduado o Graduada en Medicina por la Universidad de Girona,Universitat de Girona
2501516,Graduado o Graduada en Medicina por la Universidad de Granada,Universidad de Granada
1500183,Graduado o Graduada en Medicina por la Universidad de Huelva,Universidad de Huelva
2503091,Graduado o Graduada en Medicina por la Universidad de Jaén,Universidad de Jaén
2501886,Graduado o Graduada en Medicina por la Universidad de La Laguna,Universidad de La Laguna
1500904,Graduado o Graduada en Medicina por la Universidad de La Rioja,Universidad de La Rioja
2501904,Graduado o Graduada en Medicina por la Universidad de Las Palmas de Gran Canaria,Universidad de Las Palmas de Gran Canaria
1500291,Graduado o Graduada en Medicina por la Universidad de León,Universidad de León
2500360,Graduado o Graduada en Medicina por la Universidad de Lleida,Universidad de Lleida
2501964,Graduado o Graduada en Medicina por la Universidad de Málaga,Universidad de Málaga
2502059,Graduado o Graduada en Medicina por la Universidad de Murcia,Universidad de Murcia
2504234,Graduado o Graduada en Medicina por la Universidad de Navarra,Universidad de Navarra
2502033,Graduado o Graduada en Medicina por la Universidad de Oviedo,Universidad de Oviedo
2504487,Graduado o Graduada en Medicina por la Universidad de Salamanca,Universidad de Salamanca
2502221,Graduado o Graduada en Medicina por la Universidad de Santiago de Compostela,Universidad de Santiago de Compostela
2501362,Graduado o Graduada en Medicina por la Universidad de Sevilla,Universidad de Sevilla
2501690,Graduado o Graduada en Medicina por la Universidad de Valladolid,Universidad de Valladolid
2503365,Graduado o Graduada en Medicina por la Universidad de Vic-Universidad Central de Catalunya,Universidad de Vic-Universidad Central de Catalunya
2500471,Graduado o Graduada en Medicina por la Universidad de Zaragoza,Universidad de Zaragoza
1500718,Graduado o Graduada en Medicina por la Universidad del Atlántico Medio,Universidad del Atlántico Medio
2502016,Graduado o Graduada en Medicina por la Universidad del País Vasco/Euskal Herriko Unibertsitatea,Universidad del País Vasco/Euskal Herriko Unibertsitatea
1500515,Graduado o Graduada en Medicina por la Universidad Europea de Canarias,Universidad Europea de Canarias
2500083,Graduado o Graduada en Medicina por la Universidad Europea de Madrid,Universidad Europea de Madrid
2504659,Graduado o Graduada en Medicina por la Universidad Fernando Pessoa-Canarias (UFP-C),Universidad Fernando Pessoa-Canarias (UFP-C)
2502114,Graduado o Graduada en Medicina por la Universidad Francisco de Vitoria,Universidad Francisco de Vitoria
2502262,Graduado o Graduada en Medicina por la Universidad Jaume I de Castellón,Universidad Jaume I de Castellón
2504676,Graduado o Graduada en Medicina por la Universidad Loyola Andalucía,Universidad Loyola Andalucía
2502358,Graduado o Graduada en Medicina por la Universidad Miguel Hernández de Elche,Universidad Miguel Hernández de Elche
2504008,Graduado o Graduada en Medicina por la Universidad Pompeu Fabra,Universidad Pompeu Fabra
2503909,Graduado o Graduada en Medicina por la Universidad Pública de Navarra,Universidad Pública de Navarra
1500589,Graduado o Graduada en Medicina por la Universidad Ramón Llull,Universidad Ramón Llull
2500091,Graduado o Graduada en Medicina por la Universidad Rey Juan Carlos,Universidad Rey Juan Carlos
2500441,Graduado o Graduada en Medicina por la Universidad Rovira i Virgili,Universidad Rovira i Virgili
1500484,Graduado o Graduada en Medicina por la Universidad San Jorge,Universidad San Jorge
1500643,Graduado o Graduada en Medicina por la Universitat Abat Oliba CEU,Universitat Abat Oliba CEU
2503367,Graduado o Graduada en Medicina por la Universitat de les Illes Balears,Universitat de les Illes Balears
2502256,Graduado o Graduada en Medicina por la Universitat de València (Estudi General),Universitat de València (Estudi General)
2500105,Graduado o Graduada en Medicina por la Universitat Internacional de Catalunya,Universitat Internacional de Catalunya
2504249,Graduado o Graduada en Medio Ambiente y Sostenibilidad / Bachelor's Degree in Environment and Sustainability por la Universidad Europea de Madrid,Universidad Europea de Madrid
1500606,Graduado o Graduada en Medios Audiovisuales por la Universidad Pompeu Fabra,Universidad Pompeu Fabra
2500502,Graduado o Graduada en Microbiología por la Universidad Autónoma de Barcelona,Universidad Autónoma de Barcelona
2504597,Graduado o Graduada en Moda por la Universidad de Girona,Universitat de Girona
2503550,Graduado o Graduada en Multimedia. Aplicaciones y Videojuegos por la Universidad de Vic-Universidad Central de Catalunya,Universidad de Vic-Universidad Central de Catalunya
2504620,Graduado o Graduada en Multimedia por la Universitat Oberta de Catalunya,Universitat Oberta de Catalunya
2502692,Graduado o Graduada en Multimedia y Artes Digitales por la Universidad Católica de Valencia San Vicente Mártir,Universidad Católica de Valencia San Vicente Mártir
2502858,Graduado o Graduada en Música por la Universidad Internacional de La Rioja,Universidad Internacional de La Rioja
2503109,Graduado o Graduada en Musicología por la Universidad Alfonso X El Sabio,Universidad Alfonso X El Sabio
2500240,Graduado o Graduada en Musicología por la Universidad Autónoma de Barcelona,Universidad Autónoma de Barcelona
2502567,Graduado o Graduada en Musicología por la Universidad Complutense de Madrid,Universidad Complutense de Madrid
2503863,Graduado o Graduada en Musicología por la Universitat Internacional Valenciana,Universitat Internacional Valenciana
2504602,Graduado o Graduada en Nanociencia y Nanotecnología por la Universidad Autónoma de Barcelona,Universidad Autónoma de Barcelona
2503895,Graduado o Graduada en Nanociencia y Nanotecnología por la Universidad de A Coruña,Universidad de A Coruña
2504261,Graduado o Graduada en Nanociencia y Nanotecnología por la Universidad Rey Juan Carlos,Universidad Rey Juan Carlos
2502213,Graduado o Graduada en Náutica y Transporte Marítimo por la Universidad de A Coruña,Universidad de A Coruña
2501763,Graduado o Graduada en Náutica y Transporte Marítimo por la Universidad de Cádiz,Universidad de Cádiz
2501899,Graduado o Graduada en Náutica y Transporte Marítimo por la Universidad de La Laguna,Universidad de La Laguna
2502041,Graduado o Graduada en Náutica y Transporte Marítimo por la Universidad de Oviedo,Universidad de Oviedo
2502000,Graduado o Graduada en Náutica y Transporte Marítimo por la Universidad Politécnica de Catalunya,Universidad Politécnica de Catalunya
2504177,Graduado o Graduada en Negocio Digital e Innovación en Turismo por la Universidad de Barcelona,Universidad de Barcelona
1500317,Graduado o Graduada en Negocios e Inteligencia Artificial / Bachelor in Business and Artificial Intelligence (BBAI) por la Universidad Ramón Llull,Universidad Ramón Llull
2504077,Graduado o Graduada en Negocios Internacionales / Bachelor in International Business por la ESIC Universidad,ESIC Universidad
2504694,Graduado o Graduada en Negocios Internacionales / Bachelor in International Business por la Universidad Internacional de la Empresa,Universidad Internacional de la Empresa
2504196,Graduado o Graduada en Negocios Internacionales / Bachelor in International Business por la Universidad Ramón Llull,Universidad Ramón Llull
2502986,Graduado o Graduada en Negocios Internacionales / International Business por la Universidad Miguel Hernández de Elche,Universidad Miguel Hernández de Elche
2501495,Graduado o Graduada en Negocios Internacionales\ Bachelor in International Business por la Universitat de València (Estudi General),Universitat de València (Estudi General)
2503024,Graduado o Graduada en Negocios Internacionales (International Business) por la Universidad Europea de Madrid,Universidad Europea de Madrid
1500683,Graduado o Graduada en Negocios Internacionales (International Business) por la Universidad Europea de Valencia,Universidad Europea de Valencia
2504548,Graduado o Graduada en Negocios Internacionales por la Universidad de las Hespérides,Universidad de las Hespérides
2503075,Graduado o Graduada en Negocios Internacionales por la Universidad de Vic-Universidad Central de Catalunya,Universidad de Vic-Universidad Central de Catalunya
1500424,Graduado o Graduada en Negocios Internacionales por la Universidad Internacional de La Rioja,Universidad Internacional de La Rioja
2501290,Graduado o Graduada en Negocios y Marketing Internacionales / Bachelor in International Business and Marketing por la Universidad Pompeu Fabra,Universidad Pompeu Fabra
2504704,Graduado o Graduada en Neurociencia / Bachelor in Neuroscience por la Universidad Carlos III de Madrid,Universidad Carlos III de Madrid
2503931,Graduado o Graduada en Nutrición Humana y Dietética por la Universidad Alfonso X El Sabio,Universidad Alfonso X El Sabio
1500557,Graduado o Graduada en Nutrición Humana y Dietética por la Universidad Alfonso X el Sabio Mare Nostrum,Universidad Alfonso X el Sabio Mare Nostrum
1500278,Graduado o Graduada en Nutrición Humana y Dietética por la Universidad Antonio de Nebrija,Universidad Antonio de Nebrija
2502045,Graduado o Graduada en Nutrición Humana y Dietética por la Universidad Autónoma de Madrid,Universidad Autónoma de Madrid
2504456,Graduado o Graduada en Nutrición Humana y Dietética por la Universidad Camilo José Cela,Universidad Camilo José Cela
2503335,Graduado o Graduada en Nutrición Humana y Dietética por la Universidad Cardenal Herrera-CEU,Universidad Cardenal Herrera-CEU
2502916,Graduado o Graduada en Nutrición Humana y Dietética por la Universidad Católica de Valencia San Vicente Mártir,Universidad Católica de Valencia San Vicente Mártir
2500123,Graduado o Graduada en Nutrición Humana y Dietética por la Universidad Católica San Antonio,Universidad Católica San Antonio
2503313,Graduado o Graduada en Nutrición Humana y Dietética por la Universidad Católica Santa Teresa de Jesús de Ávila,Universidad Católica Santa Teresa de Jesús de Ávila
2501595,Graduado o Graduada en Nutrición Humana y Dietética por la Universidad Complutense de Madrid,Universidad Complutense de Madrid
2502197,Graduado o Graduada en Nutrición Humana y Dietética por la Universidad de Alicante,Universidad de Alicante
2501938,Graduado o Graduada en Nutrición Humana y Dietética por la Universidad de Barcelona,Universidad de Barcelona
1500453,Graduado o Graduada en Nutrición Humana y Dietética por la Universidad de Córdoba,Universidad de Córdoba
1500080,Graduado o Graduada en Nutrición Humana y Dietética por la Universidad de Girona,Universitat de Girona
2501815,Graduado o Graduada en Nutrición Humana y Dietética por la Universidad de Granada,Universidad de Granada
2503959,Graduado o Graduada en Nutrición Humana y Dietética por la Universidad de La Laguna,Universidad de La Laguna
2504687,Graduado o Graduada en Nutrición Humana y Dietética por la Universidad de León,Universidad de León
2500361,Graduado o Graduada en Nutrición Humana y Dietética por la Universidad de Lleida,Universidad de Lleida
2502499,Graduado o Graduada en Nutrición Humana y Dietética por la Universidad de Murcia,Universidad de Murcia
2500727,Graduado o Graduada en Nutrición Humana y Dietética por la Universidad de Navarra,Universidad de Navarra
2502222,Graduado o Graduada en Nutrición Humana y Dietética por la Universidad de Santiago de Compostela,Universidad de Santiago de Compostela
2502311,Graduado o Graduada en Nutrición Humana y Dietética por la Universidad de Valladolid,Universidad de Valladolid
2503363,Graduado o Graduada en Nutrición Humana y Dietética por la Universidad de Vic-Universidad Central de Catalunya,Universidad de Vic-Universidad Central de Catalunya
2502488,Graduado o Graduada en Nutrición Humana y Dietética por la Universidad de Zaragoza,Universidad de Zaragoza
2502504,Graduado o Graduada en Nutrición Humana y Dietética por la Universidad del País Vasco/Euskal Herriko Unibertsitatea,Universidad del País Vasco/Euskal Herriko Unibertsitatea
2503235,Graduado o Graduada en Nutrición Humana y Dietética por la Universidad Europea de Madrid,Universidad Europea de Madrid
2503050,Graduado o Graduada en Nutrición Humana y Dietética por la Universidad Europea del Atlántico,Universidad Europea del Atlántico
2503309,Graduado o Graduada en Nutrición Humana y Dietética por la Universidad Europea Miguel de Cervantes,Universidad Europea Miguel de Cervantes
2503302,Graduado o Graduada en Nutrición Humana y Dietética por la Universidad Fernando Pessoa-Canarias (UFP-C),Universidad Fernando Pessoa-Canarias (UFP-C)
2504241,Graduado o Graduada en Nutrición Humana y Dietética por la Universidad Francisco de Vitoria,Universidad Francisco de Vitoria
1500414,Graduado o Graduada en Nutrición Humana y Dietética por la Universidad Internacional de la Empresa,Universidad Internacional de la Empresa
2504373,Graduado o Graduada en Nutrición Humana y Dietética por la Universidad Internacional de La Rioja,Universidad Internacional de La Rioja
2504292,Graduado o Graduada en Nutrición Humana y Dietética por la Universidad Internacional Isabel I de Castilla,Universidad Internacional Isabel I de Castilla
2502676,Graduado o Graduada en Nutrición Humana y Dietética por la Universidad Internacional Isabel I de Castilla,Universidad Internacional Isabel I de Castilla
2504488,Graduado o Graduada en Nutrición Humana y Dietética por la Universidad Loyola Andalucía,Universidad Loyola Andalucía
2501527,Graduado o Graduada en Nutrición Humana y Dietética por la Universidad Pablo de Olavide,Universidad Pablo de Olavide
2504594,Graduado o Graduada en Nutrición Humana y Dietética por la Universidad Pompeu Fabra,Universidad Pompeu Fabra
2504422,Graduado o Graduada en Nutrición Humana y Dietética por la Universidad Pompeu Fabra y la Universitat Oberta de Catalunya,(Conjunto)
1500068,Graduado o Graduada en Nutrición Humana y Dietética por la Universidad Pontificia de Salamanca,Universidad Pontificia de Salamanca
1500578,Graduado o Graduada en Nutrición Humana y Dietética por la Universidad Ramón Llull,Universidad Ramón Llull
2502423,Graduado o Graduada en Nutrición Humana y Dietética por la Universidad Rovira i Virgili,Universidad Rovira i Virgili
2503876,Graduado o Graduada en Nutrición Humana y Dietética por la Universidad San Pablo-CEU,Universidad San Pablo-CEU
1500427,Graduado o Graduada en Nutrición Humana y Dietética por la Universidad Tecnológica Atlántico-Mediterráneo,Universidad Tecnológica Atlántico-Mediterráneo
2504028,Graduado o Graduada en Nutrición Humana y Dietética por la Universitat de les Illes Balears,Universitat de les Illes Balears
2500885,Graduado o Graduada en Nutrición Humana y Dietética por la Universitat de València (Estudi General),Universitat de València (Estudi General)
1500303,Graduado o Graduada en Nutrición Humana y Dietética por la Universitat Internacional Valenciana,Universitat Internacional Valenciana
2503521,Graduado o Graduada en Odontología / Bachelor in Dentistry  por la Universitat de les Illes Balears,Universitat de les Illes Balears
2501323,Graduado o Graduada en Odontología / Bachelor in Dentistry por la Universidad Alfonso X El Sabio,Universidad Alfonso X El Sabio
2500917,Graduado o Graduada en Odontología / Bachelor in Dentistry por la Universidad Europea de Madrid,Universidad Europea de Madrid
2502165,Graduado o Graduada en Odontología / Bachelor in Dentistry por la Universidad San Pablo-CEU,Universidad San Pablo-CEU
1500518,Graduado o Graduada en Odontología por la Universidad Alfonso X el Sabio Mare Nostrum,Universidad Alfonso X el Sabio Mare Nostrum
1500516,Graduado o Graduada en Odontología por la Universidad Antonio de Nebrija,Universidad Antonio de Nebrija
2504443,Graduado o Graduada en Odontología por la Universidad Camilo José Cela,Universidad Camilo José Cela
2502171,Graduado o Graduada en Odontología por la Universidad Cardenal Herrera-CEU,Universidad Cardenal Herrera-CEU
2500543,Graduado o Graduada en Odontología por la Universidad Católica de Valencia San Vicente Mártir,Universidad Católica de Valencia San Vicente Mártir
2503143,Graduado o Graduada en Odontología por la Universidad Católica San Antonio,Universidad Católica San Antonio
2500311,Graduado o Graduada en Odontología por la Universidad Complutense de Madrid,Universidad Complutense de Madrid
2500506,Graduado o Graduada en Odontología por la Universidad de Barcelona,Universidad de Barcelona
2501816,Graduado o Graduada en Odontología por la Universidad de Granada,Universidad de Granada
2500943,Graduado o Graduada en Odontología por la Universidad de Murcia,Universidad de Murcia
2502034,Graduado o Graduada en Odontología por la Universidad de Oviedo,Universidad de Oviedo
2502053,Graduado o Graduada en Odontología por la Universidad de Salamanca,Universidad de Salamanca
2502223,Graduado o Graduada en Odontología por la Universidad de Santiago de Compostela,Universidad de Santiago de Compostela
2501192,Graduado o Graduada en Odontología por la Universidad de Sevilla,Universidad de Sevilla
2504588,Graduado o Graduada en Odontología por la Universidad de Vic-Universidad Central de Catalunya,Universidad de Vic-Universidad Central de Catalunya
2502489,Graduado o Graduada en Odontología por la Universidad de Zaragoza,Universidad de Zaragoza
2502018,Graduado o Graduada en Odontología por la Universidad del País Vasco/Euskal Herriko Unibertsitatea,Universidad del País Vasco/Euskal Herriko Unibertsitatea
1500524,Graduado o Graduada en Odontología por la Universidad Europea de Andalucía,Universidad Europea de Andalucía
1500204,Graduado o Graduada en Odontología por la Universidad Europea de Canarias,Universidad Europea de Canarias
2502867,Graduado o Graduada en Odontología por la Universidad Europea de Valencia,Universidad Europea de Valencia
2502546,Graduado o Graduada en Odontología por la Universidad Europea Miguel de Cervantes,Universidad Europea Miguel de Cervantes
2503656,Graduado o Graduada en Odontología por la Universidad Fernando Pessoa-Canarias (UFP-C),Universidad Fernando Pessoa-Canarias (UFP-C)
1500092,Graduado o Graduada en Odontología por la Universidad Francisco de Vitoria,Universidad Francisco de Vitoria
1500452,Graduado o Graduada en Odontología por la Universidad Pablo de Olavide,Universidad Pablo de Olavide
1500756,Graduado o Graduada en Odontología por la Universidad Pontificia de Salamanca,Universidad Pontificia de Salamanca
2500872,Graduado o Graduada en Odontología por la Universidad Rey Juan Carlos,Universidad Rey Juan Carlos
2502257,Graduado o Graduada en Odontología por la Universitat de València (Estudi General),Universitat de València (Estudi General)
2500583,Graduado o Graduada en Odontología por la Universitat Internacional de Catalunya,Universitat Internacional de Catalunya
2500791,Graduado o Graduada en Óptica y Optometría por la Universidad Complutense de Madrid,Universidad Complutense de Madrid
2502198,Graduado o Graduada en Óptica y Optometría por la Universidad de Alicante,Universidad de Alicante
2501517,Graduado o Graduada en Óptica y Optometría por la Universidad de Granada,Universidad de Granada
2500724,Graduado o Graduada en Óptica y Optometría por la Universidad de Murcia,Universidad de Murcia
2502224,Graduado o Graduada en Óptica y Optometría por la Universidad de Santiago de Compostela,Universidad de Santiago de Compostela
2502575,Graduado o Graduada en Óptica y Optometría por la Universidad de Sevilla,Universidad de Sevilla
2504113,Graduado o Graduada en Óptica y Optometría por la Universidad de Valladolid,Universidad de Valladolid
2500470,Graduado o Graduada en Óptica y Optometría por la Universidad de Zaragoza,Universidad de Zaragoza
1500015,Graduado o Graduada en Óptica y Optometría por la Universidad Fernando Pessoa-Canarias (UFP-C),Universidad Fernando Pessoa-Canarias (UFP-C)
2503995,Graduado o Graduada en Óptica y Optometría por la Universidad Politécnica de Catalunya,Universidad Politécnica de Catalunya
2504239,Graduado o Graduada en Óptica y Optometría por la Universidad San Pablo-CEU,Universidad San Pablo-CEU
2502258,Graduado o Graduada en Óptica y Optometría por la Universitat de València (Estudi General),Universitat de València (Estudi General)
2502632,"Graduado o Graduada en Organización de Eventos, Protocolo y Relaciones Institucionales por la Universidad Miguel Hernández de Elche",Universidad Miguel Hernández de Elche
2503490,Graduado o Graduada en Paisaje por la Universidad de A Coruña y la Universidad de Santiago de Compostela,(Conjunto)
2503953,Graduado o Graduada en Paisajismo por la Universidad Politécnica de Catalunya,Universidad Politécnica de Catalunya
2503409,Graduado o Graduada en Paisajismo por la Universidad Rey Juan Carlos,Universidad Rey Juan Carlos
1500353,Graduado o Graduada en Pedagogía por la Universidad Alfonso X El Sabio,Universidad Alfonso X El Sabio
2500261,Graduado o Graduada en Pedagogía por la Universidad Autónoma de Barcelona,Universidad Autónoma de Barcelona
2504039,Graduado o Graduada en Pedagogía por la Universidad Camilo José Cela,Universidad Camilo José Cela
2500688,Graduado o Graduada en Pedagogía por la Universidad Complutense de Madrid,Universidad Complutense de Madrid
2500293,Graduado o Graduada en Pedagogía por la Universidad de Barcelona,Universidad de Barcelona
2501239,Graduado o Graduada en Pedagogía por la Universidad de Burgos,Universidad de Burgos
2500328,Graduado o Graduada en Pedagogía por la Universidad de Girona,Universitat de Girona
2501518,Graduado o Graduada en Pedagogía por la Universidad de Granada,Universidad de Granada
2501890,Graduado o Graduada en Pedagogía por la Universidad de La Laguna,Universidad de La Laguna
2501981,Graduado o Graduada en Pedagogía por la Universidad de Málaga,Universidad de Málaga
2500382,Graduado o Graduada en Pedagogía por la Universidad de Murcia,Universidad de Murcia
2500593,Graduado o Graduada en Pedagogía por la Universidad de Navarra,Universidad de Navarra
2501631,Graduado o Graduada en Pedagogía por la Universidad de Oviedo,Universidad de Oviedo
2502430,Graduado o Graduada en Pedagogía por la Universidad de Salamanca,Universidad de Salamanca
2501110,Graduado o Graduada en Pedagogía por la Universidad de Santiago de Compostela,Universidad de Santiago de Compostela
2501200,Graduado o Graduada en Pedagogía por la Universidad de Sevilla,Universidad de Sevilla
2501475,Graduado o Graduada en Pedagogía por la Universidad del País Vasco/Euskal Herriko Unibertsitatea,Universidad del País Vasco/Euskal Herriko Unibertsitatea
2504511,Graduado o Graduada en Pedagogía por la Universidad Europea de Madrid,Universidad Europea de Madrid
2503243,Graduado o Graduada en Pedagogía por la Universidad Internacional de La Rioja,Universidad Internacional de La Rioja
1500186,Graduado o Graduada en Pedagogía por la Universidad Internacional Isabel I de Castilla,Universidad Internacional Isabel I de Castilla
2500391,Graduado o Graduada en Pedagogía por la Universidad Nacional de Educación a Distancia,Universidad Nacional de Educación a Distancia
2501400,Graduado o Graduada en Pedagogía por la Universidad Pontificia de Salamanca,Universidad Pontificia de Salamanca
1500627,Graduado o Graduada en Pedagogía por la Universidad Rovira i Virgili,Universidad Rovira i Virgili
2500338,Graduado o Graduada en Pedagogía por la Universitat de les Illes Balears,Universitat de les Illes Balears
2500879,Graduado o Graduada en Pedagogía por la Universitat de València (Estudi General),Universitat de València (Estudi General)
2504230,Graduado o Graduada en Pedagogía por la Universitat Internacional Valenciana,Universitat Internacional Valenciana
2500028,Graduado o Graduada en Periodismo / Bachelor in Journalism por la Universidad Carlos III de Madrid,Universidad Carlos III de Madrid
1500587,Graduado o Graduada en Periodismo por la Universidad Antonio de Nebrija,Universidad Antonio de Nebrija
2501933,Graduado o Graduada en Periodismo por la Universidad Autónoma de Barcelona,Universidad Autónoma de Barcelona
2500538,Graduado o Graduada en Periodismo por la Universidad Cardenal Herrera-CEU,Universidad Cardenal Herrera-CEU
2500829,Graduado o Graduada en Periodismo por la Universidad Complutense de Madrid,Universidad Complutense de Madrid
2501447,Graduado o Graduada en Periodismo por la Universidad de Castilla-La Mancha,Universidad de Castilla-La Mancha
2503853,Graduado o Graduada en Periodismo por la Universidad de Extremadura,Universidad de Extremadura
2500132,Graduado o Graduada en Periodismo por la Universidad de La Laguna,Universidad de La Laguna
2501983,Graduado o Graduada en Periodismo por la Universidad de Málaga,Universidad de Málaga
2500855,Graduado o Graduada en Periodismo por la Universidad de Murcia,Universidad de Murcia
1500616,Graduado o Graduada en Periodismo por la Universidad de Navarra,Universidad de Navarra
2501111,Graduado o Graduada en Periodismo por la Universidad de Santiago de Compostela,Universidad de Santiago de Compostela
2502293,Graduado o Graduada en Periodismo por la Universidad de Sevilla,Universidad de Sevilla
2501534,Graduado o Graduada en Periodismo por la Universidad de Valladolid,Universidad de Valladolid
2500634,Graduado o Graduada en Periodismo por la Universidad de Vic-Universidad Central de Catalunya,Universidad de Vic-Universidad Central de Catalunya
2500069,Graduado o Graduada en Periodismo por la Universidad de Zaragoza,Universidad de Zaragoza
2501476,Graduado o Graduada en Periodismo por la Universidad del País Vasco/Euskal Herriko Unibertsitatea,Universidad del País Vasco/Euskal Herriko Unibertsitatea
2503598,Graduado o Graduada en Periodismo por la Universidad Europea de Madrid,Universidad Europea de Madrid
2503057,Graduado o Graduada en Periodismo por la Universidad Europea del Atlántico,Universidad Europea del Atlántico
1500172,Graduado o Graduada en Periodismo por la Universidad Europea Miguel de Cervantes,Universidad Europea Miguel de Cervantes
2500567,Graduado o Graduada en Periodismo por la Universidad Europea Miguel de Cervantes,Universidad Europea Miguel de Cervantes
2503326,Graduado o Graduada en Periodismo por la Universidad Fernando Pessoa-Canarias (UFP-C),Universidad Fernando Pessoa-Canarias (UFP-C)
1500116,Graduado o Graduada en Periodismo por la Universidad Francisco de Vitoria,Universidad Francisco de Vitoria
2504115,Graduado o Graduada en Periodismo por la Universidad Internacional Isabel I de Castilla,Universidad Internacional Isabel I de Castilla
2504427,Graduado o Graduada en Periodismo por la Universidad Internacional Villanueva,Universidad Internacional Villanueva
2500340,Graduado o Graduada en Periodismo por la Universidad Jaume I de Castellón,Universidad Jaume I de Castellón
2501618,Graduado o Graduada en Periodismo por la Universidad Miguel Hernández de Elche,Universidad Miguel Hernández de Elche
2500404,Graduado o Graduada en Periodismo por la Universidad Pompeu Fabra,Universidad Pompeu Fabra
2503093,Graduado o Graduada en Periodismo por la Universidad Pontificia Comillas,Universidad Pontificia Comillas
1500700,Graduado o Graduada en Periodismo por la Universidad Pontificia de Salamanca,Universidad Pontificia de Salamanca
2500961,Graduado o Graduada en Periodismo por la Universidad Pontificia de Salamanca,Universidad Pontificia de Salamanca
2500089,Graduado o Graduada en Periodismo por la Universidad Rey Juan Carlos,Universidad Rey Juan Carlos
2500450,Graduado o Graduada en Periodismo por la Universidad Rovira i Virgili,Universidad Rovira i Virgili
2500139,Graduado o Graduada en Periodismo por la Universidad San Jorge,Universidad San Jorge
2503936,Graduado o Graduada en Periodismo por la Universidad San Pablo-CEU,Universidad San Pablo-CEU
2500525,Graduado o Graduada en Periodismo por la Universitat Abat Oliba CEU,Universitat Abat Oliba CEU
2500880,Graduado o Graduada en Periodismo por la Universitat de València (Estudi General),Universitat de València (Estudi General)
2501457,Graduado o Graduada en Periodismo por la Universitat Internacional de Catalunya,Universitat Internacional de Catalunya
2503130,Graduado o Graduada en Periodismo y Comunicación Corporativa por la Universidad Ramón Llull,Universidad Ramón Llull
2500156,Graduado o Graduada en Periodismo y Creación de Contenidos por la Universidad Católica San Antonio,Universidad Católica San Antonio
2504690,Graduado o Graduada en Periodismo y Medios Digitales por la Universidad Loyola Andalucía,Universidad Loyola Andalucía
2502781,Graduado o Graduada en Piloto de Aviación Comercial y Operaciones Aéreas  por la Universidad de Salamanca,Universidad de Salamanca
2502013,Graduado o Graduada en Piloto de Aviación Comercial y Operaciones Aéreas por la Universidad Rovira i Virgili,Universidad Rovira i Virgili
2503588,Graduado o Graduada en Podología por la Universidad Autónoma de Madrid,Universidad Autónoma de Madrid
2500544,Graduado o Graduada en Podología por la Universidad Católica de Valencia San Vicente Mártir,Universidad Católica de Valencia San Vicente Mártir
2503380,Graduado o Graduada en Podología por la Universidad Católica San Antonio,Universidad Católica San Antonio
2501453,Graduado o Graduada en Podología por la Universidad Complutense de Madrid,Universidad Complutense de Madrid
2501011,Graduado o Graduada en Podología por la Universidad de A Coruña,Universidad de A Coruña
2500481,Graduado o Graduada en Podología por la Universidad de Barcelona,Universidad de Barcelona
2504013,Graduado o Graduada en Podología por la Universidad de Castilla-La Mancha,Universidad de Castilla-La Mancha
2500315,Graduado o Graduada en Podología por la Universidad de Extremadura,Universidad de Extremadura
2503877,Graduado o Graduada en Podología por la Universidad de León,Universidad de León
2501162,Graduado o Graduada en Podología por la Universidad de Málaga,Universidad de Málaga
2501193,Graduado o Graduada en Podología por la Universidad de Sevilla,Universidad de Sevilla
2503213,Graduado o Graduada en Podología por la Universidad de Vic-Universidad Central de Catalunya,Universidad de Vic-Universidad Central de Catalunya
1500498,Graduado o Graduada en Podología por la Universidad Euneiz,Universidad Euneiz
1500056,Graduado o Graduada en Podología por la Universidad Fernando Pessoa-Canarias (UFP-C),Universidad Fernando Pessoa-Canarias (UFP-C)
2501612,Graduado o Graduada en Podología por la Universidad Miguel Hernández de Elche,Universidad Miguel Hernández de Elche
2502259,Graduado o Graduada en Podología por la Universitat de València (Estudi General),Universitat de València (Estudi General)
1500464,"Graduado o Graduada en Política, Sociología y Filosofía por la Universidad Pontificia de Salamanca",Universidad Pontificia de Salamanca
2504305,Graduado o Graduada en Políticas de Seguridad y Control de la Criminalidad por la Universidad Católica Santa Teresa de Jesús de Ávila,Universidad Católica Santa Teresa de Jesús de Ávila
2502501,Graduado o Graduada en Prevención y Seguridad Integral por la Universidad Autónoma de Barcelona,Universidad Autónoma de Barcelona
2503704,Graduado o Graduada en Producción de Música y Sonido para la Industria del Entretenimiento por la Universidad de Barcelona,Universidad de Barcelona
2504561,Graduado o Graduada en Producción de Música y Sonido para la Industria del Entretenimiento por la Universidad Euneiz,Universidad Euneiz
2503244,"Graduado o Graduada en Protocolo, Organización de Eventos y Comunicación Corporativa / Bachelor in Protocol, event organization and corporate communication por la Universidad Rey Juan Carlos",Universidad Rey Juan Carlos
2502079,Graduado o Graduada en Protocolo y Organización de Eventos por la Universidad Camilo José Cela,Universidad Camilo José Cela
1500521,Graduado o Graduada en Psicología / Bachelor in Psychology por la Universidad Europea de Andalucía,Universidad Europea de Andalucía
2502845,Graduado o Graduada en Psicología / Bachelor in Psychology por la Universidad Europea de Madrid,Universidad Europea de Madrid
2504700,Graduado o Graduada en Psicología / Bachelor in Psychology por la Universidad Internacional de la Empresa,Universidad Internacional de la Empresa
1500337,Graduado o Graduada en Psicología por la ESIC Universidad,ESIC Universidad
1500488,Graduado o Graduada en Psicología por la Universidad a Distancia de Madrid,Universidad a Distancia de Madrid
2503948,Graduado o Graduada en Psicología por la Universidad Alfonso X El Sabio,Universidad Alfonso X El Sabio
2503575,Graduado o Graduada en Psicología por la Universidad Antonio de Nebrija,Universidad Antonio de Nebrija
2502443,Graduado o Graduada en Psicología por la Universidad Autónoma de Barcelona,Universidad Autónoma de Barcelona
2500268,Graduado o Graduada en Psicología por la Universidad Autónoma de Madrid,Universidad Autónoma de Madrid
2500905,Graduado o Graduada en Psicología por la Universidad Camilo José Cela,Universidad Camilo José Cela
1500029,Graduado o Graduada en Psicología por la Universidad Cardenal Herrera-CEU,Universidad Cardenal Herrera-CEU
2500059,Graduado o Graduada en Psicología por la Universidad Católica de Valencia San Vicente Mártir,Universidad Católica de Valencia San Vicente Mártir
2500055,Graduado o Graduada en Psicología por la Universidad Católica San Antonio,Universidad Católica San Antonio
2503316,Graduado o Graduada en Psicología por la Universidad Católica Santa Teresa de Jesús de Ávila,Universidad Católica Santa Teresa de Jesús de Ávila
1500368,Graduado o Graduada en Psicología por la Universidad CEU Fernando III,Universidad CEU Fernando III
2500692,Graduado o Graduada en Psicología por la Universidad Complutense de Madrid,Universidad Complutense de Madrid
2503042,Graduado o Graduada en Psicología por la Universidad de Alcalá,Universidad de Alcalá
2501716,Graduado o Graduada en Psicología por la Universidad de Almería,Universidad de Almería
2500286,Graduado o Graduada en Psicología por la Universidad de Barcelona,Universidad de Barcelona
2504718,Graduado o Graduada en Psicología por la Universidad de Burgos,Universidad de Burgos
2502563,Graduado o Graduada en Psicología por la Universidad de Cádiz,Universidad de Cádiz
2504754,Graduado o Graduada en Psicología por la Universidad de Castilla-La Mancha,Universidad de Castilla-La Mancha
2503722,Graduado o Graduada en Psicología por la Universidad de Córdoba,Universidad de Córdoba
2500560,Graduado o Graduada en Psicología por la Universidad de Deusto,Universidad de Deusto
2503030,Graduado o Graduada en Psicología por la Universidad de Extremadura,Universidad de Extremadura
2500325,Graduado o Graduada en Psicología por la Universidad de Girona,Universitat de Girona
2501519,Graduado o Graduada en Psicología por la Universidad de Granada,Universidad de Granada
2501840,Graduado o Graduada en Psicología por la Universidad de Huelva,Universidad de Huelva
2501862,Graduado o Graduada en Psicología por la Universidad de Jaén,Universidad de Jaén
2500348,Graduado o Graduada en Psicología por la Universidad de La Laguna,Universidad de La Laguna
1500551,Graduado o Graduada en Psicología por la Universidad de Las Palmas de Gran Canaria,Universidad de Las Palmas de Gran Canaria
2503431,Graduado o Graduada en Psicología por la Universidad de Lleida,Universidad de Lleida
2501965,Graduado o Graduada en Psicología por la Universidad de Málaga,Universidad de Málaga
2500725,Graduado o Graduada en Psicología por la Universidad de Murcia,Universidad de Murcia
2502926,Graduado o Graduada en Psicología por la Universidad de Navarra,Universidad de Navarra
2501626,Graduado o Graduada en Psicología por la Universidad de Oviedo,Universidad de Oviedo
2502055,Graduado o Graduada en Psicología por la Universidad de Salamanca,Universidad de Salamanca
2500462,Graduado o Graduada en Psicología por la Universidad de Santiago de Compostela,Universidad de Santiago de Compostela
2501077,Graduado o Graduada en Psicología por la Universidad de Sevilla,Universidad de Sevilla
2501698,Graduado o Graduada en Psicología por la Universidad de Vic-Universidad Central de Catalunya,Universidad de Vic-Universidad Central de Catalunya
2503675,Graduado o Graduada en Psicología por la Universidad de Zaragoza,Universidad de Zaragoza
2504097,Graduado o Graduada en Psicología por la Universidad del Atlántico Medio,Universidad del Atlántico Medio
2501636,Graduado o Graduada en Psicología por la Universidad del País Vasco/Euskal Herriko Unibertsitatea,Universidad del País Vasco/Euskal Herriko Unibertsitatea
1500497,Graduado o Graduada en Psicología por la Universidad Euneiz,Universidad Euneiz
2503935,Graduado o Graduada en Psicología por la Universidad Europea de Canarias,Universidad Europea de Canarias
2503201,Graduado o Graduada en Psicología por la Universidad Europea de Valencia,Universidad Europea de Valencia
2503060,Graduado o Graduada en Psicología por la Universidad Europea del Atlántico,Universidad Europea del Atlántico
2503308,Graduado o Graduada en Psicología por la Universidad Europea Miguel de Cervantes,Universidad Europea Miguel de Cervantes
2503304,Graduado o Graduada en Psicología por la Universidad Fernando Pessoa-Canarias (UFP-C),Universidad Fernando Pessoa-Canarias (UFP-C)
1500090,Graduado o Graduada en Psicología por la Universidad Francisco de Vitoria,Universidad Francisco de Vitoria
1500205,Graduado o Graduada en Psicología por la Universidad Intercontinental de la Empresa,Universidad Intercontinental de la Empresa
2502747,Graduado o Graduada en Psicología por la Universidad Internacional de La Rioja,Universidad Internacional de La Rioja
2502688,Graduado o Graduada en Psicología por la Universidad Internacional Isabel I de Castilla,Universidad Internacional Isabel I de Castilla
1500504,Graduado o Graduada en Psicología por la Universidad Internacional Villanueva,Universidad Internacional Villanueva
2502263,Graduado o Graduada en Psicología por la Universidad Jaume I de Castellón,Universidad Jaume I de Castellón
2502897,Graduado o Graduada en Psicología por la Universidad Loyola Andalucía,Universidad Loyola Andalucía
2501613,Graduado o Graduada en Psicología por la Universidad Miguel Hernández de Elche,Universidad Miguel Hernández de Elche
2500387,Graduado o Graduada en Psicología por la Universidad Nacional de Educación a Distancia,Universidad Nacional de Educación a Distancia
2500607,Graduado o Graduada en Psicología por la Universidad Pontificia Comillas,Universidad Pontificia Comillas
2501295,Graduado o Graduada en Psicología por la Universidad Pontificia de Salamanca,Universidad Pontificia de Salamanca
2503750,Graduado o Graduada en Psicología por la Universidad Pública de Navarra,Universidad Pública de Navarra
2500413,Graduado o Graduada en Psicología por la Universidad Ramón Llull,Universidad Ramón Llull
2500964,Graduado o Graduada en Psicología por la Universidad Rey Juan Carlos,Universidad Rey Juan Carlos
2500442,Graduado o Graduada en Psicología por la Universidad Rovira i Virgili,Universidad Rovira i Virgili
2504149,Graduado o Graduada en Psicología por la Universidad San Jorge,Universidad San Jorge
2504246,Graduado o Graduada en Psicología por la Universidad San Pablo-CEU,Universidad San Pablo-CEU
1500426,Graduado o Graduada en Psicología por la Universidad Tecnológica Atlántico-Mediterráneo,Universidad Tecnológica Atlántico-Mediterráneo
1500653,Graduado o Graduada en Psicología por la Universidad Tecnológica de las Islas Canarias,Universidad Tecnológica de las Islas Canarias
2503481,Graduado o Graduada en Psicología por la Universitat Abat Oliba CEU,Universitat Abat Oliba CEU
2500335,Graduado o Graduada en Psicología por la Universitat de les Illes Balears,Universitat de les Illes Balears
2500976,Graduado o Graduada en Psicología por la Universitat de València (Estudi General),Universitat de València (Estudi General)
2503720,Graduado o Graduada en Psicología por la Universitat Internacional de Catalunya,Universitat Internacional de Catalunya
2502693,Graduado o Graduada en Psicología por la Universitat Internacional Valenciana,Universitat Internacional Valenciana
2504245,Graduado o Graduada en Psicología por la Universitat Oberta de Catalunya,Universitat Oberta de Catalunya
2504051,Graduado o Graduada en Publicidad Creativa por la Universidad Camilo José Cela,Universidad Camilo José Cela
1500119,"Graduado o Graduada en Publicidad, Ideación y Comunicación de Marcas por la Universidad Francisco de Vitoria",Universidad Francisco de Vitoria
2502813,"Graduado o Graduada en Publicidad, Marketing y Relaciones Públicas por la Universidad de Vic-Universidad Central de Catalunya",Universidad de Vic-Universidad Central de Catalunya
2502933,Graduado o Graduada en Publicidad por la Universidad Europea de Canarias,Universidad Europea de Canarias
2503754,Graduado o Graduada en Publicidad por la Universidad Europea de Madrid,Universidad Europea de Madrid
2504099,Graduado o Graduada en Publicidad por la Universidad Internacional de La Rioja,Universidad Internacional de La Rioja
1500754,Graduado o Graduada en Publicidad por la Universidad Pontificia de Salamanca,Universidad Pontificia de Salamanca
2500032,"Graduado o Graduada en Publicidad, Relaciones Públicas y Marketing de Contenidos por la Universidad Católica San Antonio",Universidad Católica San Antonio
2503827,"Graduado o Graduada en Publicidad, Relaciones Públicas y Marketing por la Universidad de Barcelona",Universidad de Barcelona
2503176,"Graduado o Graduada en Publicidad, Relaciones Públicas y Marketing por la Universidad Ramón Llull",Universidad Ramón Llull
2500341,Graduado o Graduada en Publicidad y Comunicación Corporativa por la Universidad Jaume I de Castellón,Universidad Jaume I de Castellón
2503082,Graduado o Graduada en Publicidad y Comunicación para los medios por la Universidad Pablo de Olavide,Universidad Pablo de Olavide
2504609,"Graduado o Graduada en Publicidad y Creación de Marca / Bachelor in Advertising and Brand Creation por la Universidad de Diseño, Innovación y Tecnología (UDIT)","Universidad de Diseño, Innovación y Tecnología (UDIT)"
2504695,Graduado o Graduada en Publicidad y Marketing Digital por la Universidad Loyola Andalucía,Universidad Loyola Andalucía
2504072,Graduado o Graduada en Publicidad y Relaciones Públicas por la ESIC Universidad,ESIC Universidad
1500588,Graduado o Graduada en Publicidad y Relaciones Públicas por la Universidad Antonio de Nebrija,Universidad Antonio de Nebrija
2501935,Graduado o Graduada en Publicidad y Relaciones Públicas por la Universidad Autónoma de Barcelona,Universidad Autónoma de Barcelona
2500539,Graduado o Graduada en Publicidad y Relaciones Públicas por la Universidad Cardenal Herrera-CEU,Universidad Cardenal Herrera-CEU
2500830,Graduado o Graduada en Publicidad y Relaciones Públicas por la Universidad Complutense de Madrid,Universidad Complutense de Madrid
2501569,Graduado o Graduada en Publicidad y Relaciones Públicas por la Universidad de Alicante,Universidad de Alicante
2501754,Graduado o Graduada en Publicidad y Relaciones Públicas por la Universidad de Cádiz,Universidad de Cádiz
2503420,Graduado o Graduada en Publicidad y Relaciones Públicas por la Universidad de Girona,Universitat de Girona
2501985,Graduado o Graduada en Publicidad y Relaciones Públicas por la Universidad de Málaga,Universidad de Málaga
2500856,Graduado o Graduada en Publicidad y Relaciones Públicas por la Universidad de Murcia,Universidad de Murcia
2502294,Graduado o Graduada en Publicidad y Relaciones Públicas por la Universidad de Sevilla,Universidad de Sevilla
2501692,Graduado o Graduada en Publicidad y Relaciones Públicas por la Universidad de Valladolid,Universidad de Valladolid
2503180,Graduado o Graduada en Publicidad y Relaciones Públicas por la Universidad de Vic-Universidad Central de Catalunya,Universidad de Vic-Universidad Central de Catalunya
2500467,Graduado o Graduada en Publicidad y Relaciones Públicas por la Universidad de Vigo,Universidad de Vigo
2501477,Graduado o Graduada en Publicidad y Relaciones Públicas por la Universidad del País Vasco/Euskal Herriko Unibertsitatea,Universidad del País Vasco/Euskal Herriko Unibertsitatea
2503058,Graduado o Graduada en Publicidad y Relaciones Públicas por la Universidad Europea del Atlántico,Universidad Europea del Atlántico
2500568,Graduado o Graduada en Publicidad y Relaciones Públicas por la Universidad Europea Miguel de Cervantes,Universidad Europea Miguel de Cervantes
1500175,Graduado o Graduada en Publicidad y Relaciones Públicas por la Universidad Europea Miguel de Cervantes,Universidad Europea Miguel de Cervantes
2504451,Graduado o Graduada en Publicidad y Relaciones Públicas por la Universidad Internacional Villanueva,Universidad Internacional Villanueva
2502815,Graduado o Graduada en Publicidad y Relaciones Públicas por la Universidad Pompeu Fabra,Universidad Pompeu Fabra
2503099,Graduado o Graduada en Publicidad y Relaciones Públicas por la Universidad Pontificia Comillas,Universidad Pontificia Comillas
2500995,Graduado o Graduada en Publicidad y Relaciones Públicas por la Universidad Pontificia de Salamanca,Universidad Pontificia de Salamanca
2500428,Graduado o Graduada en Publicidad y Relaciones Públicas por la Universidad Rey Juan Carlos,Universidad Rey Juan Carlos
2500451,Graduado o Graduada en Publicidad y Relaciones Públicas por la Universidad Rovira i Virgili,Universidad Rovira i Virgili
2500064,Graduado o Graduada en Publicidad y Relaciones Públicas por la Universidad San Jorge,Universidad San Jorge
2503939,Graduado o Graduada en Publicidad y Relaciones Públicas por la Universidad San Pablo-CEU,Universidad San Pablo-CEU
2500527,Graduado o Graduada en Publicidad y Relaciones Públicas por la Universitat Abat Oliba CEU,Universitat Abat Oliba CEU
2500584,Graduado o Graduada en Publicidad y Relaciones Públicas por la Universitat Internacional de Catalunya,Universitat Internacional de Catalunya
2502444,Graduado o Graduada en Química por la Universidad Autónoma de Barcelona,Universidad Autónoma de Barcelona
2500267,Graduado o Graduada en Química por la Universidad Autónoma de Madrid,Universidad Autónoma de Madrid
2500308,Graduado o Graduada en Química por la Universidad Complutense de Madrid,Universidad Complutense de Madrid
2500225,Graduado o Graduada en Química por la Universidad de A Coruña,Universidad de A Coruña
2500010,Graduado o Graduada en Química por la Universidad de Alcalá,Universidad de Alcalá
2502195,Graduado o Graduada en Química por la Universidad de Alicante,Universidad de Alicante
2503866,Graduado o Graduada en Química por la Universidad de Almería,Universidad de Almería
2500505,Graduado o Graduada en Química por la Universidad de Barcelona,Universidad de Barcelona
2500485,Graduado o Graduada en Química por la Universidad de Burgos,Universidad de Burgos
2501334,Graduado o Graduada en Química por la Universidad de Cádiz,Universidad de Cádiz
2501444,Graduado o Graduada en Química por la Universidad de Castilla-La Mancha,Universidad de Castilla-La Mancha
2501508,Graduado o Graduada en Química por la Universidad de Córdoba,Universidad de Córdoba
2500925,Graduado o Graduada en Química por la Universidad de Extremadura,Universidad de Extremadura
2501046,Graduado o Graduada en Química por la Universidad de Girona,Universitat de Girona
2501812,Graduado o Graduada en Química por la Universidad de Granada,Universidad de Granada
2501145,Graduado o Graduada en Química por la Universidad de Huelva,Universidad de Huelva
2501090,Graduado o Graduada en Química por la Universidad de Jaén,Universidad de Jaén
2500814,Graduado o Graduada en Química por la Universidad de La Laguna,Universidad de La Laguna
2502121,Graduado o Graduada en Química por la Universidad de La Rioja,Universidad de La Rioja
2501962,Graduado o Graduada en Química por la Universidad de Málaga,Universidad de Málaga
2500517,Graduado o Graduada en Química por la Universidad de Murcia,Universidad de Murcia
1500875,Graduado o Graduada en Química por la Universidad de Navarra,Universidad de Navarra
2500946,Graduado o Graduada en Química por la Universidad de Navarra,Universidad de Navarra
2500954,Graduado o Graduada en Química por la Universidad de Oviedo,Universidad de Oviedo
1500658,Graduado o Graduada en Química por la Universidad de Salamanca,Universidad de Salamanca
2502431,Graduado o Graduada en Química por la Universidad de Salamanca,Universidad de Salamanca
2501104,Graduado o Graduada en Química por la Universidad de Santiago de Compostela,Universidad de Santiago de Compostela
2501307,Graduado o Graduada en Química por la Universidad de Sevilla,Universidad de Sevilla
2501496,Graduado o Graduada en Química por la Universidad de Valladolid,Universidad de Valladolid
2501087,Graduado o Graduada en Química por la Universidad de Vigo,Universidad de Vigo
2502490,Graduado o Graduada en Química por la Universidad de Zaragoza,Universidad de Zaragoza
2502505,Graduado o Graduada en Química por la Universidad del País Vasco/Euskal Herriko Unibertsitatea,Universidad del País Vasco/Euskal Herriko Unibertsitatea
2500708,Graduado o Graduada en Química por la Universidad Jaume I de Castellón,Universidad Jaume I de Castellón
2500989,Graduado o Graduada en Química por la Universidad Nacional de Educación a Distancia,Universidad Nacional de Educación a Distancia
2500409,Graduado o Graduada en Química por la Universidad Ramón Llull,Universidad Ramón Llull
2500439,Graduado o Graduada en Química por la Universidad Rovira i Virgili,Universidad Rovira i Virgili
2500790,Graduado o Graduada en Química por la Universitat de les Illes Balears,Universitat de les Illes Balears
2502254,Graduado o Graduada en Química por la Universitat de València (Estudi General),Universitat de València (Estudi General)
1500335,Graduado o Graduada en Química por la Universitat Politècnica de València,Universitat Politècnica de València
2503646,Graduado o Graduada en Recursos Hídricos por la Universidad Rey Juan Carlos,Universidad Rey Juan Carlos
1500437,Graduado o Graduada en Recursos Humanos y Relaciones Laborales por la Universidad Internacional de la Empresa,Universidad Internacional de la Empresa
2503903,Graduado o Graduada en Recursos Humanos y Relaciones Laborales por la Universidad Internacional de La Rioja,Universidad Internacional de La Rioja
1500480,Graduado o Graduada en Recursos Humanos y Relaciones Laborales por la Universidad Tecnológica de las Islas Canarias,Universidad Tecnológica de las Islas Canarias
2504470,Graduado o Graduada en Recursos Humanos y Relaciones Laborales por la Universitat Internacional Valenciana,Universitat Internacional Valenciana
2502771,Graduado o Graduada en Relaciones Internacionales /  Bachelor in International Relations por la IE Universidad,IE Universidad
1500350,Graduado o Graduada en Relaciones Internacionales / Bachelor in International Relations por la Universidad Alfonso X El Sabio,Universidad Alfonso X El Sabio
2504409,Graduado o Graduada en Relaciones Internacionales / Bachelor in International Relations por la Universidad Camilo José Cela,Universidad Camilo José Cela
1500333,Graduado o Graduada en Relaciones Internacionales / Bachelor in International Relations por la Universidad Católica San Antonio,Universidad Católica San Antonio
2504493,Graduado o Graduada en Relaciones Internacionales / Bachelor in International Relations por la Universidad Internacional de la Empresa,Universidad Internacional de la Empresa
2504202,Graduado o Graduada en Relaciones Internacionales / Bachelor in International Relations por la Universidad Ramón Llull,Universidad Ramón Llull
2502579,Graduado o Graduada en Relaciones Internacionales / Bachelor in International Relations por la Universidad Rey Juan Carlos,Universidad Rey Juan Carlos
2502025,Graduado o Graduada en Relaciones Internacionales por la Universidad Alfonso X El Sabio,Universidad Alfonso X El Sabio
1500440,Graduado o Graduada en Relaciones Internacionales por la Universidad Antonio de Nebrija,Universidad Antonio de Nebrija
2503778,Graduado o Graduada en Relaciones Internacionales por la Universidad Autónoma de Barcelona,Universidad Autónoma de Barcelona
1500265,Graduado o Graduada en Relaciones Internacionales por la Universidad Cardenal Herrera-CEU,Universidad Cardenal Herrera-CEU
1500232,Graduado o Graduada en Relaciones Internacionales por la Universidad CEU Fernando III,Universidad CEU Fernando III
2500831,Graduado o Graduada en Relaciones Internacionales por la Universidad Complutense de Madrid,Universidad Complutense de Madrid
2504314,Graduado o Graduada en Relaciones Internacionales por la Universidad de A Coruña y la Universidad de Vigo,(Conjunto)
2503804,Graduado o Graduada en Relaciones Internacionales por la Universidad de Alicante,Universidad de Alicante
2502804,Graduado o Graduada en Relaciones Internacionales por la Universidad de Deusto,Universidad de Deusto
2504547,Graduado o Graduada en Relaciones Internacionales por la Universidad de las Hespérides,Universidad de las Hespérides
2503589,Graduado o Graduada en Relaciones Internacionales por la Universidad de Murcia,Universidad de Murcia
2503211,Graduado o Graduada en Relaciones Internacionales por la Universidad de Navarra,Universidad de Navarra
2504507,Graduado o Graduada en Relaciones Internacionales por la Universidad de Valladolid,Universidad de Valladolid
2502872,Graduado o Graduada en Relaciones Internacionales por la Universidad Europea de Valencia,Universidad Europea de Valencia
2504644,Graduado o Graduada en Relaciones Internacionales por la Universidad Francisco de Vitoria,Universidad Francisco de Vitoria
2504773,Graduado o Graduada en Relaciones Internacionales por la Universidad Internacional de La Rioja,Universidad Internacional de La Rioja
2504264,Graduado o Graduada en Relaciones Internacionales por la Universidad Internacional Villanueva,Universidad Internacional Villanueva
2502979,Graduado o Graduada en Relaciones Internacionales por la Universidad Loyola Andalucía,Universidad Loyola Andalucía
2503972,Graduado o Graduada en Relaciones Internacionales por la Universidad Pablo de Olavide,Universidad Pablo de Olavide
2500740,Graduado o Graduada en Relaciones Internacionales por la Universidad Pontificia Comillas,Universidad Pontificia Comillas
2504518,Graduado o Graduada en Relaciones Internacionales por la Universidad Pontificia de Salamanca,Universidad Pontificia de Salamanca
1500679,Graduado o Graduada en Relaciones Internacionales por la Universitat de València (Estudi General),Universitat de València (Estudi General)
2503820,Graduado o Graduada en Relaciones Internacionales por la Universitat Internacional Valenciana,Universitat Internacional Valenciana
2503612,Graduado o Graduada en Relaciones Internacionales por la Universitat Oberta de Catalunya,Universitat Oberta de Catalunya
2503685,Graduado o Graduada en Relaciones Internacionales y Unión Europea / Bachelor in International Relations and European Union por la Universidad San Pablo-CEU,Universidad San Pablo-CEU
2501252,Graduado o Graduada en Relaciones Internacionales/Bachelor in International Relations por la Universidad Europea de Madrid,Universidad Europea de Madrid
2500258,Graduado o Graduada en Relaciones Laborales por la Universidad Autónoma de Barcelona,Universidad Autónoma de Barcelona
2501766,Graduado o Graduada en Relaciones Laborales por la Universidad de Cantabria,Universidad de Cantabria
2503122,Graduado o Graduada en Relaciones Laborales por la Universidad de Deusto,Universidad de Deusto
2501891,Graduado o Graduada en Relaciones Laborales por la Universidad de La Laguna,Universidad de La Laguna
2500405,Graduado o Graduada en Relaciones Laborales por la Universidad Pompeu Fabra,Universidad Pompeu Fabra
2502133,Graduado o Graduada en Relaciones Laborales por la Universitat de les Illes Balears,Universitat de les Illes Balears
2500908,Graduado o Graduada en Relaciones Laborales y Desarrollo de Recursos Humanos por la Universidad de Castilla-La Mancha,Universidad de Castilla-La Mancha
2500118,Graduado o Graduada en Relaciones Laborales y Empleo por la Universidad Carlos III de Madrid,Universidad Carlos III de Madrid
2501285,Graduado o Graduada en Relaciones Laborales y Ocupación por la Universitat Oberta de Catalunya,Universitat Oberta de Catalunya
2502491,Graduado o Graduada en Relaciones Laborales y Recursos Humanos  por la Universidad de Zaragoza,Universidad de Zaragoza
1500210,Graduado o Graduada en Relaciones Laborales y Recursos Humanos por la Universidad a Distancia de Madrid,Universidad a Distancia de Madrid
2502653,Graduado o Graduada en Relaciones Laborales y Recursos Humanos por la Universidad Católica San Antonio,Universidad Católica San Antonio
2500916,Graduado o Graduada en Relaciones Laborales y Recursos Humanos por la Universidad Complutense de Madrid,Universidad Complutense de Madrid
2501019,Graduado o Graduada en Relaciones Laborales y Recursos Humanos por la Universidad de A Coruña,Universidad de A Coruña
2502424,Graduado o Graduada en Relaciones Laborales y Recursos Humanos por la Universidad de Alicante,Universidad de Alicante
2501724,Graduado o Graduada en Relaciones Laborales y Recursos Humanos por la Universidad de Almería,Universidad de Almería
1500247,Graduado o Graduada en Relaciones Laborales y Recursos Humanos por la Universidad de Barcelona,Universidad de Barcelona
2504243,Graduado o Graduada en Relaciones Laborales y Recursos Humanos por la Universidad de Burgos,Universidad de Burgos
2501553,Graduado o Graduada en Relaciones Laborales y Recursos Humanos por la Universidad de Burgos,Universidad de Burgos
2501340,Graduado o Graduada en Relaciones Laborales y Recursos Humanos por la Universidad de Cádiz,Universidad de Cádiz
2501320,Graduado o Graduada en Relaciones Laborales y Recursos Humanos por la Universidad de Córdoba,Universidad de Córdoba
2500836,Graduado o Graduada en Relaciones Laborales y Recursos Humanos por la Universidad de Extremadura,Universidad de Extremadura
2501142,Graduado o Graduada en Relaciones Laborales y Recursos Humanos por la Universidad de Granada,Universidad de Granada
2501147,Graduado o Graduada en Relaciones Laborales y Recursos Humanos por la Universidad de Huelva,Universidad de Huelva
2501869,Graduado o Graduada en Relaciones Laborales y Recursos Humanos por la Universidad de Jaén,Universidad de Jaén
2502123,Graduado o Graduada en Relaciones Laborales y Recursos Humanos por la Universidad de la Rioja,Universidad de La Rioja
2501916,Graduado o Graduada en Relaciones Laborales y Recursos Humanos por la Universidad de Las Palmas de Gran Canaria,Universidad de Las Palmas de Gran Canaria
2501459,Graduado o Graduada en Relaciones Laborales y Recursos Humanos por la Universidad de León,Universidad de León
2501353,Graduado o Graduada en Relaciones Laborales y Recursos Humanos por la Universidad de Lleida,Universidad de Lleida
2501164,Graduado o Graduada en Relaciones Laborales y Recursos Humanos por la Universidad de Málaga,Universidad de Málaga
2500805,Graduado o Graduada en Relaciones Laborales y Recursos Humanos por la Universidad de Murcia,Universidad de Murcia
2501391,Graduado o Graduada en Relaciones Laborales y Recursos Humanos por la Universidad de Oviedo,Universidad de Oviedo
2502500,Graduado o Graduada en Relaciones Laborales y Recursos Humanos por la Universidad de Salamanca,Universidad de Salamanca
2500975,Graduado o Graduada en Relaciones Laborales y Recursos Humanos por la Universidad de Santiago de Compostela,Universidad de Santiago de Compostela
2501201,Graduado o Graduada en Relaciones Laborales y Recursos Humanos por la Universidad de Sevilla,Universidad de Sevilla
2501420,Graduado o Graduada en Relaciones Laborales y Recursos Humanos por la Universidad de Valladolid,Universidad de Valladolid
2501123,Graduado o Graduada en Relaciones Laborales y Recursos Humanos por la Universidad de Vigo,Universidad de Vigo
2501641,Graduado o Graduada en Relaciones Laborales y Recursos Humanos por la Universidad del País Vasco/Euskal Herriko Unibertsitatea,Universidad del País Vasco/Euskal Herriko Unibertsitatea
2504248,Graduado o Graduada en Relaciones Laborales y Recursos Humanos por la Universidad Europea de Madrid,Universidad Europea de Madrid
2501265,Graduado o Graduada en Relaciones Laborales y Recursos Humanos por la Universidad Jaume I de Castellón,Universidad Jaume I de Castellón
2502179,Graduado o Graduada en Relaciones Laborales y Recursos Humanos por la Universidad Miguel Hernández de Elche,Universidad Miguel Hernández de Elche
2501064,Graduado o Graduada en Relaciones Laborales y Recursos Humanos por la Universidad Pablo de Olavide,Universidad Pablo de Olavide
2501298,Graduado o Graduada en Relaciones Laborales y Recursos Humanos por la Universidad Pública de Navarra,Universidad Pública de Navarra
2500993,Graduado o Graduada en Relaciones Laborales y Recursos Humanos por la Universidad Rey Juan Carlos,Universidad Rey Juan Carlos
2504396,Graduado o Graduada en Relaciones Laborales y Recursos Humanos por la Universidad Rovira i Virgili,Universidad Rovira i Virgili
2500881,Graduado o Graduada en Relaciones Laborales y Recursos Humanos por la Universitat de València (Estudi General),Universitat de València (Estudi General)
1500081,"Graduado o Graduada en Robótica Centrada en las Personas por la Universidad de Diseño, Innovación y Tecnología (UDIT)","Universidad de Diseño, Innovación y Tecnología (UDIT)"
2503954,Graduado o Graduada en Robótica por la Universidad de Santiago de Compostela,Universidad de Santiago de Compostela
1500889,Graduado o Graduada en Robotics Engineering por la Universitat Politècnica de València,Universitat Politècnica de València
2503001,Graduado o Graduada en Seguridad por la Universidad de Barcelona,Universidad de Barcelona
2503645,Graduado o Graduada en Seguridad por la Universidad de Murcia,Universidad de Murcia
2504688,Graduado o Graduada en Seguridad por la Universidad de Salamanca,Universidad de Salamanca
2503793,Graduado o Graduada en Seguridad Pública y Privada por la Universidad Miguel Hernández de Elche,Universidad Miguel Hernández de Elche
2502832,Graduado o Graduada en Seguridad y Control de Riesgos por la Universidad de Las Palmas de Gran Canaria,Universidad de Las Palmas de Gran Canaria
2503018,Graduado o Graduada en Sistemas de Información por la Universidad Politécnica de Madrid,Universidad Politécnica de Madrid
2501667,Graduado o Graduada en Sociología Aplicada por la Universidad Pública de Navarra,Universidad Pública de Navarra
2500262,Graduado o Graduada en Sociología por la Universidad Autónoma de Barcelona,Universidad Autónoma de Barcelona
2500187,Graduado o Graduada en Sociología por la Universidad Carlos III de Madrid,Universidad Carlos III de Madrid
2500832,Graduado o Graduada en Sociología por la Universidad Complutense de Madrid,Universidad Complutense de Madrid
2500094,Graduado o Graduada en Sociología por la Universidad de A Coruña,Universidad de A Coruña
2501431,Graduado o Graduada en Sociología por la Universidad de Alicante,Universidad de Alicante
2500903,Graduado o Graduada en Sociología por la Universidad de Barcelona,Universidad de Barcelona
2501830,Graduado o Graduada en Sociología por la Universidad de Granada,Universidad de Granada
2501892,Graduado o Graduada en Sociología por la Universidad de La Laguna,Universidad de La Laguna
2503585,Graduado o Graduada en Sociología por la Universidad de Murcia,Universidad de Murcia
2500062,Graduado o Graduada en Sociología por la Universidad de Salamanca,Universidad de Salamanca
2504026,Graduado o Graduada en Sociología por la Universidad de Salamanca,Universidad de Salamanca
2501478,Graduado o Graduada en Sociología por la Universidad del País Vasco/Euskal Herriko Unibertsitatea,Universidad del País Vasco/Euskal Herriko Unibertsitatea
2504780,Graduado o Graduada en Sociología por la Universidad Internacional de La Rioja,Universidad Internacional de La Rioja
2500522,Graduado o Graduada en Sociología por la Universidad Nacional de Educación a Distancia,Universidad Nacional de Educación a Distancia
2501174,Graduado o Graduada en Sociología por la Universidad Pablo de Olavide,Universidad Pablo de Olavide
2501408,Graduado o Graduada en Sociología por la Universitat de València (Estudi General),Universitat de València (Estudi General)
2504398,Graduado o Graduada en Sociología por la Universitat Oberta de Catalunya,Universitat Oberta de Catalunya
1500612,Graduado o Graduada en Sustainability (Joint Bachelor) por la Universidad Complutense de Madrid; Freie Universität Berlin(Alemania); Helsingin Yliopisto-University of Helsinki(Finlandia); Katholieke Universiteit Leuven-Catholic University of Leuven(Bélgica); University of Edinburgh(Reino Unido); Universität Zürich(Suiza); Université de Paris I - Panthéon-Sorbonne(Francia) y Uniwersytet Jagiellonski(Polonia),(Conjunto Internacional)
1500454,"Graduado o Graduada en Sustainable Blue Economy (SeaBluE) Joint Bachelor por la Universidad de Cádiz; Nord Universitet(Noruega); Sveucilite u Splitu(Croacia); Universidade do Algarve(Portugal); Università degli Studi di Napoli ""Parthenope""(Italia); Università tà Malta(Malta) y Uniwersytet Gdanski(Polonia)",(Conjunto Internacional)
1500450,Graduado o Graduada en Técnicas y Tecnologías Creativas para el Diseño por la Universidad Internacional de La Rioja,Universidad Internacional de La Rioja
2502214,Graduado o Graduada en Tecnología de la Ingeniería Civil por la Universidad de A Coruña,Universidad de A Coruña
1500379,Graduado o Graduada en Tecnología del Lenguaje por la Universidad de La Rioja,Universidad de La Rioja
2503930,Graduado o Graduada en Tecnología Digital y Multimedia por la Universitat Politècnica de València,Universitat Politècnica de València
1500103,Graduado o Graduada en Tecnología y Operaciones Militares Aeroespaciales por la Universidad Politécnica de Cartagena,Universidad Politécnica de Cartagena
2504685,Graduado o Graduada en Tecnologías Digitales para la Empresa por la Universidad de Burgos,Universidad de Burgos
2503525,Graduado o Graduada en Tecnologías Industriales y Análisis Económico / Industrial Technologies and Economic Analysis por la Universidad Politécnica de Catalunya y la Universidad Pompeu Fabra,(Conjunto)
2503504,Graduado o Graduada en Tecnologías Interactivas por la Universitat Politècnica de València,Universitat Politècnica de València
2501897,Graduado o Graduada en Tecnologías Marinas por la Universidad de La Laguna,Universidad de La Laguna
2501998,Graduado o Graduada en Tecnologías Marinas por la Universidad Politécnica de Catalunya,Universidad Politécnica de Catalunya
2503422,Graduado o Graduada en Tecnologías para la Sociedad de la Información por la Universidad Politécnica de Madrid,Universidad Politécnica de Madrid
1500759,Graduado o Graduada en Teología Cristiana por la Universidad Internacional de La Rioja,Universidad Internacional de La Rioja
2500255,Graduado o Graduada en Terapia Ocupacional por la Universidad Autónoma de Barcelona,Universidad Autónoma de Barcelona
2500662,Graduado o Graduada en Terapia Ocupacional por la Universidad Autónoma de Madrid,Universidad Autónoma de Madrid
2501247,Graduado o Graduada en Terapia Ocupacional por la Universidad Católica de Valencia San Vicente Mártir,Universidad Católica de Valencia San Vicente Mártir
2502048,Graduado o Graduada en Terapia Ocupacional por la Universidad Católica San Antonio,Universidad Católica San Antonio
2501594,Graduado o Graduada en Terapia Ocupacional por la Universidad Complutense de Madrid,Universidad Complutense de Madrid
2500095,Graduado o Graduada en Terapia Ocupacional por la Universidad de A Coruña,Universidad de A Coruña
2504683,Graduado o Graduada en Terapia Ocupacional por la Universidad de Burgos,Universidad de Burgos
2501731,Graduado o Graduada en Terapia Ocupacional por la Universidad de Burgos,Universidad de Burgos
2500304,Graduado o Graduada en Terapia Ocupacional por la Universidad de Castilla-La Mancha,Universidad de Castilla-La Mancha
2500316,Graduado o Graduada en Terapia Ocupacional por la Universidad de Extremadura,Universidad de Extremadura
1500142,Graduado o Graduada en Terapia Ocupacional por la Universidad de Granada,Universidad de Granada
2501163,Graduado o Graduada en Terapia Ocupacional por la Universidad de Málaga,Universidad de Málaga
2504343,Graduado o Graduada en Terapia Ocupacional por la Universidad de Murcia,Universidad de Murcia
2502037,Graduado o Graduada en Terapia Ocupacional por la Universidad de Oviedo,Universidad de Oviedo
1500622,Graduado o Graduada en Terapia Ocupacional por la Universidad de Salamanca,Universidad de Salamanca
2502056,Graduado o Graduada en Terapia Ocupacional por la Universidad de Salamanca,Universidad de Salamanca
2500636,Graduado o Graduada en Terapia Ocupacional por la Universidad de Vic-Universidad Central de Catalunya,Universidad de Vic-Universidad Central de Catalunya
2500191,Graduado o Graduada en Terapia Ocupacional por la Universidad de Zaragoza,Universidad de Zaragoza
2504287,Graduado o Graduada en Terapia Ocupacional por la Universidad Europea de Madrid,Universidad Europea de Madrid
2503484,Graduado o Graduada en Terapia Ocupacional por la Universidad Europea Miguel de Cervantes,Universidad Europea Miguel de Cervantes
2503538,Graduado o Graduada en Terapia Ocupacional por la Universidad Fernando Pessoa-Canarias (UFP-C),Universidad Fernando Pessoa-Canarias (UFP-C)
1500047,Graduado o Graduada en Terapia Ocupacional por la Universidad Francisco de Vitoria,Universidad Francisco de Vitoria
2502360,Graduado o Graduada en Terapia Ocupacional por la Universidad Miguel Hernández de Elche,Universidad Miguel Hernández de Elche
2502417,Graduado o Graduada en Terapia Ocupacional por la Universidad Rey Juan Carlos,Universidad Rey Juan Carlos
2502046,Graduado o Graduada en Trabajo Social por la Universidad Autónoma de Madrid,Universidad Autónoma de Madrid
2500787,Graduado o Graduada en Trabajo Social por la Universidad Complutense de Madrid,Universidad Complutense de Madrid
2501432,Graduado o Graduada en Trabajo Social por la Universidad de Alicante,Universidad de Alicante
2503870,Graduado o Graduada en Trabajo Social por la Universidad de Almería,Universidad de Almería
2500482,Graduado o Graduada en Trabajo Social por la Universidad de Barcelona,Universidad de Barcelona
2501755,Graduado o Graduada en Trabajo Social por la Universidad de Cádiz,Universidad de Cádiz
2500680,Graduado o Graduada en Trabajo Social por la Universidad de Castilla-La Mancha,Universidad de Castilla-La Mancha
2500561,Graduado o Graduada en Trabajo Social por la Universidad de Deusto,Universidad de Deusto
2500775,Graduado o Graduada en Trabajo Social por la Universidad de Extremadura,Universidad de Extremadura
2501596,Graduado o Graduada en Trabajo Social por la Universidad de Girona,Universitat de Girona
2501520,Graduado o Graduada en Trabajo Social por la Universidad de Granada,Universidad de Granada
2501148,Graduado o Graduada en Trabajo Social por la Universidad de Huelva,Universidad de Huelva
2501155,Graduado o Graduada en Trabajo Social por la Universidad de Jaén,Universidad de Jaén
2500788,Graduado o Graduada en Trabajo Social por la Universidad de La Laguna,Universidad de La Laguna
2500848,Graduado o Graduada en Trabajo Social por la Universidad de La Rioja,Universidad de La Rioja
2501918,Graduado o Graduada en Trabajo Social por la Universidad de Las Palmas de Gran Canaria,Universidad de Las Palmas de Gran Canaria
2501272,Graduado o Graduada en Trabajo Social por la Universidad de León,Universidad de León
2500490,Graduado o Graduada en Trabajo Social por la Universidad de Lleida,Universidad de Lleida
2501521,Graduado o Graduada en Trabajo Social por la Universidad de Málaga,Universidad de Málaga
2500806,Graduado o Graduada en Trabajo Social por la Universidad de Murcia,Universidad de Murcia
2502038,Graduado o Graduada en Trabajo Social por la Universidad de Oviedo,Universidad de Oviedo
2500756,Graduado o Graduada en Trabajo Social por la Universidad de Salamanca,Universidad de Salamanca
2502230,Graduado o Graduada en Trabajo Social por la Universidad de Santiago de Compostela,Universidad de Santiago de Compostela
2500886,Graduado o Graduada en Trabajo Social por la Universidad de Valladolid,Universidad de Valladolid
2501124,Graduado o Graduada en Trabajo Social por la Universidad de Vigo,Universidad de Vigo
2500070,Graduado o Graduada en Trabajo Social por la Universidad de Zaragoza,Universidad de Zaragoza
2501642,Graduado o Graduada en Trabajo Social por la Universidad del País Vasco/Euskal Herriko Unibertsitatea,Universidad del País Vasco/Euskal Herriko Unibertsitatea
2504259,Graduado o Graduada en Trabajo Social por la Universidad Francisco de Vitoria,Universidad Francisco de Vitoria
2502672,Graduado o Graduada en Trabajo Social por la Universidad Internacional de La Rioja,Universidad Internacional de La Rioja
2502336,Graduado o Graduada en Trabajo Social por la Universidad Nacional de Educación a Distancia,Universidad Nacional de Educación a Distancia
2501316,Graduado o Graduada en Trabajo Social por la Universidad Pablo de Olavide,Universidad Pablo de Olavide
2500088,Graduado o Graduada en Trabajo Social por la Universidad Pontificia Comillas,Universidad Pontificia Comillas
2501668,Graduado o Graduada en Trabajo Social por la Universidad Pública de Navarra,Universidad Pública de Navarra
2500418,Graduado o Graduada en Trabajo Social por la Universidad Ramón Llull,Universidad Ramón Llull
2503231,Graduado o Graduada en Trabajo Social por la Universidad Rey Juan Carlos,Universidad Rey Juan Carlos
2500446,Graduado o Graduada en Trabajo Social por la Universidad Rovira i Virgili,Universidad Rovira i Virgili
2501150,Graduado o Graduada en Trabajo Social por la Universitat de les Illes Balears,Universitat de les Illes Balears
2500765,Graduado o Graduada en Trabajo Social por la Universitat de València (Estudi General),Universitat de València (Estudi General)
2501053,Graduado o Graduada en Traducción e Interpretación. Inglés-Alemán por la Universidad de Las Palmas de Gran Canaria,Universidad de Las Palmas de Gran Canaria
2501054,Graduado o Graduada en Traducción e Interpretación. Inglés-Francés por la Universidad de Las Palmas de Gran Canaria,Universidad de Las Palmas de Gran Canaria
2500249,Graduado o Graduada en Traducción e Interpretación por la Universidad Autónoma de Barcelona,Universidad Autónoma de Barcelona
2500900,Graduado o Graduada en Traducción e Interpretación por la Universidad Autónoma de Madrid,Universidad Autónoma de Madrid
2503667,Graduado o Graduada en Traducción e Interpretación por la Universidad Católica San Antonio,Universidad Católica San Antonio
2500980,Graduado o Graduada en Traducción e Interpretación por la Universidad Complutense de Madrid,Universidad Complutense de Madrid
2502428,Graduado o Graduada en Traducción e Interpretación por la Universidad de Alicante,Universidad de Alicante
2501783,Graduado o Graduada en Traducción e Interpretación por la Universidad de Córdoba,Universidad de Córdoba
2501261,Graduado o Graduada en Traducción e Interpretación por la Universidad de Granada,Universidad de Granada
2501276,Graduado o Graduada en Traducción e Interpretación por la Universidad de Málaga,Universidad de Málaga
2503733,Graduado o Graduada en Traducción e Interpretación por la Universidad de Murcia,Universidad de Murcia
2500807,Graduado o Graduada en Traducción e Interpretación por la Universidad de Salamanca,Universidad de Salamanca
1500433,Graduado o Graduada en Traducción e Interpretación por la Universidad de Salamanca,Universidad de Salamanca
2504116,Graduado o Graduada en Traducción e Interpretación por la Universidad de Valladolid,Universidad de Valladolid
2500888,Graduado o Graduada en Traducción e Interpretación por la Universidad de Vigo,Universidad de Vigo
1500098,Graduado o Graduada en Traducción e Interpretación por la Universidad del Atlántico Medio,Universidad del Atlántico Medio
2501396,Graduado o Graduada en Traducción e Interpretación por la Universidad del País Vasco/Euskal Herriko Unibertsitatea,Universidad del País Vasco/Euskal Herriko Unibertsitatea
2503596,Graduado o Graduada en Traducción e Interpretación por la Universidad Europea de Madrid,Universidad Europea de Madrid
2503987,Graduado o Graduada en Traducción e Interpretación por la Universidad Internacional de La Rioja,Universidad Internacional de La Rioja
2500778,Graduado o Graduada en Traducción e Interpretación por la Universidad Jaume I de Castellón,Universidad Jaume I de Castellón
2501317,Graduado o Graduada en Traducción e Interpretación por la Universidad Pablo de Olavide,Universidad Pablo de Olavide
2503831,Graduado o Graduada en Traducción e Interpretación por la Universidad Pompeu Fabra,Universidad Pompeu Fabra
2503228,Graduado o Graduada en Traducción e Interpretación por la Universidad Rey Juan Carlos,Universidad Rey Juan Carlos
1500491,Graduado o Graduada en Traducción e Interpretación por la Universidad Rey Juan Carlos,Universidad Rey Juan Carlos
2503151,Graduado o Graduada en Traducción e Interpretación por la Universitat Internacional Valenciana,Universitat Internacional Valenciana
2503273,"Graduado o Graduada en Traducción, Interpretación y Lenguas Aplicadas  por la Universidad de Vic-Universidad Central de Catalunya y la Universitat Oberta de Catalunya",(Conjunto)
1500076,"Graduado o Graduada en Traducción, Interpretación y Tecnologías del Lenguaje por la Universidad Pontificia Comillas",Universidad Pontificia Comillas
2502875,Graduado o Graduada en Traducción y Comunicación Intercultural por la Universidad Europea de Valencia,Universidad Europea de Valencia
2500200,Graduado o Graduada en Traducción y Comunicación Intercultural por la Universidad San Jorge,Universidad San Jorge
1500182,Graduado o Graduada en Traducción y Enseñanza de Lenguas por la Universidad Europea del Atlántico,Universidad Europea del Atlántico
2501406,Graduado o Graduada en Traducción y Mediación Interlingüística por la Universitat de València (Estudi General),Universitat de València (Estudi General)
1500858,Graduado o Graduada en Traducción y Tecnologías del Lenguaje Aplicadas por la Universidad San Jorge,Universidad San Jorge
2500021,Graduado o Graduada en Transporte y Logística por la Universidad Camilo José Cela,Universidad Camilo José Cela
2500090,Graduado o Graduada en Turismo / Bachelor in Tourism por la Universidad Rey Juan Carlos,Universidad Rey Juan Carlos
2500894,Graduado o Graduada en Turismo por la Universidad Autónoma de Barcelona,Universidad Autónoma de Barcelona
2500271,Graduado o Graduada en Turismo por la Universidad Autónoma de Madrid,Universidad Autónoma de Madrid
2500029,Graduado o Graduada en Turismo por la Universidad Carlos III de Madrid,Universidad Carlos III de Madrid
2500981,Graduado o Graduada en Turismo por la Universidad Complutense de Madrid,Universidad Complutense de Madrid
2501020,Graduado o Graduada en Turismo por la Universidad de A Coruña,Universidad de A Coruña
2503991,Graduado o Graduada en Turismo por la Universidad de Alcalá,Universidad de Alcalá
2502202,Graduado o Graduada en Turismo por la Universidad de Alicante,Universidad de Alicante
2501725,Graduado o Graduada en Turismo por la Universidad de Almería,Universidad de Almería
2500521,Graduado o Graduada en Turismo por la Universidad de Barcelona,Universidad de Barcelona
2502643,Graduado o Graduada en Turismo por la Universidad de Burgos,Universidad de Burgos
2501756,Graduado o Graduada en Turismo por la Universidad de Cádiz,Universidad de Cádiz
2504169,Graduado o Graduada en Turismo por la Universidad de Castilla-La Mancha,Universidad de Castilla-La Mancha
2501791,Graduado o Graduada en Turismo por la Universidad de Córdoba,Universidad de Córdoba
2500562,Graduado o Graduada en Turismo por la Universidad de Deusto,Universidad de Deusto
2500839,Graduado o Graduada en Turismo por la Universidad de Extremadura,Universidad de Extremadura
2500329,Graduado o Graduada en Turismo por la Universidad de Girona,Universitat de Girona
2501831,Graduado o Graduada en Turismo por la Universidad de Granada,Universidad de Granada
2501847,Graduado o Graduada en Turismo por la Universidad de Huelva,Universidad de Huelva
2501870,Graduado o Graduada en Turismo por la Universidad de Jaén,Universidad de Jaén
2500987,Graduado o Graduada en Turismo por la Universidad de La Laguna,Universidad de La Laguna
2502502,Graduado o Graduada en Turismo por la Universidad de La Rioja,Universidad de La Rioja
2501920,Graduado o Graduada en Turismo por la Universidad de Las Palmas de Gran Canaria,Universidad de Las Palmas de Gran Canaria
2502960,Graduado o Graduada en Turismo por la Universidad de León,Universidad de León
2501951,Graduado o Graduada en Turismo por la Universidad de Lleida,Universidad de Lleida
2501165,Graduado o Graduada en Turismo por la Universidad de Málaga,Universidad de Málaga
2500720,Graduado o Graduada en Turismo por la Universidad de Murcia,Universidad de Murcia
2502039,Graduado o Graduada en Turismo por la Universidad de Oviedo,Universidad de Oviedo
2501093,Graduado o Graduada en Turismo por la Universidad de Sevilla,Universidad de Sevilla
2501693,Graduado o Graduada en Turismo por la Universidad de Valladolid,Universidad de Valladolid
2501125,Graduado o Graduada en Turismo por la Universidad de Vigo,Universidad de Vigo
2501706,Graduado o Graduada en Turismo por la Universidad de Zaragoza,Universidad de Zaragoza
1500385,Graduado o Graduada en Turismo por la Universidad Internacional de La Rioja,Universidad Internacional de La Rioja
2500937,Graduado o Graduada en Turismo por la Universidad Jaume I de Castellón,Universidad Jaume I de Castellón
2500857,Graduado o Graduada en Turismo por la Universidad Nacional de Educación a Distancia,Universidad Nacional de Educación a Distancia
2503650,Graduado o Graduada en Turismo por la Universidad Politécnica de Cartagena,Universidad Politécnica de Cartagena
2501048,Graduado o Graduada en Turismo por la Universitat de les Illes Balears,Universitat de les Illes Balears
2501409,Graduado o Graduada en Turismo por la Universitat de València (Estudi General),Universitat de València (Estudi General)
2500601,Graduado o Graduada en Turismo por la Universitat Oberta de Catalunya,Universitat Oberta de Catalunya
2501355,Graduado o Graduada en Turismo por la Universitat Politècnica de València,Universitat Politècnica de València
2502051,Graduado o Graduada en Turismo y Dirección de Empresas Turísticas / Bachelor's Degree in Tourism Management por la Universidad Católica San Antonio,Universidad Católica San Antonio
1500289,Graduado o Graduada en Turismo y Empresas Turísticas por la Universidad Antonio de Nebrija,Universidad Antonio de Nebrija
2500400,Graduado o Graduada en Turismo y Gestión del Ocio por la Universidad Pompeu Fabra,Universidad Pompeu Fabra
1500611,Graduado o Graduada en Urban Sustainability Studies por la Universidad Carlos III de Madrid; Itä-Suomen Yliopisto-University of Eastern Finland (UEF)(Finlandia); Sveuciliste u Rijeci(Croacia); Universiteit Antwerpen(Bélgica); Universiteit Maastricht(Países Bajos); University of Essex(Reino Unido) y Uniwersytet Mikolaja Kopernika w Toruniu(Polonia),(Conjunto Internacional)
2501426,Graduado o Graduada en Veterinaria por la Universidad Alfonso X El Sabio,Universidad Alfonso X El Sabio
2502445,Graduado o Graduada en Veterinaria por la Universidad Autónoma de Barcelona,Universidad Autónoma de Barcelona
2501582,Graduado o Graduada en Veterinaria por la Universidad Cardenal Herrera-CEU,Universidad Cardenal Herrera-CEU
2502527,Graduado o Graduada en Veterinaria por la Universidad Católica de Valencia San Vicente Mártir,Universidad Católica de Valencia San Vicente Mártir
2504379,Graduado o Graduada en Veterinaria por la Universidad Católica San Antonio,Universidad Católica San Antonio
2502088,Graduado o Graduada en Veterinaria por la Universidad Complutense de Madrid,Universidad Complutense de Madrid
2501787,Graduado o Graduada en Veterinaria por la Universidad de Córdoba,Universidad de Córdoba
2500317,Graduado o Graduada en Veterinaria por la Universidad de Extremadura,Universidad de Extremadura
2501905,Graduado o Graduada en Veterinaria por la Universidad de Las Palmas de Gran Canaria,Universidad de Las Palmas de Gran Canaria
2501937,Graduado o Graduada en Veterinaria por la Universidad de León,Universidad de León
2503281,Graduado o Graduada en Veterinaria por la Universidad de Lleida,Universidad de Lleida
2500988,Graduado o Graduada en Veterinaria por la Universidad de Murcia,Universidad de Murcia
1500784,Graduado o Graduada en Veterinaria por la Universidad de Salamanca,Universidad de Salamanca
2502225,Graduado o Graduada en Veterinaria por la Universidad de Santiago de Compostela,Universidad de Santiago de Compostela
2502492,Graduado o Graduada en Veterinaria por la Universidad de Zaragoza,Universidad de Zaragoza
2504023,Graduado o Graduada en Veterinaria por la Universidad Europea de Madrid,Universidad Europea de Madrid
