ID categoría,Categoría,Pregunta,Respuesta canónica,Clave normalizada,Nivel,Profundidad,Alias aceptados,Fuente,Notas
1,Comunidades autónomas de España,Nombra una comunidad autónoma de España.,Andalucía,andalucia,1,🧊 1 · Punta del iceberg,,https://ine.es/daco/daco42/codmun/cod_ccaa_provincia.htm,19 comunidades/autonomías
1,Comunidades autónomas de España,Nombra una comunidad autónoma de España.,Aragón,aragon,1,🧊 1 · Punta del iceberg,,https://ine.es/daco/daco42/codmun/cod_ccaa_provincia.htm,19 comunidades/autonomías
1,Comunidades autónomas de España,Nombra una comunidad autónoma de España.,Principado de Asturias,principadodeasturias,2,2 · Bajo el hielo,,https://ine.es/daco/daco42/codmun/cod_ccaa_provincia.htm,19 comunidades/autonomías
1,Comunidades autónomas de España,Nombra una comunidad autónoma de España.,Illes Balears,illesbalears,2,2 · Bajo el hielo,,https://ine.es/daco/daco42/codmun/cod_ccaa_provincia.htm,19 comunidades/autonomías
1,Comunidades autónomas de España,Nombra una comunidad autónoma de España.,Canarias,canarias,2,2 · Bajo el hielo,,https://ine.es/daco/daco42/codmun/cod_ccaa_provincia.htm,19 comunidades/autonomías
1,Comunidades autónomas de España,Nombra una comunidad autónoma de España.,Cantabria,cantabria,2,2 · Bajo el hielo,,https://ine.es/daco/daco42/codmun/cod_ccaa_provincia.htm,19 comunidades/autonomías
1,Comunidades autónomas de España,Nombra una comunidad autónoma de España.,Castilla y León,castillayleon,3,3 · Profundo,,https://ine.es/daco/daco42/codmun/cod_ccaa_provincia.htm,19 comunidades/autonomías
1,Comunidades autónomas de España,Nombra una comunidad autónoma de España.,Castilla-La Mancha,castillalamancha,3,3 · Profundo,,https://ine.es/daco/daco42/codmun/cod_ccaa_provincia.htm,19 comunidades/autonomías
1,Comunidades autónomas de España,Nombra una comunidad autónoma de España.,Cataluña,cataluna,3,3 · Profundo,,https://ine.es/daco/daco42/codmun/cod_ccaa_provincia.htm,19 comunidades/autonomías
1,Comunidades autónomas de España,Nombra una comunidad autónoma de España.,Comunitat Valenciana,comunitatvalenciana,3,3 · Profundo,,https://ine.es/daco/daco42/codmun/cod_ccaa_provincia.htm,19 comunidades/autonomías
1,Comunidades autónomas de España,Nombra una comunidad autónoma de España.,Extremadura,extremadura,3,3 · Profundo,,https://ine.es/daco/daco42/codmun/cod_ccaa_provincia.htm,19 comunidades/autonomías
1,Comunidades autónomas de España,Nombra una comunidad autónoma de España.,Galicia,galicia,3,3 · Profundo,,https://ine.es/daco/daco42/codmun/cod_ccaa_provincia.htm,19 comunidades/autonomías
1,Comunidades autónomas de España,Nombra una comunidad autónoma de España.,Comunidad de Madrid,comunidaddemadrid,4,4 · Muy profundo,,https://ine.es/daco/daco42/codmun/cod_ccaa_provincia.htm,19 comunidades/autonomías
1,Comunidades autónomas de España,Nombra una comunidad autónoma de España.,Región de Murcia,regiondemurcia,4,4 · Muy profundo,,https://ine.es/daco/daco42/codmun/cod_ccaa_provincia.htm,19 comunidades/autonomías
1,Comunidades autónomas de España,Nombra una comunidad autónoma de España.,Comunidad Foral de Navarra,comunidadforaldenavarra,4,4 · Muy profundo,,https://ine.es/daco/daco42/codmun/cod_ccaa_provincia.htm,19 comunidades/autonomías
1,Comunidades autónomas de España,Nombra una comunidad autónoma de España.,País Vasco,paisvasco,4,4 · Muy profundo,,https://ine.es/daco/daco42/codmun/cod_ccaa_provincia.htm,19 comunidades/autonomías
1,Comunidades autónomas de España,Nombra una comunidad autónoma de España.,La Rioja,larioja,4,4 · Muy profundo,,https://ine.es/daco/daco42/codmun/cod_ccaa_provincia.htm,19 comunidades/autonomías
1,Comunidades autónomas de España,Nombra una comunidad autónoma de España.,Ceuta,ceuta,4,4 · Muy profundo,,https://ine.es/daco/daco42/codmun/cod_ccaa_provincia.htm,19 comunidades/autonomías
1,Comunidades autónomas de España,Nombra una comunidad autónoma de España.,Melilla,melilla,5,🕳️ 5 · Abismo,,https://ine.es/daco/daco42/codmun/cod_ccaa_provincia.htm,19 comunidades/autonomías
2,Provincias de España,Nombra una provincia de España.,Almería,almeria,1,🧊 1 · Punta del iceberg,,https://ine.es/daco/daco42/codmun/cod_provincia.htm,50 provincias; excluidas Ceuta y Melilla.
2,Provincias de España,Nombra una provincia de España.,Cádiz,cadiz,1,🧊 1 · Punta del iceberg,,https://ine.es/daco/daco42/codmun/cod_provincia.htm,50 provincias; excluidas Ceuta y Melilla.
2,Provincias de España,Nombra una provincia de España.,Córdoba,cordoba,1,🧊 1 · Punta del iceberg,,https://ine.es/daco/daco42/codmun/cod_provincia.htm,50 provincias; excluidas Ceuta y Melilla.
2,Provincias de España,Nombra una provincia de España.,Granada,granada,1,🧊 1 · Punta del iceberg,,https://ine.es/daco/daco42/codmun/cod_provincia.htm,50 provincias; excluidas Ceuta y Melilla.
2,Provincias de España,Nombra una provincia de España.,Huelva,huelva,1,🧊 1 · Punta del iceberg,,https://ine.es/daco/daco42/codmun/cod_provincia.htm,50 provincias; excluidas Ceuta y Melilla.
2,Provincias de España,Nombra una provincia de España.,Jaén,jaen,2,2 · Bajo el hielo,,https://ine.es/daco/daco42/codmun/cod_provincia.htm,50 provincias; excluidas Ceuta y Melilla.
2,Provincias de España,Nombra una provincia de España.,Málaga,malaga,2,2 · Bajo el hielo,,https://ine.es/daco/daco42/codmun/cod_provincia.htm,50 provincias; excluidas Ceuta y Melilla.
2,Provincias de España,Nombra una provincia de España.,Sevilla,sevilla,2,2 · Bajo el hielo,,https://ine.es/daco/daco42/codmun/cod_provincia.htm,50 provincias; excluidas Ceuta y Melilla.
2,Provincias de España,Nombra una provincia de España.,Huesca,huesca,2,2 · Bajo el hielo,,https://ine.es/daco/daco42/codmun/cod_provincia.htm,50 provincias; excluidas Ceuta y Melilla.
2,Provincias de España,Nombra una provincia de España.,Teruel,teruel,2,2 · Bajo el hielo,,https://ine.es/daco/daco42/codmun/cod_provincia.htm,50 provincias; excluidas Ceuta y Melilla.
2,Provincias de España,Nombra una provincia de España.,Zaragoza,zaragoza,2,2 · Bajo el hielo,,https://ine.es/daco/daco42/codmun/cod_provincia.htm,50 provincias; excluidas Ceuta y Melilla.
2,Provincias de España,Nombra una provincia de España.,Asturias,asturias,2,2 · Bajo el hielo,,https://ine.es/daco/daco42/codmun/cod_provincia.htm,50 provincias; excluidas Ceuta y Melilla.
2,Provincias de España,Nombra una provincia de España.,Illes Balears,illesbalears,2,2 · Bajo el hielo,,https://ine.es/daco/daco42/codmun/cod_provincia.htm,50 provincias; excluidas Ceuta y Melilla.
2,Provincias de España,Nombra una provincia de España.,Las Palmas,laspalmas,2,2 · Bajo el hielo,,https://ine.es/daco/daco42/codmun/cod_provincia.htm,50 provincias; excluidas Ceuta y Melilla.
2,Provincias de España,Nombra una provincia de España.,Santa Cruz de Tenerife,santacruzdetenerife,2,2 · Bajo el hielo,,https://ine.es/daco/daco42/codmun/cod_provincia.htm,50 provincias; excluidas Ceuta y Melilla.
2,Provincias de España,Nombra una provincia de España.,Cantabria,cantabria,3,3 · Profundo,,https://ine.es/daco/daco42/codmun/cod_provincia.htm,50 provincias; excluidas Ceuta y Melilla.
2,Provincias de España,Nombra una provincia de España.,Ávila,avila,3,3 · Profundo,,https://ine.es/daco/daco42/codmun/cod_provincia.htm,50 provincias; excluidas Ceuta y Melilla.
2,Provincias de España,Nombra una provincia de España.,Burgos,burgos,3,3 · Profundo,,https://ine.es/daco/daco42/codmun/cod_provincia.htm,50 provincias; excluidas Ceuta y Melilla.
2,Provincias de España,Nombra una provincia de España.,León,leon,3,3 · Profundo,,https://ine.es/daco/daco42/codmun/cod_provincia.htm,50 provincias; excluidas Ceuta y Melilla.
2,Provincias de España,Nombra una provincia de España.,Palencia,palencia,3,3 · Profundo,,https://ine.es/daco/daco42/codmun/cod_provincia.htm,50 provincias; excluidas Ceuta y Melilla.
2,Provincias de España,Nombra una provincia de España.,Salamanca,salamanca,3,3 · Profundo,,https://ine.es/daco/daco42/codmun/cod_provincia.htm,50 provincias; excluidas Ceuta y Melilla.
2,Provincias de España,Nombra una provincia de España.,Segovia,segovia,3,3 · Profundo,,https://ine.es/daco/daco42/codmun/cod_provincia.htm,50 provincias; excluidas Ceuta y Melilla.
2,Provincias de España,Nombra una provincia de España.,Soria,soria,3,3 · Profundo,,https://ine.es/daco/daco42/codmun/cod_provincia.htm,50 provincias; excluidas Ceuta y Melilla.
2,Provincias de España,Nombra una provincia de España.,Valladolid,valladolid,3,3 · Profundo,,https://ine.es/daco/daco42/codmun/cod_provincia.htm,50 provincias; excluidas Ceuta y Melilla.
2,Provincias de España,Nombra una provincia de España.,Zamora,zamora,3,3 · Profundo,,https://ine.es/daco/daco42/codmun/cod_provincia.htm,50 provincias; excluidas Ceuta y Melilla.
2,Provincias de España,Nombra una provincia de España.,Albacete,albacete,3,3 · Profundo,,https://ine.es/daco/daco42/codmun/cod_provincia.htm,50 provincias; excluidas Ceuta y Melilla.
2,Provincias de España,Nombra una provincia de España.,Ciudad Real,ciudadreal,3,3 · Profundo,,https://ine.es/daco/daco42/codmun/cod_provincia.htm,50 provincias; excluidas Ceuta y Melilla.
2,Provincias de España,Nombra una provincia de España.,Cuenca,cuenca,3,3 · Profundo,,https://ine.es/daco/daco42/codmun/cod_provincia.htm,50 provincias; excluidas Ceuta y Melilla.
2,Provincias de España,Nombra una provincia de España.,Guadalajara,guadalajara,3,3 · Profundo,,https://ine.es/daco/daco42/codmun/cod_provincia.htm,50 provincias; excluidas Ceuta y Melilla.
2,Provincias de España,Nombra una provincia de España.,Toledo,toledo,3,3 · Profundo,,https://ine.es/daco/daco42/codmun/cod_provincia.htm,50 provincias; excluidas Ceuta y Melilla.
2,Provincias de España,Nombra una provincia de España.,Barcelona,barcelona,4,4 · Muy profundo,,https://ine.es/daco/daco42/codmun/cod_provincia.htm,50 provincias; excluidas Ceuta y Melilla.
2,Provincias de España,Nombra una provincia de España.,Girona,girona,4,4 · Muy profundo,,https://ine.es/daco/daco42/codmun/cod_provincia.htm,50 provincias; excluidas Ceuta y Melilla.
2,Provincias de España,Nombra una provincia de España.,Lleida,lleida,4,4 · Muy profundo,,https://ine.es/daco/daco42/codmun/cod_provincia.htm,50 provincias; excluidas Ceuta y Melilla.
2,Provincias de España,Nombra una provincia de España.,Tarragona,tarragona,4,4 · Muy profundo,,https://ine.es/daco/daco42/codmun/cod_provincia.htm,50 provincias; excluidas Ceuta y Melilla.
2,Provincias de España,Nombra una provincia de España.,Alicante,alicante,4,4 · Muy profundo,,https://ine.es/daco/daco42/codmun/cod_provincia.htm,50 provincias; excluidas Ceuta y Melilla.
2,Provincias de España,Nombra una provincia de España.,Castellón,castellon,4,4 · Muy profundo,,https://ine.es/daco/daco42/codmun/cod_provincia.htm,50 provincias; excluidas Ceuta y Melilla.
2,Provincias de España,Nombra una provincia de España.,Valencia,valencia,4,4 · Muy profundo,,https://ine.es/daco/daco42/codmun/cod_provincia.htm,50 provincias; excluidas Ceuta y Melilla.
2,Provincias de España,Nombra una provincia de España.,Badajoz,badajoz,4,4 · Muy profundo,,https://ine.es/daco/daco42/codmun/cod_provincia.htm,50 provincias; excluidas Ceuta y Melilla.
2,Provincias de España,Nombra una provincia de España.,Cáceres,caceres,4,4 · Muy profundo,,https://ine.es/daco/daco42/codmun/cod_provincia.htm,50 provincias; excluidas Ceuta y Melilla.
2,Provincias de España,Nombra una provincia de España.,A Coruña,acoruna,4,4 · Muy profundo,,https://ine.es/daco/daco42/codmun/cod_provincia.htm,50 provincias; excluidas Ceuta y Melilla.
2,Provincias de España,Nombra una provincia de España.,Lugo,lugo,4,4 · Muy profundo,,https://ine.es/daco/daco42/codmun/cod_provincia.htm,50 provincias; excluidas Ceuta y Melilla.
2,Provincias de España,Nombra una provincia de España.,Ourense,ourense,4,4 · Muy profundo,,https://ine.es/daco/daco42/codmun/cod_provincia.htm,50 provincias; excluidas Ceuta y Melilla.
2,Provincias de España,Nombra una provincia de España.,Pontevedra,pontevedra,4,4 · Muy profundo,,https://ine.es/daco/daco42/codmun/cod_provincia.htm,50 provincias; excluidas Ceuta y Melilla.
2,Provincias de España,Nombra una provincia de España.,Madrid,madrid,4,4 · Muy profundo,,https://ine.es/daco/daco42/codmun/cod_provincia.htm,50 provincias; excluidas Ceuta y Melilla.
2,Provincias de España,Nombra una provincia de España.,Murcia,murcia,4,4 · Muy profundo,,https://ine.es/daco/daco42/codmun/cod_provincia.htm,50 provincias; excluidas Ceuta y Melilla.
2,Provincias de España,Nombra una provincia de España.,Navarra,navarra,4,4 · Muy profundo,,https://ine.es/daco/daco42/codmun/cod_provincia.htm,50 provincias; excluidas Ceuta y Melilla.
2,Provincias de España,Nombra una provincia de España.,Álava,alava,4,4 · Muy profundo,,https://ine.es/daco/daco42/codmun/cod_provincia.htm,50 provincias; excluidas Ceuta y Melilla.
2,Provincias de España,Nombra una provincia de España.,Bizkaia,bizkaia,4,4 · Muy profundo,,https://ine.es/daco/daco42/codmun/cod_provincia.htm,50 provincias; excluidas Ceuta y Melilla.
2,Provincias de España,Nombra una provincia de España.,Gipuzkoa,gipuzkoa,5,🕳️ 5 · Abismo,,https://ine.es/daco/daco42/codmun/cod_provincia.htm,50 provincias; excluidas Ceuta y Melilla.
2,Provincias de España,Nombra una provincia de España.,La Rioja,larioja,5,🕳️ 5 · Abismo,,https://ine.es/daco/daco42/codmun/cod_provincia.htm,50 provincias; excluidas Ceuta y Melilla.
3,Capitales de provincia de España,Nombra una capital de provincia española.,Almería,almeria,1,🧊 1 · Punta del iceberg,,https://ine.es/daco/daco42/codmun/cod_provincia.htm,50 capitales de provincia; excluidas Ceuta y Melilla.
3,Capitales de provincia de España,Nombra una capital de provincia española.,Cádiz,cadiz,1,🧊 1 · Punta del iceberg,,https://ine.es/daco/daco42/codmun/cod_provincia.htm,50 capitales de provincia; excluidas Ceuta y Melilla.
3,Capitales de provincia de España,Nombra una capital de provincia española.,Córdoba,cordoba,1,🧊 1 · Punta del iceberg,,https://ine.es/daco/daco42/codmun/cod_provincia.htm,50 capitales de provincia; excluidas Ceuta y Melilla.
3,Capitales de provincia de España,Nombra una capital de provincia española.,Granada,granada,1,🧊 1 · Punta del iceberg,,https://ine.es/daco/daco42/codmun/cod_provincia.htm,50 capitales de provincia; excluidas Ceuta y Melilla.
3,Capitales de provincia de España,Nombra una capital de provincia española.,Huelva,huelva,1,🧊 1 · Punta del iceberg,,https://ine.es/daco/daco42/codmun/cod_provincia.htm,50 capitales de provincia; excluidas Ceuta y Melilla.
3,Capitales de provincia de España,Nombra una capital de provincia española.,Jaén,jaen,2,2 · Bajo el hielo,,https://ine.es/daco/daco42/codmun/cod_provincia.htm,50 capitales de provincia; excluidas Ceuta y Melilla.
3,Capitales de provincia de España,Nombra una capital de provincia española.,Málaga,malaga,2,2 · Bajo el hielo,,https://ine.es/daco/daco42/codmun/cod_provincia.htm,50 capitales de provincia; excluidas Ceuta y Melilla.
3,Capitales de provincia de España,Nombra una capital de provincia española.,Sevilla,sevilla,2,2 · Bajo el hielo,,https://ine.es/daco/daco42/codmun/cod_provincia.htm,50 capitales de provincia; excluidas Ceuta y Melilla.
3,Capitales de provincia de España,Nombra una capital de provincia española.,Huesca,huesca,2,2 · Bajo el hielo,,https://ine.es/daco/daco42/codmun/cod_provincia.htm,50 capitales de provincia; excluidas Ceuta y Melilla.
3,Capitales de provincia de España,Nombra una capital de provincia española.,Teruel,teruel,2,2 · Bajo el hielo,,https://ine.es/daco/daco42/codmun/cod_provincia.htm,50 capitales de provincia; excluidas Ceuta y Melilla.
3,Capitales de provincia de España,Nombra una capital de provincia española.,Zaragoza,zaragoza,2,2 · Bajo el hielo,,https://ine.es/daco/daco42/codmun/cod_provincia.htm,50 capitales de provincia; excluidas Ceuta y Melilla.
3,Capitales de provincia de España,Nombra una capital de provincia española.,Oviedo,oviedo,2,2 · Bajo el hielo,,https://ine.es/daco/daco42/codmun/cod_provincia.htm,50 capitales de provincia; excluidas Ceuta y Melilla.
3,Capitales de provincia de España,Nombra una capital de provincia española.,Palma,palma,2,2 · Bajo el hielo,,https://ine.es/daco/daco42/codmun/cod_provincia.htm,50 capitales de provincia; excluidas Ceuta y Melilla.
3,Capitales de provincia de España,Nombra una capital de provincia española.,Las Palmas de Gran Canaria,laspalmasdegrancanaria,2,2 · Bajo el hielo,,https://ine.es/daco/daco42/codmun/cod_provincia.htm,50 capitales de provincia; excluidas Ceuta y Melilla.
3,Capitales de provincia de España,Nombra una capital de provincia española.,Santa Cruz de Tenerife,santacruzdetenerife,2,2 · Bajo el hielo,,https://ine.es/daco/daco42/codmun/cod_provincia.htm,50 capitales de provincia; excluidas Ceuta y Melilla.
3,Capitales de provincia de España,Nombra una capital de provincia española.,Santander,santander,3,3 · Profundo,,https://ine.es/daco/daco42/codmun/cod_provincia.htm,50 capitales de provincia; excluidas Ceuta y Melilla.
3,Capitales de provincia de España,Nombra una capital de provincia española.,Ávila,avila,3,3 · Profundo,,https://ine.es/daco/daco42/codmun/cod_provincia.htm,50 capitales de provincia; excluidas Ceuta y Melilla.
3,Capitales de provincia de España,Nombra una capital de provincia española.,Burgos,burgos,3,3 · Profundo,,https://ine.es/daco/daco42/codmun/cod_provincia.htm,50 capitales de provincia; excluidas Ceuta y Melilla.
3,Capitales de provincia de España,Nombra una capital de provincia española.,León,leon,3,3 · Profundo,,https://ine.es/daco/daco42/codmun/cod_provincia.htm,50 capitales de provincia; excluidas Ceuta y Melilla.
3,Capitales de provincia de España,Nombra una capital de provincia española.,Palencia,palencia,3,3 · Profundo,,https://ine.es/daco/daco42/codmun/cod_provincia.htm,50 capitales de provincia; excluidas Ceuta y Melilla.
3,Capitales de provincia de España,Nombra una capital de provincia española.,Salamanca,salamanca,3,3 · Profundo,,https://ine.es/daco/daco42/codmun/cod_provincia.htm,50 capitales de provincia; excluidas Ceuta y Melilla.
3,Capitales de provincia de España,Nombra una capital de provincia española.,Segovia,segovia,3,3 · Profundo,,https://ine.es/daco/daco42/codmun/cod_provincia.htm,50 capitales de provincia; excluidas Ceuta y Melilla.
3,Capitales de provincia de España,Nombra una capital de provincia española.,Soria,soria,3,3 · Profundo,,https://ine.es/daco/daco42/codmun/cod_provincia.htm,50 capitales de provincia; excluidas Ceuta y Melilla.
3,Capitales de provincia de España,Nombra una capital de provincia española.,Valladolid,valladolid,3,3 · Profundo,,https://ine.es/daco/daco42/codmun/cod_provincia.htm,50 capitales de provincia; excluidas Ceuta y Melilla.
3,Capitales de provincia de España,Nombra una capital de provincia española.,Zamora,zamora,3,3 · Profundo,,https://ine.es/daco/daco42/codmun/cod_provincia.htm,50 capitales de provincia; excluidas Ceuta y Melilla.
3,Capitales de provincia de España,Nombra una capital de provincia española.,Albacete,albacete,3,3 · Profundo,,https://ine.es/daco/daco42/codmun/cod_provincia.htm,50 capitales de provincia; excluidas Ceuta y Melilla.
3,Capitales de provincia de España,Nombra una capital de provincia española.,Ciudad Real,ciudadreal,3,3 · Profundo,,https://ine.es/daco/daco42/codmun/cod_provincia.htm,50 capitales de provincia; excluidas Ceuta y Melilla.
3,Capitales de provincia de España,Nombra una capital de provincia española.,Cuenca,cuenca,3,3 · Profundo,,https://ine.es/daco/daco42/codmun/cod_provincia.htm,50 capitales de provincia; excluidas Ceuta y Melilla.
3,Capitales de provincia de España,Nombra una capital de provincia española.,Guadalajara,guadalajara,3,3 · Profundo,,https://ine.es/daco/daco42/codmun/cod_provincia.htm,50 capitales de provincia; excluidas Ceuta y Melilla.
3,Capitales de provincia de España,Nombra una capital de provincia española.,Toledo,toledo,3,3 · Profundo,,https://ine.es/daco/daco42/codmun/cod_provincia.htm,50 capitales de provincia; excluidas Ceuta y Melilla.
3,Capitales de provincia de España,Nombra una capital de provincia española.,Barcelona,barcelona,4,4 · Muy profundo,,https://ine.es/daco/daco42/codmun/cod_provincia.htm,50 capitales de provincia; excluidas Ceuta y Melilla.
3,Capitales de provincia de España,Nombra una capital de provincia española.,Girona,girona,4,4 · Muy profundo,,https://ine.es/daco/daco42/codmun/cod_provincia.htm,50 capitales de provincia; excluidas Ceuta y Melilla.
3,Capitales de provincia de España,Nombra una capital de provincia española.,Lleida,lleida,4,4 · Muy profundo,,https://ine.es/daco/daco42/codmun/cod_provincia.htm,50 capitales de provincia; excluidas Ceuta y Melilla.
3,Capitales de provincia de España,Nombra una capital de provincia española.,Tarragona,tarragona,4,4 · Muy profundo,,https://ine.es/daco/daco42/codmun/cod_provincia.htm,50 capitales de provincia; excluidas Ceuta y Melilla.
3,Capitales de provincia de España,Nombra una capital de provincia española.,Alicante,alicante,4,4 · Muy profundo,,https://ine.es/daco/daco42/codmun/cod_provincia.htm,50 capitales de provincia; excluidas Ceuta y Melilla.
3,Capitales de provincia de España,Nombra una capital de provincia española.,Castellón de la Plana,castellondelaplana,4,4 · Muy profundo,,https://ine.es/daco/daco42/codmun/cod_provincia.htm,50 capitales de provincia; excluidas Ceuta y Melilla.
3,Capitales de provincia de España,Nombra una capital de provincia española.,Valencia,valencia,4,4 · Muy profundo,,https://ine.es/daco/daco42/codmun/cod_provincia.htm,50 capitales de provincia; excluidas Ceuta y Melilla.
3,Capitales de provincia de España,Nombra una capital de provincia española.,Badajoz,badajoz,4,4 · Muy profundo,,https://ine.es/daco/daco42/codmun/cod_provincia.htm,50 capitales de provincia; excluidas Ceuta y Melilla.
3,Capitales de provincia de España,Nombra una capital de provincia española.,Cáceres,caceres,4,4 · Muy profundo,,https://ine.es/daco/daco42/codmun/cod_provincia.htm,50 capitales de provincia; excluidas Ceuta y Melilla.
3,Capitales de provincia de España,Nombra una capital de provincia española.,A Coruña,acoruna,4,4 · Muy profundo,,https://ine.es/daco/daco42/codmun/cod_provincia.htm,50 capitales de provincia; excluidas Ceuta y Melilla.
3,Capitales de provincia de España,Nombra una capital de provincia española.,Lugo,lugo,4,4 · Muy profundo,,https://ine.es/daco/daco42/codmun/cod_provincia.htm,50 capitales de provincia; excluidas Ceuta y Melilla.
3,Capitales de provincia de España,Nombra una capital de provincia española.,Ourense,ourense,4,4 · Muy profundo,,https://ine.es/daco/daco42/codmun/cod_provincia.htm,50 capitales de provincia; excluidas Ceuta y Melilla.
3,Capitales de provincia de España,Nombra una capital de provincia española.,Pontevedra,pontevedra,4,4 · Muy profundo,,https://ine.es/daco/daco42/codmun/cod_provincia.htm,50 capitales de provincia; excluidas Ceuta y Melilla.
3,Capitales de provincia de España,Nombra una capital de provincia española.,Madrid,madrid,4,4 · Muy profundo,,https://ine.es/daco/daco42/codmun/cod_provincia.htm,50 capitales de provincia; excluidas Ceuta y Melilla.
3,Capitales de provincia de España,Nombra una capital de provincia española.,Murcia,murcia,4,4 · Muy profundo,,https://ine.es/daco/daco42/codmun/cod_provincia.htm,50 capitales de provincia; excluidas Ceuta y Melilla.
3,Capitales de provincia de España,Nombra una capital de provincia española.,Pamplona,pamplona,4,4 · Muy profundo,,https://ine.es/daco/daco42/codmun/cod_provincia.htm,50 capitales de provincia; excluidas Ceuta y Melilla.
3,Capitales de provincia de España,Nombra una capital de provincia española.,Vitoria-Gasteiz,vitoriagasteiz,4,4 · Muy profundo,,https://ine.es/daco/daco42/codmun/cod_provincia.htm,50 capitales de provincia; excluidas Ceuta y Melilla.
3,Capitales de provincia de España,Nombra una capital de provincia española.,Bilbao,bilbao,4,4 · Muy profundo,,https://ine.es/daco/daco42/codmun/cod_provincia.htm,50 capitales de provincia; excluidas Ceuta y Melilla.
3,Capitales de provincia de España,Nombra una capital de provincia española.,Donostia-San Sebastián,donostiasansebastian,5,🕳️ 5 · Abismo,,https://ine.es/daco/daco42/codmun/cod_provincia.htm,50 capitales de provincia; excluidas Ceuta y Melilla.
3,Capitales de provincia de España,Nombra una capital de provincia española.,Logroño,logrono,5,🕳️ 5 · Abismo,,https://ine.es/daco/daco42/codmun/cod_provincia.htm,50 capitales de provincia; excluidas Ceuta y Melilla.
4,Patrimonio Mundial UNESCO en España,Nombra un bien español inscrito en la Lista del Patrimonio Mundial.,"Alhambra, Generalife y Albaicín de Granada",alhambrageneralifeyalbaicindegranada,1,🧊 1 · Punta del iceberg,,https://whc.unesco.org/en/statesparties/es,50 bienes/properties de España
4,Patrimonio Mundial UNESCO en España,Nombra un bien español inscrito en la Lista del Patrimonio Mundial.,Obras de Antoni Gaudí,obrasdeantonigaudi,1,🧊 1 · Punta del iceberg,,https://whc.unesco.org/en/statesparties/es,50 bienes/properties de España
4,Patrimonio Mundial UNESCO en España,Nombra un bien español inscrito en la Lista del Patrimonio Mundial.,Catedral de Burgos,catedraldeburgos,1,🧊 1 · Punta del iceberg,,https://whc.unesco.org/en/statesparties/es,50 bienes/properties de España
4,Patrimonio Mundial UNESCO en España,Nombra un bien español inscrito en la Lista del Patrimonio Mundial.,Centro histórico de Córdoba,centrohistoricodecordoba,1,🧊 1 · Punta del iceberg,,https://whc.unesco.org/en/statesparties/es,50 bienes/properties de España
4,Patrimonio Mundial UNESCO en España,Nombra un bien español inscrito en la Lista del Patrimonio Mundial.,Monasterio y sitio de El Escorial en Madrid,monasterioysitiodeelescorialenmadrid,1,🧊 1 · Punta del iceberg,,https://whc.unesco.org/en/statesparties/es,50 bienes/properties de España
4,Patrimonio Mundial UNESCO en España,Nombra un bien español inscrito en la Lista del Patrimonio Mundial.,Monumentos de Oviedo y del reino de Asturias,monumentosdeoviedoydelreinodeasturias,2,2 · Bajo el hielo,,https://whc.unesco.org/en/statesparties/es,50 bienes/properties de España
4,Patrimonio Mundial UNESCO en España,Nombra un bien español inscrito en la Lista del Patrimonio Mundial.,Ciudad vieja de Ávila e iglesias extramuros,ciudadviejadeavilaeiglesiasextramuros,2,2 · Bajo el hielo,,https://whc.unesco.org/en/statesparties/es,50 bienes/properties de España
4,Patrimonio Mundial UNESCO en España,Nombra un bien español inscrito en la Lista del Patrimonio Mundial.,Ciudad vieja de Santiago de Compostela,ciudadviejadesantiagodecompostela,2,2 · Bajo el hielo,,https://whc.unesco.org/en/statesparties/es,50 bienes/properties de España
4,Patrimonio Mundial UNESCO en España,Nombra un bien español inscrito en la Lista del Patrimonio Mundial.,Ciudad vieja y acueducto de Segovia,ciudadviejayacueductodesegovia,2,2 · Bajo el hielo,,https://whc.unesco.org/en/statesparties/es,50 bienes/properties de España
4,Patrimonio Mundial UNESCO en España,Nombra un bien español inscrito en la Lista del Patrimonio Mundial.,Cueva de Altamira y arte rupestre paleolítico del norte de España,cuevadealtamirayarterupestrepaleoliticodelnortedeespana,2,2 · Bajo el hielo,,https://whc.unesco.org/en/statesparties/es,50 bienes/properties de España
4,Patrimonio Mundial UNESCO en España,Nombra un bien español inscrito en la Lista del Patrimonio Mundial.,Arquitectura mudéjar de Aragón,arquitecturamudejardearagon,2,2 · Bajo el hielo,,https://whc.unesco.org/en/statesparties/es,50 bienes/properties de España
4,Patrimonio Mundial UNESCO en España,Nombra un bien español inscrito en la Lista del Patrimonio Mundial.,Ciudad vieja de Cáceres,ciudadviejadecaceres,2,2 · Bajo el hielo,,https://whc.unesco.org/en/statesparties/es,50 bienes/properties de España
4,Patrimonio Mundial UNESCO en España,Nombra un bien español inscrito en la Lista del Patrimonio Mundial.,Ciudad histórica de Toledo,ciudadhistoricadetoledo,2,2 · Bajo el hielo,,https://whc.unesco.org/en/statesparties/es,50 bienes/properties de España
4,Patrimonio Mundial UNESCO en España,Nombra un bien español inscrito en la Lista del Patrimonio Mundial.,Parque Nacional de Garajonay,parquenacionaldegarajonay,2,2 · Bajo el hielo,,https://whc.unesco.org/en/statesparties/es,50 bienes/properties de España
4,Patrimonio Mundial UNESCO en España,Nombra un bien español inscrito en la Lista del Patrimonio Mundial.,"Catedral, alcázar y Archivo de Indias de Sevilla",catedralalcazaryarchivodeindiasdesevilla,2,2 · Bajo el hielo,,https://whc.unesco.org/en/statesparties/es,50 bienes/properties de España
4,Patrimonio Mundial UNESCO en España,Nombra un bien español inscrito en la Lista del Patrimonio Mundial.,Ciudad vieja de Salamanca,ciudadviejadesalamanca,3,3 · Profundo,,https://whc.unesco.org/en/statesparties/es,50 bienes/properties de España
4,Patrimonio Mundial UNESCO en España,Nombra un bien español inscrito en la Lista del Patrimonio Mundial.,Monasterio de Poblet,monasteriodepoblet,3,3 · Profundo,,https://whc.unesco.org/en/statesparties/es,50 bienes/properties de España
4,Patrimonio Mundial UNESCO en España,Nombra un bien español inscrito en la Lista del Patrimonio Mundial.,Caminos de Santiago de Compostela: Camino francés y Caminos del Norte de España,caminosdesantiagodecompostelacaminofrancesycaminosdelnortedeespana,3,3 · Profundo,,https://whc.unesco.org/en/statesparties/es,50 bienes/properties de España
4,Patrimonio Mundial UNESCO en España,Nombra un bien español inscrito en la Lista del Patrimonio Mundial.,Conjunto arqueológico de Mérida,conjuntoarqueologicodemerida,3,3 · Profundo,,https://whc.unesco.org/en/statesparties/es,50 bienes/properties de España
4,Patrimonio Mundial UNESCO en España,Nombra un bien español inscrito en la Lista del Patrimonio Mundial.,Real Monasterio de Santa María de Guadalupe,realmonasteriodesantamariadeguadalupe,3,3 · Profundo,,https://whc.unesco.org/en/statesparties/es,50 bienes/properties de España
4,Patrimonio Mundial UNESCO en España,Nombra un bien español inscrito en la Lista del Patrimonio Mundial.,Parque Nacional de Doñana,parquenacionaldedonana,3,3 · Profundo,,https://whc.unesco.org/en/statesparties/es,50 bienes/properties de España
4,Patrimonio Mundial UNESCO en España,Nombra un bien español inscrito en la Lista del Patrimonio Mundial.,Lonja de la seda de Valencia,lonjadelasedadevalencia,3,3 · Profundo,,https://whc.unesco.org/en/statesparties/es,50 bienes/properties de España
4,Patrimonio Mundial UNESCO en España,Nombra un bien español inscrito en la Lista del Patrimonio Mundial.,Ciudad histórica fortificada de Cuenca,ciudadhistoricafortificadadecuenca,3,3 · Profundo,,https://whc.unesco.org/en/statesparties/es,50 bienes/properties de España
4,Patrimonio Mundial UNESCO en España,Nombra un bien español inscrito en la Lista del Patrimonio Mundial.,Las Médulas,lasmedulas,3,3 · Profundo,,https://whc.unesco.org/en/statesparties/es,50 bienes/properties de España
4,Patrimonio Mundial UNESCO en España,Nombra un bien español inscrito en la Lista del Patrimonio Mundial.,Monasterios de San Millán de Yuso y de Suso,monasteriosdesanmillandeyusoydesuso,3,3 · Profundo,,https://whc.unesco.org/en/statesparties/es,50 bienes/properties de España
4,Patrimonio Mundial UNESCO en España,Nombra un bien español inscrito en la Lista del Patrimonio Mundial.,Palau de la Música Catalana y hospital de Sant Pau en Barcelona,palaudelamusicacatalanayhospitaldesantpauenbarcelona,3,3 · Profundo,,https://whc.unesco.org/en/statesparties/es,50 bienes/properties de España
4,Patrimonio Mundial UNESCO en España,Nombra un bien español inscrito en la Lista del Patrimonio Mundial.,Pirineos - Monte Perdido,pirineosmonteperdido,3,3 · Profundo,,https://whc.unesco.org/en/statesparties/es,50 bienes/properties de España
4,Patrimonio Mundial UNESCO en España,Nombra un bien español inscrito en la Lista del Patrimonio Mundial.,Arte rupestre del arco mediterráneo de la Península Ibérica,arterupestredelarcomediterraneodelapeninsulaiberica,3,3 · Profundo,,https://whc.unesco.org/en/statesparties/es,50 bienes/properties de España
4,Patrimonio Mundial UNESCO en España,Nombra un bien español inscrito en la Lista del Patrimonio Mundial.,Universidad y recinto histórico de Alcalá de Henares,universidadyrecintohistoricodealcaladehenares,3,3 · Profundo,,https://whc.unesco.org/en/statesparties/es,50 bienes/properties de España
4,Patrimonio Mundial UNESCO en España,Nombra un bien español inscrito en la Lista del Patrimonio Mundial.,Sitios de arte rupestre prehistórico del Valle del Côa y de Siega Verde,sitiosdearterupestreprehistoricodelvalledelcoaydesiegaverde,3,3 · Profundo,,https://whc.unesco.org/en/statesparties/es,50 bienes/properties de España
4,Patrimonio Mundial UNESCO en España,Nombra un bien español inscrito en la Lista del Patrimonio Mundial.,"Ibiza, biodiversidad y cultura",ibizabiodiversidadycultura,4,4 · Muy profundo,,https://whc.unesco.org/en/statesparties/es,50 bienes/properties de España
4,Patrimonio Mundial UNESCO en España,Nombra un bien español inscrito en la Lista del Patrimonio Mundial.,San Cristóbal de La Laguna,sancristobaldelalaguna,4,4 · Muy profundo,,https://whc.unesco.org/en/statesparties/es,50 bienes/properties de España
4,Patrimonio Mundial UNESCO en España,Nombra un bien español inscrito en la Lista del Patrimonio Mundial.,Iglesias románicas catalanas de Vall del Boí,iglesiasromanicascatalanasdevalldelboi,4,4 · Muy profundo,,https://whc.unesco.org/en/statesparties/es,50 bienes/properties de España
4,Patrimonio Mundial UNESCO en España,Nombra un bien español inscrito en la Lista del Patrimonio Mundial.,Muralla romana de Lugo,murallaromanadelugo,4,4 · Muy profundo,,https://whc.unesco.org/en/statesparties/es,50 bienes/properties de España
4,Patrimonio Mundial UNESCO en España,Nombra un bien español inscrito en la Lista del Patrimonio Mundial.,Palmeral de Elche,palmeraldeelche,4,4 · Muy profundo,,https://whc.unesco.org/en/statesparties/es,50 bienes/properties de España
4,Patrimonio Mundial UNESCO en España,Nombra un bien español inscrito en la Lista del Patrimonio Mundial.,Conjunto arqueológico de Tarragona,conjuntoarqueologicodetarragona,4,4 · Muy profundo,,https://whc.unesco.org/en/statesparties/es,50 bienes/properties de España
4,Patrimonio Mundial UNESCO en España,Nombra un bien español inscrito en la Lista del Patrimonio Mundial.,Sitio arqueológico de Atapuerca,sitioarqueologicodeatapuerca,4,4 · Muy profundo,,https://whc.unesco.org/en/statesparties/es,50 bienes/properties de España
4,Patrimonio Mundial UNESCO en España,Nombra un bien español inscrito en la Lista del Patrimonio Mundial.,Paisaje cultural de Aranjuez,paisajeculturaldearanjuez,4,4 · Muy profundo,,https://whc.unesco.org/en/statesparties/es,50 bienes/properties de España
4,Patrimonio Mundial UNESCO en España,Nombra un bien español inscrito en la Lista del Patrimonio Mundial.,Conjuntos monumentales renacentistas de Úbeda y Baeza,conjuntosmonumentalesrenacentistasdeubedaybaeza,4,4 · Muy profundo,,https://whc.unesco.org/en/statesparties/es,50 bienes/properties de España
4,Patrimonio Mundial UNESCO en España,Nombra un bien español inscrito en la Lista del Patrimonio Mundial.,Puente de Vizcaya,puentedevizcaya,4,4 · Muy profundo,,https://whc.unesco.org/en/statesparties/es,50 bienes/properties de España
4,Patrimonio Mundial UNESCO en España,Nombra un bien español inscrito en la Lista del Patrimonio Mundial.,Bosques antiguos y primarios de hayas de los Cárpatos y otras regiones de Europa,bosquesantiguosyprimariosdehayasdeloscarpatosyotrasregionesdeeuropa,4,4 · Muy profundo,,https://whc.unesco.org/en/statesparties/es,50 bienes/properties de España
4,Patrimonio Mundial UNESCO en España,Nombra un bien español inscrito en la Lista del Patrimonio Mundial.,Parque Nacional del Teide,parquenacionaldelteide,4,4 · Muy profundo,,https://whc.unesco.org/en/statesparties/es,50 bienes/properties de España
4,Patrimonio Mundial UNESCO en España,Nombra un bien español inscrito en la Lista del Patrimonio Mundial.,Torre de Hércules,torredehercules,4,4 · Muy profundo,,https://whc.unesco.org/en/statesparties/es,50 bienes/properties de España
4,Patrimonio Mundial UNESCO en España,Nombra un bien español inscrito en la Lista del Patrimonio Mundial.,El Paisaje Cultural de la Serra de Tramuntana,elpaisajeculturaldelaserradetramuntana,4,4 · Muy profundo,,https://whc.unesco.org/en/statesparties/es,50 bienes/properties de España
4,Patrimonio Mundial UNESCO en España,Nombra un bien español inscrito en la Lista del Patrimonio Mundial.,Patrimonio del mercurio (Almadén e Idria),patrimoniodelmercurioalmadeneidria,4,4 · Muy profundo,,https://whc.unesco.org/en/statesparties/es,50 bienes/properties de España
4,Patrimonio Mundial UNESCO en España,Nombra un bien español inscrito en la Lista del Patrimonio Mundial.,Dólmenes de Antequera,dolmenesdeantequera,4,4 · Muy profundo,,https://whc.unesco.org/en/statesparties/es,50 bienes/properties de España
4,Patrimonio Mundial UNESCO en España,Nombra un bien español inscrito en la Lista del Patrimonio Mundial.,Ciudad califal de Medina Azahara,ciudadcalifaldemedinaazahara,4,4 · Muy profundo,,https://whc.unesco.org/en/statesparties/es,50 bienes/properties de España
4,Patrimonio Mundial UNESCO en España,Nombra un bien español inscrito en la Lista del Patrimonio Mundial.,Paisaje cultural del Risco Caído y montañas sagradas de Gran Canaria,paisajeculturaldelriscocaidoymontanassagradasdegrancanaria,4,4 · Muy profundo,,https://whc.unesco.org/en/statesparties/es,50 bienes/properties de España
4,Patrimonio Mundial UNESCO en España,Nombra un bien español inscrito en la Lista del Patrimonio Mundial.,"Paseo del Prado y el Buen Retiro, paisaje de las artes y las ciencias",paseodelpradoyelbuenretiropaisajedelasartesylasciencias,5,🕳️ 5 · Abismo,,https://whc.unesco.org/en/statesparties/es,50 bienes/properties de España
4,Patrimonio Mundial UNESCO en España,Nombra un bien español inscrito en la Lista del Patrimonio Mundial.,Menorca talayótica,menorcatalayotica,5,🕳️ 5 · Abismo,,https://whc.unesco.org/en/statesparties/es,50 bienes/properties de España
5,Equipos de LALIGA EA SPORTS 2026/27,Nombra un club de LALIGA EA SPORTS 2026/27.,Athletic Club,athleticclub,1,🧊 1 · Punta del iceberg,,https://www.laliga.com/laliga-easports/clubes,20 clubes; temporada 2026/27
5,Equipos de LALIGA EA SPORTS 2026/27,Nombra un club de LALIGA EA SPORTS 2026/27.,Atlético de Madrid,atleticodemadrid,1,🧊 1 · Punta del iceberg,,https://www.laliga.com/laliga-easports/clubes,20 clubes; temporada 2026/27
5,Equipos de LALIGA EA SPORTS 2026/27,Nombra un club de LALIGA EA SPORTS 2026/27.,CA Osasuna,caosasuna,2,2 · Bajo el hielo,,https://www.laliga.com/laliga-easports/clubes,20 clubes; temporada 2026/27
5,Equipos de LALIGA EA SPORTS 2026/27,Nombra un club de LALIGA EA SPORTS 2026/27.,Celta,celta,2,2 · Bajo el hielo,,https://www.laliga.com/laliga-easports/clubes,20 clubes; temporada 2026/27
5,Equipos de LALIGA EA SPORTS 2026/27,Nombra un club de LALIGA EA SPORTS 2026/27.,Deportivo Alavés,deportivoalaves,2,2 · Bajo el hielo,,https://www.laliga.com/laliga-easports/clubes,20 clubes; temporada 2026/27
5,Equipos de LALIGA EA SPORTS 2026/27,Nombra un club de LALIGA EA SPORTS 2026/27.,Elche CF,elchecf,2,2 · Bajo el hielo,,https://www.laliga.com/laliga-easports/clubes,20 clubes; temporada 2026/27
5,Equipos de LALIGA EA SPORTS 2026/27,Nombra un club de LALIGA EA SPORTS 2026/27.,FC Barcelona,fcbarcelona,3,3 · Profundo,,https://www.laliga.com/laliga-easports/clubes,20 clubes; temporada 2026/27
5,Equipos de LALIGA EA SPORTS 2026/27,Nombra un club de LALIGA EA SPORTS 2026/27.,Getafe CF,getafecf,3,3 · Profundo,,https://www.laliga.com/laliga-easports/clubes,20 clubes; temporada 2026/27
5,Equipos de LALIGA EA SPORTS 2026/27,Nombra un club de LALIGA EA SPORTS 2026/27.,Levante UD,levanteud,3,3 · Profundo,,https://www.laliga.com/laliga-easports/clubes,20 clubes; temporada 2026/27
5,Equipos de LALIGA EA SPORTS 2026/27,Nombra un club de LALIGA EA SPORTS 2026/27.,Málaga CF,malagacf,3,3 · Profundo,,https://www.laliga.com/laliga-easports/clubes,20 clubes; temporada 2026/27
5,Equipos de LALIGA EA SPORTS 2026/27,Nombra un club de LALIGA EA SPORTS 2026/27.,Racing Club de Santander,racingclubdesantander,3,3 · Profundo,,https://www.laliga.com/laliga-easports/clubes,20 clubes; temporada 2026/27
5,Equipos de LALIGA EA SPORTS 2026/27,Nombra un club de LALIGA EA SPORTS 2026/27.,Rayo Vallecano,rayovallecano,3,3 · Profundo,,https://www.laliga.com/laliga-easports/clubes,20 clubes; temporada 2026/27
5,Equipos de LALIGA EA SPORTS 2026/27,Nombra un club de LALIGA EA SPORTS 2026/27.,RC Deportivo de La Coruña,rcdeportivodelacoruna,4,4 · Muy profundo,,https://www.laliga.com/laliga-easports/clubes,20 clubes; temporada 2026/27
5,Equipos de LALIGA EA SPORTS 2026/27,Nombra un club de LALIGA EA SPORTS 2026/27.,RCD Espanyol de Barcelona,rcdespanyoldebarcelona,4,4 · Muy profundo,,https://www.laliga.com/laliga-easports/clubes,20 clubes; temporada 2026/27
5,Equipos de LALIGA EA SPORTS 2026/27,Nombra un club de LALIGA EA SPORTS 2026/27.,Real Betis,realbetis,4,4 · Muy profundo,,https://www.laliga.com/laliga-easports/clubes,20 clubes; temporada 2026/27
5,Equipos de LALIGA EA SPORTS 2026/27,Nombra un club de LALIGA EA SPORTS 2026/27.,Real Madrid,realmadrid,4,4 · Muy profundo,,https://www.laliga.com/laliga-easports/clubes,20 clubes; temporada 2026/27
5,Equipos de LALIGA EA SPORTS 2026/27,Nombra un club de LALIGA EA SPORTS 2026/27.,Real Sociedad,realsociedad,4,4 · Muy profundo,,https://www.laliga.com/laliga-easports/clubes,20 clubes; temporada 2026/27
5,Equipos de LALIGA EA SPORTS 2026/27,Nombra un club de LALIGA EA SPORTS 2026/27.,Sevilla FC,sevillafc,4,4 · Muy profundo,,https://www.laliga.com/laliga-easports/clubes,20 clubes; temporada 2026/27
5,Equipos de LALIGA EA SPORTS 2026/27,Nombra un club de LALIGA EA SPORTS 2026/27.,Valencia CF,valenciacf,4,4 · Muy profundo,,https://www.laliga.com/laliga-easports/clubes,20 clubes; temporada 2026/27
5,Equipos de LALIGA EA SPORTS 2026/27,Nombra un club de LALIGA EA SPORTS 2026/27.,Villarreal CF,villarrealcf,5,🕳️ 5 · Abismo,,https://www.laliga.com/laliga-easports/clubes,20 clubes; temporada 2026/27
6,Países del mundo,Nombra un Estado miembro de la ONU.,Afganistán,afganistan,2,2 · Bajo el hielo,Afghanistan,https://www.un.org/en/about-us/member-states,193 Estados miembros
6,Países del mundo,Nombra un Estado miembro de la ONU.,Albania,albania,2,2 · Bajo el hielo,,https://www.un.org/en/about-us/member-states,193 Estados miembros
6,Países del mundo,Nombra un Estado miembro de la ONU.,Argelia,argelia,2,2 · Bajo el hielo,Algeria,https://www.un.org/en/about-us/member-states,193 Estados miembros
6,Países del mundo,Nombra un Estado miembro de la ONU.,Andorra,andorra,2,2 · Bajo el hielo,,https://www.un.org/en/about-us/member-states,193 Estados miembros
6,Países del mundo,Nombra un Estado miembro de la ONU.,Angola,angola,3,3 · Profundo,,https://www.un.org/en/about-us/member-states,193 Estados miembros
6,Países del mundo,Nombra un Estado miembro de la ONU.,Antigua y Barbuda,antiguaybarbuda,3,3 · Profundo,Antigua and Barbuda,https://www.un.org/en/about-us/member-states,193 Estados miembros
6,Países del mundo,Nombra un Estado miembro de la ONU.,Argentina,argentina,1,🧊 1 · Punta del iceberg,,https://www.un.org/en/about-us/member-states,193 Estados miembros
6,Países del mundo,Nombra un Estado miembro de la ONU.,Armenia,armenia,3,3 · Profundo,,https://www.un.org/en/about-us/member-states,193 Estados miembros
6,Países del mundo,Nombra un Estado miembro de la ONU.,Australia,australia,1,🧊 1 · Punta del iceberg,,https://www.un.org/en/about-us/member-states,193 Estados miembros
6,Países del mundo,Nombra un Estado miembro de la ONU.,Austria,austria,2,2 · Bajo el hielo,,https://www.un.org/en/about-us/member-states,193 Estados miembros
6,Países del mundo,Nombra un Estado miembro de la ONU.,Azerbaiyán,azerbaiyan,3,3 · Profundo,Azerbaijan,https://www.un.org/en/about-us/member-states,193 Estados miembros
6,Países del mundo,Nombra un Estado miembro de la ONU.,Bahamas,bahamas,3,3 · Profundo,,https://www.un.org/en/about-us/member-states,193 Estados miembros
6,Países del mundo,Nombra un Estado miembro de la ONU.,Bahrein,bahrein,3,3 · Profundo,Bahrain,https://www.un.org/en/about-us/member-states,193 Estados miembros
6,Países del mundo,Nombra un Estado miembro de la ONU.,Bangladesh,bangladesh,3,3 · Profundo,,https://www.un.org/en/about-us/member-states,193 Estados miembros
6,Países del mundo,Nombra un Estado miembro de la ONU.,Barbados,barbados,3,3 · Profundo,,https://www.un.org/en/about-us/member-states,193 Estados miembros
6,Países del mundo,Nombra un Estado miembro de la ONU.,Bielorrusia,bielorrusia,3,3 · Profundo,Belarus,https://www.un.org/en/about-us/member-states,193 Estados miembros
6,Países del mundo,Nombra un Estado miembro de la ONU.,Bélgica,belgica,1,🧊 1 · Punta del iceberg,Belgium,https://www.un.org/en/about-us/member-states,193 Estados miembros
6,Países del mundo,Nombra un Estado miembro de la ONU.,Belice,belice,3,3 · Profundo,Belize,https://www.un.org/en/about-us/member-states,193 Estados miembros
6,Países del mundo,Nombra un Estado miembro de la ONU.,Benín,benin,3,3 · Profundo,,https://www.un.org/en/about-us/member-states,193 Estados miembros
6,Países del mundo,Nombra un Estado miembro de la ONU.,Bután,butan,3,3 · Profundo,Bhutan,https://www.un.org/en/about-us/member-states,193 Estados miembros
6,Países del mundo,Nombra un Estado miembro de la ONU.,Bolivia,bolivia,3,3 · Profundo,,https://www.un.org/en/about-us/member-states,193 Estados miembros
6,Países del mundo,Nombra un Estado miembro de la ONU.,Bosnia y Herzegovina,bosniayherzegovina,3,3 · Profundo,Bosnia and Herzegovina,https://www.un.org/en/about-us/member-states,193 Estados miembros
6,Países del mundo,Nombra un Estado miembro de la ONU.,Botswana,botswana,3,3 · Profundo,,https://www.un.org/en/about-us/member-states,193 Estados miembros
6,Países del mundo,Nombra un Estado miembro de la ONU.,Brasil,brasil,1,🧊 1 · Punta del iceberg,Brazil,https://www.un.org/en/about-us/member-states,193 Estados miembros
6,Países del mundo,Nombra un Estado miembro de la ONU.,Brunei,brunei,3,3 · Profundo,Brunei Darussalam,https://www.un.org/en/about-us/member-states,193 Estados miembros
6,Países del mundo,Nombra un Estado miembro de la ONU.,Bulgaria,bulgaria,3,3 · Profundo,,https://www.un.org/en/about-us/member-states,193 Estados miembros
6,Países del mundo,Nombra un Estado miembro de la ONU.,Burkina Faso,burkinafaso,3,3 · Profundo,,https://www.un.org/en/about-us/member-states,193 Estados miembros
6,Países del mundo,Nombra un Estado miembro de la ONU.,Burundi,burundi,3,3 · Profundo,,https://www.un.org/en/about-us/member-states,193 Estados miembros
6,Países del mundo,Nombra un Estado miembro de la ONU.,Cabo Verde,caboverde,3,3 · Profundo,,https://www.un.org/en/about-us/member-states,193 Estados miembros
6,Países del mundo,Nombra un Estado miembro de la ONU.,Camboya,camboya,3,3 · Profundo,Cambodia,https://www.un.org/en/about-us/member-states,193 Estados miembros
6,Países del mundo,Nombra un Estado miembro de la ONU.,Camerún,camerun,3,3 · Profundo,Cameroon,https://www.un.org/en/about-us/member-states,193 Estados miembros
6,Países del mundo,Nombra un Estado miembro de la ONU.,Canadá,canada,2,2 · Bajo el hielo,,https://www.un.org/en/about-us/member-states,193 Estados miembros
6,Países del mundo,Nombra un Estado miembro de la ONU.,República Centroafricana,republicacentroafricana,3,3 · Profundo,Central African Republic,https://www.un.org/en/about-us/member-states,193 Estados miembros
6,Países del mundo,Nombra un Estado miembro de la ONU.,Chad,chad,3,3 · Profundo,,https://www.un.org/en/about-us/member-states,193 Estados miembros
6,Países del mundo,Nombra un Estado miembro de la ONU.,Chile,chile,2,2 · Bajo el hielo,,https://www.un.org/en/about-us/member-states,193 Estados miembros
6,Países del mundo,Nombra un Estado miembro de la ONU.,China,china,1,🧊 1 · Punta del iceberg,,https://www.un.org/en/about-us/member-states,193 Estados miembros
6,Países del mundo,Nombra un Estado miembro de la ONU.,Colombia,colombia,2,2 · Bajo el hielo,,https://www.un.org/en/about-us/member-states,193 Estados miembros
6,Países del mundo,Nombra un Estado miembro de la ONU.,Comoras,comoras,5,🕳️ 5 · Abismo,Comoros,https://www.un.org/en/about-us/member-states,193 Estados miembros
6,Países del mundo,Nombra un Estado miembro de la ONU.,Congo,congo,3,3 · Profundo,,https://www.un.org/en/about-us/member-states,193 Estados miembros
6,Países del mundo,Nombra un Estado miembro de la ONU.,Costa Rica,costarica,2,2 · Bajo el hielo,,https://www.un.org/en/about-us/member-states,193 Estados miembros
6,Países del mundo,Nombra un Estado miembro de la ONU.,Costa de Marfil,costademarfil,3,3 · Profundo,Côte D'Ivoire,https://www.un.org/en/about-us/member-states,193 Estados miembros
6,Países del mundo,Nombra un Estado miembro de la ONU.,Croacia,croacia,2,2 · Bajo el hielo,Croatia,https://www.un.org/en/about-us/member-states,193 Estados miembros
6,Países del mundo,Nombra un Estado miembro de la ONU.,Cuba,cuba,2,2 · Bajo el hielo,,https://www.un.org/en/about-us/member-states,193 Estados miembros
6,Países del mundo,Nombra un Estado miembro de la ONU.,Chipre,chipre,3,3 · Profundo,Cyprus,https://www.un.org/en/about-us/member-states,193 Estados miembros
6,Países del mundo,Nombra un Estado miembro de la ONU.,República Checa,republicacheca,3,3 · Profundo,Czechia,https://www.un.org/en/about-us/member-states,193 Estados miembros
6,Países del mundo,Nombra un Estado miembro de la ONU.,Corea del Norte,coreadelnorte,3,3 · Profundo,Democratic People's Republic of Korea,https://www.un.org/en/about-us/member-states,193 Estados miembros
6,Países del mundo,Nombra un Estado miembro de la ONU.,Congo (Rep. Dem.),congorepdem,3,3 · Profundo,Democratic Republic of the Congo,https://www.un.org/en/about-us/member-states,193 Estados miembros
6,Países del mundo,Nombra un Estado miembro de la ONU.,Dinamarca,dinamarca,2,2 · Bajo el hielo,Denmark,https://www.un.org/en/about-us/member-states,193 Estados miembros
6,Países del mundo,Nombra un Estado miembro de la ONU.,Yibuti,yibuti,3,3 · Profundo,Djibouti,https://www.un.org/en/about-us/member-states,193 Estados miembros
6,Países del mundo,Nombra un Estado miembro de la ONU.,Dominica,dominica,3,3 · Profundo,,https://www.un.org/en/about-us/member-states,193 Estados miembros
6,Países del mundo,Nombra un Estado miembro de la ONU.,República Dominicana,republicadominicana,2,2 · Bajo el hielo,Dominican Republic,https://www.un.org/en/about-us/member-states,193 Estados miembros
6,Países del mundo,Nombra un Estado miembro de la ONU.,Ecuador,ecuador,2,2 · Bajo el hielo,,https://www.un.org/en/about-us/member-states,193 Estados miembros
6,Países del mundo,Nombra un Estado miembro de la ONU.,Egipto,egipto,2,2 · Bajo el hielo,Egypt,https://www.un.org/en/about-us/member-states,193 Estados miembros
6,Países del mundo,Nombra un Estado miembro de la ONU.,El Salvador,elsalvador,3,3 · Profundo,,https://www.un.org/en/about-us/member-states,193 Estados miembros
6,Países del mundo,Nombra un Estado miembro de la ONU.,Guinea Ecuatorial,guineaecuatorial,3,3 · Profundo,Equatorial Guinea,https://www.un.org/en/about-us/member-states,193 Estados miembros
6,Países del mundo,Nombra un Estado miembro de la ONU.,Eritrea,eritrea,3,3 · Profundo,,https://www.un.org/en/about-us/member-states,193 Estados miembros
6,Países del mundo,Nombra un Estado miembro de la ONU.,Estonia,estonia,3,3 · Profundo,,https://www.un.org/en/about-us/member-states,193 Estados miembros
6,Países del mundo,Nombra un Estado miembro de la ONU.,Suazilandia,suazilandia,3,3 · Profundo,Eswatini,https://www.un.org/en/about-us/member-states,193 Estados miembros
6,Países del mundo,Nombra un Estado miembro de la ONU.,Etiopía,etiopia,3,3 · Profundo,Ethiopia,https://www.un.org/en/about-us/member-states,193 Estados miembros
6,Países del mundo,Nombra un Estado miembro de la ONU.,Fiyi,fiyi,3,3 · Profundo,Fiji,https://www.un.org/en/about-us/member-states,193 Estados miembros
6,Países del mundo,Nombra un Estado miembro de la ONU.,Finlandia,finlandia,2,2 · Bajo el hielo,Finland,https://www.un.org/en/about-us/member-states,193 Estados miembros
6,Países del mundo,Nombra un Estado miembro de la ONU.,Francia,francia,1,🧊 1 · Punta del iceberg,France,https://www.un.org/en/about-us/member-states,193 Estados miembros
6,Países del mundo,Nombra un Estado miembro de la ONU.,Gabón,gabon,3,3 · Profundo,,https://www.un.org/en/about-us/member-states,193 Estados miembros
6,Países del mundo,Nombra un Estado miembro de la ONU.,Gambia,gambia,3,3 · Profundo,,https://www.un.org/en/about-us/member-states,193 Estados miembros
6,Países del mundo,Nombra un Estado miembro de la ONU.,Georgia,georgia,3,3 · Profundo,,https://www.un.org/en/about-us/member-states,193 Estados miembros
6,Países del mundo,Nombra un Estado miembro de la ONU.,Alemania,alemania,1,🧊 1 · Punta del iceberg,Germany,https://www.un.org/en/about-us/member-states,193 Estados miembros
6,Países del mundo,Nombra un Estado miembro de la ONU.,Ghana,ghana,3,3 · Profundo,,https://www.un.org/en/about-us/member-states,193 Estados miembros
6,Países del mundo,Nombra un Estado miembro de la ONU.,Grecia,grecia,1,🧊 1 · Punta del iceberg,Greece,https://www.un.org/en/about-us/member-states,193 Estados miembros
6,Países del mundo,Nombra un Estado miembro de la ONU.,Grenada,grenada,3,3 · Profundo,,https://www.un.org/en/about-us/member-states,193 Estados miembros
6,Países del mundo,Nombra un Estado miembro de la ONU.,Guatemala,guatemala,3,3 · Profundo,,https://www.un.org/en/about-us/member-states,193 Estados miembros
6,Países del mundo,Nombra un Estado miembro de la ONU.,Guinea,guinea,3,3 · Profundo,,https://www.un.org/en/about-us/member-states,193 Estados miembros
6,Países del mundo,Nombra un Estado miembro de la ONU.,Guinea-Bisáu,guineabisau,3,3 · Profundo,Guinea-Bissau,https://www.un.org/en/about-us/member-states,193 Estados miembros
6,Países del mundo,Nombra un Estado miembro de la ONU.,Guyana,guyana,3,3 · Profundo,,https://www.un.org/en/about-us/member-states,193 Estados miembros
6,Países del mundo,Nombra un Estado miembro de la ONU.,Haiti,haiti,3,3 · Profundo,,https://www.un.org/en/about-us/member-states,193 Estados miembros
6,Países del mundo,Nombra un Estado miembro de la ONU.,Honduras,honduras,3,3 · Profundo,,https://www.un.org/en/about-us/member-states,193 Estados miembros
6,Países del mundo,Nombra un Estado miembro de la ONU.,Hungría,hungria,3,3 · Profundo,Hungary,https://www.un.org/en/about-us/member-states,193 Estados miembros
6,Países del mundo,Nombra un Estado miembro de la ONU.,Islandia,islandia,3,3 · Profundo,Iceland,https://www.un.org/en/about-us/member-states,193 Estados miembros
6,Países del mundo,Nombra un Estado miembro de la ONU.,India,india,1,🧊 1 · Punta del iceberg,,https://www.un.org/en/about-us/member-states,193 Estados miembros
6,Países del mundo,Nombra un Estado miembro de la ONU.,Indonesia,indonesia,2,2 · Bajo el hielo,,https://www.un.org/en/about-us/member-states,193 Estados miembros
6,Países del mundo,Nombra un Estado miembro de la ONU.,Iran,iran,2,2 · Bajo el hielo,,https://www.un.org/en/about-us/member-states,193 Estados miembros
6,Países del mundo,Nombra un Estado miembro de la ONU.,Irak,irak,2,2 · Bajo el hielo,Iraq,https://www.un.org/en/about-us/member-states,193 Estados miembros
6,Países del mundo,Nombra un Estado miembro de la ONU.,Irlanda,irlanda,1,🧊 1 · Punta del iceberg,Ireland,https://www.un.org/en/about-us/member-states,193 Estados miembros
6,Países del mundo,Nombra un Estado miembro de la ONU.,Israel,israel,2,2 · Bajo el hielo,,https://www.un.org/en/about-us/member-states,193 Estados miembros
6,Países del mundo,Nombra un Estado miembro de la ONU.,Italia,italia,1,🧊 1 · Punta del iceberg,Italy,https://www.un.org/en/about-us/member-states,193 Estados miembros
6,Países del mundo,Nombra un Estado miembro de la ONU.,Jamaica,jamaica,3,3 · Profundo,,https://www.un.org/en/about-us/member-states,193 Estados miembros
6,Países del mundo,Nombra un Estado miembro de la ONU.,Japón,japon,1,🧊 1 · Punta del iceberg,Japan,https://www.un.org/en/about-us/member-states,193 Estados miembros
6,Países del mundo,Nombra un Estado miembro de la ONU.,Jordania,jordania,3,3 · Profundo,Jordan,https://www.un.org/en/about-us/member-states,193 Estados miembros
6,Países del mundo,Nombra un Estado miembro de la ONU.,Kazajistán,kazajistan,3,3 · Profundo,Kazakhstan,https://www.un.org/en/about-us/member-states,193 Estados miembros
6,Países del mundo,Nombra un Estado miembro de la ONU.,Kenia,kenia,3,3 · Profundo,Kenya,https://www.un.org/en/about-us/member-states,193 Estados miembros
6,Países del mundo,Nombra un Estado miembro de la ONU.,Kiribati,kiribati,5,🕳️ 5 · Abismo,,https://www.un.org/en/about-us/member-states,193 Estados miembros
6,Países del mundo,Nombra un Estado miembro de la ONU.,Kuwait,kuwait,3,3 · Profundo,,https://www.un.org/en/about-us/member-states,193 Estados miembros
6,Países del mundo,Nombra un Estado miembro de la ONU.,Kirguizistán,kirguizistan,3,3 · Profundo,Kyrgyzstan,https://www.un.org/en/about-us/member-states,193 Estados miembros
6,Países del mundo,Nombra un Estado miembro de la ONU.,Laos,laos,4,4 · Muy profundo,Lao People's Democratic Republic,https://www.un.org/en/about-us/member-states,193 Estados miembros
6,Países del mundo,Nombra un Estado miembro de la ONU.,Letonia,letonia,4,4 · Muy profundo,Latvia,https://www.un.org/en/about-us/member-states,193 Estados miembros
6,Países del mundo,Nombra un Estado miembro de la ONU.,Líbano,libano,4,4 · Muy profundo,Lebanon,https://www.un.org/en/about-us/member-states,193 Estados miembros
6,Países del mundo,Nombra un Estado miembro de la ONU.,Lesotho,lesotho,4,4 · Muy profundo,,https://www.un.org/en/about-us/member-states,193 Estados miembros
6,Países del mundo,Nombra un Estado miembro de la ONU.,Liberia,liberia,4,4 · Muy profundo,,https://www.un.org/en/about-us/member-states,193 Estados miembros
6,Países del mundo,Nombra un Estado miembro de la ONU.,Libia,libia,4,4 · Muy profundo,Libya,https://www.un.org/en/about-us/member-states,193 Estados miembros
6,Países del mundo,Nombra un Estado miembro de la ONU.,Liechtenstein,liechtenstein,4,4 · Muy profundo,,https://www.un.org/en/about-us/member-states,193 Estados miembros
6,Países del mundo,Nombra un Estado miembro de la ONU.,Lituania,lituania,4,4 · Muy profundo,Lithuania,https://www.un.org/en/about-us/member-states,193 Estados miembros
6,Países del mundo,Nombra un Estado miembro de la ONU.,Luxemburgo,luxemburgo,4,4 · Muy profundo,Luxembourg,https://www.un.org/en/about-us/member-states,193 Estados miembros
6,Países del mundo,Nombra un Estado miembro de la ONU.,Madagascar,madagascar,4,4 · Muy profundo,,https://www.un.org/en/about-us/member-states,193 Estados miembros
6,Países del mundo,Nombra un Estado miembro de la ONU.,Malawi,malawi,4,4 · Muy profundo,,https://www.un.org/en/about-us/member-states,193 Estados miembros
6,Países del mundo,Nombra un Estado miembro de la ONU.,Malasia,malasia,4,4 · Muy profundo,Malaysia,https://www.un.org/en/about-us/member-states,193 Estados miembros
6,Países del mundo,Nombra un Estado miembro de la ONU.,Maldivas,maldivas,4,4 · Muy profundo,Maldives,https://www.un.org/en/about-us/member-states,193 Estados miembros
6,Países del mundo,Nombra un Estado miembro de la ONU.,Mali,mali,4,4 · Muy profundo,,https://www.un.org/en/about-us/member-states,193 Estados miembros
6,Países del mundo,Nombra un Estado miembro de la ONU.,Malta,malta,4,4 · Muy profundo,,https://www.un.org/en/about-us/member-states,193 Estados miembros
6,Países del mundo,Nombra un Estado miembro de la ONU.,Islas Marshall,islasmarshall,4,4 · Muy profundo,Marshall Islands,https://www.un.org/en/about-us/member-states,193 Estados miembros
6,Países del mundo,Nombra un Estado miembro de la ONU.,Mauritania,mauritania,4,4 · Muy profundo,,https://www.un.org/en/about-us/member-states,193 Estados miembros
6,Países del mundo,Nombra un Estado miembro de la ONU.,Mauricio,mauricio,4,4 · Muy profundo,Mauritius,https://www.un.org/en/about-us/member-states,193 Estados miembros
6,Países del mundo,Nombra un Estado miembro de la ONU.,México,mexico,1,🧊 1 · Punta del iceberg,,https://www.un.org/en/about-us/member-states,193 Estados miembros
6,Países del mundo,Nombra un Estado miembro de la ONU.,Micronesia,micronesia,4,4 · Muy profundo,,https://www.un.org/en/about-us/member-states,193 Estados miembros
6,Países del mundo,Nombra un Estado miembro de la ONU.,Mónaco,monaco,4,4 · Muy profundo,,https://www.un.org/en/about-us/member-states,193 Estados miembros
6,Países del mundo,Nombra un Estado miembro de la ONU.,Mongolia,mongolia,4,4 · Muy profundo,,https://www.un.org/en/about-us/member-states,193 Estados miembros
6,Países del mundo,Nombra un Estado miembro de la ONU.,Montenegro,montenegro,4,4 · Muy profundo,,https://www.un.org/en/about-us/member-states,193 Estados miembros
6,Países del mundo,Nombra un Estado miembro de la ONU.,Marruecos,marruecos,2,2 · Bajo el hielo,Morocco,https://www.un.org/en/about-us/member-states,193 Estados miembros
6,Países del mundo,Nombra un Estado miembro de la ONU.,Mozambique,mozambique,4,4 · Muy profundo,,https://www.un.org/en/about-us/member-states,193 Estados miembros
6,Países del mundo,Nombra un Estado miembro de la ONU.,Myanmar (Birmania),myanmarbirmania,4,4 · Muy profundo,Myanmar,https://www.un.org/en/about-us/member-states,193 Estados miembros
6,Países del mundo,Nombra un Estado miembro de la ONU.,Namibia,namibia,4,4 · Muy profundo,,https://www.un.org/en/about-us/member-states,193 Estados miembros
6,Países del mundo,Nombra un Estado miembro de la ONU.,Nauru,nauru,4,4 · Muy profundo,,https://www.un.org/en/about-us/member-states,193 Estados miembros
6,Países del mundo,Nombra un Estado miembro de la ONU.,Nepal,nepal,4,4 · Muy profundo,,https://www.un.org/en/about-us/member-states,193 Estados miembros
6,Países del mundo,Nombra un Estado miembro de la ONU.,Países Bajos,paisesbajos,1,🧊 1 · Punta del iceberg,Netherlands,https://www.un.org/en/about-us/member-states,193 Estados miembros
6,Países del mundo,Nombra un Estado miembro de la ONU.,Nueva Zelanda,nuevazelanda,2,2 · Bajo el hielo,New Zealand,https://www.un.org/en/about-us/member-states,193 Estados miembros
6,Países del mundo,Nombra un Estado miembro de la ONU.,Nicaragua,nicaragua,4,4 · Muy profundo,,https://www.un.org/en/about-us/member-states,193 Estados miembros
6,Países del mundo,Nombra un Estado miembro de la ONU.,Níger,niger,4,4 · Muy profundo,,https://www.un.org/en/about-us/member-states,193 Estados miembros
6,Países del mundo,Nombra un Estado miembro de la ONU.,Nigeria,nigeria,4,4 · Muy profundo,,https://www.un.org/en/about-us/member-states,193 Estados miembros
6,Países del mundo,Nombra un Estado miembro de la ONU.,Macedonia,macedonia,4,4 · Muy profundo,North Macedonia,https://www.un.org/en/about-us/member-states,193 Estados miembros
6,Países del mundo,Nombra un Estado miembro de la ONU.,Noruega,noruega,2,2 · Bajo el hielo,Norway,https://www.un.org/en/about-us/member-states,193 Estados miembros
6,Países del mundo,Nombra un Estado miembro de la ONU.,Omán,oman,4,4 · Muy profundo,,https://www.un.org/en/about-us/member-states,193 Estados miembros
6,Países del mundo,Nombra un Estado miembro de la ONU.,Pakistán,pakistan,2,2 · Bajo el hielo,,https://www.un.org/en/about-us/member-states,193 Estados miembros
6,Países del mundo,Nombra un Estado miembro de la ONU.,Palau,palau,4,4 · Muy profundo,,https://www.un.org/en/about-us/member-states,193 Estados miembros
6,Países del mundo,Nombra un Estado miembro de la ONU.,Panamá,panama,2,2 · Bajo el hielo,,https://www.un.org/en/about-us/member-states,193 Estados miembros
6,Países del mundo,Nombra un Estado miembro de la ONU.,Papúa Nueva Guinea,papuanuevaguinea,4,4 · Muy profundo,Papua New Guinea,https://www.un.org/en/about-us/member-states,193 Estados miembros
6,Países del mundo,Nombra un Estado miembro de la ONU.,Paraguay,paraguay,4,4 · Muy profundo,,https://www.un.org/en/about-us/member-states,193 Estados miembros
6,Países del mundo,Nombra un Estado miembro de la ONU.,Perú,peru,2,2 · Bajo el hielo,,https://www.un.org/en/about-us/member-states,193 Estados miembros
6,Países del mundo,Nombra un Estado miembro de la ONU.,Filipinas,filipinas,2,2 · Bajo el hielo,Philippines,https://www.un.org/en/about-us/member-states,193 Estados miembros
6,Países del mundo,Nombra un Estado miembro de la ONU.,Polonia,polonia,2,2 · Bajo el hielo,Poland,https://www.un.org/en/about-us/member-states,193 Estados miembros
6,Países del mundo,Nombra un Estado miembro de la ONU.,Portugal,portugal,1,🧊 1 · Punta del iceberg,,https://www.un.org/en/about-us/member-states,193 Estados miembros
6,Países del mundo,Nombra un Estado miembro de la ONU.,Catar,catar,4,4 · Muy profundo,Qatar,https://www.un.org/en/about-us/member-states,193 Estados miembros
6,Países del mundo,Nombra un Estado miembro de la ONU.,Corea del Sur,coreadelsur,2,2 · Bajo el hielo,Republic of Korea,https://www.un.org/en/about-us/member-states,193 Estados miembros
6,Países del mundo,Nombra un Estado miembro de la ONU.,Moldavia,moldavia,4,4 · Muy profundo,Republic of Moldova,https://www.un.org/en/about-us/member-states,193 Estados miembros
6,Países del mundo,Nombra un Estado miembro de la ONU.,Rumania,rumania,2,2 · Bajo el hielo,Romania,https://www.un.org/en/about-us/member-states,193 Estados miembros
6,Países del mundo,Nombra un Estado miembro de la ONU.,Rusia,rusia,1,🧊 1 · Punta del iceberg,Russian Federation,https://www.un.org/en/about-us/member-states,193 Estados miembros
6,Países del mundo,Nombra un Estado miembro de la ONU.,Ruanda,ruanda,4,4 · Muy profundo,Rwanda,https://www.un.org/en/about-us/member-states,193 Estados miembros
6,Países del mundo,Nombra un Estado miembro de la ONU.,San Cristóbal y Nieves,sancristobalynieves,4,4 · Muy profundo,Saint Kitts and Nevis,https://www.un.org/en/about-us/member-states,193 Estados miembros
6,Países del mundo,Nombra un Estado miembro de la ONU.,Santa Lucía,santalucia,4,4 · Muy profundo,Saint Lucia,https://www.un.org/en/about-us/member-states,193 Estados miembros
6,Países del mundo,Nombra un Estado miembro de la ONU.,San Vicente y Granadinas,sanvicenteygranadinas,4,4 · Muy profundo,Saint Vincent and the Grenadines,https://www.un.org/en/about-us/member-states,193 Estados miembros
6,Países del mundo,Nombra un Estado miembro de la ONU.,Samoa,samoa,4,4 · Muy profundo,,https://www.un.org/en/about-us/member-states,193 Estados miembros
6,Países del mundo,Nombra un Estado miembro de la ONU.,San Marino,sanmarino,4,4 · Muy profundo,,https://www.un.org/en/about-us/member-states,193 Estados miembros
6,Países del mundo,Nombra un Estado miembro de la ONU.,Santo Tomé y Príncipe,santotomeyprincipe,5,🕳️ 5 · Abismo,Sao Tome and Principe,https://www.un.org/en/about-us/member-states,193 Estados miembros
6,Países del mundo,Nombra un Estado miembro de la ONU.,Arabia Saudí,arabiasaudi,4,4 · Muy profundo,Saudi Arabia,https://www.un.org/en/about-us/member-states,193 Estados miembros
6,Países del mundo,Nombra un Estado miembro de la ONU.,Senegal,senegal,4,4 · Muy profundo,,https://www.un.org/en/about-us/member-states,193 Estados miembros
6,Países del mundo,Nombra un Estado miembro de la ONU.,Serbia,serbia,2,2 · Bajo el hielo,,https://www.un.org/en/about-us/member-states,193 Estados miembros
6,Países del mundo,Nombra un Estado miembro de la ONU.,Seychelles,seychelles,4,4 · Muy profundo,,https://www.un.org/en/about-us/member-states,193 Estados miembros
6,Países del mundo,Nombra un Estado miembro de la ONU.,Sierra Leone,sierraleone,4,4 · Muy profundo,,https://www.un.org/en/about-us/member-states,193 Estados miembros
6,Países del mundo,Nombra un Estado miembro de la ONU.,Singapur,singapur,4,4 · Muy profundo,Singapore,https://www.un.org/en/about-us/member-states,193 Estados miembros
6,Países del mundo,Nombra un Estado miembro de la ONU.,República Eslovaca,republicaeslovaca,4,4 · Muy profundo,Slovakia,https://www.un.org/en/about-us/member-states,193 Estados miembros
6,Países del mundo,Nombra un Estado miembro de la ONU.,Eslovenia,eslovenia,4,4 · Muy profundo,Slovenia,https://www.un.org/en/about-us/member-states,193 Estados miembros
6,Países del mundo,Nombra un Estado miembro de la ONU.,Islas Salomón,islassalomon,4,4 · Muy profundo,Solomon Islands,https://www.un.org/en/about-us/member-states,193 Estados miembros
6,Países del mundo,Nombra un Estado miembro de la ONU.,Somalia,somalia,4,4 · Muy profundo,,https://www.un.org/en/about-us/member-states,193 Estados miembros
6,Países del mundo,Nombra un Estado miembro de la ONU.,República de Sudáfrica,republicadesudafrica,4,4 · Muy profundo,South Africa,https://www.un.org/en/about-us/member-states,193 Estados miembros
6,Países del mundo,Nombra un Estado miembro de la ONU.,Sudán del Sur,sudandelsur,4,4 · Muy profundo,South Sudan,https://www.un.org/en/about-us/member-states,193 Estados miembros
6,Países del mundo,Nombra un Estado miembro de la ONU.,España,espana,1,🧊 1 · Punta del iceberg,Spain,https://www.un.org/en/about-us/member-states,193 Estados miembros
6,Países del mundo,Nombra un Estado miembro de la ONU.,Sri Lanka,srilanka,4,4 · Muy profundo,,https://www.un.org/en/about-us/member-states,193 Estados miembros
6,Países del mundo,Nombra un Estado miembro de la ONU.,Sudán,sudan,4,4 · Muy profundo,,https://www.un.org/en/about-us/member-states,193 Estados miembros
6,Países del mundo,Nombra un Estado miembro de la ONU.,Surinam,surinam,4,4 · Muy profundo,Suriname,https://www.un.org/en/about-us/member-states,193 Estados miembros
6,Países del mundo,Nombra un Estado miembro de la ONU.,Suecia,suecia,2,2 · Bajo el hielo,Sweden,https://www.un.org/en/about-us/member-states,193 Estados miembros
6,Países del mundo,Nombra un Estado miembro de la ONU.,Suiza,suiza,1,🧊 1 · Punta del iceberg,Switzerland,https://www.un.org/en/about-us/member-states,193 Estados miembros
6,Países del mundo,Nombra un Estado miembro de la ONU.,Siria,siria,4,4 · Muy profundo,Syrian Arab Republic,https://www.un.org/en/about-us/member-states,193 Estados miembros
6,Países del mundo,Nombra un Estado miembro de la ONU.,Tayikistán,tayikistan,4,4 · Muy profundo,Tajikistan,https://www.un.org/en/about-us/member-states,193 Estados miembros
6,Países del mundo,Nombra un Estado miembro de la ONU.,Tailandia,tailandia,2,2 · Bajo el hielo,Thailand,https://www.un.org/en/about-us/member-states,193 Estados miembros
6,Países del mundo,Nombra un Estado miembro de la ONU.,Timor Oriental,timororiental,4,4 · Muy profundo,Timor-Leste,https://www.un.org/en/about-us/member-states,193 Estados miembros
6,Países del mundo,Nombra un Estado miembro de la ONU.,Togo,togo,4,4 · Muy profundo,,https://www.un.org/en/about-us/member-states,193 Estados miembros
6,Países del mundo,Nombra un Estado miembro de la ONU.,Tonga,tonga,4,4 · Muy profundo,,https://www.un.org/en/about-us/member-states,193 Estados miembros
6,Países del mundo,Nombra un Estado miembro de la ONU.,Trinidad y Tobago,trinidadytobago,4,4 · Muy profundo,Trinidad and Tobago,https://www.un.org/en/about-us/member-states,193 Estados miembros
6,Países del mundo,Nombra un Estado miembro de la ONU.,Túnez,tunez,4,4 · Muy profundo,Tunisia,https://www.un.org/en/about-us/member-states,193 Estados miembros
6,Países del mundo,Nombra un Estado miembro de la ONU.,Turquía,turquia,2,2 · Bajo el hielo,Türkiye,https://www.un.org/en/about-us/member-states,193 Estados miembros
6,Países del mundo,Nombra un Estado miembro de la ONU.,Turkmenistán,turkmenistan,4,4 · Muy profundo,,https://www.un.org/en/about-us/member-states,193 Estados miembros
6,Países del mundo,Nombra un Estado miembro de la ONU.,Tuvalu,tuvalu,4,4 · Muy profundo,,https://www.un.org/en/about-us/member-states,193 Estados miembros
6,Países del mundo,Nombra un Estado miembro de la ONU.,Uganda,uganda,4,4 · Muy profundo,,https://www.un.org/en/about-us/member-states,193 Estados miembros
6,Países del mundo,Nombra un Estado miembro de la ONU.,Ucrania,ucrania,2,2 · Bajo el hielo,Ukraine,https://www.un.org/en/about-us/member-states,193 Estados miembros
6,Países del mundo,Nombra un Estado miembro de la ONU.,Emiratos Árabes Unidos,emiratosarabesunidos,2,2 · Bajo el hielo,United Arab Emirates,https://www.un.org/en/about-us/member-states,193 Estados miembros
6,Países del mundo,Nombra un Estado miembro de la ONU.,Reino Unido,reinounido,1,🧊 1 · Punta del iceberg,United Kingdom of Great Britain and Northern Ireland,https://www.un.org/en/about-us/member-states,193 Estados miembros
6,Países del mundo,Nombra un Estado miembro de la ONU.,Tanzania,tanzania,4,4 · Muy profundo,United Republic of Tanzania,https://www.un.org/en/about-us/member-states,193 Estados miembros
6,Países del mundo,Nombra un Estado miembro de la ONU.,Estados Unidos,estadosunidos,1,🧊 1 · Punta del iceberg,United States of America,https://www.un.org/en/about-us/member-states,193 Estados miembros
6,Países del mundo,Nombra un Estado miembro de la ONU.,Uruguay,uruguay,2,2 · Bajo el hielo,,https://www.un.org/en/about-us/member-states,193 Estados miembros
6,Países del mundo,Nombra un Estado miembro de la ONU.,Uzbekistán,uzbekistan,4,4 · Muy profundo,,https://www.un.org/en/about-us/member-states,193 Estados miembros
6,Países del mundo,Nombra un Estado miembro de la ONU.,Vanuatu,vanuatu,4,4 · Muy profundo,,https://www.un.org/en/about-us/member-states,193 Estados miembros
6,Países del mundo,Nombra un Estado miembro de la ONU.,Venezuela,venezuela,2,2 · Bajo el hielo,,https://www.un.org/en/about-us/member-states,193 Estados miembros
6,Países del mundo,Nombra un Estado miembro de la ONU.,Vietnam,vietnam,2,2 · Bajo el hielo,,https://www.un.org/en/about-us/member-states,193 Estados miembros
6,Países del mundo,Nombra un Estado miembro de la ONU.,Yemen,yemen,4,4 · Muy profundo,,https://www.un.org/en/about-us/member-states,193 Estados miembros
6,Países del mundo,Nombra un Estado miembro de la ONU.,Zambia,zambia,4,4 · Muy profundo,,https://www.un.org/en/about-us/member-states,193 Estados miembros
6,Países del mundo,Nombra un Estado miembro de la ONU.,Zimbabue,zimbabue,4,4 · Muy profundo,Zimbabwe,https://www.un.org/en/about-us/member-states,193 Estados miembros
7,Capitales del mundo,Nombra la capital de un Estado miembro de la ONU.,Kabul,kabul,2,2 · Bajo el hielo,,https://www.un.org/en/about-us/member-states,Capitales extraídas del universo de 193 Estados miembros
7,Capitales del mundo,Nombra la capital de un Estado miembro de la ONU.,Tirana,tirana,2,2 · Bajo el hielo,,https://www.un.org/en/about-us/member-states,Capitales extraídas del universo de 193 Estados miembros
7,Capitales del mundo,Nombra la capital de un Estado miembro de la ONU.,Algiers,algiers,2,2 · Bajo el hielo,,https://www.un.org/en/about-us/member-states,Capitales extraídas del universo de 193 Estados miembros
7,Capitales del mundo,Nombra la capital de un Estado miembro de la ONU.,Luanda,luanda,2,2 · Bajo el hielo,,https://www.un.org/en/about-us/member-states,Capitales extraídas del universo de 193 Estados miembros
7,Capitales del mundo,Nombra la capital de un Estado miembro de la ONU.,Saint John's,saintjohns,2,2 · Bajo el hielo,,https://www.un.org/en/about-us/member-states,Capitales extraídas del universo de 193 Estados miembros
7,Capitales del mundo,Nombra la capital de un Estado miembro de la ONU.,Buenos Aires,buenosaires,1,🧊 1 · Punta del iceberg,,https://www.un.org/en/about-us/member-states,Capitales extraídas del universo de 193 Estados miembros
7,Capitales del mundo,Nombra la capital de un Estado miembro de la ONU.,Yerevan,yerevan,3,3 · Profundo,,https://www.un.org/en/about-us/member-states,Capitales extraídas del universo de 193 Estados miembros
7,Capitales del mundo,Nombra la capital de un Estado miembro de la ONU.,Canberra,canberra,1,🧊 1 · Punta del iceberg,,https://www.un.org/en/about-us/member-states,Capitales extraídas del universo de 193 Estados miembros
7,Capitales del mundo,Nombra la capital de un Estado miembro de la ONU.,Vienna,vienna,2,2 · Bajo el hielo,,https://www.un.org/en/about-us/member-states,Capitales extraídas del universo de 193 Estados miembros
7,Capitales del mundo,Nombra la capital de un Estado miembro de la ONU.,Baku,baku,3,3 · Profundo,,https://www.un.org/en/about-us/member-states,Capitales extraídas del universo de 193 Estados miembros
7,Capitales del mundo,Nombra la capital de un Estado miembro de la ONU.,Nassau,nassau,3,3 · Profundo,,https://www.un.org/en/about-us/member-states,Capitales extraídas del universo de 193 Estados miembros
7,Capitales del mundo,Nombra la capital de un Estado miembro de la ONU.,Manama,manama,3,3 · Profundo,,https://www.un.org/en/about-us/member-states,Capitales extraídas del universo de 193 Estados miembros
7,Capitales del mundo,Nombra la capital de un Estado miembro de la ONU.,Dhaka,dhaka,3,3 · Profundo,,https://www.un.org/en/about-us/member-states,Capitales extraídas del universo de 193 Estados miembros
7,Capitales del mundo,Nombra la capital de un Estado miembro de la ONU.,Bridgetown,bridgetown,3,3 · Profundo,,https://www.un.org/en/about-us/member-states,Capitales extraídas del universo de 193 Estados miembros
7,Capitales del mundo,Nombra la capital de un Estado miembro de la ONU.,Minsk,minsk,3,3 · Profundo,,https://www.un.org/en/about-us/member-states,Capitales extraídas del universo de 193 Estados miembros
7,Capitales del mundo,Nombra la capital de un Estado miembro de la ONU.,Brussels,brussels,1,🧊 1 · Punta del iceberg,,https://www.un.org/en/about-us/member-states,Capitales extraídas del universo de 193 Estados miembros
7,Capitales del mundo,Nombra la capital de un Estado miembro de la ONU.,Belmopan,belmopan,3,3 · Profundo,,https://www.un.org/en/about-us/member-states,Capitales extraídas del universo de 193 Estados miembros
7,Capitales del mundo,Nombra la capital de un Estado miembro de la ONU.,Porto-Novo,portonovo,3,3 · Profundo,,https://www.un.org/en/about-us/member-states,Capitales extraídas del universo de 193 Estados miembros
7,Capitales del mundo,Nombra la capital de un Estado miembro de la ONU.,Thimphu,thimphu,3,3 · Profundo,,https://www.un.org/en/about-us/member-states,Capitales extraídas del universo de 193 Estados miembros
7,Capitales del mundo,Nombra la capital de un Estado miembro de la ONU.,Sucre,sucre,3,3 · Profundo,,https://www.un.org/en/about-us/member-states,Capitales extraídas del universo de 193 Estados miembros
7,Capitales del mundo,Nombra la capital de un Estado miembro de la ONU.,Sarajevo,sarajevo,3,3 · Profundo,,https://www.un.org/en/about-us/member-states,Capitales extraídas del universo de 193 Estados miembros
7,Capitales del mundo,Nombra la capital de un Estado miembro de la ONU.,Gaborone,gaborone,3,3 · Profundo,,https://www.un.org/en/about-us/member-states,Capitales extraídas del universo de 193 Estados miembros
7,Capitales del mundo,Nombra la capital de un Estado miembro de la ONU.,Brasília,brasilia,1,🧊 1 · Punta del iceberg,,https://www.un.org/en/about-us/member-states,Capitales extraídas del universo de 193 Estados miembros
7,Capitales del mundo,Nombra la capital de un Estado miembro de la ONU.,Bandar Seri Begawan,bandarseribegawan,3,3 · Profundo,,https://www.un.org/en/about-us/member-states,Capitales extraídas del universo de 193 Estados miembros
7,Capitales del mundo,Nombra la capital de un Estado miembro de la ONU.,Sofia,sofia,3,3 · Profundo,,https://www.un.org/en/about-us/member-states,Capitales extraídas del universo de 193 Estados miembros
7,Capitales del mundo,Nombra la capital de un Estado miembro de la ONU.,Ouagadougou,ouagadougou,3,3 · Profundo,,https://www.un.org/en/about-us/member-states,Capitales extraídas del universo de 193 Estados miembros
7,Capitales del mundo,Nombra la capital de un Estado miembro de la ONU.,Gitega,gitega,3,3 · Profundo,,https://www.un.org/en/about-us/member-states,Capitales extraídas del universo de 193 Estados miembros
7,Capitales del mundo,Nombra la capital de un Estado miembro de la ONU.,Praia,praia,3,3 · Profundo,,https://www.un.org/en/about-us/member-states,Capitales extraídas del universo de 193 Estados miembros
7,Capitales del mundo,Nombra la capital de un Estado miembro de la ONU.,Phnom Penh,phnompenh,3,3 · Profundo,,https://www.un.org/en/about-us/member-states,Capitales extraídas del universo de 193 Estados miembros
7,Capitales del mundo,Nombra la capital de un Estado miembro de la ONU.,Yaoundé,yaounde,3,3 · Profundo,,https://www.un.org/en/about-us/member-states,Capitales extraídas del universo de 193 Estados miembros
7,Capitales del mundo,Nombra la capital de un Estado miembro de la ONU.,Ottawa,ottawa,1,🧊 1 · Punta del iceberg,,https://www.un.org/en/about-us/member-states,Capitales extraídas del universo de 193 Estados miembros
7,Capitales del mundo,Nombra la capital de un Estado miembro de la ONU.,Bangui,bangui,3,3 · Profundo,,https://www.un.org/en/about-us/member-states,Capitales extraídas del universo de 193 Estados miembros
7,Capitales del mundo,Nombra la capital de un Estado miembro de la ONU.,N'Djamena,ndjamena,3,3 · Profundo,,https://www.un.org/en/about-us/member-states,Capitales extraídas del universo de 193 Estados miembros
7,Capitales del mundo,Nombra la capital de un Estado miembro de la ONU.,Santiago,santiago,2,2 · Bajo el hielo,,https://www.un.org/en/about-us/member-states,Capitales extraídas del universo de 193 Estados miembros
7,Capitales del mundo,Nombra la capital de un Estado miembro de la ONU.,Beijing,beijing,1,🧊 1 · Punta del iceberg,,https://www.un.org/en/about-us/member-states,Capitales extraídas del universo de 193 Estados miembros
7,Capitales del mundo,Nombra la capital de un Estado miembro de la ONU.,Bogotá,bogota,2,2 · Bajo el hielo,,https://www.un.org/en/about-us/member-states,Capitales extraídas del universo de 193 Estados miembros
7,Capitales del mundo,Nombra la capital de un Estado miembro de la ONU.,Moroni,moroni,5,🕳️ 5 · Abismo,,https://www.un.org/en/about-us/member-states,Capitales extraídas del universo de 193 Estados miembros
7,Capitales del mundo,Nombra la capital de un Estado miembro de la ONU.,Brazzaville,brazzaville,3,3 · Profundo,,https://www.un.org/en/about-us/member-states,Capitales extraídas del universo de 193 Estados miembros
7,Capitales del mundo,Nombra la capital de un Estado miembro de la ONU.,San José,sanjose,2,2 · Bajo el hielo,,https://www.un.org/en/about-us/member-states,Capitales extraídas del universo de 193 Estados miembros
7,Capitales del mundo,Nombra la capital de un Estado miembro de la ONU.,Yamoussoukro,yamoussoukro,3,3 · Profundo,,https://www.un.org/en/about-us/member-states,Capitales extraídas del universo de 193 Estados miembros
7,Capitales del mundo,Nombra la capital de un Estado miembro de la ONU.,Zagreb,zagreb,2,2 · Bajo el hielo,,https://www.un.org/en/about-us/member-states,Capitales extraídas del universo de 193 Estados miembros
7,Capitales del mundo,Nombra la capital de un Estado miembro de la ONU.,Havana,havana,2,2 · Bajo el hielo,,https://www.un.org/en/about-us/member-states,Capitales extraídas del universo de 193 Estados miembros
7,Capitales del mundo,Nombra la capital de un Estado miembro de la ONU.,Nicosia,nicosia,3,3 · Profundo,,https://www.un.org/en/about-us/member-states,Capitales extraídas del universo de 193 Estados miembros
7,Capitales del mundo,Nombra la capital de un Estado miembro de la ONU.,Prague,prague,3,3 · Profundo,,https://www.un.org/en/about-us/member-states,Capitales extraídas del universo de 193 Estados miembros
7,Capitales del mundo,Nombra la capital de un Estado miembro de la ONU.,Pyongyang,pyongyang,3,3 · Profundo,,https://www.un.org/en/about-us/member-states,Capitales extraídas del universo de 193 Estados miembros
7,Capitales del mundo,Nombra la capital de un Estado miembro de la ONU.,Kinshasa,kinshasa,3,3 · Profundo,,https://www.un.org/en/about-us/member-states,Capitales extraídas del universo de 193 Estados miembros
7,Capitales del mundo,Nombra la capital de un Estado miembro de la ONU.,Copenhagen,copenhagen,2,2 · Bajo el hielo,,https://www.un.org/en/about-us/member-states,Capitales extraídas del universo de 193 Estados miembros
7,Capitales del mundo,Nombra la capital de un Estado miembro de la ONU.,Djibouti,djibouti,3,3 · Profundo,,https://www.un.org/en/about-us/member-states,Capitales extraídas del universo de 193 Estados miembros
7,Capitales del mundo,Nombra la capital de un Estado miembro de la ONU.,Roseau,roseau,3,3 · Profundo,,https://www.un.org/en/about-us/member-states,Capitales extraídas del universo de 193 Estados miembros
7,Capitales del mundo,Nombra la capital de un Estado miembro de la ONU.,Santo Domingo,santodomingo,2,2 · Bajo el hielo,,https://www.un.org/en/about-us/member-states,Capitales extraídas del universo de 193 Estados miembros
7,Capitales del mundo,Nombra la capital de un Estado miembro de la ONU.,Quito,quito,2,2 · Bajo el hielo,,https://www.un.org/en/about-us/member-states,Capitales extraídas del universo de 193 Estados miembros
7,Capitales del mundo,Nombra la capital de un Estado miembro de la ONU.,Cairo,cairo,2,2 · Bajo el hielo,,https://www.un.org/en/about-us/member-states,Capitales extraídas del universo de 193 Estados miembros
7,Capitales del mundo,Nombra la capital de un Estado miembro de la ONU.,San Salvador,sansalvador,3,3 · Profundo,,https://www.un.org/en/about-us/member-states,Capitales extraídas del universo de 193 Estados miembros
7,Capitales del mundo,Nombra la capital de un Estado miembro de la ONU.,Malabo,malabo,3,3 · Profundo,,https://www.un.org/en/about-us/member-states,Capitales extraídas del universo de 193 Estados miembros
7,Capitales del mundo,Nombra la capital de un Estado miembro de la ONU.,Asmara,asmara,3,3 · Profundo,,https://www.un.org/en/about-us/member-states,Capitales extraídas del universo de 193 Estados miembros
7,Capitales del mundo,Nombra la capital de un Estado miembro de la ONU.,Tallinn,tallinn,3,3 · Profundo,,https://www.un.org/en/about-us/member-states,Capitales extraídas del universo de 193 Estados miembros
7,Capitales del mundo,Nombra la capital de un Estado miembro de la ONU.,Mbabane,mbabane,3,3 · Profundo,,https://www.un.org/en/about-us/member-states,Capitales extraídas del universo de 193 Estados miembros
7,Capitales del mundo,Nombra la capital de un Estado miembro de la ONU.,Addis Ababa,addisababa,3,3 · Profundo,,https://www.un.org/en/about-us/member-states,Capitales extraídas del universo de 193 Estados miembros
7,Capitales del mundo,Nombra la capital de un Estado miembro de la ONU.,Suva,suva,3,3 · Profundo,,https://www.un.org/en/about-us/member-states,Capitales extraídas del universo de 193 Estados miembros
7,Capitales del mundo,Nombra la capital de un Estado miembro de la ONU.,Helsinki,helsinki,2,2 · Bajo el hielo,,https://www.un.org/en/about-us/member-states,Capitales extraídas del universo de 193 Estados miembros
7,Capitales del mundo,Nombra la capital de un Estado miembro de la ONU.,Paris,paris,1,🧊 1 · Punta del iceberg,,https://www.un.org/en/about-us/member-states,Capitales extraídas del universo de 193 Estados miembros
7,Capitales del mundo,Nombra la capital de un Estado miembro de la ONU.,Libreville,libreville,3,3 · Profundo,,https://www.un.org/en/about-us/member-states,Capitales extraídas del universo de 193 Estados miembros
7,Capitales del mundo,Nombra la capital de un Estado miembro de la ONU.,Banjul,banjul,3,3 · Profundo,,https://www.un.org/en/about-us/member-states,Capitales extraídas del universo de 193 Estados miembros
7,Capitales del mundo,Nombra la capital de un Estado miembro de la ONU.,Tbilisi,tbilisi,3,3 · Profundo,,https://www.un.org/en/about-us/member-states,Capitales extraídas del universo de 193 Estados miembros
7,Capitales del mundo,Nombra la capital de un Estado miembro de la ONU.,Berlin,berlin,1,🧊 1 · Punta del iceberg,,https://www.un.org/en/about-us/member-states,Capitales extraídas del universo de 193 Estados miembros
7,Capitales del mundo,Nombra la capital de un Estado miembro de la ONU.,Accra,accra,3,3 · Profundo,,https://www.un.org/en/about-us/member-states,Capitales extraídas del universo de 193 Estados miembros
7,Capitales del mundo,Nombra la capital de un Estado miembro de la ONU.,Athens,athens,1,🧊 1 · Punta del iceberg,,https://www.un.org/en/about-us/member-states,Capitales extraídas del universo de 193 Estados miembros
7,Capitales del mundo,Nombra la capital de un Estado miembro de la ONU.,St. George's,stgeorges,3,3 · Profundo,,https://www.un.org/en/about-us/member-states,Capitales extraídas del universo de 193 Estados miembros
7,Capitales del mundo,Nombra la capital de un Estado miembro de la ONU.,Guatemala City,guatemalacity,3,3 · Profundo,,https://www.un.org/en/about-us/member-states,Capitales extraídas del universo de 193 Estados miembros
7,Capitales del mundo,Nombra la capital de un Estado miembro de la ONU.,Conakry,conakry,3,3 · Profundo,,https://www.un.org/en/about-us/member-states,Capitales extraídas del universo de 193 Estados miembros
7,Capitales del mundo,Nombra la capital de un Estado miembro de la ONU.,Bissau,bissau,3,3 · Profundo,,https://www.un.org/en/about-us/member-states,Capitales extraídas del universo de 193 Estados miembros
7,Capitales del mundo,Nombra la capital de un Estado miembro de la ONU.,Georgetown,georgetown,3,3 · Profundo,,https://www.un.org/en/about-us/member-states,Capitales extraídas del universo de 193 Estados miembros
7,Capitales del mundo,Nombra la capital de un Estado miembro de la ONU.,Port-au-Prince,portauprince,3,3 · Profundo,,https://www.un.org/en/about-us/member-states,Capitales extraídas del universo de 193 Estados miembros
7,Capitales del mundo,Nombra la capital de un Estado miembro de la ONU.,Tegucigalpa,tegucigalpa,3,3 · Profundo,,https://www.un.org/en/about-us/member-states,Capitales extraídas del universo de 193 Estados miembros
7,Capitales del mundo,Nombra la capital de un Estado miembro de la ONU.,Budapest,budapest,3,3 · Profundo,,https://www.un.org/en/about-us/member-states,Capitales extraídas del universo de 193 Estados miembros
7,Capitales del mundo,Nombra la capital de un Estado miembro de la ONU.,Reykjavik,reykjavik,3,3 · Profundo,,https://www.un.org/en/about-us/member-states,Capitales extraídas del universo de 193 Estados miembros
7,Capitales del mundo,Nombra la capital de un Estado miembro de la ONU.,New Delhi,newdelhi,1,🧊 1 · Punta del iceberg,,https://www.un.org/en/about-us/member-states,Capitales extraídas del universo de 193 Estados miembros
7,Capitales del mundo,Nombra la capital de un Estado miembro de la ONU.,Jakarta,jakarta,2,2 · Bajo el hielo,,https://www.un.org/en/about-us/member-states,Capitales extraídas del universo de 193 Estados miembros
7,Capitales del mundo,Nombra la capital de un Estado miembro de la ONU.,Tehran,tehran,2,2 · Bajo el hielo,,https://www.un.org/en/about-us/member-states,Capitales extraídas del universo de 193 Estados miembros
7,Capitales del mundo,Nombra la capital de un Estado miembro de la ONU.,Baghdad,baghdad,2,2 · Bajo el hielo,,https://www.un.org/en/about-us/member-states,Capitales extraídas del universo de 193 Estados miembros
7,Capitales del mundo,Nombra la capital de un Estado miembro de la ONU.,Dublin,dublin,1,🧊 1 · Punta del iceberg,,https://www.un.org/en/about-us/member-states,Capitales extraídas del universo de 193 Estados miembros
7,Capitales del mundo,Nombra la capital de un Estado miembro de la ONU.,Jerusalem,jerusalem,2,2 · Bajo el hielo,,https://www.un.org/en/about-us/member-states,Capitales extraídas del universo de 193 Estados miembros
7,Capitales del mundo,Nombra la capital de un Estado miembro de la ONU.,Rome,rome,1,🧊 1 · Punta del iceberg,,https://www.un.org/en/about-us/member-states,Capitales extraídas del universo de 193 Estados miembros
7,Capitales del mundo,Nombra la capital de un Estado miembro de la ONU.,Kingston,kingston,3,3 · Profundo,,https://www.un.org/en/about-us/member-states,Capitales extraídas del universo de 193 Estados miembros
7,Capitales del mundo,Nombra la capital de un Estado miembro de la ONU.,Tokyo,tokyo,1,🧊 1 · Punta del iceberg,,https://www.un.org/en/about-us/member-states,Capitales extraídas del universo de 193 Estados miembros
7,Capitales del mundo,Nombra la capital de un Estado miembro de la ONU.,Amman,amman,3,3 · Profundo,,https://www.un.org/en/about-us/member-states,Capitales extraídas del universo de 193 Estados miembros
7,Capitales del mundo,Nombra la capital de un Estado miembro de la ONU.,Astana,astana,3,3 · Profundo,,https://www.un.org/en/about-us/member-states,Capitales extraídas del universo de 193 Estados miembros
7,Capitales del mundo,Nombra la capital de un Estado miembro de la ONU.,Nairobi,nairobi,3,3 · Profundo,,https://www.un.org/en/about-us/member-states,Capitales extraídas del universo de 193 Estados miembros
7,Capitales del mundo,Nombra la capital de un Estado miembro de la ONU.,South Tarawa,southtarawa,5,🕳️ 5 · Abismo,,https://www.un.org/en/about-us/member-states,Capitales extraídas del universo de 193 Estados miembros
7,Capitales del mundo,Nombra la capital de un Estado miembro de la ONU.,Kuwait City,kuwaitcity,3,3 · Profundo,,https://www.un.org/en/about-us/member-states,Capitales extraídas del universo de 193 Estados miembros
7,Capitales del mundo,Nombra la capital de un Estado miembro de la ONU.,Bishkek,bishkek,3,3 · Profundo,,https://www.un.org/en/about-us/member-states,Capitales extraídas del universo de 193 Estados miembros
7,Capitales del mundo,Nombra la capital de un Estado miembro de la ONU.,Vientiane,vientiane,3,3 · Profundo,,https://www.un.org/en/about-us/member-states,Capitales extraídas del universo de 193 Estados miembros
7,Capitales del mundo,Nombra la capital de un Estado miembro de la ONU.,Riga,riga,3,3 · Profundo,,https://www.un.org/en/about-us/member-states,Capitales extraídas del universo de 193 Estados miembros
7,Capitales del mundo,Nombra la capital de un Estado miembro de la ONU.,Beirut,beirut,4,4 · Muy profundo,,https://www.un.org/en/about-us/member-states,Capitales extraídas del universo de 193 Estados miembros
7,Capitales del mundo,Nombra la capital de un Estado miembro de la ONU.,Maseru,maseru,4,4 · Muy profundo,,https://www.un.org/en/about-us/member-states,Capitales extraídas del universo de 193 Estados miembros
7,Capitales del mundo,Nombra la capital de un Estado miembro de la ONU.,Monrovia,monrovia,4,4 · Muy profundo,,https://www.un.org/en/about-us/member-states,Capitales extraídas del universo de 193 Estados miembros
7,Capitales del mundo,Nombra la capital de un Estado miembro de la ONU.,Tripoli,tripoli,4,4 · Muy profundo,,https://www.un.org/en/about-us/member-states,Capitales extraídas del universo de 193 Estados miembros
7,Capitales del mundo,Nombra la capital de un Estado miembro de la ONU.,Vaduz,vaduz,4,4 · Muy profundo,,https://www.un.org/en/about-us/member-states,Capitales extraídas del universo de 193 Estados miembros
7,Capitales del mundo,Nombra la capital de un Estado miembro de la ONU.,Vilnius,vilnius,4,4 · Muy profundo,,https://www.un.org/en/about-us/member-states,Capitales extraídas del universo de 193 Estados miembros
7,Capitales del mundo,Nombra la capital de un Estado miembro de la ONU.,Luxembourg,luxembourg,4,4 · Muy profundo,,https://www.un.org/en/about-us/member-states,Capitales extraídas del universo de 193 Estados miembros
7,Capitales del mundo,Nombra la capital de un Estado miembro de la ONU.,Antananarivo,antananarivo,4,4 · Muy profundo,,https://www.un.org/en/about-us/member-states,Capitales extraídas del universo de 193 Estados miembros
7,Capitales del mundo,Nombra la capital de un Estado miembro de la ONU.,Lilongwe,lilongwe,4,4 · Muy profundo,,https://www.un.org/en/about-us/member-states,Capitales extraídas del universo de 193 Estados miembros
7,Capitales del mundo,Nombra la capital de un Estado miembro de la ONU.,Kuala Lumpur,kualalumpur,4,4 · Muy profundo,,https://www.un.org/en/about-us/member-states,Capitales extraídas del universo de 193 Estados miembros
7,Capitales del mundo,Nombra la capital de un Estado miembro de la ONU.,Malé,male,4,4 · Muy profundo,,https://www.un.org/en/about-us/member-states,Capitales extraídas del universo de 193 Estados miembros
7,Capitales del mundo,Nombra la capital de un Estado miembro de la ONU.,Bamako,bamako,4,4 · Muy profundo,,https://www.un.org/en/about-us/member-states,Capitales extraídas del universo de 193 Estados miembros
7,Capitales del mundo,Nombra la capital de un Estado miembro de la ONU.,Valletta,valletta,4,4 · Muy profundo,,https://www.un.org/en/about-us/member-states,Capitales extraídas del universo de 193 Estados miembros
7,Capitales del mundo,Nombra la capital de un Estado miembro de la ONU.,Majuro,majuro,4,4 · Muy profundo,,https://www.un.org/en/about-us/member-states,Capitales extraídas del universo de 193 Estados miembros
7,Capitales del mundo,Nombra la capital de un Estado miembro de la ONU.,Nouakchott,nouakchott,4,4 · Muy profundo,,https://www.un.org/en/about-us/member-states,Capitales extraídas del universo de 193 Estados miembros
7,Capitales del mundo,Nombra la capital de un Estado miembro de la ONU.,Port Louis,portlouis,4,4 · Muy profundo,,https://www.un.org/en/about-us/member-states,Capitales extraídas del universo de 193 Estados miembros
7,Capitales del mundo,Nombra la capital de un Estado miembro de la ONU.,Mexico City,mexicocity,1,🧊 1 · Punta del iceberg,,https://www.un.org/en/about-us/member-states,Capitales extraídas del universo de 193 Estados miembros
7,Capitales del mundo,Nombra la capital de un Estado miembro de la ONU.,Palikir,palikir,4,4 · Muy profundo,,https://www.un.org/en/about-us/member-states,Capitales extraídas del universo de 193 Estados miembros
7,Capitales del mundo,Nombra la capital de un Estado miembro de la ONU.,Monaco,monaco,4,4 · Muy profundo,,https://www.un.org/en/about-us/member-states,Capitales extraídas del universo de 193 Estados miembros
7,Capitales del mundo,Nombra la capital de un Estado miembro de la ONU.,Ulan Bator,ulanbator,4,4 · Muy profundo,,https://www.un.org/en/about-us/member-states,Capitales extraídas del universo de 193 Estados miembros
7,Capitales del mundo,Nombra la capital de un Estado miembro de la ONU.,Rabat,rabat,2,2 · Bajo el hielo,,https://www.un.org/en/about-us/member-states,Capitales extraídas del universo de 193 Estados miembros
7,Capitales del mundo,Nombra la capital de un Estado miembro de la ONU.,Maputo,maputo,4,4 · Muy profundo,,https://www.un.org/en/about-us/member-states,Capitales extraídas del universo de 193 Estados miembros
7,Capitales del mundo,Nombra la capital de un Estado miembro de la ONU.,Windhoek,windhoek,4,4 · Muy profundo,,https://www.un.org/en/about-us/member-states,Capitales extraídas del universo de 193 Estados miembros
7,Capitales del mundo,Nombra la capital de un Estado miembro de la ONU.,Yaren,yaren,4,4 · Muy profundo,,https://www.un.org/en/about-us/member-states,Capitales extraídas del universo de 193 Estados miembros
7,Capitales del mundo,Nombra la capital de un Estado miembro de la ONU.,Kathmandu,kathmandu,4,4 · Muy profundo,,https://www.un.org/en/about-us/member-states,Capitales extraídas del universo de 193 Estados miembros
7,Capitales del mundo,Nombra la capital de un Estado miembro de la ONU.,Amsterdam,amsterdam,1,🧊 1 · Punta del iceberg,,https://www.un.org/en/about-us/member-states,Capitales extraídas del universo de 193 Estados miembros
7,Capitales del mundo,Nombra la capital de un Estado miembro de la ONU.,Wellington,wellington,2,2 · Bajo el hielo,,https://www.un.org/en/about-us/member-states,Capitales extraídas del universo de 193 Estados miembros
7,Capitales del mundo,Nombra la capital de un Estado miembro de la ONU.,Managua,managua,4,4 · Muy profundo,,https://www.un.org/en/about-us/member-states,Capitales extraídas del universo de 193 Estados miembros
7,Capitales del mundo,Nombra la capital de un Estado miembro de la ONU.,Niamey,niamey,4,4 · Muy profundo,,https://www.un.org/en/about-us/member-states,Capitales extraídas del universo de 193 Estados miembros
7,Capitales del mundo,Nombra la capital de un Estado miembro de la ONU.,Abuja,abuja,4,4 · Muy profundo,,https://www.un.org/en/about-us/member-states,Capitales extraídas del universo de 193 Estados miembros
7,Capitales del mundo,Nombra la capital de un Estado miembro de la ONU.,Skopje,skopje,4,4 · Muy profundo,,https://www.un.org/en/about-us/member-states,Capitales extraídas del universo de 193 Estados miembros
7,Capitales del mundo,Nombra la capital de un Estado miembro de la ONU.,Oslo,oslo,2,2 · Bajo el hielo,,https://www.un.org/en/about-us/member-states,Capitales extraídas del universo de 193 Estados miembros
7,Capitales del mundo,Nombra la capital de un Estado miembro de la ONU.,Muscat,muscat,4,4 · Muy profundo,,https://www.un.org/en/about-us/member-states,Capitales extraídas del universo de 193 Estados miembros
7,Capitales del mundo,Nombra la capital de un Estado miembro de la ONU.,Islamabad,islamabad,2,2 · Bajo el hielo,,https://www.un.org/en/about-us/member-states,Capitales extraídas del universo de 193 Estados miembros
7,Capitales del mundo,Nombra la capital de un Estado miembro de la ONU.,Ngerulmud,ngerulmud,4,4 · Muy profundo,,https://www.un.org/en/about-us/member-states,Capitales extraídas del universo de 193 Estados miembros
7,Capitales del mundo,Nombra la capital de un Estado miembro de la ONU.,Panama City,panamacity,2,2 · Bajo el hielo,,https://www.un.org/en/about-us/member-states,Capitales extraídas del universo de 193 Estados miembros
7,Capitales del mundo,Nombra la capital de un Estado miembro de la ONU.,Port Moresby,portmoresby,4,4 · Muy profundo,,https://www.un.org/en/about-us/member-states,Capitales extraídas del universo de 193 Estados miembros
7,Capitales del mundo,Nombra la capital de un Estado miembro de la ONU.,Asunción,asuncion,4,4 · Muy profundo,,https://www.un.org/en/about-us/member-states,Capitales extraídas del universo de 193 Estados miembros
7,Capitales del mundo,Nombra la capital de un Estado miembro de la ONU.,Lima,lima,2,2 · Bajo el hielo,,https://www.un.org/en/about-us/member-states,Capitales extraídas del universo de 193 Estados miembros
7,Capitales del mundo,Nombra la capital de un Estado miembro de la ONU.,Manila,manila,2,2 · Bajo el hielo,,https://www.un.org/en/about-us/member-states,Capitales extraídas del universo de 193 Estados miembros
7,Capitales del mundo,Nombra la capital de un Estado miembro de la ONU.,Warsaw,warsaw,2,2 · Bajo el hielo,,https://www.un.org/en/about-us/member-states,Capitales extraídas del universo de 193 Estados miembros
7,Capitales del mundo,Nombra la capital de un Estado miembro de la ONU.,Lisbon,lisbon,1,🧊 1 · Punta del iceberg,,https://www.un.org/en/about-us/member-states,Capitales extraídas del universo de 193 Estados miembros
7,Capitales del mundo,Nombra la capital de un Estado miembro de la ONU.,Doha,doha,4,4 · Muy profundo,,https://www.un.org/en/about-us/member-states,Capitales extraídas del universo de 193 Estados miembros
7,Capitales del mundo,Nombra la capital de un Estado miembro de la ONU.,Seoul,seoul,2,2 · Bajo el hielo,,https://www.un.org/en/about-us/member-states,Capitales extraídas del universo de 193 Estados miembros
7,Capitales del mundo,Nombra la capital de un Estado miembro de la ONU.,Chișinău,chisinau,4,4 · Muy profundo,,https://www.un.org/en/about-us/member-states,Capitales extraídas del universo de 193 Estados miembros
7,Capitales del mundo,Nombra la capital de un Estado miembro de la ONU.,Bucharest,bucharest,2,2 · Bajo el hielo,,https://www.un.org/en/about-us/member-states,Capitales extraídas del universo de 193 Estados miembros
7,Capitales del mundo,Nombra la capital de un Estado miembro de la ONU.,Moscow,moscow,1,🧊 1 · Punta del iceberg,,https://www.un.org/en/about-us/member-states,Capitales extraídas del universo de 193 Estados miembros
7,Capitales del mundo,Nombra la capital de un Estado miembro de la ONU.,Kigali,kigali,4,4 · Muy profundo,,https://www.un.org/en/about-us/member-states,Capitales extraídas del universo de 193 Estados miembros
7,Capitales del mundo,Nombra la capital de un Estado miembro de la ONU.,Basseterre,basseterre,4,4 · Muy profundo,,https://www.un.org/en/about-us/member-states,Capitales extraídas del universo de 193 Estados miembros
7,Capitales del mundo,Nombra la capital de un Estado miembro de la ONU.,Castries,castries,4,4 · Muy profundo,,https://www.un.org/en/about-us/member-states,Capitales extraídas del universo de 193 Estados miembros
7,Capitales del mundo,Nombra la capital de un Estado miembro de la ONU.,Kingstown,kingstown,4,4 · Muy profundo,,https://www.un.org/en/about-us/member-states,Capitales extraídas del universo de 193 Estados miembros
7,Capitales del mundo,Nombra la capital de un Estado miembro de la ONU.,Apia,apia,4,4 · Muy profundo,,https://www.un.org/en/about-us/member-states,Capitales extraídas del universo de 193 Estados miembros
7,Capitales del mundo,Nombra la capital de un Estado miembro de la ONU.,City of San Marino,cityofsanmarino,4,4 · Muy profundo,,https://www.un.org/en/about-us/member-states,Capitales extraídas del universo de 193 Estados miembros
7,Capitales del mundo,Nombra la capital de un Estado miembro de la ONU.,São Tomé,saotome,5,🕳️ 5 · Abismo,,https://www.un.org/en/about-us/member-states,Capitales extraídas del universo de 193 Estados miembros
7,Capitales del mundo,Nombra la capital de un Estado miembro de la ONU.,Riyadh,riyadh,4,4 · Muy profundo,,https://www.un.org/en/about-us/member-states,Capitales extraídas del universo de 193 Estados miembros
7,Capitales del mundo,Nombra la capital de un Estado miembro de la ONU.,Dakar,dakar,4,4 · Muy profundo,,https://www.un.org/en/about-us/member-states,Capitales extraídas del universo de 193 Estados miembros
7,Capitales del mundo,Nombra la capital de un Estado miembro de la ONU.,Belgrade,belgrade,2,2 · Bajo el hielo,,https://www.un.org/en/about-us/member-states,Capitales extraídas del universo de 193 Estados miembros
7,Capitales del mundo,Nombra la capital de un Estado miembro de la ONU.,Victoria,victoria,4,4 · Muy profundo,,https://www.un.org/en/about-us/member-states,Capitales extraídas del universo de 193 Estados miembros
7,Capitales del mundo,Nombra la capital de un Estado miembro de la ONU.,Freetown,freetown,4,4 · Muy profundo,,https://www.un.org/en/about-us/member-states,Capitales extraídas del universo de 193 Estados miembros
7,Capitales del mundo,Nombra la capital de un Estado miembro de la ONU.,Singapore,singapore,4,4 · Muy profundo,,https://www.un.org/en/about-us/member-states,Capitales extraídas del universo de 193 Estados miembros
7,Capitales del mundo,Nombra la capital de un Estado miembro de la ONU.,Bratislava,bratislava,4,4 · Muy profundo,,https://www.un.org/en/about-us/member-states,Capitales extraídas del universo de 193 Estados miembros
7,Capitales del mundo,Nombra la capital de un Estado miembro de la ONU.,Ljubljana,ljubljana,4,4 · Muy profundo,,https://www.un.org/en/about-us/member-states,Capitales extraídas del universo de 193 Estados miembros
7,Capitales del mundo,Nombra la capital de un Estado miembro de la ONU.,Honiara,honiara,4,4 · Muy profundo,,https://www.un.org/en/about-us/member-states,Capitales extraídas del universo de 193 Estados miembros
7,Capitales del mundo,Nombra la capital de un Estado miembro de la ONU.,Mogadishu,mogadishu,4,4 · Muy profundo,,https://www.un.org/en/about-us/member-states,Capitales extraídas del universo de 193 Estados miembros
7,Capitales del mundo,Nombra la capital de un Estado miembro de la ONU.,Pretoria,pretoria,4,4 · Muy profundo,,https://www.un.org/en/about-us/member-states,Capitales extraídas del universo de 193 Estados miembros
7,Capitales del mundo,Nombra la capital de un Estado miembro de la ONU.,Juba,juba,4,4 · Muy profundo,,https://www.un.org/en/about-us/member-states,Capitales extraídas del universo de 193 Estados miembros
7,Capitales del mundo,Nombra la capital de un Estado miembro de la ONU.,Madrid,madrid,1,🧊 1 · Punta del iceberg,,https://www.un.org/en/about-us/member-states,Capitales extraídas del universo de 193 Estados miembros
7,Capitales del mundo,Nombra la capital de un Estado miembro de la ONU.,Sri Jayawardenepura Kotte,srijayawardenepurakotte,4,4 · Muy profundo,,https://www.un.org/en/about-us/member-states,Capitales extraídas del universo de 193 Estados miembros
7,Capitales del mundo,Nombra la capital de un Estado miembro de la ONU.,Khartoum,khartoum,4,4 · Muy profundo,,https://www.un.org/en/about-us/member-states,Capitales extraídas del universo de 193 Estados miembros
7,Capitales del mundo,Nombra la capital de un Estado miembro de la ONU.,Paramaribo,paramaribo,4,4 · Muy profundo,,https://www.un.org/en/about-us/member-states,Capitales extraídas del universo de 193 Estados miembros
7,Capitales del mundo,Nombra la capital de un Estado miembro de la ONU.,Stockholm,stockholm,2,2 · Bajo el hielo,,https://www.un.org/en/about-us/member-states,Capitales extraídas del universo de 193 Estados miembros
7,Capitales del mundo,Nombra la capital de un Estado miembro de la ONU.,Bern,bern,1,🧊 1 · Punta del iceberg,,https://www.un.org/en/about-us/member-states,Capitales extraídas del universo de 193 Estados miembros
7,Capitales del mundo,Nombra la capital de un Estado miembro de la ONU.,Damascus,damascus,4,4 · Muy profundo,,https://www.un.org/en/about-us/member-states,Capitales extraídas del universo de 193 Estados miembros
7,Capitales del mundo,Nombra la capital de un Estado miembro de la ONU.,Dushanbe,dushanbe,4,4 · Muy profundo,,https://www.un.org/en/about-us/member-states,Capitales extraídas del universo de 193 Estados miembros
7,Capitales del mundo,Nombra la capital de un Estado miembro de la ONU.,Bangkok,bangkok,2,2 · Bajo el hielo,,https://www.un.org/en/about-us/member-states,Capitales extraídas del universo de 193 Estados miembros
7,Capitales del mundo,Nombra la capital de un Estado miembro de la ONU.,Dili,dili,4,4 · Muy profundo,,https://www.un.org/en/about-us/member-states,Capitales extraídas del universo de 193 Estados miembros
7,Capitales del mundo,Nombra la capital de un Estado miembro de la ONU.,Lomé,lome,4,4 · Muy profundo,,https://www.un.org/en/about-us/member-states,Capitales extraídas del universo de 193 Estados miembros
7,Capitales del mundo,Nombra la capital de un Estado miembro de la ONU.,Nuku'alofa,nukualofa,4,4 · Muy profundo,,https://www.un.org/en/about-us/member-states,Capitales extraídas del universo de 193 Estados miembros
7,Capitales del mundo,Nombra la capital de un Estado miembro de la ONU.,Port of Spain,portofspain,4,4 · Muy profundo,,https://www.un.org/en/about-us/member-states,Capitales extraídas del universo de 193 Estados miembros
7,Capitales del mundo,Nombra la capital de un Estado miembro de la ONU.,Tunis,tunis,4,4 · Muy profundo,,https://www.un.org/en/about-us/member-states,Capitales extraídas del universo de 193 Estados miembros
7,Capitales del mundo,Nombra la capital de un Estado miembro de la ONU.,Ankara,ankara,2,2 · Bajo el hielo,,https://www.un.org/en/about-us/member-states,Capitales extraídas del universo de 193 Estados miembros
7,Capitales del mundo,Nombra la capital de un Estado miembro de la ONU.,Ashgabat,ashgabat,4,4 · Muy profundo,,https://www.un.org/en/about-us/member-states,Capitales extraídas del universo de 193 Estados miembros
7,Capitales del mundo,Nombra la capital de un Estado miembro de la ONU.,Funafuti,funafuti,4,4 · Muy profundo,,https://www.un.org/en/about-us/member-states,Capitales extraídas del universo de 193 Estados miembros
7,Capitales del mundo,Nombra la capital de un Estado miembro de la ONU.,Kampala,kampala,4,4 · Muy profundo,,https://www.un.org/en/about-us/member-states,Capitales extraídas del universo de 193 Estados miembros
7,Capitales del mundo,Nombra la capital de un Estado miembro de la ONU.,Kiev,kiev,2,2 · Bajo el hielo,,https://www.un.org/en/about-us/member-states,Capitales extraídas del universo de 193 Estados miembros
7,Capitales del mundo,Nombra la capital de un Estado miembro de la ONU.,Abu Dhabi,abudhabi,2,2 · Bajo el hielo,,https://www.un.org/en/about-us/member-states,Capitales extraídas del universo de 193 Estados miembros
7,Capitales del mundo,Nombra la capital de un Estado miembro de la ONU.,Dodoma,dodoma,4,4 · Muy profundo,,https://www.un.org/en/about-us/member-states,Capitales extraídas del universo de 193 Estados miembros
7,Capitales del mundo,Nombra la capital de un Estado miembro de la ONU.,Washington D.C.,washingtondc,1,🧊 1 · Punta del iceberg,,https://www.un.org/en/about-us/member-states,Capitales extraídas del universo de 193 Estados miembros
7,Capitales del mundo,Nombra la capital de un Estado miembro de la ONU.,Montevideo,montevideo,2,2 · Bajo el hielo,,https://www.un.org/en/about-us/member-states,Capitales extraídas del universo de 193 Estados miembros
7,Capitales del mundo,Nombra la capital de un Estado miembro de la ONU.,Tashkent,tashkent,4,4 · Muy profundo,,https://www.un.org/en/about-us/member-states,Capitales extraídas del universo de 193 Estados miembros
7,Capitales del mundo,Nombra la capital de un Estado miembro de la ONU.,Port Vila,portvila,4,4 · Muy profundo,,https://www.un.org/en/about-us/member-states,Capitales extraídas del universo de 193 Estados miembros
7,Capitales del mundo,Nombra la capital de un Estado miembro de la ONU.,Caracas,caracas,2,2 · Bajo el hielo,,https://www.un.org/en/about-us/member-states,Capitales extraídas del universo de 193 Estados miembros
7,Capitales del mundo,Nombra la capital de un Estado miembro de la ONU.,Hanoi,hanoi,2,2 · Bajo el hielo,,https://www.un.org/en/about-us/member-states,Capitales extraídas del universo de 193 Estados miembros
7,Capitales del mundo,Nombra la capital de un Estado miembro de la ONU.,Sana'a,sanaa,4,4 · Muy profundo,,https://www.un.org/en/about-us/member-states,Capitales extraídas del universo de 193 Estados miembros
7,Capitales del mundo,Nombra la capital de un Estado miembro de la ONU.,Lusaka,lusaka,4,4 · Muy profundo,,https://www.un.org/en/about-us/member-states,Capitales extraídas del universo de 193 Estados miembros
7,Capitales del mundo,Nombra la capital de un Estado miembro de la ONU.,Harare,harare,4,4 · Muy profundo,,https://www.un.org/en/about-us/member-states,Capitales extraídas del universo de 193 Estados miembros
7,Capitales del mundo,Nombra la capital de un Estado miembro de la ONU.,Andorra la Vella,andorralavella,4,4 · Muy profundo,,https://www.un.org/en/about-us/member-states,Capitales extraídas del universo de 193 Estados miembros
7,Capitales del mundo,Nombra la capital de un Estado miembro de la ONU.,Podgorica,podgorica,4,4 · Muy profundo,,https://www.un.org/en/about-us/member-states,Capitales extraídas del universo de 193 Estados miembros
7,Capitales del mundo,Nombra la capital de un Estado miembro de la ONU.,Naipyidó,naipyido,4,4 · Muy profundo,,https://www.un.org/en/about-us/member-states,Capitales extraídas del universo de 193 Estados miembros
7,Capitales del mundo,Nombra la capital de un Estado miembro de la ONU.,Londres,londres,4,4 · Muy profundo,,https://www.un.org/en/about-us/member-states,Capitales extraídas del universo de 193 Estados miembros
8,Monedas oficiales del mundo,Nombra una moneda oficial utilizada actualmente por algún Estado.,Dírham de los EAU,dirhamdeloseau,1,🧊 1 · Punta del iceberg,AED,https://www.iso.org/iso-4217-currency-codes.html,Se incluye el código ISO como alias de entrada.
8,Monedas oficiales del mundo,Nombra una moneda oficial utilizada actualmente por algún Estado.,Afgani,afgani,1,🧊 1 · Punta del iceberg,AFN,https://www.iso.org/iso-4217-currency-codes.html,Se incluye el código ISO como alias de entrada.
8,Monedas oficiales del mundo,Nombra una moneda oficial utilizada actualmente por algún Estado.,Lek,lek,1,🧊 1 · Punta del iceberg,ALL,https://www.iso.org/iso-4217-currency-codes.html,Se incluye el código ISO como alias de entrada.
8,Monedas oficiales del mundo,Nombra una moneda oficial utilizada actualmente por algún Estado.,Armenian Dram,armeniandram,1,🧊 1 · Punta del iceberg,AMD,https://www.iso.org/iso-4217-currency-codes.html,Se incluye el código ISO como alias de entrada.
8,Monedas oficiales del mundo,Nombra una moneda oficial utilizada actualmente por algún Estado.,Kwanza,kwanza,1,🧊 1 · Punta del iceberg,AOA,https://www.iso.org/iso-4217-currency-codes.html,Se incluye el código ISO como alias de entrada.
8,Monedas oficiales del mundo,Nombra una moneda oficial utilizada actualmente por algún Estado.,Peso argentino,pesoargentino,1,🧊 1 · Punta del iceberg,ARS,https://www.iso.org/iso-4217-currency-codes.html,Se incluye el código ISO como alias de entrada.
8,Monedas oficiales del mundo,Nombra una moneda oficial utilizada actualmente por algún Estado.,Dólar australiano,dolaraustraliano,1,🧊 1 · Punta del iceberg,AUD,https://www.iso.org/iso-4217-currency-codes.html,Se incluye el código ISO como alias de entrada.
8,Monedas oficiales del mundo,Nombra una moneda oficial utilizada actualmente por algún Estado.,Azerbaijan Manat,azerbaijanmanat,1,🧊 1 · Punta del iceberg,AZN,https://www.iso.org/iso-4217-currency-codes.html,Se incluye el código ISO como alias de entrada.
8,Monedas oficiales del mundo,Nombra una moneda oficial utilizada actualmente por algún Estado.,Convertible Mark,convertiblemark,1,🧊 1 · Punta del iceberg,BAM,https://www.iso.org/iso-4217-currency-codes.html,Se incluye el código ISO como alias de entrada.
8,Monedas oficiales del mundo,Nombra una moneda oficial utilizada actualmente por algún Estado.,Barbados Dollar,barbadosdollar,1,🧊 1 · Punta del iceberg,BBD,https://www.iso.org/iso-4217-currency-codes.html,Se incluye el código ISO como alias de entrada.
8,Monedas oficiales del mundo,Nombra una moneda oficial utilizada actualmente por algún Estado.,Taka bangladesí,takabangladesi,1,🧊 1 · Punta del iceberg,BDT,https://www.iso.org/iso-4217-currency-codes.html,Se incluye el código ISO como alias de entrada.
8,Monedas oficiales del mundo,Nombra una moneda oficial utilizada actualmente por algún Estado.,Lev búlgaro,levbulgaro,1,🧊 1 · Punta del iceberg,BGN,https://www.iso.org/iso-4217-currency-codes.html,Se incluye el código ISO como alias de entrada.
8,Monedas oficiales del mundo,Nombra una moneda oficial utilizada actualmente por algún Estado.,Dinar bareiní,dinarbareini,1,🧊 1 · Punta del iceberg,BHD,https://www.iso.org/iso-4217-currency-codes.html,Se incluye el código ISO como alias de entrada.
8,Monedas oficiales del mundo,Nombra una moneda oficial utilizada actualmente por algún Estado.,Burundi Franc,burundifranc,1,🧊 1 · Punta del iceberg,BIF,https://www.iso.org/iso-4217-currency-codes.html,Se incluye el código ISO como alias de entrada.
8,Monedas oficiales del mundo,Nombra una moneda oficial utilizada actualmente por algún Estado.,Brunei Dollar,bruneidollar,2,2 · Bajo el hielo,BND,https://www.iso.org/iso-4217-currency-codes.html,Se incluye el código ISO como alias de entrada.
8,Monedas oficiales del mundo,Nombra una moneda oficial utilizada actualmente por algún Estado.,Boliviano,boliviano,2,2 · Bajo el hielo,BOB,https://www.iso.org/iso-4217-currency-codes.html,Se incluye el código ISO como alias de entrada.
8,Monedas oficiales del mundo,Nombra una moneda oficial utilizada actualmente por algún Estado.,Mvdol,mvdol,2,2 · Bajo el hielo,BOV,https://www.iso.org/iso-4217-currency-codes.html,Se incluye el código ISO como alias de entrada.
8,Monedas oficiales del mundo,Nombra una moneda oficial utilizada actualmente por algún Estado.,Real brasileño,realbrasileno,2,2 · Bajo el hielo,BRL,https://www.iso.org/iso-4217-currency-codes.html,Se incluye el código ISO como alias de entrada.
8,Monedas oficiales del mundo,Nombra una moneda oficial utilizada actualmente por algún Estado.,Bahamian Dollar,bahamiandollar,2,2 · Bajo el hielo,BSD,https://www.iso.org/iso-4217-currency-codes.html,Se incluye el código ISO como alias de entrada.
8,Monedas oficiales del mundo,Nombra una moneda oficial utilizada actualmente por algún Estado.,Ngultrum,ngultrum,2,2 · Bajo el hielo,BTN,https://www.iso.org/iso-4217-currency-codes.html,Se incluye el código ISO como alias de entrada.
8,Monedas oficiales del mundo,Nombra una moneda oficial utilizada actualmente por algún Estado.,Pula,pula,2,2 · Bajo el hielo,BWP,https://www.iso.org/iso-4217-currency-codes.html,Se incluye el código ISO como alias de entrada.
8,Monedas oficiales del mundo,Nombra una moneda oficial utilizada actualmente por algún Estado.,BYR,byr,2,2 · Bajo el hielo,,https://www.iso.org/iso-4217-currency-codes.html,Se incluye el código ISO como alias de entrada.
8,Monedas oficiales del mundo,Nombra una moneda oficial utilizada actualmente por algún Estado.,Belize Dollar,belizedollar,2,2 · Bajo el hielo,BZD,https://www.iso.org/iso-4217-currency-codes.html,Se incluye el código ISO como alias de entrada.
8,Monedas oficiales del mundo,Nombra una moneda oficial utilizada actualmente por algún Estado.,Dólar canadiense,dolarcanadiense,2,2 · Bajo el hielo,CAD,https://www.iso.org/iso-4217-currency-codes.html,Se incluye el código ISO como alias de entrada.
8,Monedas oficiales del mundo,Nombra una moneda oficial utilizada actualmente por algún Estado.,Congolese Franc,congolesefranc,2,2 · Bajo el hielo,CDF,https://www.iso.org/iso-4217-currency-codes.html,Se incluye el código ISO como alias de entrada.
8,Monedas oficiales del mundo,Nombra una moneda oficial utilizada actualmente por algún Estado.,WIR Euro,wireuro,2,2 · Bajo el hielo,CHE,https://www.iso.org/iso-4217-currency-codes.html,Se incluye el código ISO como alias de entrada.
8,Monedas oficiales del mundo,Nombra una moneda oficial utilizada actualmente por algún Estado.,Franco suizo,francosuizo,2,2 · Bajo el hielo,CHF,https://www.iso.org/iso-4217-currency-codes.html,Se incluye el código ISO como alias de entrada.
8,Monedas oficiales del mundo,Nombra una moneda oficial utilizada actualmente por algún Estado.,WIR Franc,wirfranc,2,2 · Bajo el hielo,CHW,https://www.iso.org/iso-4217-currency-codes.html,Se incluye el código ISO como alias de entrada.
8,Monedas oficiales del mundo,Nombra una moneda oficial utilizada actualmente por algún Estado.,Unidad de Fomento,unidaddefomento,2,2 · Bajo el hielo,CLF,https://www.iso.org/iso-4217-currency-codes.html,Se incluye el código ISO como alias de entrada.
8,Monedas oficiales del mundo,Nombra una moneda oficial utilizada actualmente por algún Estado.,Peso chileno,pesochileno,2,2 · Bajo el hielo,CLP,https://www.iso.org/iso-4217-currency-codes.html,Se incluye el código ISO como alias de entrada.
8,Monedas oficiales del mundo,Nombra una moneda oficial utilizada actualmente por algún Estado.,Yuan chino,yuanchino,2,2 · Bajo el hielo,CNY,https://www.iso.org/iso-4217-currency-codes.html,Se incluye el código ISO como alias de entrada.
8,Monedas oficiales del mundo,Nombra una moneda oficial utilizada actualmente por algún Estado.,Peso colombiano,pesocolombiano,2,2 · Bajo el hielo,COP,https://www.iso.org/iso-4217-currency-codes.html,Se incluye el código ISO como alias de entrada.
8,Monedas oficiales del mundo,Nombra una moneda oficial utilizada actualmente por algún Estado.,Costa Rican Colon,costaricancolon,2,2 · Bajo el hielo,CRC,https://www.iso.org/iso-4217-currency-codes.html,Se incluye el código ISO como alias de entrada.
8,Monedas oficiales del mundo,Nombra una moneda oficial utilizada actualmente por algún Estado.,Peso Convertible,pesoconvertible,2,2 · Bajo el hielo,CUC,https://www.iso.org/iso-4217-currency-codes.html,Se incluye el código ISO como alias de entrada.
8,Monedas oficiales del mundo,Nombra una moneda oficial utilizada actualmente por algún Estado.,Cuban Peso,cubanpeso,2,2 · Bajo el hielo,CUP,https://www.iso.org/iso-4217-currency-codes.html,Se incluye el código ISO como alias de entrada.
8,Monedas oficiales del mundo,Nombra una moneda oficial utilizada actualmente por algún Estado.,Cabo Verde Escudo,caboverdeescudo,2,2 · Bajo el hielo,CVE,https://www.iso.org/iso-4217-currency-codes.html,Se incluye el código ISO como alias de entrada.
8,Monedas oficiales del mundo,Nombra una moneda oficial utilizada actualmente por algún Estado.,Corona checa,coronacheca,2,2 · Bajo el hielo,CZK,https://www.iso.org/iso-4217-currency-codes.html,Se incluye el código ISO como alias de entrada.
8,Monedas oficiales del mundo,Nombra una moneda oficial utilizada actualmente por algún Estado.,Djibouti Franc,djiboutifranc,2,2 · Bajo el hielo,DJF,https://www.iso.org/iso-4217-currency-codes.html,Se incluye el código ISO como alias de entrada.
8,Monedas oficiales del mundo,Nombra una moneda oficial utilizada actualmente por algún Estado.,Corona danesa,coronadanesa,2,2 · Bajo el hielo,DKK,https://www.iso.org/iso-4217-currency-codes.html,Se incluye el código ISO como alias de entrada.
8,Monedas oficiales del mundo,Nombra una moneda oficial utilizada actualmente por algún Estado.,Dominican Peso,dominicanpeso,2,2 · Bajo el hielo,DOP,https://www.iso.org/iso-4217-currency-codes.html,Se incluye el código ISO como alias de entrada.
8,Monedas oficiales del mundo,Nombra una moneda oficial utilizada actualmente por algún Estado.,Dinar argelino,dinarargelino,2,2 · Bajo el hielo,DZD,https://www.iso.org/iso-4217-currency-codes.html,Se incluye el código ISO como alias de entrada.
8,Monedas oficiales del mundo,Nombra una moneda oficial utilizada actualmente por algún Estado.,Libra egipcia,libraegipcia,2,2 · Bajo el hielo,EGP,https://www.iso.org/iso-4217-currency-codes.html,Se incluye el código ISO como alias de entrada.
8,Monedas oficiales del mundo,Nombra una moneda oficial utilizada actualmente por algún Estado.,Nakfa,nakfa,2,2 · Bajo el hielo,ERN,https://www.iso.org/iso-4217-currency-codes.html,Se incluye el código ISO como alias de entrada.
8,Monedas oficiales del mundo,Nombra una moneda oficial utilizada actualmente por algún Estado.,Ethiopian Birr,ethiopianbirr,2,2 · Bajo el hielo,ETB,https://www.iso.org/iso-4217-currency-codes.html,Se incluye el código ISO como alias de entrada.
8,Monedas oficiales del mundo,Nombra una moneda oficial utilizada actualmente por algún Estado.,Euro,euro,1,🧊 1 · Punta del iceberg,EUR,https://www.iso.org/iso-4217-currency-codes.html,Se incluye el código ISO como alias de entrada.
8,Monedas oficiales del mundo,Nombra una moneda oficial utilizada actualmente por algún Estado.,Fiji Dollar,fijidollar,3,3 · Profundo,FJD,https://www.iso.org/iso-4217-currency-codes.html,Se incluye el código ISO como alias de entrada.
8,Monedas oficiales del mundo,Nombra una moneda oficial utilizada actualmente por algún Estado.,Lari,lari,3,3 · Profundo,GEL,https://www.iso.org/iso-4217-currency-codes.html,Se incluye el código ISO como alias de entrada.
8,Monedas oficiales del mundo,Nombra una moneda oficial utilizada actualmente por algún Estado.,Cedi ghanés,cedighanes,3,3 · Profundo,GHS,https://www.iso.org/iso-4217-currency-codes.html,Se incluye el código ISO como alias de entrada.
8,Monedas oficiales del mundo,Nombra una moneda oficial utilizada actualmente por algún Estado.,Dalasi,dalasi,3,3 · Profundo,GMD,https://www.iso.org/iso-4217-currency-codes.html,Se incluye el código ISO como alias de entrada.
8,Monedas oficiales del mundo,Nombra una moneda oficial utilizada actualmente por algún Estado.,Guinean Franc,guineanfranc,3,3 · Profundo,GNF,https://www.iso.org/iso-4217-currency-codes.html,Se incluye el código ISO como alias de entrada.
8,Monedas oficiales del mundo,Nombra una moneda oficial utilizada actualmente por algún Estado.,Quetzal,quetzal,3,3 · Profundo,GTQ,https://www.iso.org/iso-4217-currency-codes.html,Se incluye el código ISO como alias de entrada.
8,Monedas oficiales del mundo,Nombra una moneda oficial utilizada actualmente por algún Estado.,Guyana Dollar,guyanadollar,3,3 · Profundo,GYD,https://www.iso.org/iso-4217-currency-codes.html,Se incluye el código ISO como alias de entrada.
8,Monedas oficiales del mundo,Nombra una moneda oficial utilizada actualmente por algún Estado.,Lempira,lempira,3,3 · Profundo,HNL,https://www.iso.org/iso-4217-currency-codes.html,Se incluye el código ISO como alias de entrada.
8,Monedas oficiales del mundo,Nombra una moneda oficial utilizada actualmente por algún Estado.,Kuna,kuna,3,3 · Profundo,HRK,https://www.iso.org/iso-4217-currency-codes.html,Se incluye el código ISO como alias de entrada.
8,Monedas oficiales del mundo,Nombra una moneda oficial utilizada actualmente por algún Estado.,Gourde,gourde,3,3 · Profundo,HTG,https://www.iso.org/iso-4217-currency-codes.html,Se incluye el código ISO como alias de entrada.
8,Monedas oficiales del mundo,Nombra una moneda oficial utilizada actualmente por algún Estado.,Forinto húngaro,forintohungaro,3,3 · Profundo,HUF,https://www.iso.org/iso-4217-currency-codes.html,Se incluye el código ISO como alias de entrada.
8,Monedas oficiales del mundo,Nombra una moneda oficial utilizada actualmente por algún Estado.,Rupia indonesia,rupiaindonesia,3,3 · Profundo,IDR,https://www.iso.org/iso-4217-currency-codes.html,Se incluye el código ISO como alias de entrada.
8,Monedas oficiales del mundo,Nombra una moneda oficial utilizada actualmente por algún Estado.,Nuevo séquel israelí,nuevosequelisraeli,3,3 · Profundo,ILS,https://www.iso.org/iso-4217-currency-codes.html,Se incluye el código ISO como alias de entrada.
8,Monedas oficiales del mundo,Nombra una moneda oficial utilizada actualmente por algún Estado.,Rupia india,rupiaindia,3,3 · Profundo,INR,https://www.iso.org/iso-4217-currency-codes.html,Se incluye el código ISO como alias de entrada.
8,Monedas oficiales del mundo,Nombra una moneda oficial utilizada actualmente por algún Estado.,Dinar iraquí,dinariraqui,3,3 · Profundo,IQD,https://www.iso.org/iso-4217-currency-codes.html,Se incluye el código ISO como alias de entrada.
8,Monedas oficiales del mundo,Nombra una moneda oficial utilizada actualmente por algún Estado.,Rial iraní,rialirani,3,3 · Profundo,IRR,https://www.iso.org/iso-4217-currency-codes.html,Se incluye el código ISO como alias de entrada.
8,Monedas oficiales del mundo,Nombra una moneda oficial utilizada actualmente por algún Estado.,Corona islandesa,coronaislandesa,3,3 · Profundo,ISK,https://www.iso.org/iso-4217-currency-codes.html,Se incluye el código ISO como alias de entrada.
8,Monedas oficiales del mundo,Nombra una moneda oficial utilizada actualmente por algún Estado.,Jamaican Dollar,jamaicandollar,3,3 · Profundo,JMD,https://www.iso.org/iso-4217-currency-codes.html,Se incluye el código ISO como alias de entrada.
8,Monedas oficiales del mundo,Nombra una moneda oficial utilizada actualmente por algún Estado.,Dinar jordano,dinarjordano,3,3 · Profundo,JOD,https://www.iso.org/iso-4217-currency-codes.html,Se incluye el código ISO como alias de entrada.
8,Monedas oficiales del mundo,Nombra una moneda oficial utilizada actualmente por algún Estado.,Yen japonés,yenjapones,3,3 · Profundo,JPY,https://www.iso.org/iso-4217-currency-codes.html,Se incluye el código ISO como alias de entrada.
8,Monedas oficiales del mundo,Nombra una moneda oficial utilizada actualmente por algún Estado.,Chelín keniano,chelinkeniano,3,3 · Profundo,KES,https://www.iso.org/iso-4217-currency-codes.html,Se incluye el código ISO como alias de entrada.
8,Monedas oficiales del mundo,Nombra una moneda oficial utilizada actualmente por algún Estado.,Som,som,3,3 · Profundo,KGS,https://www.iso.org/iso-4217-currency-codes.html,Se incluye el código ISO como alias de entrada.
8,Monedas oficiales del mundo,Nombra una moneda oficial utilizada actualmente por algún Estado.,Riel,riel,3,3 · Profundo,KHR,https://www.iso.org/iso-4217-currency-codes.html,Se incluye el código ISO como alias de entrada.
8,Monedas oficiales del mundo,Nombra una moneda oficial utilizada actualmente por algún Estado.,Comorian Franc,comorianfranc,3,3 · Profundo,KMF,https://www.iso.org/iso-4217-currency-codes.html,Se incluye el código ISO como alias de entrada.
8,Monedas oficiales del mundo,Nombra una moneda oficial utilizada actualmente por algún Estado.,North Korean Won,northkoreanwon,3,3 · Profundo,KPW,https://www.iso.org/iso-4217-currency-codes.html,Se incluye el código ISO como alias de entrada.
8,Monedas oficiales del mundo,Nombra una moneda oficial utilizada actualmente por algún Estado.,Won surcoreano,wonsurcoreano,3,3 · Profundo,KRW,https://www.iso.org/iso-4217-currency-codes.html,Se incluye el código ISO como alias de entrada.
8,Monedas oficiales del mundo,Nombra una moneda oficial utilizada actualmente por algún Estado.,Dinar kuwaití,dinarkuwaiti,3,3 · Profundo,KWD,https://www.iso.org/iso-4217-currency-codes.html,Se incluye el código ISO como alias de entrada.
8,Monedas oficiales del mundo,Nombra una moneda oficial utilizada actualmente por algún Estado.,Tenge,tenge,3,3 · Profundo,KZT,https://www.iso.org/iso-4217-currency-codes.html,Se incluye el código ISO como alias de entrada.
8,Monedas oficiales del mundo,Nombra una moneda oficial utilizada actualmente por algún Estado.,Lao Kip,laokip,3,3 · Profundo,LAK,https://www.iso.org/iso-4217-currency-codes.html,Se incluye el código ISO como alias de entrada.
8,Monedas oficiales del mundo,Nombra una moneda oficial utilizada actualmente por algún Estado.,Lebanese Pound,lebanesepound,3,3 · Profundo,LBP,https://www.iso.org/iso-4217-currency-codes.html,Se incluye el código ISO como alias de entrada.
8,Monedas oficiales del mundo,Nombra una moneda oficial utilizada actualmente por algún Estado.,Rupia de Sri Lanka,rupiadesrilanka,3,3 · Profundo,LKR,https://www.iso.org/iso-4217-currency-codes.html,Se incluye el código ISO como alias de entrada.
8,Monedas oficiales del mundo,Nombra una moneda oficial utilizada actualmente por algún Estado.,Liberian Dollar,liberiandollar,3,3 · Profundo,LRD,https://www.iso.org/iso-4217-currency-codes.html,Se incluye el código ISO como alias de entrada.
8,Monedas oficiales del mundo,Nombra una moneda oficial utilizada actualmente por algún Estado.,Loti,loti,3,3 · Profundo,LSL,https://www.iso.org/iso-4217-currency-codes.html,Se incluye el código ISO como alias de entrada.
8,Monedas oficiales del mundo,Nombra una moneda oficial utilizada actualmente por algún Estado.,Libyan Dinar,libyandinar,3,3 · Profundo,LYD,https://www.iso.org/iso-4217-currency-codes.html,Se incluye el código ISO como alias de entrada.
8,Monedas oficiales del mundo,Nombra una moneda oficial utilizada actualmente por algún Estado.,Dírham marroquí,dirhammarroqui,3,3 · Profundo,MAD,https://www.iso.org/iso-4217-currency-codes.html,Se incluye el código ISO como alias de entrada.
8,Monedas oficiales del mundo,Nombra una moneda oficial utilizada actualmente por algún Estado.,Moldovan Leu,moldovanleu,3,3 · Profundo,MDL,https://www.iso.org/iso-4217-currency-codes.html,Se incluye el código ISO como alias de entrada.
8,Monedas oficiales del mundo,Nombra una moneda oficial utilizada actualmente por algún Estado.,Malagasy Ariary,malagasyariary,3,3 · Profundo,MGA,https://www.iso.org/iso-4217-currency-codes.html,Se incluye el código ISO como alias de entrada.
8,Monedas oficiales del mundo,Nombra una moneda oficial utilizada actualmente por algún Estado.,Denar,denar,3,3 · Profundo,MKD,https://www.iso.org/iso-4217-currency-codes.html,Se incluye el código ISO como alias de entrada.
8,Monedas oficiales del mundo,Nombra una moneda oficial utilizada actualmente por algún Estado.,Tugrik,tugrik,3,3 · Profundo,MNT,https://www.iso.org/iso-4217-currency-codes.html,Se incluye el código ISO como alias de entrada.
8,Monedas oficiales del mundo,Nombra una moneda oficial utilizada actualmente por algún Estado.,MRO,mro,3,3 · Profundo,,https://www.iso.org/iso-4217-currency-codes.html,Se incluye el código ISO como alias de entrada.
8,Monedas oficiales del mundo,Nombra una moneda oficial utilizada actualmente por algún Estado.,Mauritius Rupee,mauritiusrupee,3,3 · Profundo,MUR,https://www.iso.org/iso-4217-currency-codes.html,Se incluye el código ISO como alias de entrada.
8,Monedas oficiales del mundo,Nombra una moneda oficial utilizada actualmente por algún Estado.,Rufiyaa,rufiyaa,3,3 · Profundo,MVR,https://www.iso.org/iso-4217-currency-codes.html,Se incluye el código ISO como alias de entrada.
8,Monedas oficiales del mundo,Nombra una moneda oficial utilizada actualmente por algún Estado.,Malawi Kwacha,malawikwacha,3,3 · Profundo,MWK,https://www.iso.org/iso-4217-currency-codes.html,Se incluye el código ISO como alias de entrada.
8,Monedas oficiales del mundo,Nombra una moneda oficial utilizada actualmente por algún Estado.,Peso mexicano,pesomexicano,3,3 · Profundo,MXN,https://www.iso.org/iso-4217-currency-codes.html,Se incluye el código ISO como alias de entrada.
8,Monedas oficiales del mundo,Nombra una moneda oficial utilizada actualmente por algún Estado.,Ringit malasio,ringitmalasio,3,3 · Profundo,MYR,https://www.iso.org/iso-4217-currency-codes.html,Se incluye el código ISO como alias de entrada.
8,Monedas oficiales del mundo,Nombra una moneda oficial utilizada actualmente por algún Estado.,Mozambique Metical,mozambiquemetical,4,4 · Muy profundo,MZN,https://www.iso.org/iso-4217-currency-codes.html,Se incluye el código ISO como alias de entrada.
8,Monedas oficiales del mundo,Nombra una moneda oficial utilizada actualmente por algún Estado.,Namibia Dollar,namibiadollar,4,4 · Muy profundo,NAD,https://www.iso.org/iso-4217-currency-codes.html,Se incluye el código ISO como alias de entrada.
8,Monedas oficiales del mundo,Nombra una moneda oficial utilizada actualmente por algún Estado.,Naira nigeriana,nairanigeriana,4,4 · Muy profundo,NGN,https://www.iso.org/iso-4217-currency-codes.html,Se incluye el código ISO como alias de entrada.
8,Monedas oficiales del mundo,Nombra una moneda oficial utilizada actualmente por algún Estado.,Cordoba Oro,cordobaoro,4,4 · Muy profundo,NIO,https://www.iso.org/iso-4217-currency-codes.html,Se incluye el código ISO como alias de entrada.
8,Monedas oficiales del mundo,Nombra una moneda oficial utilizada actualmente por algún Estado.,Corona noruega,coronanoruega,4,4 · Muy profundo,NOK,https://www.iso.org/iso-4217-currency-codes.html,Se incluye el código ISO como alias de entrada.
8,Monedas oficiales del mundo,Nombra una moneda oficial utilizada actualmente por algún Estado.,Rupia nepalesa,rupianepalesa,4,4 · Muy profundo,NPR,https://www.iso.org/iso-4217-currency-codes.html,Se incluye el código ISO como alias de entrada.
8,Monedas oficiales del mundo,Nombra una moneda oficial utilizada actualmente por algún Estado.,Dólar neozelandés,dolarneozelandes,4,4 · Muy profundo,NZD,https://www.iso.org/iso-4217-currency-codes.html,Se incluye el código ISO como alias de entrada.
8,Monedas oficiales del mundo,Nombra una moneda oficial utilizada actualmente por algún Estado.,Rial omaní,rialomani,4,4 · Muy profundo,OMR,https://www.iso.org/iso-4217-currency-codes.html,Se incluye el código ISO como alias de entrada.
8,Monedas oficiales del mundo,Nombra una moneda oficial utilizada actualmente por algún Estado.,Balboa,balboa,4,4 · Muy profundo,PAB,https://www.iso.org/iso-4217-currency-codes.html,Se incluye el código ISO como alias de entrada.
8,Monedas oficiales del mundo,Nombra una moneda oficial utilizada actualmente por algún Estado.,Sol peruano,solperuano,4,4 · Muy profundo,PEN,https://www.iso.org/iso-4217-currency-codes.html,Se incluye el código ISO como alias de entrada.
8,Monedas oficiales del mundo,Nombra una moneda oficial utilizada actualmente por algún Estado.,Kina,kina,4,4 · Muy profundo,PGK,https://www.iso.org/iso-4217-currency-codes.html,Se incluye el código ISO como alias de entrada.
8,Monedas oficiales del mundo,Nombra una moneda oficial utilizada actualmente por algún Estado.,Peso filipino,pesofilipino,4,4 · Muy profundo,PHP,https://www.iso.org/iso-4217-currency-codes.html,Se incluye el código ISO como alias de entrada.
8,Monedas oficiales del mundo,Nombra una moneda oficial utilizada actualmente por algún Estado.,Rupia pakistaní,rupiapakistani,4,4 · Muy profundo,PKR,https://www.iso.org/iso-4217-currency-codes.html,Se incluye el código ISO como alias de entrada.
8,Monedas oficiales del mundo,Nombra una moneda oficial utilizada actualmente por algún Estado.,Zloty polaco,zlotypolaco,4,4 · Muy profundo,PLN,https://www.iso.org/iso-4217-currency-codes.html,Se incluye el código ISO como alias de entrada.
8,Monedas oficiales del mundo,Nombra una moneda oficial utilizada actualmente por algún Estado.,Guaraní paraguayo,guaraniparaguayo,4,4 · Muy profundo,PYG,https://www.iso.org/iso-4217-currency-codes.html,Se incluye el código ISO como alias de entrada.
8,Monedas oficiales del mundo,Nombra una moneda oficial utilizada actualmente por algún Estado.,Riyal catarí,riyalcatari,4,4 · Muy profundo,QAR,https://www.iso.org/iso-4217-currency-codes.html,Se incluye el código ISO como alias de entrada.
8,Monedas oficiales del mundo,Nombra una moneda oficial utilizada actualmente por algún Estado.,Leu rumano,leurumano,4,4 · Muy profundo,RON,https://www.iso.org/iso-4217-currency-codes.html,Se incluye el código ISO como alias de entrada.
8,Monedas oficiales del mundo,Nombra una moneda oficial utilizada actualmente por algún Estado.,Serbian Dinar,serbiandinar,4,4 · Muy profundo,RSD,https://www.iso.org/iso-4217-currency-codes.html,Se incluye el código ISO como alias de entrada.
8,Monedas oficiales del mundo,Nombra una moneda oficial utilizada actualmente por algún Estado.,Rublo ruso,rubloruso,4,4 · Muy profundo,RUB,https://www.iso.org/iso-4217-currency-codes.html,Se incluye el código ISO como alias de entrada.
8,Monedas oficiales del mundo,Nombra una moneda oficial utilizada actualmente por algún Estado.,Rwanda Franc,rwandafranc,4,4 · Muy profundo,RWF,https://www.iso.org/iso-4217-currency-codes.html,Se incluye el código ISO como alias de entrada.
8,Monedas oficiales del mundo,Nombra una moneda oficial utilizada actualmente por algún Estado.,Riyal saudí,riyalsaudi,4,4 · Muy profundo,SAR,https://www.iso.org/iso-4217-currency-codes.html,Se incluye el código ISO como alias de entrada.
8,Monedas oficiales del mundo,Nombra una moneda oficial utilizada actualmente por algún Estado.,Solomon Islands Dollar,solomonislandsdollar,4,4 · Muy profundo,SBD,https://www.iso.org/iso-4217-currency-codes.html,Se incluye el código ISO como alias de entrada.
8,Monedas oficiales del mundo,Nombra una moneda oficial utilizada actualmente por algún Estado.,Seychelles Rupee,seychellesrupee,4,4 · Muy profundo,SCR,https://www.iso.org/iso-4217-currency-codes.html,Se incluye el código ISO como alias de entrada.
8,Monedas oficiales del mundo,Nombra una moneda oficial utilizada actualmente por algún Estado.,Sudanese Pound,sudanesepound,4,4 · Muy profundo,SDG,https://www.iso.org/iso-4217-currency-codes.html,Se incluye el código ISO como alias de entrada.
8,Monedas oficiales del mundo,Nombra una moneda oficial utilizada actualmente por algún Estado.,Corona sueca,coronasueca,4,4 · Muy profundo,SEK,https://www.iso.org/iso-4217-currency-codes.html,Se incluye el código ISO como alias de entrada.
8,Monedas oficiales del mundo,Nombra una moneda oficial utilizada actualmente por algún Estado.,Dólar de Singapur,dolardesingapur,4,4 · Muy profundo,SGD,https://www.iso.org/iso-4217-currency-codes.html,Se incluye el código ISO como alias de entrada.
8,Monedas oficiales del mundo,Nombra una moneda oficial utilizada actualmente por algún Estado.,Leone,leone,4,4 · Muy profundo,SLL,https://www.iso.org/iso-4217-currency-codes.html,Se incluye el código ISO como alias de entrada.
8,Monedas oficiales del mundo,Nombra una moneda oficial utilizada actualmente por algún Estado.,Somali Shilling,somalishilling,4,4 · Muy profundo,SOS,https://www.iso.org/iso-4217-currency-codes.html,Se incluye el código ISO como alias de entrada.
8,Monedas oficiales del mundo,Nombra una moneda oficial utilizada actualmente por algún Estado.,Surinam Dollar,surinamdollar,4,4 · Muy profundo,SRD,https://www.iso.org/iso-4217-currency-codes.html,Se incluye el código ISO como alias de entrada.
8,Monedas oficiales del mundo,Nombra una moneda oficial utilizada actualmente por algún Estado.,South Sudanese Pound,southsudanesepound,4,4 · Muy profundo,SSP,https://www.iso.org/iso-4217-currency-codes.html,Se incluye el código ISO como alias de entrada.
8,Monedas oficiales del mundo,Nombra una moneda oficial utilizada actualmente por algún Estado.,STD,std,4,4 · Muy profundo,,https://www.iso.org/iso-4217-currency-codes.html,Se incluye el código ISO como alias de entrada.
8,Monedas oficiales del mundo,Nombra una moneda oficial utilizada actualmente por algún Estado.,El Salvador Colon,elsalvadorcolon,4,4 · Muy profundo,SVC,https://www.iso.org/iso-4217-currency-codes.html,Se incluye el código ISO como alias de entrada.
8,Monedas oficiales del mundo,Nombra una moneda oficial utilizada actualmente por algún Estado.,Syrian Pound,syrianpound,4,4 · Muy profundo,SYP,https://www.iso.org/iso-4217-currency-codes.html,Se incluye el código ISO como alias de entrada.
8,Monedas oficiales del mundo,Nombra una moneda oficial utilizada actualmente por algún Estado.,Lilangeni,lilangeni,4,4 · Muy profundo,SZL,https://www.iso.org/iso-4217-currency-codes.html,Se incluye el código ISO como alias de entrada.
8,Monedas oficiales del mundo,Nombra una moneda oficial utilizada actualmente por algún Estado.,Baht tailandés,bahttailandes,4,4 · Muy profundo,THB,https://www.iso.org/iso-4217-currency-codes.html,Se incluye el código ISO como alias de entrada.
8,Monedas oficiales del mundo,Nombra una moneda oficial utilizada actualmente por algún Estado.,Somoni,somoni,4,4 · Muy profundo,TJS,https://www.iso.org/iso-4217-currency-codes.html,Se incluye el código ISO como alias de entrada.
8,Monedas oficiales del mundo,Nombra una moneda oficial utilizada actualmente por algún Estado.,Turkmenistan New Manat,turkmenistannewmanat,4,4 · Muy profundo,TMT,https://www.iso.org/iso-4217-currency-codes.html,Se incluye el código ISO como alias de entrada.
8,Monedas oficiales del mundo,Nombra una moneda oficial utilizada actualmente por algún Estado.,Dinar tunecino,dinartunecino,4,4 · Muy profundo,TND,https://www.iso.org/iso-4217-currency-codes.html,Se incluye el código ISO como alias de entrada.
8,Monedas oficiales del mundo,Nombra una moneda oficial utilizada actualmente por algún Estado.,Pa’anga,paanga,4,4 · Muy profundo,TOP,https://www.iso.org/iso-4217-currency-codes.html,Se incluye el código ISO como alias de entrada.
8,Monedas oficiales del mundo,Nombra una moneda oficial utilizada actualmente por algún Estado.,Lira turca,liraturca,4,4 · Muy profundo,TRY,https://www.iso.org/iso-4217-currency-codes.html,Se incluye el código ISO como alias de entrada.
8,Monedas oficiales del mundo,Nombra una moneda oficial utilizada actualmente por algún Estado.,Trinidad and Tobago Dollar,trinidadandtobagodollar,4,4 · Muy profundo,TTD,https://www.iso.org/iso-4217-currency-codes.html,Se incluye el código ISO como alias de entrada.
8,Monedas oficiales del mundo,Nombra una moneda oficial utilizada actualmente por algún Estado.,Tanzanian Shilling,tanzanianshilling,4,4 · Muy profundo,TZS,https://www.iso.org/iso-4217-currency-codes.html,Se incluye el código ISO como alias de entrada.
8,Monedas oficiales del mundo,Nombra una moneda oficial utilizada actualmente por algún Estado.,Grivna ucraniana,grivnaucraniana,4,4 · Muy profundo,UAH,https://www.iso.org/iso-4217-currency-codes.html,Se incluye el código ISO como alias de entrada.
8,Monedas oficiales del mundo,Nombra una moneda oficial utilizada actualmente por algún Estado.,Uganda Shilling,ugandashilling,4,4 · Muy profundo,UGX,https://www.iso.org/iso-4217-currency-codes.html,Se incluye el código ISO como alias de entrada.
8,Monedas oficiales del mundo,Nombra una moneda oficial utilizada actualmente por algún Estado.,Dólar estadounidense,dolarestadounidense,4,4 · Muy profundo,USD,https://www.iso.org/iso-4217-currency-codes.html,Se incluye el código ISO como alias de entrada.
8,Monedas oficiales del mundo,Nombra una moneda oficial utilizada actualmente por algún Estado.,US Dollar (Next day),usdollarnextday,4,4 · Muy profundo,USN,https://www.iso.org/iso-4217-currency-codes.html,Se incluye el código ISO como alias de entrada.
8,Monedas oficiales del mundo,Nombra una moneda oficial utilizada actualmente por algún Estado.,USS,uss,4,4 · Muy profundo,,https://www.iso.org/iso-4217-currency-codes.html,Se incluye el código ISO como alias de entrada.
8,Monedas oficiales del mundo,Nombra una moneda oficial utilizada actualmente por algún Estado.,Uruguay Peso en Unidades Indexadas (UI),uruguaypesoenunidadesindexadasui,4,4 · Muy profundo,UYI,https://www.iso.org/iso-4217-currency-codes.html,Se incluye el código ISO como alias de entrada.
8,Monedas oficiales del mundo,Nombra una moneda oficial utilizada actualmente por algún Estado.,Peso uruguayo,pesouruguayo,4,4 · Muy profundo,UYU,https://www.iso.org/iso-4217-currency-codes.html,Se incluye el código ISO como alias de entrada.
8,Monedas oficiales del mundo,Nombra una moneda oficial utilizada actualmente por algún Estado.,Uzbekistan Sum,uzbekistansum,4,4 · Muy profundo,UZS,https://www.iso.org/iso-4217-currency-codes.html,Se incluye el código ISO como alias de entrada.
8,Monedas oficiales del mundo,Nombra una moneda oficial utilizada actualmente por algún Estado.,Bolívar venezolano,bolivarvenezolano,4,4 · Muy profundo,VEF,https://www.iso.org/iso-4217-currency-codes.html,Se incluye el código ISO como alias de entrada.
8,Monedas oficiales del mundo,Nombra una moneda oficial utilizada actualmente por algún Estado.,Dong vietnamita,dongvietnamita,4,4 · Muy profundo,VND,https://www.iso.org/iso-4217-currency-codes.html,Se incluye el código ISO como alias de entrada.
8,Monedas oficiales del mundo,Nombra una moneda oficial utilizada actualmente por algún Estado.,Vatu,vatu,4,4 · Muy profundo,VUV,https://www.iso.org/iso-4217-currency-codes.html,Se incluye el código ISO como alias de entrada.
8,Monedas oficiales del mundo,Nombra una moneda oficial utilizada actualmente por algún Estado.,Tala,tala,4,4 · Muy profundo,WST,https://www.iso.org/iso-4217-currency-codes.html,Se incluye el código ISO como alias de entrada.
8,Monedas oficiales del mundo,Nombra una moneda oficial utilizada actualmente por algún Estado.,CFA Franc BEAC,cfafrancbeac,4,4 · Muy profundo,XAF,https://www.iso.org/iso-4217-currency-codes.html,Se incluye el código ISO como alias de entrada.
8,Monedas oficiales del mundo,Nombra una moneda oficial utilizada actualmente por algún Estado.,East Caribbean Dollar,eastcaribbeandollar,4,4 · Muy profundo,XCD,https://www.iso.org/iso-4217-currency-codes.html,Se incluye el código ISO como alias de entrada.
8,Monedas oficiales del mundo,Nombra una moneda oficial utilizada actualmente por algún Estado.,CFA Franc BCEAO,cfafrancbceao,4,4 · Muy profundo,XOF,https://www.iso.org/iso-4217-currency-codes.html,Se incluye el código ISO como alias de entrada.
8,Monedas oficiales del mundo,Nombra una moneda oficial utilizada actualmente por algún Estado.,Yemeni Rial,yemenirial,5,🕳️ 5 · Abismo,YER,https://www.iso.org/iso-4217-currency-codes.html,Se incluye el código ISO como alias de entrada.
8,Monedas oficiales del mundo,Nombra una moneda oficial utilizada actualmente por algún Estado.,Rand,rand,5,🕳️ 5 · Abismo,ZAR,https://www.iso.org/iso-4217-currency-codes.html,Se incluye el código ISO como alias de entrada.
8,Monedas oficiales del mundo,Nombra una moneda oficial utilizada actualmente por algún Estado.,ZMK,zmk,5,🕳️ 5 · Abismo,,https://www.iso.org/iso-4217-currency-codes.html,Se incluye el código ISO como alias de entrada.
9,Países de África,Nombra un país de Africa.,Angola,angola,1,🧊 1 · Punta del iceberg,,https://www.un.org/en/about-us/member-states,Agrupación geográfica amplia
9,Países de África,Nombra un país de Africa.,Argelia,argelia,1,🧊 1 · Punta del iceberg,Algeria,https://www.un.org/en/about-us/member-states,Agrupación geográfica amplia
9,Países de África,Nombra un país de Africa.,Benín,benin,1,🧊 1 · Punta del iceberg,,https://www.un.org/en/about-us/member-states,Agrupación geográfica amplia
9,Países de África,Nombra un país de Africa.,Botswana,botswana,1,🧊 1 · Punta del iceberg,,https://www.un.org/en/about-us/member-states,Agrupación geográfica amplia
9,Países de África,Nombra un país de Africa.,Burkina Faso,burkinafaso,2,2 · Bajo el hielo,,https://www.un.org/en/about-us/member-states,Agrupación geográfica amplia
9,Países de África,Nombra un país de Africa.,Burundi,burundi,2,2 · Bajo el hielo,,https://www.un.org/en/about-us/member-states,Agrupación geográfica amplia
9,Países de África,Nombra un país de Africa.,Cabo Verde,caboverde,2,2 · Bajo el hielo,,https://www.un.org/en/about-us/member-states,Agrupación geográfica amplia
9,Países de África,Nombra un país de Africa.,Camerún,camerun,2,2 · Bajo el hielo,Cameroon,https://www.un.org/en/about-us/member-states,Agrupación geográfica amplia
9,Países de África,Nombra un país de Africa.,Chad,chad,2,2 · Bajo el hielo,,https://www.un.org/en/about-us/member-states,Agrupación geográfica amplia
9,Países de África,Nombra un país de Africa.,Comoras,comoras,5,🕳️ 5 · Abismo,Comoros,https://www.un.org/en/about-us/member-states,Agrupación geográfica amplia
9,Países de África,Nombra un país de Africa.,Congo,congo,2,2 · Bajo el hielo,,https://www.un.org/en/about-us/member-states,Agrupación geográfica amplia
9,Países de África,Nombra un país de Africa.,Congo (Rep. Dem.),congorepdem,2,2 · Bajo el hielo,Democratic Republic of the Congo,https://www.un.org/en/about-us/member-states,Agrupación geográfica amplia
9,Países de África,Nombra un país de Africa.,Costa de Marfil,costademarfil,2,2 · Bajo el hielo,Côte D'Ivoire,https://www.un.org/en/about-us/member-states,Agrupación geográfica amplia
9,Países de África,Nombra un país de Africa.,Egipto,egipto,1,🧊 1 · Punta del iceberg,Egypt,https://www.un.org/en/about-us/member-states,Agrupación geográfica amplia
9,Países de África,Nombra un país de Africa.,Eritrea,eritrea,2,2 · Bajo el hielo,,https://www.un.org/en/about-us/member-states,Agrupación geográfica amplia
9,Países de África,Nombra un país de Africa.,Etiopía,etiopia,2,2 · Bajo el hielo,Ethiopia,https://www.un.org/en/about-us/member-states,Agrupación geográfica amplia
9,Países de África,Nombra un país de Africa.,Gabón,gabon,2,2 · Bajo el hielo,,https://www.un.org/en/about-us/member-states,Agrupación geográfica amplia
9,Países de África,Nombra un país de Africa.,Gambia,gambia,3,3 · Profundo,,https://www.un.org/en/about-us/member-states,Agrupación geográfica amplia
9,Países de África,Nombra un país de Africa.,Ghana,ghana,3,3 · Profundo,,https://www.un.org/en/about-us/member-states,Agrupación geográfica amplia
9,Países de África,Nombra un país de Africa.,Guinea,guinea,3,3 · Profundo,,https://www.un.org/en/about-us/member-states,Agrupación geográfica amplia
9,Países de África,Nombra un país de Africa.,Guinea Ecuatorial,guineaecuatorial,3,3 · Profundo,Equatorial Guinea,https://www.un.org/en/about-us/member-states,Agrupación geográfica amplia
9,Países de África,Nombra un país de Africa.,Guinea-Bisáu,guineabisau,3,3 · Profundo,Guinea-Bissau,https://www.un.org/en/about-us/member-states,Agrupación geográfica amplia
9,Países de África,Nombra un país de Africa.,Kenia,kenia,3,3 · Profundo,Kenya,https://www.un.org/en/about-us/member-states,Agrupación geográfica amplia
9,Países de África,Nombra un país de Africa.,Lesotho,lesotho,3,3 · Profundo,,https://www.un.org/en/about-us/member-states,Agrupación geográfica amplia
9,Países de África,Nombra un país de Africa.,Liberia,liberia,3,3 · Profundo,,https://www.un.org/en/about-us/member-states,Agrupación geográfica amplia
9,Países de África,Nombra un país de Africa.,Libia,libia,3,3 · Profundo,Libya,https://www.un.org/en/about-us/member-states,Agrupación geográfica amplia
9,Países de África,Nombra un país de Africa.,Madagascar,madagascar,3,3 · Profundo,,https://www.un.org/en/about-us/member-states,Agrupación geográfica amplia
9,Países de África,Nombra un país de Africa.,Malawi,malawi,3,3 · Profundo,,https://www.un.org/en/about-us/member-states,Agrupación geográfica amplia
9,Países de África,Nombra un país de Africa.,Mali,mali,3,3 · Profundo,,https://www.un.org/en/about-us/member-states,Agrupación geográfica amplia
9,Países de África,Nombra un país de Africa.,Marruecos,marruecos,1,🧊 1 · Punta del iceberg,Morocco,https://www.un.org/en/about-us/member-states,Agrupación geográfica amplia
9,Países de África,Nombra un país de Africa.,Mauricio,mauricio,3,3 · Profundo,Mauritius,https://www.un.org/en/about-us/member-states,Agrupación geográfica amplia
9,Países de África,Nombra un país de Africa.,Mauritania,mauritania,3,3 · Profundo,,https://www.un.org/en/about-us/member-states,Agrupación geográfica amplia
9,Países de África,Nombra un país de Africa.,Mozambique,mozambique,3,3 · Profundo,,https://www.un.org/en/about-us/member-states,Agrupación geográfica amplia
9,Países de África,Nombra un país de Africa.,Namibia,namibia,3,3 · Profundo,,https://www.un.org/en/about-us/member-states,Agrupación geográfica amplia
9,Países de África,Nombra un país de Africa.,Nigeria,nigeria,3,3 · Profundo,,https://www.un.org/en/about-us/member-states,Agrupación geográfica amplia
9,Países de África,Nombra un país de Africa.,Níger,niger,4,4 · Muy profundo,,https://www.un.org/en/about-us/member-states,Agrupación geográfica amplia
9,Países de África,Nombra un país de Africa.,República Centroafricana,republicacentroafricana,4,4 · Muy profundo,Central African Republic,https://www.un.org/en/about-us/member-states,Agrupación geográfica amplia
9,Países de África,Nombra un país de Africa.,República de Sudáfrica,republicadesudafrica,4,4 · Muy profundo,South Africa,https://www.un.org/en/about-us/member-states,Agrupación geográfica amplia
9,Países de África,Nombra un país de Africa.,Ruanda,ruanda,4,4 · Muy profundo,Rwanda,https://www.un.org/en/about-us/member-states,Agrupación geográfica amplia
9,Países de África,Nombra un país de Africa.,Santo Tomé y Príncipe,santotomeyprincipe,5,🕳️ 5 · Abismo,Sao Tome and Principe,https://www.un.org/en/about-us/member-states,Agrupación geográfica amplia
9,Países de África,Nombra un país de Africa.,Senegal,senegal,4,4 · Muy profundo,,https://www.un.org/en/about-us/member-states,Agrupación geográfica amplia
9,Países de África,Nombra un país de Africa.,Seychelles,seychelles,4,4 · Muy profundo,,https://www.un.org/en/about-us/member-states,Agrupación geográfica amplia
9,Países de África,Nombra un país de Africa.,Sierra Leone,sierraleone,4,4 · Muy profundo,,https://www.un.org/en/about-us/member-states,Agrupación geográfica amplia
9,Países de África,Nombra un país de Africa.,Somalia,somalia,4,4 · Muy profundo,,https://www.un.org/en/about-us/member-states,Agrupación geográfica amplia
9,Países de África,Nombra un país de Africa.,Suazilandia,suazilandia,4,4 · Muy profundo,Eswatini,https://www.un.org/en/about-us/member-states,Agrupación geográfica amplia
9,Países de África,Nombra un país de Africa.,Sudán,sudan,4,4 · Muy profundo,,https://www.un.org/en/about-us/member-states,Agrupación geográfica amplia
9,Países de África,Nombra un país de Africa.,Sudán del Sur,sudandelsur,4,4 · Muy profundo,South Sudan,https://www.un.org/en/about-us/member-states,Agrupación geográfica amplia
9,Países de África,Nombra un país de Africa.,Tanzania,tanzania,4,4 · Muy profundo,United Republic of Tanzania,https://www.un.org/en/about-us/member-states,Agrupación geográfica amplia
9,Países de África,Nombra un país de Africa.,Togo,togo,4,4 · Muy profundo,,https://www.un.org/en/about-us/member-states,Agrupación geográfica amplia
9,Países de África,Nombra un país de Africa.,Túnez,tunez,4,4 · Muy profundo,Tunisia,https://www.un.org/en/about-us/member-states,Agrupación geográfica amplia
9,Países de África,Nombra un país de Africa.,Uganda,uganda,4,4 · Muy profundo,,https://www.un.org/en/about-us/member-states,Agrupación geográfica amplia
9,Países de África,Nombra un país de Africa.,Yibuti,yibuti,4,4 · Muy profundo,Djibouti,https://www.un.org/en/about-us/member-states,Agrupación geográfica amplia
9,Países de África,Nombra un país de Africa.,Zambia,zambia,4,4 · Muy profundo,,https://www.un.org/en/about-us/member-states,Agrupación geográfica amplia
9,Países de África,Nombra un país de Africa.,Zimbabue,zimbabue,5,🕳️ 5 · Abismo,Zimbabwe,https://www.un.org/en/about-us/member-states,Agrupación geográfica amplia
10,Países de Asia,Nombra un país de Asia.,Afganistán,afganistan,3,3 · Profundo,Afghanistan,https://www.un.org/en/about-us/member-states,Agrupación geográfica amplia
10,Países de Asia,Nombra un país de Asia.,Arabia Saudí,arabiasaudi,3,3 · Profundo,Saudi Arabia,https://www.un.org/en/about-us/member-states,Agrupación geográfica amplia
10,Países de Asia,Nombra un país de Asia.,Armenia,armenia,3,3 · Profundo,,https://www.un.org/en/about-us/member-states,Agrupación geográfica amplia
10,Países de Asia,Nombra un país de Asia.,Azerbaiyán,azerbaiyan,3,3 · Profundo,Azerbaijan,https://www.un.org/en/about-us/member-states,Agrupación geográfica amplia
10,Países de Asia,Nombra un país de Asia.,Bahrein,bahrein,3,3 · Profundo,Bahrain,https://www.un.org/en/about-us/member-states,Agrupación geográfica amplia
10,Países de Asia,Nombra un país de Asia.,Bangladesh,bangladesh,3,3 · Profundo,,https://www.un.org/en/about-us/member-states,Agrupación geográfica amplia
10,Países de Asia,Nombra un país de Asia.,Brunei,brunei,3,3 · Profundo,Brunei Darussalam,https://www.un.org/en/about-us/member-states,Agrupación geográfica amplia
10,Países de Asia,Nombra un país de Asia.,Bután,butan,3,3 · Profundo,Bhutan,https://www.un.org/en/about-us/member-states,Agrupación geográfica amplia
10,Países de Asia,Nombra un país de Asia.,Camboya,camboya,3,3 · Profundo,Cambodia,https://www.un.org/en/about-us/member-states,Agrupación geográfica amplia
10,Países de Asia,Nombra un país de Asia.,Catar,catar,3,3 · Profundo,Qatar,https://www.un.org/en/about-us/member-states,Agrupación geográfica amplia
10,Países de Asia,Nombra un país de Asia.,China,china,1,🧊 1 · Punta del iceberg,,https://www.un.org/en/about-us/member-states,Agrupación geográfica amplia
10,Países de Asia,Nombra un país de Asia.,Corea del Norte,coreadelnorte,3,3 · Profundo,Democratic People's Republic of Korea,https://www.un.org/en/about-us/member-states,Agrupación geográfica amplia
10,Países de Asia,Nombra un país de Asia.,Corea del Sur,coreadelsur,2,2 · Bajo el hielo,Republic of Korea,https://www.un.org/en/about-us/member-states,Agrupación geográfica amplia
10,Países de Asia,Nombra un país de Asia.,Emiratos Árabes Unidos,emiratosarabesunidos,2,2 · Bajo el hielo,United Arab Emirates,https://www.un.org/en/about-us/member-states,Agrupación geográfica amplia
10,Países de Asia,Nombra un país de Asia.,Filipinas,filipinas,2,2 · Bajo el hielo,Philippines,https://www.un.org/en/about-us/member-states,Agrupación geográfica amplia
10,Países de Asia,Nombra un país de Asia.,Georgia,georgia,3,3 · Profundo,,https://www.un.org/en/about-us/member-states,Agrupación geográfica amplia
10,Países de Asia,Nombra un país de Asia.,India,india,1,🧊 1 · Punta del iceberg,,https://www.un.org/en/about-us/member-states,Agrupación geográfica amplia
10,Países de Asia,Nombra un país de Asia.,Indonesia,indonesia,2,2 · Bajo el hielo,,https://www.un.org/en/about-us/member-states,Agrupación geográfica amplia
10,Países de Asia,Nombra un país de Asia.,Irak,irak,2,2 · Bajo el hielo,Iraq,https://www.un.org/en/about-us/member-states,Agrupación geográfica amplia
10,Países de Asia,Nombra un país de Asia.,Iran,iran,2,2 · Bajo el hielo,,https://www.un.org/en/about-us/member-states,Agrupación geográfica amplia
10,Países de Asia,Nombra un país de Asia.,Israel,israel,1,🧊 1 · Punta del iceberg,,https://www.un.org/en/about-us/member-states,Agrupación geográfica amplia
10,Países de Asia,Nombra un país de Asia.,Japón,japon,1,🧊 1 · Punta del iceberg,Japan,https://www.un.org/en/about-us/member-states,Agrupación geográfica amplia
10,Países de Asia,Nombra un país de Asia.,Jordania,jordania,3,3 · Profundo,Jordan,https://www.un.org/en/about-us/member-states,Agrupación geográfica amplia
10,Países de Asia,Nombra un país de Asia.,Kazajistán,kazajistan,3,3 · Profundo,Kazakhstan,https://www.un.org/en/about-us/member-states,Agrupación geográfica amplia
10,Países de Asia,Nombra un país de Asia.,Kirguizistán,kirguizistan,4,4 · Muy profundo,Kyrgyzstan,https://www.un.org/en/about-us/member-states,Agrupación geográfica amplia
10,Países de Asia,Nombra un país de Asia.,Kuwait,kuwait,4,4 · Muy profundo,,https://www.un.org/en/about-us/member-states,Agrupación geográfica amplia
10,Países de Asia,Nombra un país de Asia.,Laos,laos,4,4 · Muy profundo,Lao People's Democratic Republic,https://www.un.org/en/about-us/member-states,Agrupación geográfica amplia
10,Países de Asia,Nombra un país de Asia.,Líbano,libano,4,4 · Muy profundo,Lebanon,https://www.un.org/en/about-us/member-states,Agrupación geográfica amplia
10,Países de Asia,Nombra un país de Asia.,Malasia,malasia,4,4 · Muy profundo,Malaysia,https://www.un.org/en/about-us/member-states,Agrupación geográfica amplia
10,Países de Asia,Nombra un país de Asia.,Maldivas,maldivas,4,4 · Muy profundo,Maldives,https://www.un.org/en/about-us/member-states,Agrupación geográfica amplia
10,Países de Asia,Nombra un país de Asia.,Mongolia,mongolia,4,4 · Muy profundo,,https://www.un.org/en/about-us/member-states,Agrupación geográfica amplia
10,Países de Asia,Nombra un país de Asia.,Nepal,nepal,4,4 · Muy profundo,,https://www.un.org/en/about-us/member-states,Agrupación geográfica amplia
10,Países de Asia,Nombra un país de Asia.,Omán,oman,4,4 · Muy profundo,,https://www.un.org/en/about-us/member-states,Agrupación geográfica amplia
10,Países de Asia,Nombra un país de Asia.,Pakistán,pakistan,2,2 · Bajo el hielo,,https://www.un.org/en/about-us/member-states,Agrupación geográfica amplia
10,Países de Asia,Nombra un país de Asia.,Singapur,singapur,4,4 · Muy profundo,Singapore,https://www.un.org/en/about-us/member-states,Agrupación geográfica amplia
10,Países de Asia,Nombra un país de Asia.,Siria,siria,4,4 · Muy profundo,Syrian Arab Republic,https://www.un.org/en/about-us/member-states,Agrupación geográfica amplia
10,Países de Asia,Nombra un país de Asia.,Sri Lanka,srilanka,4,4 · Muy profundo,,https://www.un.org/en/about-us/member-states,Agrupación geográfica amplia
10,Países de Asia,Nombra un país de Asia.,Tailandia,tailandia,2,2 · Bajo el hielo,Thailand,https://www.un.org/en/about-us/member-states,Agrupación geográfica amplia
10,Países de Asia,Nombra un país de Asia.,Tayikistán,tayikistan,4,4 · Muy profundo,Tajikistan,https://www.un.org/en/about-us/member-states,Agrupación geográfica amplia
10,Países de Asia,Nombra un país de Asia.,Timor Oriental,timororiental,4,4 · Muy profundo,Timor-Leste,https://www.un.org/en/about-us/member-states,Agrupación geográfica amplia
10,Países de Asia,Nombra un país de Asia.,Turkmenistán,turkmenistan,4,4 · Muy profundo,,https://www.un.org/en/about-us/member-states,Agrupación geográfica amplia
10,Países de Asia,Nombra un país de Asia.,Turquía,turquia,1,🧊 1 · Punta del iceberg,Türkiye,https://www.un.org/en/about-us/member-states,Agrupación geográfica amplia
10,Países de Asia,Nombra un país de Asia.,Uzbekistán,uzbekistan,5,🕳️ 5 · Abismo,,https://www.un.org/en/about-us/member-states,Agrupación geográfica amplia
10,Países de Asia,Nombra un país de Asia.,Vietnam,vietnam,2,2 · Bajo el hielo,,https://www.un.org/en/about-us/member-states,Agrupación geográfica amplia
10,Países de Asia,Nombra un país de Asia.,Yemen,yemen,5,🕳️ 5 · Abismo,,https://www.un.org/en/about-us/member-states,Agrupación geográfica amplia
11,Países de Europa,Nombra un país de Europe.,Albania,albania,3,3 · Profundo,,https://www.un.org/en/about-us/member-states,Agrupación geográfica amplia
11,Países de Europa,Nombra un país de Europe.,Alemania,alemania,1,🧊 1 · Punta del iceberg,Germany,https://www.un.org/en/about-us/member-states,Agrupación geográfica amplia
11,Países de Europa,Nombra un país de Europe.,Austria,austria,2,2 · Bajo el hielo,,https://www.un.org/en/about-us/member-states,Agrupación geográfica amplia
11,Países de Europa,Nombra un país de Europe.,Bielorrusia,bielorrusia,3,3 · Profundo,Belarus,https://www.un.org/en/about-us/member-states,Agrupación geográfica amplia
11,Países de Europa,Nombra un país de Europe.,Bosnia y Herzegovina,bosniayherzegovina,3,3 · Profundo,Bosnia and Herzegovina,https://www.un.org/en/about-us/member-states,Agrupación geográfica amplia
11,Países de Europa,Nombra un país de Europe.,Bulgaria,bulgaria,3,3 · Profundo,,https://www.un.org/en/about-us/member-states,Agrupación geográfica amplia
11,Países de Europa,Nombra un país de Europe.,Bélgica,belgica,2,2 · Bajo el hielo,Belgium,https://www.un.org/en/about-us/member-states,Agrupación geográfica amplia
11,Países de Europa,Nombra un país de Europe.,Chipre,chipre,3,3 · Profundo,Cyprus,https://www.un.org/en/about-us/member-states,Agrupación geográfica amplia
11,Países de Europa,Nombra un país de Europe.,Croacia,croacia,3,3 · Profundo,Croatia,https://www.un.org/en/about-us/member-states,Agrupación geográfica amplia
11,Países de Europa,Nombra un país de Europe.,Dinamarca,dinamarca,3,3 · Profundo,Denmark,https://www.un.org/en/about-us/member-states,Agrupación geográfica amplia
11,Países de Europa,Nombra un país de Europe.,Eslovenia,eslovenia,3,3 · Profundo,Slovenia,https://www.un.org/en/about-us/member-states,Agrupación geográfica amplia
11,Países de Europa,Nombra un país de Europe.,España,espana,1,🧊 1 · Punta del iceberg,Spain,https://www.un.org/en/about-us/member-states,Agrupación geográfica amplia
11,Países de Europa,Nombra un país de Europe.,Estonia,estonia,4,4 · Muy profundo,,https://www.un.org/en/about-us/member-states,Agrupación geográfica amplia
11,Países de Europa,Nombra un país de Europe.,Finlandia,finlandia,3,3 · Profundo,Finland,https://www.un.org/en/about-us/member-states,Agrupación geográfica amplia
11,Países de Europa,Nombra un país de Europe.,Francia,francia,1,🧊 1 · Punta del iceberg,France,https://www.un.org/en/about-us/member-states,Agrupación geográfica amplia
11,Países de Europa,Nombra un país de Europe.,Grecia,grecia,2,2 · Bajo el hielo,Greece,https://www.un.org/en/about-us/member-states,Agrupación geográfica amplia
11,Países de Europa,Nombra un país de Europe.,Hungría,hungria,4,4 · Muy profundo,Hungary,https://www.un.org/en/about-us/member-states,Agrupación geográfica amplia
11,Países de Europa,Nombra un país de Europe.,Irlanda,irlanda,2,2 · Bajo el hielo,Ireland,https://www.un.org/en/about-us/member-states,Agrupación geográfica amplia
11,Países de Europa,Nombra un país de Europe.,Islandia,islandia,4,4 · Muy profundo,Iceland,https://www.un.org/en/about-us/member-states,Agrupación geográfica amplia
11,Países de Europa,Nombra un país de Europe.,Italia,italia,1,🧊 1 · Punta del iceberg,Italy,https://www.un.org/en/about-us/member-states,Agrupación geográfica amplia
11,Países de Europa,Nombra un país de Europe.,Letonia,letonia,4,4 · Muy profundo,Latvia,https://www.un.org/en/about-us/member-states,Agrupación geográfica amplia
11,Países de Europa,Nombra un país de Europe.,Liechtenstein,liechtenstein,4,4 · Muy profundo,,https://www.un.org/en/about-us/member-states,Agrupación geográfica amplia
11,Países de Europa,Nombra un país de Europe.,Lituania,lituania,4,4 · Muy profundo,Lithuania,https://www.un.org/en/about-us/member-states,Agrupación geográfica amplia
11,Países de Europa,Nombra un país de Europe.,Luxemburgo,luxemburgo,4,4 · Muy profundo,Luxembourg,https://www.un.org/en/about-us/member-states,Agrupación geográfica amplia
11,Países de Europa,Nombra un país de Europe.,Macedonia,macedonia,4,4 · Muy profundo,North Macedonia,https://www.un.org/en/about-us/member-states,Agrupación geográfica amplia
11,Países de Europa,Nombra un país de Europe.,Malta,malta,4,4 · Muy profundo,,https://www.un.org/en/about-us/member-states,Agrupación geográfica amplia
11,Países de Europa,Nombra un país de Europe.,Moldavia,moldavia,4,4 · Muy profundo,Republic of Moldova,https://www.un.org/en/about-us/member-states,Agrupación geográfica amplia
11,Países de Europa,Nombra un país de Europe.,Mónaco,monaco,4,4 · Muy profundo,,https://www.un.org/en/about-us/member-states,Agrupación geográfica amplia
11,Países de Europa,Nombra un país de Europe.,Noruega,noruega,3,3 · Profundo,Norway,https://www.un.org/en/about-us/member-states,Agrupación geográfica amplia
11,Países de Europa,Nombra un país de Europe.,Países Bajos,paisesbajos,2,2 · Bajo el hielo,Netherlands,https://www.un.org/en/about-us/member-states,Agrupación geográfica amplia
11,Países de Europa,Nombra un país de Europe.,Polonia,polonia,2,2 · Bajo el hielo,Poland,https://www.un.org/en/about-us/member-states,Agrupación geográfica amplia
11,Países de Europa,Nombra un país de Europe.,Portugal,portugal,1,🧊 1 · Punta del iceberg,,https://www.un.org/en/about-us/member-states,Agrupación geográfica amplia
11,Países de Europa,Nombra un país de Europe.,República Checa,republicacheca,4,4 · Muy profundo,Czechia,https://www.un.org/en/about-us/member-states,Agrupación geográfica amplia
11,Países de Europa,Nombra un país de Europe.,República Eslovaca,republicaeslovaca,5,🕳️ 5 · Abismo,Slovakia,https://www.un.org/en/about-us/member-states,Agrupación geográfica amplia
11,Países de Europa,Nombra un país de Europe.,Rumania,rumania,3,3 · Profundo,Romania,https://www.un.org/en/about-us/member-states,Agrupación geográfica amplia
11,Países de Europa,Nombra un país de Europe.,Rusia,rusia,2,2 · Bajo el hielo,Russian Federation,https://www.un.org/en/about-us/member-states,Agrupación geográfica amplia
11,Países de Europa,Nombra un país de Europe.,San Marino,sanmarino,5,🕳️ 5 · Abismo,,https://www.un.org/en/about-us/member-states,Agrupación geográfica amplia
11,Países de Europa,Nombra un país de Europe.,Serbia,serbia,3,3 · Profundo,,https://www.un.org/en/about-us/member-states,Agrupación geográfica amplia
11,Países de Europa,Nombra un país de Europe.,Suecia,suecia,3,3 · Profundo,Sweden,https://www.un.org/en/about-us/member-states,Agrupación geográfica amplia
11,Países de Europa,Nombra un país de Europe.,Suiza,suiza,2,2 · Bajo el hielo,Switzerland,https://www.un.org/en/about-us/member-states,Agrupación geográfica amplia
11,Países de Europa,Nombra un país de Europe.,Ucrania,ucrania,2,2 · Bajo el hielo,Ukraine,https://www.un.org/en/about-us/member-states,Agrupación geográfica amplia
12,Países de América,Nombra un país de Americas.,Antigua y Barbuda,antiguaybarbuda,3,3 · Profundo,Antigua and Barbuda,https://www.un.org/en/about-us/member-states,Agrupación geográfica amplia
12,Países de América,Nombra un país de Americas.,Argentina,argentina,1,🧊 1 · Punta del iceberg,,https://www.un.org/en/about-us/member-states,Agrupación geográfica amplia
12,Países de América,Nombra un país de Americas.,Bahamas,bahamas,3,3 · Profundo,,https://www.un.org/en/about-us/member-states,Agrupación geográfica amplia
12,Países de América,Nombra un país de Americas.,Barbados,barbados,3,3 · Profundo,,https://www.un.org/en/about-us/member-states,Agrupación geográfica amplia
12,Países de América,Nombra un país de Americas.,Belice,belice,3,3 · Profundo,Belize,https://www.un.org/en/about-us/member-states,Agrupación geográfica amplia
12,Países de América,Nombra un país de Americas.,Bolivia,bolivia,3,3 · Profundo,,https://www.un.org/en/about-us/member-states,Agrupación geográfica amplia
12,Países de América,Nombra un país de Americas.,Brasil,brasil,1,🧊 1 · Punta del iceberg,Brazil,https://www.un.org/en/about-us/member-states,Agrupación geográfica amplia
12,Países de América,Nombra un país de Americas.,Canadá,canada,2,2 · Bajo el hielo,,https://www.un.org/en/about-us/member-states,Agrupación geográfica amplia
12,Países de América,Nombra un país de Americas.,Chile,chile,2,2 · Bajo el hielo,,https://www.un.org/en/about-us/member-states,Agrupación geográfica amplia
12,Países de América,Nombra un país de Americas.,Colombia,colombia,2,2 · Bajo el hielo,,https://www.un.org/en/about-us/member-states,Agrupación geográfica amplia
12,Países de América,Nombra un país de Americas.,Costa Rica,costarica,3,3 · Profundo,,https://www.un.org/en/about-us/member-states,Agrupación geográfica amplia
12,Países de América,Nombra un país de Americas.,Cuba,cuba,2,2 · Bajo el hielo,,https://www.un.org/en/about-us/member-states,Agrupación geográfica amplia
12,Países de América,Nombra un país de Americas.,Dominica,dominica,3,3 · Profundo,,https://www.un.org/en/about-us/member-states,Agrupación geográfica amplia
12,Países de América,Nombra un país de Americas.,Ecuador,ecuador,2,2 · Bajo el hielo,,https://www.un.org/en/about-us/member-states,Agrupación geográfica amplia
12,Países de América,Nombra un país de Americas.,El Salvador,elsalvador,3,3 · Profundo,,https://www.un.org/en/about-us/member-states,Agrupación geográfica amplia
12,Países de América,Nombra un país de Americas.,Estados Unidos,estadosunidos,1,🧊 1 · Punta del iceberg,United States of America,https://www.un.org/en/about-us/member-states,Agrupación geográfica amplia
12,Países de América,Nombra un país de Americas.,Grenada,grenada,4,4 · Muy profundo,,https://www.un.org/en/about-us/member-states,Agrupación geográfica amplia
12,Países de América,Nombra un país de Americas.,Guatemala,guatemala,4,4 · Muy profundo,,https://www.un.org/en/about-us/member-states,Agrupación geográfica amplia
12,Países de América,Nombra un país de Americas.,Guyana,guyana,4,4 · Muy profundo,,https://www.un.org/en/about-us/member-states,Agrupación geográfica amplia
12,Países de América,Nombra un país de Americas.,Haiti,haiti,4,4 · Muy profundo,,https://www.un.org/en/about-us/member-states,Agrupación geográfica amplia
12,Países de América,Nombra un país de Americas.,Honduras,honduras,4,4 · Muy profundo,,https://www.un.org/en/about-us/member-states,Agrupación geográfica amplia
12,Países de América,Nombra un país de Americas.,Jamaica,jamaica,4,4 · Muy profundo,,https://www.un.org/en/about-us/member-states,Agrupación geográfica amplia
12,Países de América,Nombra un país de Americas.,México,mexico,1,🧊 1 · Punta del iceberg,,https://www.un.org/en/about-us/member-states,Agrupación geográfica amplia
12,Países de América,Nombra un país de Americas.,Nicaragua,nicaragua,4,4 · Muy profundo,,https://www.un.org/en/about-us/member-states,Agrupación geográfica amplia
12,Países de América,Nombra un país de Americas.,Panamá,panama,3,3 · Profundo,,https://www.un.org/en/about-us/member-states,Agrupación geográfica amplia
12,Países de América,Nombra un país de Americas.,Paraguay,paraguay,4,4 · Muy profundo,,https://www.un.org/en/about-us/member-states,Agrupación geográfica amplia
12,Países de América,Nombra un país de Americas.,Perú,peru,2,2 · Bajo el hielo,,https://www.un.org/en/about-us/member-states,Agrupación geográfica amplia
12,Países de América,Nombra un país de Americas.,República Dominicana,republicadominicana,3,3 · Profundo,Dominican Republic,https://www.un.org/en/about-us/member-states,Agrupación geográfica amplia
12,Países de América,Nombra un país de Americas.,San Cristóbal y Nieves,sancristobalynieves,4,4 · Muy profundo,Saint Kitts and Nevis,https://www.un.org/en/about-us/member-states,Agrupación geográfica amplia
12,Países de América,Nombra un país de Americas.,San Vicente y Granadinas,sanvicenteygranadinas,4,4 · Muy profundo,Saint Vincent and the Grenadines,https://www.un.org/en/about-us/member-states,Agrupación geográfica amplia
12,Países de América,Nombra un país de Americas.,Santa Lucía,santalucia,4,4 · Muy profundo,Saint Lucia,https://www.un.org/en/about-us/member-states,Agrupación geográfica amplia
12,Países de América,Nombra un país de Americas.,Surinam,surinam,5,🕳️ 5 · Abismo,Suriname,https://www.un.org/en/about-us/member-states,Agrupación geográfica amplia
12,Países de América,Nombra un país de Americas.,Trinidad y Tobago,trinidadytobago,5,🕳️ 5 · Abismo,Trinidad and Tobago,https://www.un.org/en/about-us/member-states,Agrupación geográfica amplia
12,Países de América,Nombra un país de Americas.,Uruguay,uruguay,3,3 · Profundo,,https://www.un.org/en/about-us/member-states,Agrupación geográfica amplia
12,Países de América,Nombra un país de Americas.,Venezuela,venezuela,2,2 · Bajo el hielo,,https://www.un.org/en/about-us/member-states,Agrupación geográfica amplia
13,Países de Oceanía,Nombra un país de Oceania.,Australia,australia,1,🧊 1 · Punta del iceberg,,https://www.un.org/en/about-us/member-states,Agrupación geográfica amplia
13,Países de Oceanía,Nombra un país de Oceania.,Fiyi,fiyi,2,2 · Bajo el hielo,Fiji,https://www.un.org/en/about-us/member-states,Agrupación geográfica amplia
13,Países de Oceanía,Nombra un país de Oceania.,Islas Marshall,islasmarshall,2,2 · Bajo el hielo,Marshall Islands,https://www.un.org/en/about-us/member-states,Agrupación geográfica amplia
13,Países de Oceanía,Nombra un país de Oceania.,Islas Salomón,islassalomon,2,2 · Bajo el hielo,Solomon Islands,https://www.un.org/en/about-us/member-states,Agrupación geográfica amplia
13,Países de Oceanía,Nombra un país de Oceania.,Kiribati,kiribati,5,🕳️ 5 · Abismo,,https://www.un.org/en/about-us/member-states,Agrupación geográfica amplia
13,Países de Oceanía,Nombra un país de Oceania.,Micronesia,micronesia,3,3 · Profundo,,https://www.un.org/en/about-us/member-states,Agrupación geográfica amplia
13,Países de Oceanía,Nombra un país de Oceania.,Nauru,nauru,4,4 · Muy profundo,,https://www.un.org/en/about-us/member-states,Agrupación geográfica amplia
13,Países de Oceanía,Nombra un país de Oceania.,Nueva Zelanda,nuevazelanda,1,🧊 1 · Punta del iceberg,New Zealand,https://www.un.org/en/about-us/member-states,Agrupación geográfica amplia
13,Países de Oceanía,Nombra un país de Oceania.,Palau,palau,3,3 · Profundo,,https://www.un.org/en/about-us/member-states,Agrupación geográfica amplia
13,Países de Oceanía,Nombra un país de Oceania.,Papúa Nueva Guinea,papuanuevaguinea,3,3 · Profundo,Papua New Guinea,https://www.un.org/en/about-us/member-states,Agrupación geográfica amplia
13,Países de Oceanía,Nombra un país de Oceania.,Samoa,samoa,3,3 · Profundo,,https://www.un.org/en/about-us/member-states,Agrupación geográfica amplia
13,Países de Oceanía,Nombra un país de Oceania.,Tonga,tonga,3,3 · Profundo,,https://www.un.org/en/about-us/member-states,Agrupación geográfica amplia
13,Países de Oceanía,Nombra un país de Oceania.,Tuvalu,tuvalu,4,4 · Muy profundo,,https://www.un.org/en/about-us/member-states,Agrupación geográfica amplia
13,Países de Oceanía,Nombra un país de Oceania.,Vanuatu,vanuatu,4,4 · Muy profundo,,https://www.un.org/en/about-us/member-states,Agrupación geográfica amplia
14,Países de la Unión Europea,Nombra un Estado miembro de la Unión Europea.,Países Bajos,paisesbajos,2,2 · Bajo el hielo,Netherlands,https://european-union.europa.eu/principles-countries-history/country-profiles_en,27 miembros
14,Países de la Unión Europea,Nombra un Estado miembro de la Unión Europea.,Suecia,suecia,3,3 · Profundo,Sweden,https://european-union.europa.eu/principles-countries-history/country-profiles_en,27 miembros
14,Países de la Unión Europea,Nombra un Estado miembro de la Unión Europea.,Irlanda,irlanda,2,2 · Bajo el hielo,Ireland,https://european-union.europa.eu/principles-countries-history/country-profiles_en,27 miembros
14,Países de la Unión Europea,Nombra un Estado miembro de la Unión Europea.,Dinamarca,dinamarca,3,3 · Profundo,Denmark,https://european-union.europa.eu/principles-countries-history/country-profiles_en,27 miembros
14,Países de la Unión Europea,Nombra un Estado miembro de la Unión Europea.,Finlandia,finlandia,3,3 · Profundo,Finland,https://european-union.europa.eu/principles-countries-history/country-profiles_en,27 miembros
14,Países de la Unión Europea,Nombra un Estado miembro de la Unión Europea.,Francia,francia,1,🧊 1 · Punta del iceberg,France,https://european-union.europa.eu/principles-countries-history/country-profiles_en,27 miembros
14,Países de la Unión Europea,Nombra un Estado miembro de la Unión Europea.,República Eslovaca,republicaeslovaca,3,3 · Profundo,Slovakia,https://european-union.europa.eu/principles-countries-history/country-profiles_en,27 miembros
14,Países de la Unión Europea,Nombra un Estado miembro de la Unión Europea.,Hungría,hungria,3,3 · Profundo,Hungary,https://european-union.europa.eu/principles-countries-history/country-profiles_en,27 miembros
14,Países de la Unión Europea,Nombra un Estado miembro de la Unión Europea.,Polonia,polonia,3,3 · Profundo,Poland,https://european-union.europa.eu/principles-countries-history/country-profiles_en,27 miembros
14,Países de la Unión Europea,Nombra un Estado miembro de la Unión Europea.,Bélgica,belgica,2,2 · Bajo el hielo,Belgium,https://european-union.europa.eu/principles-countries-history/country-profiles_en,27 miembros
14,Países de la Unión Europea,Nombra un Estado miembro de la Unión Europea.,Malta,malta,4,4 · Muy profundo,,https://european-union.europa.eu/principles-countries-history/country-profiles_en,27 miembros
14,Países de la Unión Europea,Nombra un Estado miembro de la Unión Europea.,Croacia,croacia,3,3 · Profundo,Croatia,https://european-union.europa.eu/principles-countries-history/country-profiles_en,27 miembros
14,Países de la Unión Europea,Nombra un Estado miembro de la Unión Europea.,Eslovenia,eslovenia,4,4 · Muy profundo,Slovenia,https://european-union.europa.eu/principles-countries-history/country-profiles_en,27 miembros
14,Países de la Unión Europea,Nombra un Estado miembro de la Unión Europea.,Estonia,estonia,4,4 · Muy profundo,,https://european-union.europa.eu/principles-countries-history/country-profiles_en,27 miembros
14,Países de la Unión Europea,Nombra un Estado miembro de la Unión Europea.,Austria,austria,3,3 · Profundo,,https://european-union.europa.eu/principles-countries-history/country-profiles_en,27 miembros
14,Países de la Unión Europea,Nombra un Estado miembro de la Unión Europea.,Lituania,lituania,4,4 · Muy profundo,Lithuania,https://european-union.europa.eu/principles-countries-history/country-profiles_en,27 miembros
14,Países de la Unión Europea,Nombra un Estado miembro de la Unión Europea.,España,espana,1,🧊 1 · Punta del iceberg,Spain,https://european-union.europa.eu/principles-countries-history/country-profiles_en,27 miembros
14,Países de la Unión Europea,Nombra un Estado miembro de la Unión Europea.,Bulgaria,bulgaria,4,4 · Muy profundo,,https://european-union.europa.eu/principles-countries-history/country-profiles_en,27 miembros
14,Países de la Unión Europea,Nombra un Estado miembro de la Unión Europea.,Chipre,chipre,4,4 · Muy profundo,Cyprus,https://european-union.europa.eu/principles-countries-history/country-profiles_en,27 miembros
14,Países de la Unión Europea,Nombra un Estado miembro de la Unión Europea.,Rumania,rumania,3,3 · Profundo,Romania,https://european-union.europa.eu/principles-countries-history/country-profiles_en,27 miembros
14,Países de la Unión Europea,Nombra un Estado miembro de la Unión Europea.,Portugal,portugal,2,2 · Bajo el hielo,,https://european-union.europa.eu/principles-countries-history/country-profiles_en,27 miembros
14,Países de la Unión Europea,Nombra un Estado miembro de la Unión Europea.,Luxemburgo,luxemburgo,4,4 · Muy profundo,Luxembourg,https://european-union.europa.eu/principles-countries-history/country-profiles_en,27 miembros
14,Países de la Unión Europea,Nombra un Estado miembro de la Unión Europea.,República Checa,republicacheca,5,🕳️ 5 · Abismo,Czechia,https://european-union.europa.eu/principles-countries-history/country-profiles_en,27 miembros
14,Países de la Unión Europea,Nombra un Estado miembro de la Unión Europea.,Italia,italia,1,🧊 1 · Punta del iceberg,Italy,https://european-union.europa.eu/principles-countries-history/country-profiles_en,27 miembros
14,Países de la Unión Europea,Nombra un Estado miembro de la Unión Europea.,Alemania,alemania,2,2 · Bajo el hielo,Germany,https://european-union.europa.eu/principles-countries-history/country-profiles_en,27 miembros
14,Países de la Unión Europea,Nombra un Estado miembro de la Unión Europea.,Grecia,grecia,2,2 · Bajo el hielo,Greece,https://european-union.europa.eu/principles-countries-history/country-profiles_en,27 miembros
14,Países de la Unión Europea,Nombra un Estado miembro de la Unión Europea.,Letonia,letonia,5,🕳️ 5 · Abismo,Latvia,https://european-union.europa.eu/principles-countries-history/country-profiles_en,27 miembros
15,Estados de EE. UU.,Nombra una unidad territorial de EEUU.,Alabama,alabama,1,🧊 1 · Punta del iceberg,,https://www.census.gov/quickfacts/,Universo administrativo cerrado.
15,Estados de EE. UU.,Nombra una unidad territorial de EEUU.,Alaska,alaska,2,2 · Bajo el hielo,,https://www.census.gov/quickfacts/,Universo administrativo cerrado.
15,Estados de EE. UU.,Nombra una unidad territorial de EEUU.,Arizona,arizona,2,2 · Bajo el hielo,,https://www.census.gov/quickfacts/,Universo administrativo cerrado.
15,Estados de EE. UU.,Nombra una unidad territorial de EEUU.,Arkansas,arkansas,2,2 · Bajo el hielo,,https://www.census.gov/quickfacts/,Universo administrativo cerrado.
15,Estados de EE. UU.,Nombra una unidad territorial de EEUU.,California,california,1,🧊 1 · Punta del iceberg,,https://www.census.gov/quickfacts/,Universo administrativo cerrado.
15,Estados de EE. UU.,Nombra una unidad territorial de EEUU.,Colorado,colorado,2,2 · Bajo el hielo,,https://www.census.gov/quickfacts/,Universo administrativo cerrado.
15,Estados de EE. UU.,Nombra una unidad territorial de EEUU.,Connecticut,connecticut,2,2 · Bajo el hielo,,https://www.census.gov/quickfacts/,Universo administrativo cerrado.
15,Estados de EE. UU.,Nombra una unidad territorial de EEUU.,Delaware,delaware,4,4 · Muy profundo,,https://www.census.gov/quickfacts/,Universo administrativo cerrado.
15,Estados de EE. UU.,Nombra una unidad territorial de EEUU.,Florida,florida,1,🧊 1 · Punta del iceberg,,https://www.census.gov/quickfacts/,Universo administrativo cerrado.
15,Estados de EE. UU.,Nombra una unidad territorial de EEUU.,Georgia,georgia,2,2 · Bajo el hielo,,https://www.census.gov/quickfacts/,Universo administrativo cerrado.
15,Estados de EE. UU.,Nombra una unidad territorial de EEUU.,Hawái,hawai,2,2 · Bajo el hielo,,https://www.census.gov/quickfacts/,Universo administrativo cerrado.
15,Estados de EE. UU.,Nombra una unidad territorial de EEUU.,Idaho,idaho,2,2 · Bajo el hielo,,https://www.census.gov/quickfacts/,Universo administrativo cerrado.
15,Estados de EE. UU.,Nombra una unidad territorial de EEUU.,Illinois,illinois,2,2 · Bajo el hielo,,https://www.census.gov/quickfacts/,Universo administrativo cerrado.
15,Estados de EE. UU.,Nombra una unidad territorial de EEUU.,Indiana,indiana,2,2 · Bajo el hielo,,https://www.census.gov/quickfacts/,Universo administrativo cerrado.
15,Estados de EE. UU.,Nombra una unidad territorial de EEUU.,Iowa,iowa,3,3 · Profundo,,https://www.census.gov/quickfacts/,Universo administrativo cerrado.
15,Estados de EE. UU.,Nombra una unidad territorial de EEUU.,Kansas,kansas,3,3 · Profundo,,https://www.census.gov/quickfacts/,Universo administrativo cerrado.
15,Estados de EE. UU.,Nombra una unidad territorial de EEUU.,Kentucky,kentucky,3,3 · Profundo,,https://www.census.gov/quickfacts/,Universo administrativo cerrado.
15,Estados de EE. UU.,Nombra una unidad territorial de EEUU.,Luisiana,luisiana,3,3 · Profundo,,https://www.census.gov/quickfacts/,Universo administrativo cerrado.
15,Estados de EE. UU.,Nombra una unidad territorial de EEUU.,Maine,maine,3,3 · Profundo,,https://www.census.gov/quickfacts/,Universo administrativo cerrado.
15,Estados de EE. UU.,Nombra una unidad territorial de EEUU.,Maryland,maryland,3,3 · Profundo,,https://www.census.gov/quickfacts/,Universo administrativo cerrado.
15,Estados de EE. UU.,Nombra una unidad territorial de EEUU.,Massachusetts,massachusetts,3,3 · Profundo,,https://www.census.gov/quickfacts/,Universo administrativo cerrado.
15,Estados de EE. UU.,Nombra una unidad territorial de EEUU.,Míchigan,michigan,3,3 · Profundo,,https://www.census.gov/quickfacts/,Universo administrativo cerrado.
15,Estados de EE. UU.,Nombra una unidad territorial de EEUU.,Minnesota,minnesota,3,3 · Profundo,,https://www.census.gov/quickfacts/,Universo administrativo cerrado.
15,Estados de EE. UU.,Nombra una unidad territorial de EEUU.,Misisipi,misisipi,3,3 · Profundo,,https://www.census.gov/quickfacts/,Universo administrativo cerrado.
15,Estados de EE. UU.,Nombra una unidad territorial de EEUU.,Misuri,misuri,3,3 · Profundo,,https://www.census.gov/quickfacts/,Universo administrativo cerrado.
15,Estados de EE. UU.,Nombra una unidad territorial de EEUU.,Montana,montana,3,3 · Profundo,,https://www.census.gov/quickfacts/,Universo administrativo cerrado.
15,Estados de EE. UU.,Nombra una unidad territorial de EEUU.,Nebraska,nebraska,3,3 · Profundo,,https://www.census.gov/quickfacts/,Universo administrativo cerrado.
15,Estados de EE. UU.,Nombra una unidad territorial de EEUU.,Nevada,nevada,3,3 · Profundo,,https://www.census.gov/quickfacts/,Universo administrativo cerrado.
15,Estados de EE. UU.,Nombra una unidad territorial de EEUU.,Nuevo Hampshire,nuevohampshire,3,3 · Profundo,,https://www.census.gov/quickfacts/,Universo administrativo cerrado.
15,Estados de EE. UU.,Nombra una unidad territorial de EEUU.,Nueva Jersey,nuevajersey,4,4 · Muy profundo,,https://www.census.gov/quickfacts/,Universo administrativo cerrado.
15,Estados de EE. UU.,Nombra una unidad territorial de EEUU.,Nuevo México,nuevomexico,4,4 · Muy profundo,,https://www.census.gov/quickfacts/,Universo administrativo cerrado.
15,Estados de EE. UU.,Nombra una unidad territorial de EEUU.,Nueva York,nuevayork,1,🧊 1 · Punta del iceberg,,https://www.census.gov/quickfacts/,Universo administrativo cerrado.
15,Estados de EE. UU.,Nombra una unidad territorial de EEUU.,Carolina del Norte,carolinadelnorte,4,4 · Muy profundo,,https://www.census.gov/quickfacts/,Universo administrativo cerrado.
15,Estados de EE. UU.,Nombra una unidad territorial de EEUU.,Dakota del Norte,dakotadelnorte,4,4 · Muy profundo,,https://www.census.gov/quickfacts/,Universo administrativo cerrado.
15,Estados de EE. UU.,Nombra una unidad territorial de EEUU.,Ohio,ohio,4,4 · Muy profundo,,https://www.census.gov/quickfacts/,Universo administrativo cerrado.
15,Estados de EE. UU.,Nombra una unidad territorial de EEUU.,Oklahoma,oklahoma,4,4 · Muy profundo,,https://www.census.gov/quickfacts/,Universo administrativo cerrado.
15,Estados de EE. UU.,Nombra una unidad territorial de EEUU.,Oregón,oregon,4,4 · Muy profundo,,https://www.census.gov/quickfacts/,Universo administrativo cerrado.
15,Estados de EE. UU.,Nombra una unidad territorial de EEUU.,Pensilvania,pensilvania,4,4 · Muy profundo,,https://www.census.gov/quickfacts/,Universo administrativo cerrado.
15,Estados de EE. UU.,Nombra una unidad territorial de EEUU.,Rhode Island,rhodeisland,4,4 · Muy profundo,,https://www.census.gov/quickfacts/,Universo administrativo cerrado.
15,Estados de EE. UU.,Nombra una unidad territorial de EEUU.,Carolina del Sur,carolinadelsur,4,4 · Muy profundo,,https://www.census.gov/quickfacts/,Universo administrativo cerrado.
15,Estados de EE. UU.,Nombra una unidad territorial de EEUU.,Dakota del Sur,dakotadelsur,4,4 · Muy profundo,,https://www.census.gov/quickfacts/,Universo administrativo cerrado.
15,Estados de EE. UU.,Nombra una unidad territorial de EEUU.,Tennessee,tennessee,4,4 · Muy profundo,,https://www.census.gov/quickfacts/,Universo administrativo cerrado.
15,Estados de EE. UU.,Nombra una unidad territorial de EEUU.,Texas,texas,1,🧊 1 · Punta del iceberg,,https://www.census.gov/quickfacts/,Universo administrativo cerrado.
15,Estados de EE. UU.,Nombra una unidad territorial de EEUU.,Utah,utah,4,4 · Muy profundo,,https://www.census.gov/quickfacts/,Universo administrativo cerrado.
15,Estados de EE. UU.,Nombra una unidad territorial de EEUU.,Vermont,vermont,5,🕳️ 5 · Abismo,,https://www.census.gov/quickfacts/,Universo administrativo cerrado.
15,Estados de EE. UU.,Nombra una unidad territorial de EEUU.,Virginia,virginia,4,4 · Muy profundo,,https://www.census.gov/quickfacts/,Universo administrativo cerrado.
15,Estados de EE. UU.,Nombra una unidad territorial de EEUU.,Washington,washington,4,4 · Muy profundo,,https://www.census.gov/quickfacts/,Universo administrativo cerrado.
15,Estados de EE. UU.,Nombra una unidad territorial de EEUU.,Virginia Occidental,virginiaoccidental,4,4 · Muy profundo,,https://www.census.gov/quickfacts/,Universo administrativo cerrado.
15,Estados de EE. UU.,Nombra una unidad territorial de EEUU.,Wisconsin,wisconsin,4,4 · Muy profundo,,https://www.census.gov/quickfacts/,Universo administrativo cerrado.
15,Estados de EE. UU.,Nombra una unidad territorial de EEUU.,Wyoming,wyoming,5,🕳️ 5 · Abismo,,https://www.census.gov/quickfacts/,Universo administrativo cerrado.
16,Elementos químicos,Nombra un elemento químico.,Hidrógeno,hidrogeno,1,🧊 1 · Punta del iceberg,,https://iupac.org/what-we-do/periodic-table-of-elements/,118 elementos.
16,Elementos químicos,Nombra un elemento químico.,Helio,helio,1,🧊 1 · Punta del iceberg,,https://iupac.org/what-we-do/periodic-table-of-elements/,118 elementos.
16,Elementos químicos,Nombra un elemento químico.,Litio,litio,1,🧊 1 · Punta del iceberg,,https://iupac.org/what-we-do/periodic-table-of-elements/,118 elementos.
16,Elementos químicos,Nombra un elemento químico.,Berilio,berilio,1,🧊 1 · Punta del iceberg,,https://iupac.org/what-we-do/periodic-table-of-elements/,118 elementos.
16,Elementos químicos,Nombra un elemento químico.,Boro,boro,1,🧊 1 · Punta del iceberg,,https://iupac.org/what-we-do/periodic-table-of-elements/,118 elementos.
16,Elementos químicos,Nombra un elemento químico.,Carbono,carbono,1,🧊 1 · Punta del iceberg,,https://iupac.org/what-we-do/periodic-table-of-elements/,118 elementos.
16,Elementos químicos,Nombra un elemento químico.,Nitrógeno,nitrogeno,1,🧊 1 · Punta del iceberg,,https://iupac.org/what-we-do/periodic-table-of-elements/,118 elementos.
16,Elementos químicos,Nombra un elemento químico.,Oxígeno,oxigeno,1,🧊 1 · Punta del iceberg,,https://iupac.org/what-we-do/periodic-table-of-elements/,118 elementos.
16,Elementos químicos,Nombra un elemento químico.,Flúor,fluor,1,🧊 1 · Punta del iceberg,,https://iupac.org/what-we-do/periodic-table-of-elements/,118 elementos.
16,Elementos químicos,Nombra un elemento químico.,Neón,neon,1,🧊 1 · Punta del iceberg,,https://iupac.org/what-we-do/periodic-table-of-elements/,118 elementos.
16,Elementos químicos,Nombra un elemento químico.,Sodio,sodio,1,🧊 1 · Punta del iceberg,,https://iupac.org/what-we-do/periodic-table-of-elements/,118 elementos.
16,Elementos químicos,Nombra un elemento químico.,Magnesio,magnesio,1,🧊 1 · Punta del iceberg,,https://iupac.org/what-we-do/periodic-table-of-elements/,118 elementos.
16,Elementos químicos,Nombra un elemento químico.,Aluminio,aluminio,2,2 · Bajo el hielo,,https://iupac.org/what-we-do/periodic-table-of-elements/,118 elementos.
16,Elementos químicos,Nombra un elemento químico.,Silicio,silicio,2,2 · Bajo el hielo,,https://iupac.org/what-we-do/periodic-table-of-elements/,118 elementos.
16,Elementos químicos,Nombra un elemento químico.,Fósforo,fosforo,2,2 · Bajo el hielo,,https://iupac.org/what-we-do/periodic-table-of-elements/,118 elementos.
16,Elementos químicos,Nombra un elemento químico.,Azufre,azufre,2,2 · Bajo el hielo,,https://iupac.org/what-we-do/periodic-table-of-elements/,118 elementos.
16,Elementos químicos,Nombra un elemento químico.,Cloro,cloro,2,2 · Bajo el hielo,,https://iupac.org/what-we-do/periodic-table-of-elements/,118 elementos.
16,Elementos químicos,Nombra un elemento químico.,Argón,argon,2,2 · Bajo el hielo,,https://iupac.org/what-we-do/periodic-table-of-elements/,118 elementos.
16,Elementos químicos,Nombra un elemento químico.,Potasio,potasio,2,2 · Bajo el hielo,,https://iupac.org/what-we-do/periodic-table-of-elements/,118 elementos.
16,Elementos químicos,Nombra un elemento químico.,Calcio,calcio,2,2 · Bajo el hielo,,https://iupac.org/what-we-do/periodic-table-of-elements/,118 elementos.
16,Elementos químicos,Nombra un elemento químico.,Escandio,escandio,2,2 · Bajo el hielo,,https://iupac.org/what-we-do/periodic-table-of-elements/,118 elementos.
16,Elementos químicos,Nombra un elemento químico.,Titanio,titanio,2,2 · Bajo el hielo,,https://iupac.org/what-we-do/periodic-table-of-elements/,118 elementos.
16,Elementos químicos,Nombra un elemento químico.,Vanadio,vanadio,2,2 · Bajo el hielo,,https://iupac.org/what-we-do/periodic-table-of-elements/,118 elementos.
16,Elementos químicos,Nombra un elemento químico.,Cromo,cromo,2,2 · Bajo el hielo,,https://iupac.org/what-we-do/periodic-table-of-elements/,118 elementos.
16,Elementos químicos,Nombra un elemento químico.,Manganeso,manganeso,2,2 · Bajo el hielo,,https://iupac.org/what-we-do/periodic-table-of-elements/,118 elementos.
16,Elementos químicos,Nombra un elemento químico.,Hierro,hierro,2,2 · Bajo el hielo,,https://iupac.org/what-we-do/periodic-table-of-elements/,118 elementos.
16,Elementos químicos,Nombra un elemento químico.,Cobalto,cobalto,2,2 · Bajo el hielo,,https://iupac.org/what-we-do/periodic-table-of-elements/,118 elementos.
16,Elementos químicos,Nombra un elemento químico.,Níquel,niquel,2,2 · Bajo el hielo,,https://iupac.org/what-we-do/periodic-table-of-elements/,118 elementos.
16,Elementos químicos,Nombra un elemento químico.,Cobre,cobre,2,2 · Bajo el hielo,,https://iupac.org/what-we-do/periodic-table-of-elements/,118 elementos.
16,Elementos químicos,Nombra un elemento químico.,Zinc,zinc,2,2 · Bajo el hielo,,https://iupac.org/what-we-do/periodic-table-of-elements/,118 elementos.
16,Elementos químicos,Nombra un elemento químico.,Galio,galio,2,2 · Bajo el hielo,,https://iupac.org/what-we-do/periodic-table-of-elements/,118 elementos.
16,Elementos químicos,Nombra un elemento químico.,Germanio,germanio,2,2 · Bajo el hielo,,https://iupac.org/what-we-do/periodic-table-of-elements/,118 elementos.
16,Elementos químicos,Nombra un elemento químico.,Arsénico,arsenico,2,2 · Bajo el hielo,,https://iupac.org/what-we-do/periodic-table-of-elements/,118 elementos.
16,Elementos químicos,Nombra un elemento químico.,Selenio,selenio,2,2 · Bajo el hielo,,https://iupac.org/what-we-do/periodic-table-of-elements/,118 elementos.
16,Elementos químicos,Nombra un elemento químico.,Bromo,bromo,2,2 · Bajo el hielo,,https://iupac.org/what-we-do/periodic-table-of-elements/,118 elementos.
16,Elementos químicos,Nombra un elemento químico.,Kriptón,kripton,2,2 · Bajo el hielo,,https://iupac.org/what-we-do/periodic-table-of-elements/,118 elementos.
16,Elementos químicos,Nombra un elemento químico.,Rubidio,rubidio,3,3 · Profundo,,https://iupac.org/what-we-do/periodic-table-of-elements/,118 elementos.
16,Elementos químicos,Nombra un elemento químico.,Estroncio,estroncio,3,3 · Profundo,,https://iupac.org/what-we-do/periodic-table-of-elements/,118 elementos.
16,Elementos químicos,Nombra un elemento químico.,Itrio,itrio,3,3 · Profundo,,https://iupac.org/what-we-do/periodic-table-of-elements/,118 elementos.
16,Elementos químicos,Nombra un elemento químico.,Circonio,circonio,3,3 · Profundo,,https://iupac.org/what-we-do/periodic-table-of-elements/,118 elementos.
16,Elementos químicos,Nombra un elemento químico.,Niobio,niobio,3,3 · Profundo,,https://iupac.org/what-we-do/periodic-table-of-elements/,118 elementos.
16,Elementos químicos,Nombra un elemento químico.,Molibdeno,molibdeno,3,3 · Profundo,,https://iupac.org/what-we-do/periodic-table-of-elements/,118 elementos.
16,Elementos químicos,Nombra un elemento químico.,Tecnecio,tecnecio,3,3 · Profundo,,https://iupac.org/what-we-do/periodic-table-of-elements/,118 elementos.
16,Elementos químicos,Nombra un elemento químico.,Rutenio,rutenio,3,3 · Profundo,,https://iupac.org/what-we-do/periodic-table-of-elements/,118 elementos.
16,Elementos químicos,Nombra un elemento químico.,Rodio,rodio,3,3 · Profundo,,https://iupac.org/what-we-do/periodic-table-of-elements/,118 elementos.
16,Elementos químicos,Nombra un elemento químico.,Paladio,paladio,3,3 · Profundo,,https://iupac.org/what-we-do/periodic-table-of-elements/,118 elementos.
16,Elementos químicos,Nombra un elemento químico.,Plata,plata,3,3 · Profundo,,https://iupac.org/what-we-do/periodic-table-of-elements/,118 elementos.
16,Elementos químicos,Nombra un elemento químico.,Cadmio,cadmio,3,3 · Profundo,,https://iupac.org/what-we-do/periodic-table-of-elements/,118 elementos.
16,Elementos químicos,Nombra un elemento químico.,Indio,indio,3,3 · Profundo,,https://iupac.org/what-we-do/periodic-table-of-elements/,118 elementos.
16,Elementos químicos,Nombra un elemento químico.,Estaño,estano,3,3 · Profundo,,https://iupac.org/what-we-do/periodic-table-of-elements/,118 elementos.
16,Elementos químicos,Nombra un elemento químico.,Antimonio,antimonio,3,3 · Profundo,,https://iupac.org/what-we-do/periodic-table-of-elements/,118 elementos.
16,Elementos químicos,Nombra un elemento químico.,Telurio,telurio,3,3 · Profundo,,https://iupac.org/what-we-do/periodic-table-of-elements/,118 elementos.
16,Elementos químicos,Nombra un elemento químico.,Yodo,yodo,3,3 · Profundo,,https://iupac.org/what-we-do/periodic-table-of-elements/,118 elementos.
16,Elementos químicos,Nombra un elemento químico.,Xenón,xenon,3,3 · Profundo,,https://iupac.org/what-we-do/periodic-table-of-elements/,118 elementos.
16,Elementos químicos,Nombra un elemento químico.,Cesio,cesio,3,3 · Profundo,,https://iupac.org/what-we-do/periodic-table-of-elements/,118 elementos.
16,Elementos químicos,Nombra un elemento químico.,Bario,bario,3,3 · Profundo,,https://iupac.org/what-we-do/periodic-table-of-elements/,118 elementos.
16,Elementos químicos,Nombra un elemento químico.,Lantano,lantano,3,3 · Profundo,,https://iupac.org/what-we-do/periodic-table-of-elements/,118 elementos.
16,Elementos químicos,Nombra un elemento químico.,Cerio,cerio,3,3 · Profundo,,https://iupac.org/what-we-do/periodic-table-of-elements/,118 elementos.
16,Elementos químicos,Nombra un elemento químico.,Praseodimio,praseodimio,3,3 · Profundo,,https://iupac.org/what-we-do/periodic-table-of-elements/,118 elementos.
16,Elementos químicos,Nombra un elemento químico.,Neodimio,neodimio,3,3 · Profundo,,https://iupac.org/what-we-do/periodic-table-of-elements/,118 elementos.
16,Elementos químicos,Nombra un elemento químico.,Prometio,prometio,3,3 · Profundo,,https://iupac.org/what-we-do/periodic-table-of-elements/,118 elementos.
16,Elementos químicos,Nombra un elemento químico.,Samario,samario,3,3 · Profundo,,https://iupac.org/what-we-do/periodic-table-of-elements/,118 elementos.
16,Elementos químicos,Nombra un elemento químico.,Europio,europio,3,3 · Profundo,,https://iupac.org/what-we-do/periodic-table-of-elements/,118 elementos.
16,Elementos químicos,Nombra un elemento químico.,Gadolinio,gadolinio,3,3 · Profundo,,https://iupac.org/what-we-do/periodic-table-of-elements/,118 elementos.
16,Elementos químicos,Nombra un elemento químico.,Terbio,terbio,3,3 · Profundo,,https://iupac.org/what-we-do/periodic-table-of-elements/,118 elementos.
16,Elementos químicos,Nombra un elemento químico.,Disprosio,disprosio,3,3 · Profundo,,https://iupac.org/what-we-do/periodic-table-of-elements/,118 elementos.
16,Elementos químicos,Nombra un elemento químico.,Holmio,holmio,3,3 · Profundo,,https://iupac.org/what-we-do/periodic-table-of-elements/,118 elementos.
16,Elementos químicos,Nombra un elemento químico.,Erbio,erbio,3,3 · Profundo,,https://iupac.org/what-we-do/periodic-table-of-elements/,118 elementos.
16,Elementos químicos,Nombra un elemento químico.,Tulio,tulio,3,3 · Profundo,,https://iupac.org/what-we-do/periodic-table-of-elements/,118 elementos.
16,Elementos químicos,Nombra un elemento químico.,Iterbio,iterbio,3,3 · Profundo,,https://iupac.org/what-we-do/periodic-table-of-elements/,118 elementos.
16,Elementos químicos,Nombra un elemento químico.,Lutecio,lutecio,3,3 · Profundo,,https://iupac.org/what-we-do/periodic-table-of-elements/,118 elementos.
16,Elementos químicos,Nombra un elemento químico.,Hafnio,hafnio,3,3 · Profundo,,https://iupac.org/what-we-do/periodic-table-of-elements/,118 elementos.
16,Elementos químicos,Nombra un elemento químico.,Tantalio,tantalio,4,4 · Muy profundo,,https://iupac.org/what-we-do/periodic-table-of-elements/,118 elementos.
16,Elementos químicos,Nombra un elemento químico.,Wolframio,wolframio,4,4 · Muy profundo,,https://iupac.org/what-we-do/periodic-table-of-elements/,118 elementos.
16,Elementos químicos,Nombra un elemento químico.,Renio,renio,4,4 · Muy profundo,,https://iupac.org/what-we-do/periodic-table-of-elements/,118 elementos.
16,Elementos químicos,Nombra un elemento químico.,Osmio,osmio,4,4 · Muy profundo,,https://iupac.org/what-we-do/periodic-table-of-elements/,118 elementos.
16,Elementos químicos,Nombra un elemento químico.,Iridio,iridio,4,4 · Muy profundo,,https://iupac.org/what-we-do/periodic-table-of-elements/,118 elementos.
16,Elementos químicos,Nombra un elemento químico.,Platino,platino,4,4 · Muy profundo,,https://iupac.org/what-we-do/periodic-table-of-elements/,118 elementos.
16,Elementos químicos,Nombra un elemento químico.,Oro,oro,4,4 · Muy profundo,,https://iupac.org/what-we-do/periodic-table-of-elements/,118 elementos.
16,Elementos químicos,Nombra un elemento químico.,Mercurio,mercurio,4,4 · Muy profundo,,https://iupac.org/what-we-do/periodic-table-of-elements/,118 elementos.
16,Elementos químicos,Nombra un elemento químico.,Talio,talio,4,4 · Muy profundo,,https://iupac.org/what-we-do/periodic-table-of-elements/,118 elementos.
16,Elementos químicos,Nombra un elemento químico.,Plomo,plomo,4,4 · Muy profundo,,https://iupac.org/what-we-do/periodic-table-of-elements/,118 elementos.
16,Elementos químicos,Nombra un elemento químico.,Bismuto,bismuto,4,4 · Muy profundo,,https://iupac.org/what-we-do/periodic-table-of-elements/,118 elementos.
16,Elementos químicos,Nombra un elemento químico.,Polonio,polonio,4,4 · Muy profundo,,https://iupac.org/what-we-do/periodic-table-of-elements/,118 elementos.
16,Elementos químicos,Nombra un elemento químico.,Astato,astato,4,4 · Muy profundo,,https://iupac.org/what-we-do/periodic-table-of-elements/,118 elementos.
16,Elementos químicos,Nombra un elemento químico.,Radón,radon,4,4 · Muy profundo,,https://iupac.org/what-we-do/periodic-table-of-elements/,118 elementos.
16,Elementos químicos,Nombra un elemento químico.,Francio,francio,4,4 · Muy profundo,,https://iupac.org/what-we-do/periodic-table-of-elements/,118 elementos.
16,Elementos químicos,Nombra un elemento químico.,Radio,radio,4,4 · Muy profundo,,https://iupac.org/what-we-do/periodic-table-of-elements/,118 elementos.
16,Elementos químicos,Nombra un elemento químico.,Actinio,actinio,4,4 · Muy profundo,,https://iupac.org/what-we-do/periodic-table-of-elements/,118 elementos.
16,Elementos químicos,Nombra un elemento químico.,Torio,torio,4,4 · Muy profundo,,https://iupac.org/what-we-do/periodic-table-of-elements/,118 elementos.
16,Elementos químicos,Nombra un elemento químico.,Protactinio,protactinio,4,4 · Muy profundo,,https://iupac.org/what-we-do/periodic-table-of-elements/,118 elementos.
16,Elementos químicos,Nombra un elemento químico.,Uranio,uranio,4,4 · Muy profundo,,https://iupac.org/what-we-do/periodic-table-of-elements/,118 elementos.
16,Elementos químicos,Nombra un elemento químico.,Neptunio,neptunio,4,4 · Muy profundo,,https://iupac.org/what-we-do/periodic-table-of-elements/,118 elementos.
16,Elementos químicos,Nombra un elemento químico.,Plutonio,plutonio,4,4 · Muy profundo,,https://iupac.org/what-we-do/periodic-table-of-elements/,118 elementos.
16,Elementos químicos,Nombra un elemento químico.,Americio,americio,4,4 · Muy profundo,,https://iupac.org/what-we-do/periodic-table-of-elements/,118 elementos.
16,Elementos químicos,Nombra un elemento químico.,Curio,curio,4,4 · Muy profundo,,https://iupac.org/what-we-do/periodic-table-of-elements/,118 elementos.
16,Elementos químicos,Nombra un elemento químico.,Berkelio,berkelio,4,4 · Muy profundo,,https://iupac.org/what-we-do/periodic-table-of-elements/,118 elementos.
16,Elementos químicos,Nombra un elemento químico.,Californio,californio,4,4 · Muy profundo,,https://iupac.org/what-we-do/periodic-table-of-elements/,118 elementos.
16,Elementos químicos,Nombra un elemento químico.,Einsteinio,einsteinio,4,4 · Muy profundo,,https://iupac.org/what-we-do/periodic-table-of-elements/,118 elementos.
16,Elementos químicos,Nombra un elemento químico.,Fermio,fermio,4,4 · Muy profundo,,https://iupac.org/what-we-do/periodic-table-of-elements/,118 elementos.
16,Elementos químicos,Nombra un elemento químico.,Mendelevio,mendelevio,4,4 · Muy profundo,,https://iupac.org/what-we-do/periodic-table-of-elements/,118 elementos.
16,Elementos químicos,Nombra un elemento químico.,Nobelio,nobelio,4,4 · Muy profundo,,https://iupac.org/what-we-do/periodic-table-of-elements/,118 elementos.
16,Elementos químicos,Nombra un elemento químico.,Lawrencio,lawrencio,4,4 · Muy profundo,,https://iupac.org/what-we-do/periodic-table-of-elements/,118 elementos.
16,Elementos químicos,Nombra un elemento químico.,Rutherfordio,rutherfordio,4,4 · Muy profundo,,https://iupac.org/what-we-do/periodic-table-of-elements/,118 elementos.
16,Elementos químicos,Nombra un elemento químico.,Dubnio,dubnio,4,4 · Muy profundo,,https://iupac.org/what-we-do/periodic-table-of-elements/,118 elementos.
16,Elementos químicos,Nombra un elemento químico.,Seaborgio,seaborgio,4,4 · Muy profundo,,https://iupac.org/what-we-do/periodic-table-of-elements/,118 elementos.
16,Elementos químicos,Nombra un elemento químico.,Bohrio,bohrio,4,4 · Muy profundo,,https://iupac.org/what-we-do/periodic-table-of-elements/,118 elementos.
16,Elementos químicos,Nombra un elemento químico.,Hassio,hassio,4,4 · Muy profundo,,https://iupac.org/what-we-do/periodic-table-of-elements/,118 elementos.
16,Elementos químicos,Nombra un elemento químico.,Meitnerio,meitnerio,4,4 · Muy profundo,,https://iupac.org/what-we-do/periodic-table-of-elements/,118 elementos.
16,Elementos químicos,Nombra un elemento químico.,Darmstadtio,darmstadtio,4,4 · Muy profundo,,https://iupac.org/what-we-do/periodic-table-of-elements/,118 elementos.
16,Elementos químicos,Nombra un elemento químico.,Roentgenio,roentgenio,4,4 · Muy profundo,,https://iupac.org/what-we-do/periodic-table-of-elements/,118 elementos.
16,Elementos químicos,Nombra un elemento químico.,Copernicio,copernicio,4,4 · Muy profundo,,https://iupac.org/what-we-do/periodic-table-of-elements/,118 elementos.
16,Elementos químicos,Nombra un elemento químico.,Nihonio,nihonio,4,4 · Muy profundo,,https://iupac.org/what-we-do/periodic-table-of-elements/,118 elementos.
16,Elementos químicos,Nombra un elemento químico.,Flerovio,flerovio,4,4 · Muy profundo,,https://iupac.org/what-we-do/periodic-table-of-elements/,118 elementos.
16,Elementos químicos,Nombra un elemento químico.,Moscovio,moscovio,4,4 · Muy profundo,,https://iupac.org/what-we-do/periodic-table-of-elements/,118 elementos.
16,Elementos químicos,Nombra un elemento químico.,Livermorio,livermorio,5,🕳️ 5 · Abismo,,https://iupac.org/what-we-do/periodic-table-of-elements/,118 elementos.
16,Elementos químicos,Nombra un elemento químico.,Tenesino,tenesino,5,🕳️ 5 · Abismo,,https://iupac.org/what-we-do/periodic-table-of-elements/,118 elementos.
16,Elementos químicos,Nombra un elemento químico.,Oganesón,oganeson,5,🕳️ 5 · Abismo,,https://iupac.org/what-we-do/periodic-table-of-elements/,118 elementos.
17,Constelaciones oficiales de la IAU,Nombra una constelación oficial.,Andrómeda,andromeda,1,🧊 1 · Punta del iceberg,,https://www.iau.org/public/themes/constellations/,88 constelaciones.
17,Constelaciones oficiales de la IAU,Nombra una constelación oficial.,Antlia (Máquina Neumática),antliamaquinaneumatica,1,🧊 1 · Punta del iceberg,,https://www.iau.org/public/themes/constellations/,88 constelaciones.
17,Constelaciones oficiales de la IAU,Nombra una constelación oficial.,Acuario,acuario,1,🧊 1 · Punta del iceberg,,https://www.iau.org/public/themes/constellations/,88 constelaciones.
17,Constelaciones oficiales de la IAU,Nombra una constelación oficial.,Águila,aguila,1,🧊 1 · Punta del iceberg,,https://www.iau.org/public/themes/constellations/,88 constelaciones.
17,Constelaciones oficiales de la IAU,Nombra una constelación oficial.,Altar,altar,1,🧊 1 · Punta del iceberg,,https://www.iau.org/public/themes/constellations/,88 constelaciones.
17,Constelaciones oficiales de la IAU,Nombra una constelación oficial.,Ave del Paraíso,avedelparaiso,1,🧊 1 · Punta del iceberg,,https://www.iau.org/public/themes/constellations/,88 constelaciones.
17,Constelaciones oficiales de la IAU,Nombra una constelación oficial.,Aries,aries,1,🧊 1 · Punta del iceberg,,https://www.iau.org/public/themes/constellations/,88 constelaciones.
17,Constelaciones oficiales de la IAU,Nombra una constelación oficial.,Auriga (Cochero),aurigacochero,1,🧊 1 · Punta del iceberg,,https://www.iau.org/public/themes/constellations/,88 constelaciones.
17,Constelaciones oficiales de la IAU,Nombra una constelación oficial.,Boyero,boyero,1,🧊 1 · Punta del iceberg,,https://www.iau.org/public/themes/constellations/,88 constelaciones.
17,Constelaciones oficiales de la IAU,Nombra una constelación oficial.,Buril,buril,2,2 · Bajo el hielo,,https://www.iau.org/public/themes/constellations/,88 constelaciones.
17,Constelaciones oficiales de la IAU,Nombra una constelación oficial.,Jirafa (Camelopardalis),jirafacamelopardalis,2,2 · Bajo el hielo,,https://www.iau.org/public/themes/constellations/,88 constelaciones.
17,Constelaciones oficiales de la IAU,Nombra una constelación oficial.,Cáncer,cancer,2,2 · Bajo el hielo,,https://www.iau.org/public/themes/constellations/,88 constelaciones.
17,Constelaciones oficiales de la IAU,Nombra una constelación oficial.,Canes Venatici (Lebreles),canesvenaticilebreles,2,2 · Bajo el hielo,,https://www.iau.org/public/themes/constellations/,88 constelaciones.
17,Constelaciones oficiales de la IAU,Nombra una constelación oficial.,Can Mayor,canmayor,2,2 · Bajo el hielo,,https://www.iau.org/public/themes/constellations/,88 constelaciones.
17,Constelaciones oficiales de la IAU,Nombra una constelación oficial.,Can Menor,canmenor,2,2 · Bajo el hielo,,https://www.iau.org/public/themes/constellations/,88 constelaciones.
17,Constelaciones oficiales de la IAU,Nombra una constelación oficial.,Capricornio,capricornio,2,2 · Bajo el hielo,,https://www.iau.org/public/themes/constellations/,88 constelaciones.
17,Constelaciones oficiales de la IAU,Nombra una constelación oficial.,Carina (Quilla),carinaquilla,2,2 · Bajo el hielo,,https://www.iau.org/public/themes/constellations/,88 constelaciones.
17,Constelaciones oficiales de la IAU,Nombra una constelación oficial.,Casiopea,casiopea,2,2 · Bajo el hielo,,https://www.iau.org/public/themes/constellations/,88 constelaciones.
17,Constelaciones oficiales de la IAU,Nombra una constelación oficial.,Centauro,centauro,2,2 · Bajo el hielo,,https://www.iau.org/public/themes/constellations/,88 constelaciones.
17,Constelaciones oficiales de la IAU,Nombra una constelación oficial.,Cefeo,cefeo,2,2 · Bajo el hielo,,https://www.iau.org/public/themes/constellations/,88 constelaciones.
17,Constelaciones oficiales de la IAU,Nombra una constelación oficial.,Ballena,ballena,2,2 · Bajo el hielo,,https://www.iau.org/public/themes/constellations/,88 constelaciones.
17,Constelaciones oficiales de la IAU,Nombra una constelación oficial.,Camaleón,camaleon,2,2 · Bajo el hielo,,https://www.iau.org/public/themes/constellations/,88 constelaciones.
17,Constelaciones oficiales de la IAU,Nombra una constelación oficial.,Compás,compas,2,2 · Bajo el hielo,,https://www.iau.org/public/themes/constellations/,88 constelaciones.
17,Constelaciones oficiales de la IAU,Nombra una constelación oficial.,Paloma,paloma,2,2 · Bajo el hielo,,https://www.iau.org/public/themes/constellations/,88 constelaciones.
17,Constelaciones oficiales de la IAU,Nombra una constelación oficial.,Cabellera de Berenice,cabelleradeberenice,2,2 · Bajo el hielo,,https://www.iau.org/public/themes/constellations/,88 constelaciones.
17,Constelaciones oficiales de la IAU,Nombra una constelación oficial.,Corona Austral,coronaaustral,2,2 · Bajo el hielo,,https://www.iau.org/public/themes/constellations/,88 constelaciones.
17,Constelaciones oficiales de la IAU,Nombra una constelación oficial.,Corona Boreal,coronaboreal,2,2 · Bajo el hielo,,https://www.iau.org/public/themes/constellations/,88 constelaciones.
17,Constelaciones oficiales de la IAU,Nombra una constelación oficial.,Cuervo,cuervo,3,3 · Profundo,,https://www.iau.org/public/themes/constellations/,88 constelaciones.
17,Constelaciones oficiales de la IAU,Nombra una constelación oficial.,Cráter,crater,3,3 · Profundo,,https://www.iau.org/public/themes/constellations/,88 constelaciones.
17,Constelaciones oficiales de la IAU,Nombra una constelación oficial.,Cruz del Sur,cruzdelsur,3,3 · Profundo,,https://www.iau.org/public/themes/constellations/,88 constelaciones.
17,Constelaciones oficiales de la IAU,Nombra una constelación oficial.,Cisne,cisne,3,3 · Profundo,,https://www.iau.org/public/themes/constellations/,88 constelaciones.
17,Constelaciones oficiales de la IAU,Nombra una constelación oficial.,Delfín,delfin,3,3 · Profundo,,https://www.iau.org/public/themes/constellations/,88 constelaciones.
17,Constelaciones oficiales de la IAU,Nombra una constelación oficial.,Dorado,dorado,3,3 · Profundo,,https://www.iau.org/public/themes/constellations/,88 constelaciones.
17,Constelaciones oficiales de la IAU,Nombra una constelación oficial.,Dragón,dragon,3,3 · Profundo,,https://www.iau.org/public/themes/constellations/,88 constelaciones.
17,Constelaciones oficiales de la IAU,Nombra una constelación oficial.,Caballito,caballito,3,3 · Profundo,,https://www.iau.org/public/themes/constellations/,88 constelaciones.
17,Constelaciones oficiales de la IAU,Nombra una constelación oficial.,Erídano,eridano,3,3 · Profundo,,https://www.iau.org/public/themes/constellations/,88 constelaciones.
17,Constelaciones oficiales de la IAU,Nombra una constelación oficial.,Horno,horno,3,3 · Profundo,,https://www.iau.org/public/themes/constellations/,88 constelaciones.
17,Constelaciones oficiales de la IAU,Nombra una constelación oficial.,Géminis,geminis,3,3 · Profundo,,https://www.iau.org/public/themes/constellations/,88 constelaciones.
17,Constelaciones oficiales de la IAU,Nombra una constelación oficial.,Grulla,grulla,3,3 · Profundo,,https://www.iau.org/public/themes/constellations/,88 constelaciones.
17,Constelaciones oficiales de la IAU,Nombra una constelación oficial.,Hércules,hercules,3,3 · Profundo,,https://www.iau.org/public/themes/constellations/,88 constelaciones.
17,Constelaciones oficiales de la IAU,Nombra una constelación oficial.,Reloj,reloj,3,3 · Profundo,,https://www.iau.org/public/themes/constellations/,88 constelaciones.
17,Constelaciones oficiales de la IAU,Nombra una constelación oficial.,Hidra,hidra,3,3 · Profundo,,https://www.iau.org/public/themes/constellations/,88 constelaciones.
17,Constelaciones oficiales de la IAU,Nombra una constelación oficial.,Hidra Macho,hidramacho,3,3 · Profundo,,https://www.iau.org/public/themes/constellations/,88 constelaciones.
17,Constelaciones oficiales de la IAU,Nombra una constelación oficial.,Indio,indio,3,3 · Profundo,,https://www.iau.org/public/themes/constellations/,88 constelaciones.
17,Constelaciones oficiales de la IAU,Nombra una constelación oficial.,Lagarto,lagarto,3,3 · Profundo,,https://www.iau.org/public/themes/constellations/,88 constelaciones.
17,Constelaciones oficiales de la IAU,Nombra una constelación oficial.,Leo,leo,3,3 · Profundo,,https://www.iau.org/public/themes/constellations/,88 constelaciones.
17,Constelaciones oficiales de la IAU,Nombra una constelación oficial.,Leo Menor,leomenor,3,3 · Profundo,,https://www.iau.org/public/themes/constellations/,88 constelaciones.
17,Constelaciones oficiales de la IAU,Nombra una constelación oficial.,Liebre,liebre,3,3 · Profundo,,https://www.iau.org/public/themes/constellations/,88 constelaciones.
17,Constelaciones oficiales de la IAU,Nombra una constelación oficial.,Libra,libra,3,3 · Profundo,,https://www.iau.org/public/themes/constellations/,88 constelaciones.
17,Constelaciones oficiales de la IAU,Nombra una constelación oficial.,Lobo,lobo,3,3 · Profundo,,https://www.iau.org/public/themes/constellations/,88 constelaciones.
17,Constelaciones oficiales de la IAU,Nombra una constelación oficial.,Lince,lince,3,3 · Profundo,,https://www.iau.org/public/themes/constellations/,88 constelaciones.
17,Constelaciones oficiales de la IAU,Nombra una constelación oficial.,Lira,lira,3,3 · Profundo,,https://www.iau.org/public/themes/constellations/,88 constelaciones.
17,Constelaciones oficiales de la IAU,Nombra una constelación oficial.,Mesa,mesa,3,3 · Profundo,,https://www.iau.org/public/themes/constellations/,88 constelaciones.
17,Constelaciones oficiales de la IAU,Nombra una constelación oficial.,Microscopio,microscopio,3,3 · Profundo,,https://www.iau.org/public/themes/constellations/,88 constelaciones.
17,Constelaciones oficiales de la IAU,Nombra una constelación oficial.,Unicornio,unicornio,4,4 · Muy profundo,,https://www.iau.org/public/themes/constellations/,88 constelaciones.
17,Constelaciones oficiales de la IAU,Nombra una constelación oficial.,Mosca,mosca,4,4 · Muy profundo,,https://www.iau.org/public/themes/constellations/,88 constelaciones.
17,Constelaciones oficiales de la IAU,Nombra una constelación oficial.,Escuadra,escuadra,4,4 · Muy profundo,,https://www.iau.org/public/themes/constellations/,88 constelaciones.
17,Constelaciones oficiales de la IAU,Nombra una constelación oficial.,Octante,octante,4,4 · Muy profundo,,https://www.iau.org/public/themes/constellations/,88 constelaciones.
17,Constelaciones oficiales de la IAU,Nombra una constelación oficial.,Ofiuco,ofiuco,4,4 · Muy profundo,,https://www.iau.org/public/themes/constellations/,88 constelaciones.
17,Constelaciones oficiales de la IAU,Nombra una constelación oficial.,Orión,orion,4,4 · Muy profundo,,https://www.iau.org/public/themes/constellations/,88 constelaciones.
17,Constelaciones oficiales de la IAU,Nombra una constelación oficial.,Pavo,pavo,4,4 · Muy profundo,,https://www.iau.org/public/themes/constellations/,88 constelaciones.
17,Constelaciones oficiales de la IAU,Nombra una constelación oficial.,Pegaso,pegaso,4,4 · Muy profundo,,https://www.iau.org/public/themes/constellations/,88 constelaciones.
17,Constelaciones oficiales de la IAU,Nombra una constelación oficial.,Perseo,perseo,4,4 · Muy profundo,,https://www.iau.org/public/themes/constellations/,88 constelaciones.
17,Constelaciones oficiales de la IAU,Nombra una constelación oficial.,Fénix,fenix,4,4 · Muy profundo,,https://www.iau.org/public/themes/constellations/,88 constelaciones.
17,Constelaciones oficiales de la IAU,Nombra una constelación oficial.,Pintor,pintor,4,4 · Muy profundo,,https://www.iau.org/public/themes/constellations/,88 constelaciones.
17,Constelaciones oficiales de la IAU,Nombra una constelación oficial.,Piscis,piscis,4,4 · Muy profundo,,https://www.iau.org/public/themes/constellations/,88 constelaciones.
17,Constelaciones oficiales de la IAU,Nombra una constelación oficial.,Pez Austral,pezaustral,4,4 · Muy profundo,,https://www.iau.org/public/themes/constellations/,88 constelaciones.
17,Constelaciones oficiales de la IAU,Nombra una constelación oficial.,Popa,popa,4,4 · Muy profundo,,https://www.iau.org/public/themes/constellations/,88 constelaciones.
17,Constelaciones oficiales de la IAU,Nombra una constelación oficial.,Brújula,brujula,4,4 · Muy profundo,,https://www.iau.org/public/themes/constellations/,88 constelaciones.
17,Constelaciones oficiales de la IAU,Nombra una constelación oficial.,Retículo,reticulo,4,4 · Muy profundo,,https://www.iau.org/public/themes/constellations/,88 constelaciones.
17,Constelaciones oficiales de la IAU,Nombra una constelación oficial.,Flecha,flecha,4,4 · Muy profundo,,https://www.iau.org/public/themes/constellations/,88 constelaciones.
17,Constelaciones oficiales de la IAU,Nombra una constelación oficial.,Sagitario,sagitario,4,4 · Muy profundo,,https://www.iau.org/public/themes/constellations/,88 constelaciones.
17,Constelaciones oficiales de la IAU,Nombra una constelación oficial.,Escorpio,escorpio,4,4 · Muy profundo,,https://www.iau.org/public/themes/constellations/,88 constelaciones.
17,Constelaciones oficiales de la IAU,Nombra una constelación oficial.,Escultor,escultor,4,4 · Muy profundo,,https://www.iau.org/public/themes/constellations/,88 constelaciones.
17,Constelaciones oficiales de la IAU,Nombra una constelación oficial.,Escudo,escudo,4,4 · Muy profundo,,https://www.iau.org/public/themes/constellations/,88 constelaciones.
17,Constelaciones oficiales de la IAU,Nombra una constelación oficial.,Serpiente,serpiente,4,4 · Muy profundo,,https://www.iau.org/public/themes/constellations/,88 constelaciones.
17,Constelaciones oficiales de la IAU,Nombra una constelación oficial.,Sextante,sextante,4,4 · Muy profundo,,https://www.iau.org/public/themes/constellations/,88 constelaciones.
17,Constelaciones oficiales de la IAU,Nombra una constelación oficial.,Tauro,tauro,4,4 · Muy profundo,,https://www.iau.org/public/themes/constellations/,88 constelaciones.
17,Constelaciones oficiales de la IAU,Nombra una constelación oficial.,Telescopio,telescopio,4,4 · Muy profundo,,https://www.iau.org/public/themes/constellations/,88 constelaciones.
17,Constelaciones oficiales de la IAU,Nombra una constelación oficial.,Triángulo,triangulo,4,4 · Muy profundo,,https://www.iau.org/public/themes/constellations/,88 constelaciones.
17,Constelaciones oficiales de la IAU,Nombra una constelación oficial.,Triángulo Austral,trianguloaustral,4,4 · Muy profundo,,https://www.iau.org/public/themes/constellations/,88 constelaciones.
17,Constelaciones oficiales de la IAU,Nombra una constelación oficial.,Tucán,tucan,4,4 · Muy profundo,,https://www.iau.org/public/themes/constellations/,88 constelaciones.
17,Constelaciones oficiales de la IAU,Nombra una constelación oficial.,Osa Mayor,osamayor,4,4 · Muy profundo,,https://www.iau.org/public/themes/constellations/,88 constelaciones.
17,Constelaciones oficiales de la IAU,Nombra una constelación oficial.,Osa Menor,osamenor,4,4 · Muy profundo,,https://www.iau.org/public/themes/constellations/,88 constelaciones.
17,Constelaciones oficiales de la IAU,Nombra una constelación oficial.,Vela,vela,4,4 · Muy profundo,,https://www.iau.org/public/themes/constellations/,88 constelaciones.
17,Constelaciones oficiales de la IAU,Nombra una constelación oficial.,Virgo,virgo,5,🕳️ 5 · Abismo,,https://www.iau.org/public/themes/constellations/,88 constelaciones.
17,Constelaciones oficiales de la IAU,Nombra una constelación oficial.,Pez Volador,pezvolador,5,🕳️ 5 · Abismo,,https://www.iau.org/public/themes/constellations/,88 constelaciones.
17,Constelaciones oficiales de la IAU,Nombra una constelación oficial.,Zorra,zorra,5,🕳️ 5 · Abismo,,https://www.iau.org/public/themes/constellations/,88 constelaciones.
18,Pokémon de la primera generación,Nombra un Pokémon de la primera generación.,Bulbasaur,bulbasaur,1,🧊 1 · Punta del iceberg,,https://www.pokemon.com/es/pokedex,151 especies.
18,Pokémon de la primera generación,Nombra un Pokémon de la primera generación.,Ivysaur,ivysaur,1,🧊 1 · Punta del iceberg,,https://www.pokemon.com/es/pokedex,151 especies.
18,Pokémon de la primera generación,Nombra un Pokémon de la primera generación.,Venusaur,venusaur,1,🧊 1 · Punta del iceberg,,https://www.pokemon.com/es/pokedex,151 especies.
18,Pokémon de la primera generación,Nombra un Pokémon de la primera generación.,Charmander,charmander,1,🧊 1 · Punta del iceberg,,https://www.pokemon.com/es/pokedex,151 especies.
18,Pokémon de la primera generación,Nombra un Pokémon de la primera generación.,Charmeleon,charmeleon,1,🧊 1 · Punta del iceberg,,https://www.pokemon.com/es/pokedex,151 especies.
18,Pokémon de la primera generación,Nombra un Pokémon de la primera generación.,Charizard,charizard,1,🧊 1 · Punta del iceberg,,https://www.pokemon.com/es/pokedex,151 especies.
18,Pokémon de la primera generación,Nombra un Pokémon de la primera generación.,Squirtle,squirtle,1,🧊 1 · Punta del iceberg,,https://www.pokemon.com/es/pokedex,151 especies.
18,Pokémon de la primera generación,Nombra un Pokémon de la primera generación.,Wartortle,wartortle,1,🧊 1 · Punta del iceberg,,https://www.pokemon.com/es/pokedex,151 especies.
18,Pokémon de la primera generación,Nombra un Pokémon de la primera generación.,Blastoise,blastoise,1,🧊 1 · Punta del iceberg,,https://www.pokemon.com/es/pokedex,151 especies.
18,Pokémon de la primera generación,Nombra un Pokémon de la primera generación.,Caterpie,caterpie,1,🧊 1 · Punta del iceberg,,https://www.pokemon.com/es/pokedex,151 especies.
18,Pokémon de la primera generación,Nombra un Pokémon de la primera generación.,Metapod,metapod,1,🧊 1 · Punta del iceberg,,https://www.pokemon.com/es/pokedex,151 especies.
18,Pokémon de la primera generación,Nombra un Pokémon de la primera generación.,Butterfree,butterfree,1,🧊 1 · Punta del iceberg,,https://www.pokemon.com/es/pokedex,151 especies.
18,Pokémon de la primera generación,Nombra un Pokémon de la primera generación.,Weedle,weedle,1,🧊 1 · Punta del iceberg,,https://www.pokemon.com/es/pokedex,151 especies.
18,Pokémon de la primera generación,Nombra un Pokémon de la primera generación.,Kakuna,kakuna,1,🧊 1 · Punta del iceberg,,https://www.pokemon.com/es/pokedex,151 especies.
18,Pokémon de la primera generación,Nombra un Pokémon de la primera generación.,Beedrill,beedrill,1,🧊 1 · Punta del iceberg,,https://www.pokemon.com/es/pokedex,151 especies.
18,Pokémon de la primera generación,Nombra un Pokémon de la primera generación.,Pidgey,pidgey,2,2 · Bajo el hielo,,https://www.pokemon.com/es/pokedex,151 especies.
18,Pokémon de la primera generación,Nombra un Pokémon de la primera generación.,Pidgeotto,pidgeotto,2,2 · Bajo el hielo,,https://www.pokemon.com/es/pokedex,151 especies.
18,Pokémon de la primera generación,Nombra un Pokémon de la primera generación.,Pidgeot,pidgeot,2,2 · Bajo el hielo,,https://www.pokemon.com/es/pokedex,151 especies.
18,Pokémon de la primera generación,Nombra un Pokémon de la primera generación.,Rattata,rattata,2,2 · Bajo el hielo,,https://www.pokemon.com/es/pokedex,151 especies.
18,Pokémon de la primera generación,Nombra un Pokémon de la primera generación.,Raticate,raticate,2,2 · Bajo el hielo,,https://www.pokemon.com/es/pokedex,151 especies.
18,Pokémon de la primera generación,Nombra un Pokémon de la primera generación.,Spearow,spearow,2,2 · Bajo el hielo,,https://www.pokemon.com/es/pokedex,151 especies.
18,Pokémon de la primera generación,Nombra un Pokémon de la primera generación.,Fearow,fearow,2,2 · Bajo el hielo,,https://www.pokemon.com/es/pokedex,151 especies.
18,Pokémon de la primera generación,Nombra un Pokémon de la primera generación.,Ekans,ekans,2,2 · Bajo el hielo,,https://www.pokemon.com/es/pokedex,151 especies.
18,Pokémon de la primera generación,Nombra un Pokémon de la primera generación.,Arbok,arbok,2,2 · Bajo el hielo,,https://www.pokemon.com/es/pokedex,151 especies.
18,Pokémon de la primera generación,Nombra un Pokémon de la primera generación.,Pikachu,pikachu,2,2 · Bajo el hielo,,https://www.pokemon.com/es/pokedex,151 especies.
18,Pokémon de la primera generación,Nombra un Pokémon de la primera generación.,Raichu,raichu,2,2 · Bajo el hielo,,https://www.pokemon.com/es/pokedex,151 especies.
18,Pokémon de la primera generación,Nombra un Pokémon de la primera generación.,Sandshrew,sandshrew,2,2 · Bajo el hielo,,https://www.pokemon.com/es/pokedex,151 especies.
18,Pokémon de la primera generación,Nombra un Pokémon de la primera generación.,Sandslash,sandslash,2,2 · Bajo el hielo,,https://www.pokemon.com/es/pokedex,151 especies.
18,Pokémon de la primera generación,Nombra un Pokémon de la primera generación.,Nidoran♀,nidoran,2,2 · Bajo el hielo,,https://www.pokemon.com/es/pokedex,151 especies.
18,Pokémon de la primera generación,Nombra un Pokémon de la primera generación.,Nidorina,nidorina,2,2 · Bajo el hielo,,https://www.pokemon.com/es/pokedex,151 especies.
18,Pokémon de la primera generación,Nombra un Pokémon de la primera generación.,Nidoqueen,nidoqueen,2,2 · Bajo el hielo,,https://www.pokemon.com/es/pokedex,151 especies.
18,Pokémon de la primera generación,Nombra un Pokémon de la primera generación.,Nidorino,nidorino,2,2 · Bajo el hielo,,https://www.pokemon.com/es/pokedex,151 especies.
18,Pokémon de la primera generación,Nombra un Pokémon de la primera generación.,Nidoking,nidoking,2,2 · Bajo el hielo,,https://www.pokemon.com/es/pokedex,151 especies.
18,Pokémon de la primera generación,Nombra un Pokémon de la primera generación.,Clefairy,clefairy,2,2 · Bajo el hielo,,https://www.pokemon.com/es/pokedex,151 especies.
18,Pokémon de la primera generación,Nombra un Pokémon de la primera generación.,Clefable,clefable,2,2 · Bajo el hielo,,https://www.pokemon.com/es/pokedex,151 especies.
18,Pokémon de la primera generación,Nombra un Pokémon de la primera generación.,Vulpix,vulpix,2,2 · Bajo el hielo,,https://www.pokemon.com/es/pokedex,151 especies.
18,Pokémon de la primera generación,Nombra un Pokémon de la primera generación.,Ninetales,ninetales,2,2 · Bajo el hielo,,https://www.pokemon.com/es/pokedex,151 especies.
18,Pokémon de la primera generación,Nombra un Pokémon de la primera generación.,Jigglypuff,jigglypuff,2,2 · Bajo el hielo,,https://www.pokemon.com/es/pokedex,151 especies.
18,Pokémon de la primera generación,Nombra un Pokémon de la primera generación.,Wigglytuff,wigglytuff,2,2 · Bajo el hielo,,https://www.pokemon.com/es/pokedex,151 especies.
18,Pokémon de la primera generación,Nombra un Pokémon de la primera generación.,Zubat,zubat,2,2 · Bajo el hielo,,https://www.pokemon.com/es/pokedex,151 especies.
18,Pokémon de la primera generación,Nombra un Pokémon de la primera generación.,Golbat,golbat,2,2 · Bajo el hielo,,https://www.pokemon.com/es/pokedex,151 especies.
18,Pokémon de la primera generación,Nombra un Pokémon de la primera generación.,Oddish,oddish,2,2 · Bajo el hielo,,https://www.pokemon.com/es/pokedex,151 especies.
18,Pokémon de la primera generación,Nombra un Pokémon de la primera generación.,Gloom,gloom,2,2 · Bajo el hielo,,https://www.pokemon.com/es/pokedex,151 especies.
18,Pokémon de la primera generación,Nombra un Pokémon de la primera generación.,Vileplume,vileplume,2,2 · Bajo el hielo,,https://www.pokemon.com/es/pokedex,151 especies.
18,Pokémon de la primera generación,Nombra un Pokémon de la primera generación.,Paras,paras,2,2 · Bajo el hielo,,https://www.pokemon.com/es/pokedex,151 especies.
18,Pokémon de la primera generación,Nombra un Pokémon de la primera generación.,Parasect,parasect,3,3 · Profundo,,https://www.pokemon.com/es/pokedex,151 especies.
18,Pokémon de la primera generación,Nombra un Pokémon de la primera generación.,Venonat,venonat,3,3 · Profundo,,https://www.pokemon.com/es/pokedex,151 especies.
18,Pokémon de la primera generación,Nombra un Pokémon de la primera generación.,Venomoth,venomoth,3,3 · Profundo,,https://www.pokemon.com/es/pokedex,151 especies.
18,Pokémon de la primera generación,Nombra un Pokémon de la primera generación.,Diglett,diglett,3,3 · Profundo,,https://www.pokemon.com/es/pokedex,151 especies.
18,Pokémon de la primera generación,Nombra un Pokémon de la primera generación.,Dugtrio,dugtrio,3,3 · Profundo,,https://www.pokemon.com/es/pokedex,151 especies.
18,Pokémon de la primera generación,Nombra un Pokémon de la primera generación.,Meowth,meowth,3,3 · Profundo,,https://www.pokemon.com/es/pokedex,151 especies.
18,Pokémon de la primera generación,Nombra un Pokémon de la primera generación.,Persian,persian,3,3 · Profundo,,https://www.pokemon.com/es/pokedex,151 especies.
18,Pokémon de la primera generación,Nombra un Pokémon de la primera generación.,Psyduck,psyduck,3,3 · Profundo,,https://www.pokemon.com/es/pokedex,151 especies.
18,Pokémon de la primera generación,Nombra un Pokémon de la primera generación.,Golduck,golduck,3,3 · Profundo,,https://www.pokemon.com/es/pokedex,151 especies.
18,Pokémon de la primera generación,Nombra un Pokémon de la primera generación.,Mankey,mankey,3,3 · Profundo,,https://www.pokemon.com/es/pokedex,151 especies.
18,Pokémon de la primera generación,Nombra un Pokémon de la primera generación.,Primeape,primeape,3,3 · Profundo,,https://www.pokemon.com/es/pokedex,151 especies.
18,Pokémon de la primera generación,Nombra un Pokémon de la primera generación.,Growlithe,growlithe,3,3 · Profundo,,https://www.pokemon.com/es/pokedex,151 especies.
18,Pokémon de la primera generación,Nombra un Pokémon de la primera generación.,Arcanine,arcanine,3,3 · Profundo,,https://www.pokemon.com/es/pokedex,151 especies.
18,Pokémon de la primera generación,Nombra un Pokémon de la primera generación.,Poliwag,poliwag,3,3 · Profundo,,https://www.pokemon.com/es/pokedex,151 especies.
18,Pokémon de la primera generación,Nombra un Pokémon de la primera generación.,Poliwhirl,poliwhirl,3,3 · Profundo,,https://www.pokemon.com/es/pokedex,151 especies.
18,Pokémon de la primera generación,Nombra un Pokémon de la primera generación.,Poliwrath,poliwrath,3,3 · Profundo,,https://www.pokemon.com/es/pokedex,151 especies.
18,Pokémon de la primera generación,Nombra un Pokémon de la primera generación.,Abra,abra,3,3 · Profundo,,https://www.pokemon.com/es/pokedex,151 especies.
18,Pokémon de la primera generación,Nombra un Pokémon de la primera generación.,Kadabra,kadabra,3,3 · Profundo,,https://www.pokemon.com/es/pokedex,151 especies.
18,Pokémon de la primera generación,Nombra un Pokémon de la primera generación.,Alakazam,alakazam,3,3 · Profundo,,https://www.pokemon.com/es/pokedex,151 especies.
18,Pokémon de la primera generación,Nombra un Pokémon de la primera generación.,Machop,machop,3,3 · Profundo,,https://www.pokemon.com/es/pokedex,151 especies.
18,Pokémon de la primera generación,Nombra un Pokémon de la primera generación.,Machoke,machoke,3,3 · Profundo,,https://www.pokemon.com/es/pokedex,151 especies.
18,Pokémon de la primera generación,Nombra un Pokémon de la primera generación.,Machamp,machamp,3,3 · Profundo,,https://www.pokemon.com/es/pokedex,151 especies.
18,Pokémon de la primera generación,Nombra un Pokémon de la primera generación.,Bellsprout,bellsprout,3,3 · Profundo,,https://www.pokemon.com/es/pokedex,151 especies.
18,Pokémon de la primera generación,Nombra un Pokémon de la primera generación.,Weepinbell,weepinbell,3,3 · Profundo,,https://www.pokemon.com/es/pokedex,151 especies.
18,Pokémon de la primera generación,Nombra un Pokémon de la primera generación.,Victreebel,victreebel,3,3 · Profundo,,https://www.pokemon.com/es/pokedex,151 especies.
18,Pokémon de la primera generación,Nombra un Pokémon de la primera generación.,Tentacool,tentacool,3,3 · Profundo,,https://www.pokemon.com/es/pokedex,151 especies.
18,Pokémon de la primera generación,Nombra un Pokémon de la primera generación.,Tentacruel,tentacruel,3,3 · Profundo,,https://www.pokemon.com/es/pokedex,151 especies.
18,Pokémon de la primera generación,Nombra un Pokémon de la primera generación.,Geodude,geodude,3,3 · Profundo,,https://www.pokemon.com/es/pokedex,151 especies.
18,Pokémon de la primera generación,Nombra un Pokémon de la primera generación.,Graveler,graveler,3,3 · Profundo,,https://www.pokemon.com/es/pokedex,151 especies.
18,Pokémon de la primera generación,Nombra un Pokémon de la primera generación.,Golem,golem,3,3 · Profundo,,https://www.pokemon.com/es/pokedex,151 especies.
18,Pokémon de la primera generación,Nombra un Pokémon de la primera generación.,Ponyta,ponyta,3,3 · Profundo,,https://www.pokemon.com/es/pokedex,151 especies.
18,Pokémon de la primera generación,Nombra un Pokémon de la primera generación.,Rapidash,rapidash,3,3 · Profundo,,https://www.pokemon.com/es/pokedex,151 especies.
18,Pokémon de la primera generación,Nombra un Pokémon de la primera generación.,Slowpoke,slowpoke,3,3 · Profundo,,https://www.pokemon.com/es/pokedex,151 especies.
18,Pokémon de la primera generación,Nombra un Pokémon de la primera generación.,Slowbro,slowbro,3,3 · Profundo,,https://www.pokemon.com/es/pokedex,151 especies.
18,Pokémon de la primera generación,Nombra un Pokémon de la primera generación.,Magnemite,magnemite,3,3 · Profundo,,https://www.pokemon.com/es/pokedex,151 especies.
18,Pokémon de la primera generación,Nombra un Pokémon de la primera generación.,Magneton,magneton,3,3 · Profundo,,https://www.pokemon.com/es/pokedex,151 especies.
18,Pokémon de la primera generación,Nombra un Pokémon de la primera generación.,Farfetch'd,farfetchd,3,3 · Profundo,,https://www.pokemon.com/es/pokedex,151 especies.
18,Pokémon de la primera generación,Nombra un Pokémon de la primera generación.,Doduo,doduo,3,3 · Profundo,,https://www.pokemon.com/es/pokedex,151 especies.
18,Pokémon de la primera generación,Nombra un Pokémon de la primera generación.,Dodrio,dodrio,3,3 · Profundo,,https://www.pokemon.com/es/pokedex,151 especies.
18,Pokémon de la primera generación,Nombra un Pokémon de la primera generación.,Seel,seel,3,3 · Profundo,,https://www.pokemon.com/es/pokedex,151 especies.
18,Pokémon de la primera generación,Nombra un Pokémon de la primera generación.,Dewgong,dewgong,3,3 · Profundo,,https://www.pokemon.com/es/pokedex,151 especies.
18,Pokémon de la primera generación,Nombra un Pokémon de la primera generación.,Grimer,grimer,3,3 · Profundo,,https://www.pokemon.com/es/pokedex,151 especies.
18,Pokémon de la primera generación,Nombra un Pokémon de la primera generación.,Muk,muk,3,3 · Profundo,,https://www.pokemon.com/es/pokedex,151 especies.
18,Pokémon de la primera generación,Nombra un Pokémon de la primera generación.,Shellder,shellder,3,3 · Profundo,,https://www.pokemon.com/es/pokedex,151 especies.
18,Pokémon de la primera generación,Nombra un Pokémon de la primera generación.,Cloyster,cloyster,3,3 · Profundo,,https://www.pokemon.com/es/pokedex,151 especies.
18,Pokémon de la primera generación,Nombra un Pokémon de la primera generación.,Gastly,gastly,4,4 · Muy profundo,,https://www.pokemon.com/es/pokedex,151 especies.
18,Pokémon de la primera generación,Nombra un Pokémon de la primera generación.,Haunter,haunter,4,4 · Muy profundo,,https://www.pokemon.com/es/pokedex,151 especies.
18,Pokémon de la primera generación,Nombra un Pokémon de la primera generación.,Gengar,gengar,4,4 · Muy profundo,,https://www.pokemon.com/es/pokedex,151 especies.
18,Pokémon de la primera generación,Nombra un Pokémon de la primera generación.,Onix,onix,4,4 · Muy profundo,,https://www.pokemon.com/es/pokedex,151 especies.
18,Pokémon de la primera generación,Nombra un Pokémon de la primera generación.,Drowzee,drowzee,4,4 · Muy profundo,,https://www.pokemon.com/es/pokedex,151 especies.
18,Pokémon de la primera generación,Nombra un Pokémon de la primera generación.,Hypno,hypno,4,4 · Muy profundo,,https://www.pokemon.com/es/pokedex,151 especies.
18,Pokémon de la primera generación,Nombra un Pokémon de la primera generación.,Krabby,krabby,4,4 · Muy profundo,,https://www.pokemon.com/es/pokedex,151 especies.
18,Pokémon de la primera generación,Nombra un Pokémon de la primera generación.,Kingler,kingler,4,4 · Muy profundo,,https://www.pokemon.com/es/pokedex,151 especies.
18,Pokémon de la primera generación,Nombra un Pokémon de la primera generación.,Voltorb,voltorb,4,4 · Muy profundo,,https://www.pokemon.com/es/pokedex,151 especies.
18,Pokémon de la primera generación,Nombra un Pokémon de la primera generación.,Electrode,electrode,4,4 · Muy profundo,,https://www.pokemon.com/es/pokedex,151 especies.
18,Pokémon de la primera generación,Nombra un Pokémon de la primera generación.,Exeggcute,exeggcute,4,4 · Muy profundo,,https://www.pokemon.com/es/pokedex,151 especies.
18,Pokémon de la primera generación,Nombra un Pokémon de la primera generación.,Exeggutor,exeggutor,4,4 · Muy profundo,,https://www.pokemon.com/es/pokedex,151 especies.
18,Pokémon de la primera generación,Nombra un Pokémon de la primera generación.,Cubone,cubone,4,4 · Muy profundo,,https://www.pokemon.com/es/pokedex,151 especies.
18,Pokémon de la primera generación,Nombra un Pokémon de la primera generación.,Marowak,marowak,4,4 · Muy profundo,,https://www.pokemon.com/es/pokedex,151 especies.
18,Pokémon de la primera generación,Nombra un Pokémon de la primera generación.,Hitmonlee,hitmonlee,4,4 · Muy profundo,,https://www.pokemon.com/es/pokedex,151 especies.
18,Pokémon de la primera generación,Nombra un Pokémon de la primera generación.,Hitmonchan,hitmonchan,4,4 · Muy profundo,,https://www.pokemon.com/es/pokedex,151 especies.
18,Pokémon de la primera generación,Nombra un Pokémon de la primera generación.,Lickitung,lickitung,4,4 · Muy profundo,,https://www.pokemon.com/es/pokedex,151 especies.
18,Pokémon de la primera generación,Nombra un Pokémon de la primera generación.,Koffing,koffing,4,4 · Muy profundo,,https://www.pokemon.com/es/pokedex,151 especies.
18,Pokémon de la primera generación,Nombra un Pokémon de la primera generación.,Weezing,weezing,4,4 · Muy profundo,,https://www.pokemon.com/es/pokedex,151 especies.
18,Pokémon de la primera generación,Nombra un Pokémon de la primera generación.,Rhyhorn,rhyhorn,4,4 · Muy profundo,,https://www.pokemon.com/es/pokedex,151 especies.
18,Pokémon de la primera generación,Nombra un Pokémon de la primera generación.,Rhydon,rhydon,4,4 · Muy profundo,,https://www.pokemon.com/es/pokedex,151 especies.
18,Pokémon de la primera generación,Nombra un Pokémon de la primera generación.,Chansey,chansey,4,4 · Muy profundo,,https://www.pokemon.com/es/pokedex,151 especies.
18,Pokémon de la primera generación,Nombra un Pokémon de la primera generación.,Tangela,tangela,4,4 · Muy profundo,,https://www.pokemon.com/es/pokedex,151 especies.
18,Pokémon de la primera generación,Nombra un Pokémon de la primera generación.,Kangaskhan,kangaskhan,4,4 · Muy profundo,,https://www.pokemon.com/es/pokedex,151 especies.
18,Pokémon de la primera generación,Nombra un Pokémon de la primera generación.,Horsea,horsea,4,4 · Muy profundo,,https://www.pokemon.com/es/pokedex,151 especies.
18,Pokémon de la primera generación,Nombra un Pokémon de la primera generación.,Seadra,seadra,4,4 · Muy profundo,,https://www.pokemon.com/es/pokedex,151 especies.
18,Pokémon de la primera generación,Nombra un Pokémon de la primera generación.,Goldeen,goldeen,4,4 · Muy profundo,,https://www.pokemon.com/es/pokedex,151 especies.
18,Pokémon de la primera generación,Nombra un Pokémon de la primera generación.,Seaking,seaking,4,4 · Muy profundo,,https://www.pokemon.com/es/pokedex,151 especies.
18,Pokémon de la primera generación,Nombra un Pokémon de la primera generación.,Staryu,staryu,4,4 · Muy profundo,,https://www.pokemon.com/es/pokedex,151 especies.
18,Pokémon de la primera generación,Nombra un Pokémon de la primera generación.,Starmie,starmie,4,4 · Muy profundo,,https://www.pokemon.com/es/pokedex,151 especies.
18,Pokémon de la primera generación,Nombra un Pokémon de la primera generación.,Mr. Mime,mrmime,4,4 · Muy profundo,,https://www.pokemon.com/es/pokedex,151 especies.
18,Pokémon de la primera generación,Nombra un Pokémon de la primera generación.,Scyther,scyther,4,4 · Muy profundo,,https://www.pokemon.com/es/pokedex,151 especies.
18,Pokémon de la primera generación,Nombra un Pokémon de la primera generación.,Jynx,jynx,4,4 · Muy profundo,,https://www.pokemon.com/es/pokedex,151 especies.
18,Pokémon de la primera generación,Nombra un Pokémon de la primera generación.,Electabuzz,electabuzz,4,4 · Muy profundo,,https://www.pokemon.com/es/pokedex,151 especies.
18,Pokémon de la primera generación,Nombra un Pokémon de la primera generación.,Magmar,magmar,4,4 · Muy profundo,,https://www.pokemon.com/es/pokedex,151 especies.
18,Pokémon de la primera generación,Nombra un Pokémon de la primera generación.,Pinsir,pinsir,4,4 · Muy profundo,,https://www.pokemon.com/es/pokedex,151 especies.
18,Pokémon de la primera generación,Nombra un Pokémon de la primera generación.,Tauros,tauros,4,4 · Muy profundo,,https://www.pokemon.com/es/pokedex,151 especies.
18,Pokémon de la primera generación,Nombra un Pokémon de la primera generación.,Magikarp,magikarp,4,4 · Muy profundo,,https://www.pokemon.com/es/pokedex,151 especies.
18,Pokémon de la primera generación,Nombra un Pokémon de la primera generación.,Gyarados,gyarados,4,4 · Muy profundo,,https://www.pokemon.com/es/pokedex,151 especies.
18,Pokémon de la primera generación,Nombra un Pokémon de la primera generación.,Lapras,lapras,4,4 · Muy profundo,,https://www.pokemon.com/es/pokedex,151 especies.
18,Pokémon de la primera generación,Nombra un Pokémon de la primera generación.,Ditto,ditto,4,4 · Muy profundo,,https://www.pokemon.com/es/pokedex,151 especies.
18,Pokémon de la primera generación,Nombra un Pokémon de la primera generación.,Eevee,eevee,4,4 · Muy profundo,,https://www.pokemon.com/es/pokedex,151 especies.
18,Pokémon de la primera generación,Nombra un Pokémon de la primera generación.,Vaporeon,vaporeon,4,4 · Muy profundo,,https://www.pokemon.com/es/pokedex,151 especies.
18,Pokémon de la primera generación,Nombra un Pokémon de la primera generación.,Jolteon,jolteon,4,4 · Muy profundo,,https://www.pokemon.com/es/pokedex,151 especies.
18,Pokémon de la primera generación,Nombra un Pokémon de la primera generación.,Flareon,flareon,4,4 · Muy profundo,,https://www.pokemon.com/es/pokedex,151 especies.
18,Pokémon de la primera generación,Nombra un Pokémon de la primera generación.,Porygon,porygon,4,4 · Muy profundo,,https://www.pokemon.com/es/pokedex,151 especies.
18,Pokémon de la primera generación,Nombra un Pokémon de la primera generación.,Omanyte,omanyte,4,4 · Muy profundo,,https://www.pokemon.com/es/pokedex,151 especies.
18,Pokémon de la primera generación,Nombra un Pokémon de la primera generación.,Omastar,omastar,4,4 · Muy profundo,,https://www.pokemon.com/es/pokedex,151 especies.
18,Pokémon de la primera generación,Nombra un Pokémon de la primera generación.,Kabuto,kabuto,4,4 · Muy profundo,,https://www.pokemon.com/es/pokedex,151 especies.
18,Pokémon de la primera generación,Nombra un Pokémon de la primera generación.,Kabutops,kabutops,4,4 · Muy profundo,,https://www.pokemon.com/es/pokedex,151 especies.
18,Pokémon de la primera generación,Nombra un Pokémon de la primera generación.,Aerodactyl,aerodactyl,4,4 · Muy profundo,,https://www.pokemon.com/es/pokedex,151 especies.
18,Pokémon de la primera generación,Nombra un Pokémon de la primera generación.,Snorlax,snorlax,4,4 · Muy profundo,,https://www.pokemon.com/es/pokedex,151 especies.
18,Pokémon de la primera generación,Nombra un Pokémon de la primera generación.,Articuno,articuno,4,4 · Muy profundo,,https://www.pokemon.com/es/pokedex,151 especies.
18,Pokémon de la primera generación,Nombra un Pokémon de la primera generación.,Zapdos,zapdos,4,4 · Muy profundo,,https://www.pokemon.com/es/pokedex,151 especies.
18,Pokémon de la primera generación,Nombra un Pokémon de la primera generación.,Moltres,moltres,4,4 · Muy profundo,,https://www.pokemon.com/es/pokedex,151 especies.
18,Pokémon de la primera generación,Nombra un Pokémon de la primera generación.,Dratini,dratini,4,4 · Muy profundo,,https://www.pokemon.com/es/pokedex,151 especies.
18,Pokémon de la primera generación,Nombra un Pokémon de la primera generación.,Dragonair,dragonair,4,4 · Muy profundo,,https://www.pokemon.com/es/pokedex,151 especies.
18,Pokémon de la primera generación,Nombra un Pokémon de la primera generación.,Dragonite,dragonite,5,🕳️ 5 · Abismo,,https://www.pokemon.com/es/pokedex,151 especies.
18,Pokémon de la primera generación,Nombra un Pokémon de la primera generación.,Mewtwo,mewtwo,5,🕳️ 5 · Abismo,,https://www.pokemon.com/es/pokedex,151 especies.
18,Pokémon de la primera generación,Nombra un Pokémon de la primera generación.,Mew,mew,5,🕳️ 5 · Abismo,,https://www.pokemon.com/es/pokedex,151 especies.
19,Ciudades de España,Nombra una ciudad de España.,Madrid,madrid,1,🧊 1 · Punta del iceberg,Madrid,https://www.ine.es/daco/daco42/codmun/codmunmapa.htm,Nivel inicial intuitivo; revisar/ajustar con datos de jugadores.
19,Ciudades de España,Nombra una ciudad de España.,Barcelona,barcelona,1,🧊 1 · Punta del iceberg,Barcelona,https://www.ine.es/daco/daco42/codmun/codmunmapa.htm,Nivel inicial intuitivo; revisar/ajustar con datos de jugadores.
19,Ciudades de España,Nombra una ciudad de España.,Valencia,valencia,1,🧊 1 · Punta del iceberg,Valencia,https://www.ine.es/daco/daco42/codmun/codmunmapa.htm,Nivel inicial intuitivo; revisar/ajustar con datos de jugadores.
19,Ciudades de España,Nombra una ciudad de España.,Sevilla,sevilla,1,🧊 1 · Punta del iceberg,Sevilla,https://www.ine.es/daco/daco42/codmun/codmunmapa.htm,Nivel inicial intuitivo; revisar/ajustar con datos de jugadores.
19,Ciudades de España,Nombra una ciudad de España.,Zaragoza,zaragoza,1,🧊 1 · Punta del iceberg,Zaragoza,https://www.ine.es/daco/daco42/codmun/codmunmapa.htm,Nivel inicial intuitivo; revisar/ajustar con datos de jugadores.
19,Ciudades de España,Nombra una ciudad de España.,Málaga,malaga,1,🧊 1 · Punta del iceberg,Málaga,https://www.ine.es/daco/daco42/codmun/codmunmapa.htm,Nivel inicial intuitivo; revisar/ajustar con datos de jugadores.
19,Ciudades de España,Nombra una ciudad de España.,Murcia,murcia,1,🧊 1 · Punta del iceberg,Murcia,https://www.ine.es/daco/daco42/codmun/codmunmapa.htm,Nivel inicial intuitivo; revisar/ajustar con datos de jugadores.
19,Ciudades de España,Nombra una ciudad de España.,Palma,palma,1,🧊 1 · Punta del iceberg,Palma,https://www.ine.es/daco/daco42/codmun/codmunmapa.htm,Nivel inicial intuitivo; revisar/ajustar con datos de jugadores.
19,Ciudades de España,Nombra una ciudad de España.,Las Palmas de Gran Canaria,laspalmasdegrancanaria,1,🧊 1 · Punta del iceberg,Las Palmas de Gran Canaria,https://www.ine.es/daco/daco42/codmun/codmunmapa.htm,Nivel inicial intuitivo; revisar/ajustar con datos de jugadores.
19,Ciudades de España,Nombra una ciudad de España.,Alicante,alicante,1,🧊 1 · Punta del iceberg,Alicante,https://www.ine.es/daco/daco42/codmun/codmunmapa.htm,Nivel inicial intuitivo; revisar/ajustar con datos de jugadores.
19,Ciudades de España,Nombra una ciudad de España.,Bilbao,bilbao,1,🧊 1 · Punta del iceberg,Bilbao,https://www.ine.es/daco/daco42/codmun/codmunmapa.htm,Nivel inicial intuitivo; revisar/ajustar con datos de jugadores.
19,Ciudades de España,Nombra una ciudad de España.,Córdoba,cordoba,1,🧊 1 · Punta del iceberg,Córdoba,https://www.ine.es/daco/daco42/codmun/codmunmapa.htm,Nivel inicial intuitivo; revisar/ajustar con datos de jugadores.
19,Ciudades de España,Nombra una ciudad de España.,Valladolid,valladolid,1,🧊 1 · Punta del iceberg,Valladolid,https://www.ine.es/daco/daco42/codmun/codmunmapa.htm,Nivel inicial intuitivo; revisar/ajustar con datos de jugadores.
19,Ciudades de España,Nombra una ciudad de España.,Vigo,vigo,1,🧊 1 · Punta del iceberg,Vigo,https://www.ine.es/daco/daco42/codmun/codmunmapa.htm,Nivel inicial intuitivo; revisar/ajustar con datos de jugadores.
19,Ciudades de España,Nombra una ciudad de España.,Gijón,gijon,1,🧊 1 · Punta del iceberg,Gijón,https://www.ine.es/daco/daco42/codmun/codmunmapa.htm,Nivel inicial intuitivo; revisar/ajustar con datos de jugadores.
19,Ciudades de España,Nombra una ciudad de España.,L'Hospitalet de Llobregat,lhospitaletdellobregat,1,🧊 1 · Punta del iceberg,L'Hospitalet de Llobregat,https://www.ine.es/daco/daco42/codmun/codmunmapa.htm,Nivel inicial intuitivo; revisar/ajustar con datos de jugadores.
19,Ciudades de España,Nombra una ciudad de España.,A Coruña,acoruna,1,🧊 1 · Punta del iceberg,A Coruña,https://www.ine.es/daco/daco42/codmun/codmunmapa.htm,Nivel inicial intuitivo; revisar/ajustar con datos de jugadores.
19,Ciudades de España,Nombra una ciudad de España.,Vitoria-Gasteiz,vitoriagasteiz,1,🧊 1 · Punta del iceberg,Vitoria-Gasteiz,https://www.ine.es/daco/daco42/codmun/codmunmapa.htm,Nivel inicial intuitivo; revisar/ajustar con datos de jugadores.
19,Ciudades de España,Nombra una ciudad de España.,Granada,granada,1,🧊 1 · Punta del iceberg,Granada,https://www.ine.es/daco/daco42/codmun/codmunmapa.htm,Nivel inicial intuitivo; revisar/ajustar con datos de jugadores.
19,Ciudades de España,Nombra una ciudad de España.,Elche,elche,1,🧊 1 · Punta del iceberg,Elche,https://www.ine.es/daco/daco42/codmun/codmunmapa.htm,Nivel inicial intuitivo; revisar/ajustar con datos de jugadores.
19,Ciudades de España,Nombra una ciudad de España.,Santa Cruz de Tenerife,santacruzdetenerife,1,🧊 1 · Punta del iceberg,Santa Cruz de Tenerife,https://www.ine.es/daco/daco42/codmun/codmunmapa.htm,Nivel inicial intuitivo; revisar/ajustar con datos de jugadores.
19,Ciudades de España,Nombra una ciudad de España.,Oviedo,oviedo,2,2 · Bajo el hielo,Oviedo,https://www.ine.es/daco/daco42/codmun/codmunmapa.htm,Nivel inicial intuitivo; revisar/ajustar con datos de jugadores.
19,Ciudades de España,Nombra una ciudad de España.,Badalona,badalona,2,2 · Bajo el hielo,Badalona,https://www.ine.es/daco/daco42/codmun/codmunmapa.htm,Nivel inicial intuitivo; revisar/ajustar con datos de jugadores.
19,Ciudades de España,Nombra una ciudad de España.,Cartagena,cartagena,2,2 · Bajo el hielo,Cartagena,https://www.ine.es/daco/daco42/codmun/codmunmapa.htm,Nivel inicial intuitivo; revisar/ajustar con datos de jugadores.
19,Ciudades de España,Nombra una ciudad de España.,Terrassa,terrassa,2,2 · Bajo el hielo,Terrassa,https://www.ine.es/daco/daco42/codmun/codmunmapa.htm,Nivel inicial intuitivo; revisar/ajustar con datos de jugadores.
19,Ciudades de España,Nombra una ciudad de España.,Jerez de la Frontera,jerezdelafrontera,2,2 · Bajo el hielo,Jerez de la Frontera,https://www.ine.es/daco/daco42/codmun/codmunmapa.htm,Nivel inicial intuitivo; revisar/ajustar con datos de jugadores.
19,Ciudades de España,Nombra una ciudad de España.,Sabadell,sabadell,2,2 · Bajo el hielo,Sabadell,https://www.ine.es/daco/daco42/codmun/codmunmapa.htm,Nivel inicial intuitivo; revisar/ajustar con datos de jugadores.
19,Ciudades de España,Nombra una ciudad de España.,Móstoles,mostoles,2,2 · Bajo el hielo,Móstoles,https://www.ine.es/daco/daco42/codmun/codmunmapa.htm,Nivel inicial intuitivo; revisar/ajustar con datos de jugadores.
19,Ciudades de España,Nombra una ciudad de España.,Alcalá de Henares,alcaladehenares,2,2 · Bajo el hielo,Alcalá de Henares,https://www.ine.es/daco/daco42/codmun/codmunmapa.htm,Nivel inicial intuitivo; revisar/ajustar con datos de jugadores.
19,Ciudades de España,Nombra una ciudad de España.,Pamplona,pamplona,2,2 · Bajo el hielo,Pamplona,https://www.ine.es/daco/daco42/codmun/codmunmapa.htm,Nivel inicial intuitivo; revisar/ajustar con datos de jugadores.
19,Ciudades de España,Nombra una ciudad de España.,Fuenlabrada,fuenlabrada,2,2 · Bajo el hielo,Fuenlabrada,https://www.ine.es/daco/daco42/codmun/codmunmapa.htm,Nivel inicial intuitivo; revisar/ajustar con datos de jugadores.
19,Ciudades de España,Nombra una ciudad de España.,Almería,almeria,2,2 · Bajo el hielo,Almería,https://www.ine.es/daco/daco42/codmun/codmunmapa.htm,Nivel inicial intuitivo; revisar/ajustar con datos de jugadores.
19,Ciudades de España,Nombra una ciudad de España.,Leganés,leganes,2,2 · Bajo el hielo,Leganés,https://www.ine.es/daco/daco42/codmun/codmunmapa.htm,Nivel inicial intuitivo; revisar/ajustar con datos de jugadores.
19,Ciudades de España,Nombra una ciudad de España.,San Sebastián,sansebastian,2,2 · Bajo el hielo,San Sebastián,https://www.ine.es/daco/daco42/codmun/codmunmapa.htm,Nivel inicial intuitivo; revisar/ajustar con datos de jugadores.
19,Ciudades de España,Nombra una ciudad de España.,Getafe,getafe,2,2 · Bajo el hielo,Getafe,https://www.ine.es/daco/daco42/codmun/codmunmapa.htm,Nivel inicial intuitivo; revisar/ajustar con datos de jugadores.
19,Ciudades de España,Nombra una ciudad de España.,Burgos,burgos,2,2 · Bajo el hielo,Burgos,https://www.ine.es/daco/daco42/codmun/codmunmapa.htm,Nivel inicial intuitivo; revisar/ajustar con datos de jugadores.
19,Ciudades de España,Nombra una ciudad de España.,Santander,santander,2,2 · Bajo el hielo,Santander,https://www.ine.es/daco/daco42/codmun/codmunmapa.htm,Nivel inicial intuitivo; revisar/ajustar con datos de jugadores.
19,Ciudades de España,Nombra una ciudad de España.,Castellón de la Plana,castellondelaplana,2,2 · Bajo el hielo,Castellón de la Plana,https://www.ine.es/daco/daco42/codmun/codmunmapa.htm,Nivel inicial intuitivo; revisar/ajustar con datos de jugadores.
19,Ciudades de España,Nombra una ciudad de España.,Alcorcón,alcorcon,2,2 · Bajo el hielo,Alcorcón,https://www.ine.es/daco/daco42/codmun/codmunmapa.htm,Nivel inicial intuitivo; revisar/ajustar con datos de jugadores.
19,Ciudades de España,Nombra una ciudad de España.,La Laguna,lalaguna,2,2 · Bajo el hielo,La Laguna,https://www.ine.es/daco/daco42/codmun/codmunmapa.htm,Nivel inicial intuitivo; revisar/ajustar con datos de jugadores.
19,Ciudades de España,Nombra una ciudad de España.,Marbella,marbella,2,2 · Bajo el hielo,Marbella,https://www.ine.es/daco/daco42/codmun/codmunmapa.htm,Nivel inicial intuitivo; revisar/ajustar con datos de jugadores.
19,Ciudades de España,Nombra una ciudad de España.,Logroño,logrono,2,2 · Bajo el hielo,Logroño,https://www.ine.es/daco/daco42/codmun/codmunmapa.htm,Nivel inicial intuitivo; revisar/ajustar con datos de jugadores.
19,Ciudades de España,Nombra una ciudad de España.,Badajoz,badajoz,2,2 · Bajo el hielo,Badajoz,https://www.ine.es/daco/daco42/codmun/codmunmapa.htm,Nivel inicial intuitivo; revisar/ajustar con datos de jugadores.
19,Ciudades de España,Nombra una ciudad de España.,Salamanca,salamanca,2,2 · Bajo el hielo,Salamanca,https://www.ine.es/daco/daco42/codmun/codmunmapa.htm,Nivel inicial intuitivo; revisar/ajustar con datos de jugadores.
19,Ciudades de España,Nombra una ciudad de España.,Huelva,huelva,2,2 · Bajo el hielo,Huelva,https://www.ine.es/daco/daco42/codmun/codmunmapa.htm,Nivel inicial intuitivo; revisar/ajustar con datos de jugadores.
19,Ciudades de España,Nombra una ciudad de España.,Lleida,lleida,2,2 · Bajo el hielo,Lleida,https://www.ine.es/daco/daco42/codmun/codmunmapa.htm,Nivel inicial intuitivo; revisar/ajustar con datos de jugadores.
19,Ciudades de España,Nombra una ciudad de España.,Tarragona,tarragona,2,2 · Bajo el hielo,Tarragona,https://www.ine.es/daco/daco42/codmun/codmunmapa.htm,Nivel inicial intuitivo; revisar/ajustar con datos de jugadores.
19,Ciudades de España,Nombra una ciudad de España.,Dos Hermanas,doshermanas,2,2 · Bajo el hielo,Dos Hermanas,https://www.ine.es/daco/daco42/codmun/codmunmapa.htm,Nivel inicial intuitivo; revisar/ajustar con datos de jugadores.
19,Ciudades de España,Nombra una ciudad de España.,Torrejón de Ardoz,torrejondeardoz,3,3 · Profundo,Torrejón de Ardoz,https://www.ine.es/daco/daco42/codmun/codmunmapa.htm,Nivel inicial intuitivo; revisar/ajustar con datos de jugadores.
19,Ciudades de España,Nombra una ciudad de España.,Parla,parla,3,3 · Profundo,Parla,https://www.ine.es/daco/daco42/codmun/codmunmapa.htm,Nivel inicial intuitivo; revisar/ajustar con datos de jugadores.
19,Ciudades de España,Nombra una ciudad de España.,Mataró,mataro,3,3 · Profundo,Mataró,https://www.ine.es/daco/daco42/codmun/codmunmapa.htm,Nivel inicial intuitivo; revisar/ajustar con datos de jugadores.
19,Ciudades de España,Nombra una ciudad de España.,Algeciras,algeciras,3,3 · Profundo,Algeciras,https://www.ine.es/daco/daco42/codmun/codmunmapa.htm,Nivel inicial intuitivo; revisar/ajustar con datos de jugadores.
19,Ciudades de España,Nombra una ciudad de España.,Alcobendas,alcobendas,3,3 · Profundo,Alcobendas,https://www.ine.es/daco/daco42/codmun/codmunmapa.htm,Nivel inicial intuitivo; revisar/ajustar con datos de jugadores.
19,Ciudades de España,Nombra una ciudad de España.,Jaén,jaen,3,3 · Profundo,Jaén,https://www.ine.es/daco/daco42/codmun/codmunmapa.htm,Nivel inicial intuitivo; revisar/ajustar con datos de jugadores.
19,Ciudades de España,Nombra una ciudad de España.,Ourense,ourense,3,3 · Profundo,Ourense,https://www.ine.es/daco/daco42/codmun/codmunmapa.htm,Nivel inicial intuitivo; revisar/ajustar con datos de jugadores.
19,Ciudades de España,Nombra una ciudad de España.,Reus,reus,3,3 · Profundo,Reus,https://www.ine.es/daco/daco42/codmun/codmunmapa.htm,Nivel inicial intuitivo; revisar/ajustar con datos de jugadores.
19,Ciudades de España,Nombra una ciudad de España.,Girona,girona,3,3 · Profundo,Girona,https://www.ine.es/daco/daco42/codmun/codmunmapa.htm,Nivel inicial intuitivo; revisar/ajustar con datos de jugadores.
19,Ciudades de España,Nombra una ciudad de España.,Lugo,lugo,3,3 · Profundo,Lugo,https://www.ine.es/daco/daco42/codmun/codmunmapa.htm,Nivel inicial intuitivo; revisar/ajustar con datos de jugadores.
19,Ciudades de España,Nombra una ciudad de España.,Cádiz,cadiz,3,3 · Profundo,Cádiz,https://www.ine.es/daco/daco42/codmun/codmunmapa.htm,Nivel inicial intuitivo; revisar/ajustar con datos de jugadores.
19,Ciudades de España,Nombra una ciudad de España.,Santiago de Compostela,santiagodecompostela,3,3 · Profundo,Santiago de Compostela,https://www.ine.es/daco/daco42/codmun/codmunmapa.htm,Nivel inicial intuitivo; revisar/ajustar con datos de jugadores.
19,Ciudades de España,Nombra una ciudad de España.,Toledo,toledo,3,3 · Profundo,Toledo,https://www.ine.es/daco/daco42/codmun/codmunmapa.htm,Nivel inicial intuitivo; revisar/ajustar con datos de jugadores.
19,Ciudades de España,Nombra una ciudad de España.,Roquetas de Mar,roquetasdemar,3,3 · Profundo,Roquetas de Mar,https://www.ine.es/daco/daco42/codmun/codmunmapa.htm,Nivel inicial intuitivo; revisar/ajustar con datos de jugadores.
19,Ciudades de España,Nombra una ciudad de España.,San Cugat del Vallès,sancugatdelvalles,3,3 · Profundo,San Cugat del Vallès,https://www.ine.es/daco/daco42/codmun/codmunmapa.htm,Nivel inicial intuitivo; revisar/ajustar con datos de jugadores.
19,Ciudades de España,Nombra una ciudad de España.,Cáceres,caceres,3,3 · Profundo,Cáceres,https://www.ine.es/daco/daco42/codmun/codmunmapa.htm,Nivel inicial intuitivo; revisar/ajustar con datos de jugadores.
19,Ciudades de España,Nombra una ciudad de España.,Torrevieja,torrevieja,3,3 · Profundo,Torrevieja,https://www.ine.es/daco/daco42/codmun/codmunmapa.htm,Nivel inicial intuitivo; revisar/ajustar con datos de jugadores.
19,Ciudades de España,Nombra una ciudad de España.,Ferrol,ferrol,3,3 · Profundo,Ferrol,https://www.ine.es/daco/daco42/codmun/codmunmapa.htm,Nivel inicial intuitivo; revisar/ajustar con datos de jugadores.
19,Ciudades de España,Nombra una ciudad de España.,Avilés,aviles,3,3 · Profundo,Avilés,https://www.ine.es/daco/daco42/codmun/codmunmapa.htm,Nivel inicial intuitivo; revisar/ajustar con datos de jugadores.
19,Ciudades de España,Nombra una ciudad de España.,Ceuta,ceuta,3,3 · Profundo,Ceuta,https://www.ine.es/daco/daco42/codmun/codmunmapa.htm,Nivel inicial intuitivo; revisar/ajustar con datos de jugadores.
19,Ciudades de España,Nombra una ciudad de España.,Melilla,melilla,3,3 · Profundo,Melilla,https://www.ine.es/daco/daco42/codmun/codmunmapa.htm,Nivel inicial intuitivo; revisar/ajustar con datos de jugadores.
19,Ciudades de España,Nombra una ciudad de España.,Ibiza,ibiza,3,3 · Profundo,Ibiza,https://www.ine.es/daco/daco42/codmun/codmunmapa.htm,Nivel inicial intuitivo; revisar/ajustar con datos de jugadores.
19,Ciudades de España,Nombra una ciudad de España.,Benidorm,benidorm,4,4 · Muy profundo,Benidorm,https://www.ine.es/daco/daco42/codmun/codmunmapa.htm,Nivel inicial intuitivo; revisar/ajustar con datos de jugadores.
19,Ciudades de España,Nombra una ciudad de España.,Orihuela,orihuela,4,4 · Muy profundo,Orihuela,https://www.ine.es/daco/daco42/codmun/codmunmapa.htm,Nivel inicial intuitivo; revisar/ajustar con datos de jugadores.
19,Ciudades de España,Nombra una ciudad de España.,Estepona,estepona,4,4 · Muy profundo,Estepona,https://www.ine.es/daco/daco42/codmun/codmunmapa.htm,Nivel inicial intuitivo; revisar/ajustar con datos de jugadores.
19,Ciudades de España,Nombra una ciudad de España.,Fuengirola,fuengirola,4,4 · Muy profundo,Fuengirola,https://www.ine.es/daco/daco42/codmun/codmunmapa.htm,Nivel inicial intuitivo; revisar/ajustar con datos de jugadores.
19,Ciudades de España,Nombra una ciudad de España.,Rivas-Vaciamadrid,rivasvaciamadrid,4,4 · Muy profundo,Rivas-Vaciamadrid,https://www.ine.es/daco/daco42/codmun/codmunmapa.htm,Nivel inicial intuitivo; revisar/ajustar con datos de jugadores.
19,Ciudades de España,Nombra una ciudad de España.,Manresa,manresa,4,4 · Muy profundo,Manresa,https://www.ine.es/daco/daco42/codmun/codmunmapa.htm,Nivel inicial intuitivo; revisar/ajustar con datos de jugadores.
19,Ciudades de España,Nombra una ciudad de España.,Vélez-Málaga,velezmalaga,4,4 · Muy profundo,Vélez-Málaga,https://www.ine.es/daco/daco42/codmun/codmunmapa.htm,Nivel inicial intuitivo; revisar/ajustar con datos de jugadores.
19,Ciudades de España,Nombra una ciudad de España.,Gandía,gandia,4,4 · Muy profundo,Gandía,https://www.ine.es/daco/daco42/codmun/codmunmapa.htm,Nivel inicial intuitivo; revisar/ajustar con datos de jugadores.
19,Ciudades de España,Nombra una ciudad de España.,Mijas,mijas,4,4 · Muy profundo,Mijas,https://www.ine.es/daco/daco42/codmun/codmunmapa.htm,Nivel inicial intuitivo; revisar/ajustar con datos de jugadores.
19,Ciudades de España,Nombra una ciudad de España.,Ponferrada,ponferrada,4,4 · Muy profundo,Ponferrada,https://www.ine.es/daco/daco42/codmun/codmunmapa.htm,Nivel inicial intuitivo; revisar/ajustar con datos de jugadores.
19,Ciudades de España,Nombra una ciudad de España.,Alcalá de Guadaíra,alcaladeguadaira,4,4 · Muy profundo,Alcalá de Guadaíra,https://www.ine.es/daco/daco42/codmun/codmunmapa.htm,Nivel inicial intuitivo; revisar/ajustar con datos de jugadores.
19,Ciudades de España,Nombra una ciudad de España.,Motril,motril,4,4 · Muy profundo,Motril,https://www.ine.es/daco/daco42/codmun/codmunmapa.htm,Nivel inicial intuitivo; revisar/ajustar con datos de jugadores.
19,Ciudades de España,Nombra una ciudad de España.,Elda,elda,4,4 · Muy profundo,Elda,https://www.ine.es/daco/daco42/codmun/codmunmapa.htm,Nivel inicial intuitivo; revisar/ajustar con datos de jugadores.
19,Ciudades de España,Nombra una ciudad de España.,Torrelavega,torrelavega,4,4 · Muy profundo,Torrelavega,https://www.ine.es/daco/daco42/codmun/codmunmapa.htm,Nivel inicial intuitivo; revisar/ajustar con datos de jugadores.
19,Ciudades de España,Nombra una ciudad de España.,Puerto de Santa María,puertodesantamaria,4,4 · Muy profundo,Puerto de Santa María,https://www.ine.es/daco/daco42/codmun/codmunmapa.htm,Nivel inicial intuitivo; revisar/ajustar con datos de jugadores.
19,Ciudades de España,Nombra una ciudad de España.,Talavera de la Reina,talaveradelareina,4,4 · Muy profundo,Talavera de la Reina,https://www.ine.es/daco/daco42/codmun/codmunmapa.htm,Nivel inicial intuitivo; revisar/ajustar con datos de jugadores.
19,Ciudades de España,Nombra una ciudad de España.,Aranjuez,aranjuez,5,🕳️ 5 · Abismo,Aranjuez,https://www.ine.es/daco/daco42/codmun/codmunmapa.htm,Nivel inicial intuitivo; revisar/ajustar con datos de jugadores.
19,Ciudades de España,Nombra una ciudad de España.,Úbeda,ubeda,5,🕳️ 5 · Abismo,Úbeda,https://www.ine.es/daco/daco42/codmun/codmunmapa.htm,Nivel inicial intuitivo; revisar/ajustar con datos de jugadores.
19,Ciudades de España,Nombra una ciudad de España.,Baeza,baeza,5,🕳️ 5 · Abismo,Baeza,https://www.ine.es/daco/daco42/codmun/codmunmapa.htm,Nivel inicial intuitivo; revisar/ajustar con datos de jugadores.
19,Ciudades de España,Nombra una ciudad de España.,Trujillo,trujillo,5,🕳️ 5 · Abismo,Trujillo,https://www.ine.es/daco/daco42/codmun/codmunmapa.htm,Nivel inicial intuitivo; revisar/ajustar con datos de jugadores.
19,Ciudades de España,Nombra una ciudad de España.,Albarracín,albarracin,5,🕳️ 5 · Abismo,Albarracín,https://www.ine.es/daco/daco42/codmun/codmunmapa.htm,Nivel inicial intuitivo; revisar/ajustar con datos de jugadores.
19,Ciudades de España,Nombra una ciudad de España.,Ronda,ronda,5,🕳️ 5 · Abismo,Ronda,https://www.ine.es/daco/daco42/codmun/codmunmapa.htm,Nivel inicial intuitivo; revisar/ajustar con datos de jugadores.
19,Ciudades de España,Nombra una ciudad de España.,Cuenca,cuenca,5,🕳️ 5 · Abismo,Cuenca,https://www.ine.es/daco/daco42/codmun/codmunmapa.htm,Nivel inicial intuitivo; revisar/ajustar con datos de jugadores.
19,Ciudades de España,Nombra una ciudad de España.,Comillas,comillas,5,🕳️ 5 · Abismo,Comillas,https://www.ine.es/daco/daco42/codmun/codmunmapa.htm,Nivel inicial intuitivo; revisar/ajustar con datos de jugadores.
19,Ciudades de España,Nombra una ciudad de España.,Cadaqués,cadaques,5,🕳️ 5 · Abismo,Cadaqués,https://www.ine.es/daco/daco42/codmun/codmunmapa.htm,Nivel inicial intuitivo; revisar/ajustar con datos de jugadores.
19,Ciudades de España,Nombra una ciudad de España.,Chinchón,chinchon,5,🕳️ 5 · Abismo,Chinchón,https://www.ine.es/daco/daco42/codmun/codmunmapa.htm,Nivel inicial intuitivo; revisar/ajustar con datos de jugadores.
20,Picos de España,Nombra un pico de España.,Teide,teide,1,🧊 1 · Punta del iceberg,Teide,https://www.ign.es/web/ign/portal,Nivel inicial intuitivo; revisar/ajustar con datos de jugadores.
20,Picos de España,Nombra un pico de España.,Mulhacén,mulhacen,1,🧊 1 · Punta del iceberg,Mulhacén,https://www.ign.es/web/ign/portal,Nivel inicial intuitivo; revisar/ajustar con datos de jugadores.
20,Picos de España,Nombra un pico de España.,Aneto,aneto,1,🧊 1 · Punta del iceberg,Aneto,https://www.ign.es/web/ign/portal,Nivel inicial intuitivo; revisar/ajustar con datos de jugadores.
20,Picos de España,Nombra un pico de España.,Veleta,veleta,1,🧊 1 · Punta del iceberg,Veleta,https://www.ign.es/web/ign/portal,Nivel inicial intuitivo; revisar/ajustar con datos de jugadores.
20,Picos de España,Nombra un pico de España.,Posets,posets,2,2 · Bajo el hielo,Posets,https://www.ign.es/web/ign/portal,Nivel inicial intuitivo; revisar/ajustar con datos de jugadores.
20,Picos de España,Nombra un pico de España.,Pico de Almanzor,picodealmanzor,2,2 · Bajo el hielo,Pico de Almanzor,https://www.ign.es/web/ign/portal,Nivel inicial intuitivo; revisar/ajustar con datos de jugadores.
20,Picos de España,Nombra un pico de España.,Monte Perdido,monteperdido,2,2 · Bajo el hielo,Monte Perdido,https://www.ign.es/web/ign/portal,Nivel inicial intuitivo; revisar/ajustar con datos de jugadores.
20,Picos de España,Nombra un pico de España.,Pico de la Maladeta,picodelamaladeta,2,2 · Bajo el hielo,Pico de la Maladeta,https://www.ign.es/web/ign/portal,Nivel inicial intuitivo; revisar/ajustar con datos de jugadores.
20,Picos de España,Nombra un pico de España.,Pico de San Lorenzo,picodesanlorenzo,2,2 · Bajo el hielo,Pico de San Lorenzo,https://www.ign.es/web/ign/portal,Nivel inicial intuitivo; revisar/ajustar con datos de jugadores.
20,Picos de España,Nombra un pico de España.,Peña Santa,penasanta,2,2 · Bajo el hielo,Peña Santa,https://www.ign.es/web/ign/portal,Nivel inicial intuitivo; revisar/ajustar con datos de jugadores.
20,Picos de España,Nombra un pico de España.,Naranjo de Bulnes,naranjodebulnes,2,2 · Bajo el hielo,Naranjo de Bulnes,https://www.ign.es/web/ign/portal,Nivel inicial intuitivo; revisar/ajustar con datos de jugadores.
20,Picos de España,Nombra un pico de España.,Torre Cerredo,torrecerredo,2,2 · Bajo el hielo,Torre Cerredo,https://www.ign.es/web/ign/portal,Nivel inicial intuitivo; revisar/ajustar con datos de jugadores.
20,Picos de España,Nombra un pico de España.,Picos del Infierno,picosdelinfierno,2,2 · Bajo el hielo,Picos del Infierno,https://www.ign.es/web/ign/portal,Nivel inicial intuitivo; revisar/ajustar con datos de jugadores.
20,Picos de España,Nombra un pico de España.,Peña Vieja,penavieja,2,2 · Bajo el hielo,Peña Vieja,https://www.ign.es/web/ign/portal,Nivel inicial intuitivo; revisar/ajustar con datos de jugadores.
20,Picos de España,Nombra un pico de España.,Pico de Urbión,picodeurbion,3,3 · Profundo,Pico de Urbión,https://www.ign.es/web/ign/portal,Nivel inicial intuitivo; revisar/ajustar con datos de jugadores.
20,Picos de España,Nombra un pico de España.,Pico de Peñalara,picodepenalara,3,3 · Profundo,Pico de Peñalara,https://www.ign.es/web/ign/portal,Nivel inicial intuitivo; revisar/ajustar con datos de jugadores.
20,Picos de España,Nombra un pico de España.,Pico de Aizkorri,picodeaizkorri,3,3 · Profundo,Pico de Aizkorri,https://www.ign.es/web/ign/portal,Nivel inicial intuitivo; revisar/ajustar con datos de jugadores.
20,Picos de España,Nombra un pico de España.,Pico de Bisaurín,picodebisaurin,3,3 · Profundo,Pico de Bisaurín,https://www.ign.es/web/ign/portal,Nivel inicial intuitivo; revisar/ajustar con datos de jugadores.
20,Picos de España,Nombra un pico de España.,Pico de Collarada,picodecollarada,3,3 · Profundo,Pico de Collarada,https://www.ign.es/web/ign/portal,Nivel inicial intuitivo; revisar/ajustar con datos de jugadores.
20,Picos de España,Nombra un pico de España.,Pico de Aspe,picodeaspe,3,3 · Profundo,Pico de Aspe,https://www.ign.es/web/ign/portal,Nivel inicial intuitivo; revisar/ajustar con datos de jugadores.
20,Picos de España,Nombra un pico de España.,Pico de Anayet,picodeanayet,3,3 · Profundo,Pico de Anayet,https://www.ign.es/web/ign/portal,Nivel inicial intuitivo; revisar/ajustar con datos de jugadores.
20,Picos de España,Nombra un pico de España.,Pico de Midi d'Ossau,picodemididossau,3,3 · Profundo,Pico de Midi d'Ossau,https://www.ign.es/web/ign/portal,Nivel inicial intuitivo; revisar/ajustar con datos de jugadores.
20,Picos de España,Nombra un pico de España.,Pico de Garmo Negro,picodegarmonegro,3,3 · Profundo,Pico de Garmo Negro,https://www.ign.es/web/ign/portal,Nivel inicial intuitivo; revisar/ajustar con datos de jugadores.
20,Picos de España,Nombra un pico de España.,Pico de Argualas,picodeargualas,3,3 · Profundo,Pico de Argualas,https://www.ign.es/web/ign/portal,Nivel inicial intuitivo; revisar/ajustar con datos de jugadores.
20,Picos de España,Nombra un pico de España.,Pico de Posets,picodeposets,3,3 · Profundo,Pico de Posets,https://www.ign.es/web/ign/portal,Nivel inicial intuitivo; revisar/ajustar con datos de jugadores.
20,Picos de España,Nombra un pico de España.,Pico de Perdiguero,picodeperdiguero,3,3 · Profundo,Pico de Perdiguero,https://www.ign.es/web/ign/portal,Nivel inicial intuitivo; revisar/ajustar con datos de jugadores.
20,Picos de España,Nombra un pico de España.,Pico de Maladeta,picodemaladeta,3,3 · Profundo,Pico de Maladeta,https://www.ign.es/web/ign/portal,Nivel inicial intuitivo; revisar/ajustar con datos de jugadores.
20,Picos de España,Nombra un pico de España.,Pico de Vallibierna,picodevallibierna,3,3 · Profundo,Pico de Vallibierna,https://www.ign.es/web/ign/portal,Nivel inicial intuitivo; revisar/ajustar con datos de jugadores.
20,Picos de España,Nombra un pico de España.,Pico de Russell,picoderussell,3,3 · Profundo,Pico de Russell,https://www.ign.es/web/ign/portal,Nivel inicial intuitivo; revisar/ajustar con datos de jugadores.
20,Picos de España,Nombra un pico de España.,Pico de Bachimala,picodebachimala,3,3 · Profundo,Pico de Bachimala,https://www.ign.es/web/ign/portal,Nivel inicial intuitivo; revisar/ajustar con datos de jugadores.
20,Picos de España,Nombra un pico de España.,Pico de Cotiella,picodecotiella,3,3 · Profundo,Pico de Cotiella,https://www.ign.es/web/ign/portal,Nivel inicial intuitivo; revisar/ajustar con datos de jugadores.
20,Picos de España,Nombra un pico de España.,Pico de Peña Telera,picodepenatelera,3,3 · Profundo,Pico de Peña Telera,https://www.ign.es/web/ign/portal,Nivel inicial intuitivo; revisar/ajustar con datos de jugadores.
20,Picos de España,Nombra un pico de España.,Pico de Castillo de Acher,picodecastillodeacher,3,3 · Profundo,Pico de Castillo de Acher,https://www.ign.es/web/ign/portal,Nivel inicial intuitivo; revisar/ajustar con datos de jugadores.
20,Picos de España,Nombra un pico de España.,Pico de Ezkaurre,picodeezkaurre,3,3 · Profundo,Pico de Ezkaurre,https://www.ign.es/web/ign/portal,Nivel inicial intuitivo; revisar/ajustar con datos de jugadores.
20,Picos de España,Nombra un pico de España.,Pico de Ori,picodeori,4,4 · Muy profundo,Pico de Ori,https://www.ign.es/web/ign/portal,Nivel inicial intuitivo; revisar/ajustar con datos de jugadores.
20,Picos de España,Nombra un pico de España.,Pico de Lakora,picodelakora,4,4 · Muy profundo,Pico de Lakora,https://www.ign.es/web/ign/portal,Nivel inicial intuitivo; revisar/ajustar con datos de jugadores.
20,Picos de España,Nombra un pico de España.,Pico de Orhi,picodeorhi,4,4 · Muy profundo,Pico de Orhi,https://www.ign.es/web/ign/portal,Nivel inicial intuitivo; revisar/ajustar con datos de jugadores.
20,Picos de España,Nombra un pico de España.,Pico de Adi,picodeadi,4,4 · Muy profundo,Pico de Adi,https://www.ign.es/web/ign/portal,Nivel inicial intuitivo; revisar/ajustar con datos de jugadores.
20,Picos de España,Nombra un pico de España.,Pico de Saioa,picodesaioa,4,4 · Muy profundo,Pico de Saioa,https://www.ign.es/web/ign/portal,Nivel inicial intuitivo; revisar/ajustar con datos de jugadores.
20,Picos de España,Nombra un pico de España.,Pico de Beriain,picodeberiain,4,4 · Muy profundo,Pico de Beriain,https://www.ign.es/web/ign/portal,Nivel inicial intuitivo; revisar/ajustar con datos de jugadores.
20,Picos de España,Nombra un pico de España.,Pico de Txindoki,picodetxindoki,4,4 · Muy profundo,Pico de Txindoki,https://www.ign.es/web/ign/portal,Nivel inicial intuitivo; revisar/ajustar con datos de jugadores.
20,Picos de España,Nombra un pico de España.,Pico de Gorbea,picodegorbea,4,4 · Muy profundo,Pico de Gorbea,https://www.ign.es/web/ign/portal,Nivel inicial intuitivo; revisar/ajustar con datos de jugadores.
20,Picos de España,Nombra un pico de España.,Pico de Ganekogorta,picodeganekogorta,4,4 · Muy profundo,Pico de Ganekogorta,https://www.ign.es/web/ign/portal,Nivel inicial intuitivo; revisar/ajustar con datos de jugadores.
20,Picos de España,Nombra un pico de España.,Pico de Toloño,picodetolono,4,4 · Muy profundo,Pico de Toloño,https://www.ign.es/web/ign/portal,Nivel inicial intuitivo; revisar/ajustar con datos de jugadores.
20,Picos de España,Nombra un pico de España.,Pico de Urbasa,picodeurbasa,4,4 · Muy profundo,Pico de Urbasa,https://www.ign.es/web/ign/portal,Nivel inicial intuitivo; revisar/ajustar con datos de jugadores.
20,Picos de España,Nombra un pico de España.,Pico de Peña Trevinca,picodepenatrevinca,4,4 · Muy profundo,Pico de Peña Trevinca,https://www.ign.es/web/ign/portal,Nivel inicial intuitivo; revisar/ajustar con datos de jugadores.
20,Picos de España,Nombra un pico de España.,Pico de Miravalles,picodemiravalles,4,4 · Muy profundo,Pico de Miravalles,https://www.ign.es/web/ign/portal,Nivel inicial intuitivo; revisar/ajustar con datos de jugadores.
20,Picos de España,Nombra un pico de España.,Pico de Cuiña,picodecuina,4,4 · Muy profundo,Pico de Cuiña,https://www.ign.es/web/ign/portal,Nivel inicial intuitivo; revisar/ajustar con datos de jugadores.
20,Picos de España,Nombra un pico de España.,Pico de Catoute,picodecatoute,4,4 · Muy profundo,Pico de Catoute,https://www.ign.es/web/ign/portal,Nivel inicial intuitivo; revisar/ajustar con datos de jugadores.
20,Picos de España,Nombra un pico de España.,Pico de Ubiña,picodeubina,4,4 · Muy profundo,Pico de Ubiña,https://www.ign.es/web/ign/portal,Nivel inicial intuitivo; revisar/ajustar con datos de jugadores.
20,Picos de España,Nombra un pico de España.,Pico Fariñentu,picofarinentu,4,4 · Muy profundo,Pico Fariñentu,https://www.ign.es/web/ign/portal,Nivel inicial intuitivo; revisar/ajustar con datos de jugadores.
20,Picos de España,Nombra un pico de España.,Pico Torres,picotorres,4,4 · Muy profundo,Pico Torres,https://www.ign.es/web/ign/portal,Nivel inicial intuitivo; revisar/ajustar con datos de jugadores.
20,Picos de España,Nombra un pico de España.,Pico Valgrande,picovalgrande,4,4 · Muy profundo,Pico Valgrande,https://www.ign.es/web/ign/portal,Nivel inicial intuitivo; revisar/ajustar con datos de jugadores.
20,Picos de España,Nombra un pico de España.,Pico Cornón,picocornon,4,4 · Muy profundo,Pico Cornón,https://www.ign.es/web/ign/portal,Nivel inicial intuitivo; revisar/ajustar con datos de jugadores.
20,Picos de España,Nombra un pico de España.,Pico Peña Ubiña,picopenaubina,4,4 · Muy profundo,Pico Peña Ubiña,https://www.ign.es/web/ign/portal,Nivel inicial intuitivo; revisar/ajustar con datos de jugadores.
20,Picos de España,Nombra un pico de España.,Pico Brañacaballo,picobranacaballo,4,4 · Muy profundo,Pico Brañacaballo,https://www.ign.es/web/ign/portal,Nivel inicial intuitivo; revisar/ajustar con datos de jugadores.
20,Picos de España,Nombra un pico de España.,Pico Curavacas,picocuravacas,4,4 · Muy profundo,Pico Curavacas,https://www.ign.es/web/ign/portal,Nivel inicial intuitivo; revisar/ajustar con datos de jugadores.
20,Picos de España,Nombra un pico de España.,Pico Espigüete,picoespiguete,4,4 · Muy profundo,Pico Espigüete,https://www.ign.es/web/ign/portal,Nivel inicial intuitivo; revisar/ajustar con datos de jugadores.
20,Picos de España,Nombra un pico de España.,Pico Gilbo,picogilbo,4,4 · Muy profundo,Pico Gilbo,https://www.ign.es/web/ign/portal,Nivel inicial intuitivo; revisar/ajustar con datos de jugadores.
20,Picos de España,Nombra un pico de España.,Pico Murcia,picomurcia,4,4 · Muy profundo,Pico Murcia,https://www.ign.es/web/ign/portal,Nivel inicial intuitivo; revisar/ajustar con datos de jugadores.
20,Picos de España,Nombra un pico de España.,Pico Tres Provincias,picotresprovincias,4,4 · Muy profundo,Pico Tres Provincias,https://www.ign.es/web/ign/portal,Nivel inicial intuitivo; revisar/ajustar con datos de jugadores.
20,Picos de España,Nombra un pico de España.,Pico Peñacorada,picopenacorada,4,4 · Muy profundo,Pico Peñacorada,https://www.ign.es/web/ign/portal,Nivel inicial intuitivo; revisar/ajustar con datos de jugadores.
20,Picos de España,Nombra un pico de España.,Pico Yordas,picoyordas,4,4 · Muy profundo,Pico Yordas,https://www.ign.es/web/ign/portal,Nivel inicial intuitivo; revisar/ajustar con datos de jugadores.
20,Picos de España,Nombra un pico de España.,Pico Peña Prieta,picopenaprieta,4,4 · Muy profundo,Pico Peña Prieta,https://www.ign.es/web/ign/portal,Nivel inicial intuitivo; revisar/ajustar con datos de jugadores.
20,Picos de España,Nombra un pico de España.,Pico Valdeiglesias,picovaldeiglesias,5,🕳️ 5 · Abismo,Pico Valdeiglesias,https://www.ign.es/web/ign/portal,Nivel inicial intuitivo; revisar/ajustar con datos de jugadores.
20,Picos de España,Nombra un pico de España.,Pico Tesorero,picotesorero,5,🕳️ 5 · Abismo,Pico Tesorero,https://www.ign.es/web/ign/portal,Nivel inicial intuitivo; revisar/ajustar con datos de jugadores.
20,Picos de España,Nombra un pico de España.,Pico Madejuno,picomadejuno,5,🕳️ 5 · Abismo,Pico Madejuno,https://www.ign.es/web/ign/portal,Nivel inicial intuitivo; revisar/ajustar con datos de jugadores.
20,Picos de España,Nombra un pico de España.,Pico Llambrión,picollambrion,5,🕳️ 5 · Abismo,Pico Llambrión,https://www.ign.es/web/ign/portal,Nivel inicial intuitivo; revisar/ajustar con datos de jugadores.
20,Picos de España,Nombra un pico de España.,Pico Torre Blanca,picotorreblanca,5,🕳️ 5 · Abismo,Pico Torre Blanca,https://www.ign.es/web/ign/portal,Nivel inicial intuitivo; revisar/ajustar con datos de jugadores.
20,Picos de España,Nombra un pico de España.,Pico Palanca,picopalanca,5,🕳️ 5 · Abismo,Pico Palanca,https://www.ign.es/web/ign/portal,Nivel inicial intuitivo; revisar/ajustar con datos de jugadores.
20,Picos de España,Nombra un pico de España.,Pico Cabrones,picocabrones,5,🕳️ 5 · Abismo,Pico Cabrones,https://www.ign.es/web/ign/portal,Nivel inicial intuitivo; revisar/ajustar con datos de jugadores.
20,Picos de España,Nombra un pico de España.,Pico Torrecerredo,picotorrecerredo,5,🕳️ 5 · Abismo,Pico Torrecerredo,https://www.ign.es/web/ign/portal,Nivel inicial intuitivo; revisar/ajustar con datos de jugadores.
20,Picos de España,Nombra un pico de España.,Pico de Santa Ana,picodesantaana,5,🕳️ 5 · Abismo,Pico de Santa Ana,https://www.ign.es/web/ign/portal,Nivel inicial intuitivo; revisar/ajustar con datos de jugadores.
20,Picos de España,Nombra un pico de España.,Pico San Carlos,picosancarlos,5,🕳️ 5 · Abismo,Pico San Carlos,https://www.ign.es/web/ign/portal,Nivel inicial intuitivo; revisar/ajustar con datos de jugadores.
21,Playas de España,Nombra una playa de España.,La Concha,laconcha,1,🧊 1 · Punta del iceberg,La Concha,https://www.miteco.gob.es/es/cartografia-y-sig/ide/descargas/costas-medio-marino/playas.html,Nivel inicial intuitivo; revisar/ajustar con datos de jugadores.
21,Playas de España,Nombra una playa de España.,Maspalomas,maspalomas,1,🧊 1 · Punta del iceberg,Maspalomas,https://www.miteco.gob.es/es/cartografia-y-sig/ide/descargas/costas-medio-marino/playas.html,Nivel inicial intuitivo; revisar/ajustar con datos de jugadores.
21,Playas de España,Nombra una playa de España.,Playa de Levante,playadelevante,1,🧊 1 · Punta del iceberg,Playa de Levante,https://www.miteco.gob.es/es/cartografia-y-sig/ide/descargas/costas-medio-marino/playas.html,Nivel inicial intuitivo; revisar/ajustar con datos de jugadores.
21,Playas de España,Nombra una playa de España.,Playa de la Malvarrosa,playadelamalvarrosa,1,🧊 1 · Punta del iceberg,Playa de la Malvarrosa,https://www.miteco.gob.es/es/cartografia-y-sig/ide/descargas/costas-medio-marino/playas.html,Nivel inicial intuitivo; revisar/ajustar con datos de jugadores.
21,Playas de España,Nombra una playa de España.,Playa de Ses Illetes,playadesesilletes,1,🧊 1 · Punta del iceberg,Playa de Ses Illetes,https://www.miteco.gob.es/es/cartografia-y-sig/ide/descargas/costas-medio-marino/playas.html,Nivel inicial intuitivo; revisar/ajustar con datos de jugadores.
21,Playas de España,Nombra una playa de España.,Playa de Bolonia,playadebolonia,1,🧊 1 · Punta del iceberg,Playa de Bolonia,https://www.miteco.gob.es/es/cartografia-y-sig/ide/descargas/costas-medio-marino/playas.html,Nivel inicial intuitivo; revisar/ajustar con datos de jugadores.
21,Playas de España,Nombra una playa de España.,Playa de la Barceloneta,playadelabarceloneta,1,🧊 1 · Punta del iceberg,Playa de la Barceloneta,https://www.miteco.gob.es/es/cartografia-y-sig/ide/descargas/costas-medio-marino/playas.html,Nivel inicial intuitivo; revisar/ajustar con datos de jugadores.
21,Playas de España,Nombra una playa de España.,Playa de la Victoria,playadelavictoria,1,🧊 1 · Punta del iceberg,Playa de la Victoria,https://www.miteco.gob.es/es/cartografia-y-sig/ide/descargas/costas-medio-marino/playas.html,Nivel inicial intuitivo; revisar/ajustar con datos de jugadores.
21,Playas de España,Nombra una playa de España.,Playa del Inglés,playadelingles,1,🧊 1 · Punta del iceberg,Playa del Inglés,https://www.miteco.gob.es/es/cartografia-y-sig/ide/descargas/costas-medio-marino/playas.html,Nivel inicial intuitivo; revisar/ajustar con datos de jugadores.
21,Playas de España,Nombra una playa de España.,Playa de Las Canteras,playadelascanteras,1,🧊 1 · Punta del iceberg,Playa de Las Canteras,https://www.miteco.gob.es/es/cartografia-y-sig/ide/descargas/costas-medio-marino/playas.html,Nivel inicial intuitivo; revisar/ajustar con datos de jugadores.
21,Playas de España,Nombra una playa de España.,Playa de la Zurriola,playadelazurriola,2,2 · Bajo el hielo,Playa de la Zurriola,https://www.miteco.gob.es/es/cartografia-y-sig/ide/descargas/costas-medio-marino/playas.html,Nivel inicial intuitivo; revisar/ajustar con datos de jugadores.
21,Playas de España,Nombra una playa de España.,Playa de Rodiles,playaderodiles,2,2 · Bajo el hielo,Playa de Rodiles,https://www.miteco.gob.es/es/cartografia-y-sig/ide/descargas/costas-medio-marino/playas.html,Nivel inicial intuitivo; revisar/ajustar con datos de jugadores.
21,Playas de España,Nombra una playa de España.,Playa de Gulpiyuri,playadegulpiyuri,2,2 · Bajo el hielo,Playa de Gulpiyuri,https://www.miteco.gob.es/es/cartografia-y-sig/ide/descargas/costas-medio-marino/playas.html,Nivel inicial intuitivo; revisar/ajustar con datos de jugadores.
21,Playas de España,Nombra una playa de España.,Playa de las Catedrales,playadelascatedrales,2,2 · Bajo el hielo,Playa de las Catedrales,https://www.miteco.gob.es/es/cartografia-y-sig/ide/descargas/costas-medio-marino/playas.html,Nivel inicial intuitivo; revisar/ajustar con datos de jugadores.
21,Playas de España,Nombra una playa de España.,Playa de Zahara de los Atunes,playadezaharadelosatunes,2,2 · Bajo el hielo,Playa de Zahara de los Atunes,https://www.miteco.gob.es/es/cartografia-y-sig/ide/descargas/costas-medio-marino/playas.html,Nivel inicial intuitivo; revisar/ajustar con datos de jugadores.
21,Playas de España,Nombra una playa de España.,Playa de los Genoveses,playadelosgenoveses,2,2 · Bajo el hielo,Playa de los Genoveses,https://www.miteco.gob.es/es/cartografia-y-sig/ide/descargas/costas-medio-marino/playas.html,Nivel inicial intuitivo; revisar/ajustar con datos de jugadores.
21,Playas de España,Nombra una playa de España.,Playa de Monsul,playademonsul,2,2 · Bajo el hielo,Playa de Monsul,https://www.miteco.gob.es/es/cartografia-y-sig/ide/descargas/costas-medio-marino/playas.html,Nivel inicial intuitivo; revisar/ajustar con datos de jugadores.
21,Playas de España,Nombra una playa de España.,Playa de los Muertos,playadelosmuertos,2,2 · Bajo el hielo,Playa de los Muertos,https://www.miteco.gob.es/es/cartografia-y-sig/ide/descargas/costas-medio-marino/playas.html,Nivel inicial intuitivo; revisar/ajustar con datos de jugadores.
21,Playas de España,Nombra una playa de España.,Playa de Mónsul,playademonsul,2,2 · Bajo el hielo,Playa de Mónsul,https://www.miteco.gob.es/es/cartografia-y-sig/ide/descargas/costas-medio-marino/playas.html,Nivel inicial intuitivo; revisar/ajustar con datos de jugadores.
21,Playas de España,Nombra una playa de España.,Playa de Caló des Moro,playadecalodesmoro,2,2 · Bajo el hielo,Playa de Caló des Moro,https://www.miteco.gob.es/es/cartografia-y-sig/ide/descargas/costas-medio-marino/playas.html,Nivel inicial intuitivo; revisar/ajustar con datos de jugadores.
21,Playas de España,Nombra una playa de España.,Playa de Es Trenc,playadeestrenc,2,2 · Bajo el hielo,Playa de Es Trenc,https://www.miteco.gob.es/es/cartografia-y-sig/ide/descargas/costas-medio-marino/playas.html,Nivel inicial intuitivo; revisar/ajustar con datos de jugadores.
21,Playas de España,Nombra una playa de España.,Playa de Cala Agulla,playadecalaagulla,2,2 · Bajo el hielo,Playa de Cala Agulla,https://www.miteco.gob.es/es/cartografia-y-sig/ide/descargas/costas-medio-marino/playas.html,Nivel inicial intuitivo; revisar/ajustar con datos de jugadores.
21,Playas de España,Nombra una playa de España.,Playa de Cala Macarella,playadecalamacarella,2,2 · Bajo el hielo,Playa de Cala Macarella,https://www.miteco.gob.es/es/cartografia-y-sig/ide/descargas/costas-medio-marino/playas.html,Nivel inicial intuitivo; revisar/ajustar con datos de jugadores.
21,Playas de España,Nombra una playa de España.,Playa de Cala Mitjana,playadecalamitjana,2,2 · Bajo el hielo,Playa de Cala Mitjana,https://www.miteco.gob.es/es/cartografia-y-sig/ide/descargas/costas-medio-marino/playas.html,Nivel inicial intuitivo; revisar/ajustar con datos de jugadores.
21,Playas de España,Nombra una playa de España.,Playa de Papagayo,playadepapagayo,2,2 · Bajo el hielo,Playa de Papagayo,https://www.miteco.gob.es/es/cartografia-y-sig/ide/descargas/costas-medio-marino/playas.html,Nivel inicial intuitivo; revisar/ajustar con datos de jugadores.
21,Playas de España,Nombra una playa de España.,Playa de Famara,playadefamara,2,2 · Bajo el hielo,Playa de Famara,https://www.miteco.gob.es/es/cartografia-y-sig/ide/descargas/costas-medio-marino/playas.html,Nivel inicial intuitivo; revisar/ajustar con datos de jugadores.
21,Playas de España,Nombra una playa de España.,Playa de Benijo,playadebenijo,2,2 · Bajo el hielo,Playa de Benijo,https://www.miteco.gob.es/es/cartografia-y-sig/ide/descargas/costas-medio-marino/playas.html,Nivel inicial intuitivo; revisar/ajustar con datos de jugadores.
21,Playas de España,Nombra una playa de España.,Playa de las Teresitas,playadelasteresitas,2,2 · Bajo el hielo,Playa de las Teresitas,https://www.miteco.gob.es/es/cartografia-y-sig/ide/descargas/costas-medio-marino/playas.html,Nivel inicial intuitivo; revisar/ajustar con datos de jugadores.
21,Playas de España,Nombra una playa de España.,Playa de Amadores,playadeamadores,2,2 · Bajo el hielo,Playa de Amadores,https://www.miteco.gob.es/es/cartografia-y-sig/ide/descargas/costas-medio-marino/playas.html,Nivel inicial intuitivo; revisar/ajustar con datos de jugadores.
21,Playas de España,Nombra una playa de España.,Playa de Puerto Naos,playadepuertonaos,3,3 · Profundo,Playa de Puerto Naos,https://www.miteco.gob.es/es/cartografia-y-sig/ide/descargas/costas-medio-marino/playas.html,Nivel inicial intuitivo; revisar/ajustar con datos de jugadores.
21,Playas de España,Nombra una playa de España.,Playa de Las Salinas,playadelassalinas,3,3 · Profundo,Playa de Las Salinas,https://www.miteco.gob.es/es/cartografia-y-sig/ide/descargas/costas-medio-marino/playas.html,Nivel inicial intuitivo; revisar/ajustar con datos de jugadores.
21,Playas de España,Nombra una playa de España.,Playa de San Juan,playadesanjuan,3,3 · Profundo,Playa de San Juan,https://www.miteco.gob.es/es/cartografia-y-sig/ide/descargas/costas-medio-marino/playas.html,Nivel inicial intuitivo; revisar/ajustar con datos de jugadores.
21,Playas de España,Nombra una playa de España.,Playa de Muchavista,playademuchavista,3,3 · Profundo,Playa de Muchavista,https://www.miteco.gob.es/es/cartografia-y-sig/ide/descargas/costas-medio-marino/playas.html,Nivel inicial intuitivo; revisar/ajustar con datos de jugadores.
21,Playas de España,Nombra una playa de España.,Playa de San Sebastián,playadesansebastian,3,3 · Profundo,Playa de San Sebastián,https://www.miteco.gob.es/es/cartografia-y-sig/ide/descargas/costas-medio-marino/playas.html,Nivel inicial intuitivo; revisar/ajustar con datos de jugadores.
21,Playas de España,Nombra una playa de España.,Playa de Ondarreta,playadeondarreta,3,3 · Profundo,Playa de Ondarreta,https://www.miteco.gob.es/es/cartografia-y-sig/ide/descargas/costas-medio-marino/playas.html,Nivel inicial intuitivo; revisar/ajustar con datos de jugadores.
21,Playas de España,Nombra una playa de España.,Playa de Zarautz,playadezarautz,3,3 · Profundo,Playa de Zarautz,https://www.miteco.gob.es/es/cartografia-y-sig/ide/descargas/costas-medio-marino/playas.html,Nivel inicial intuitivo; revisar/ajustar con datos de jugadores.
21,Playas de España,Nombra una playa de España.,Playa de Itzurun,playadeitzurun,3,3 · Profundo,Playa de Itzurun,https://www.miteco.gob.es/es/cartografia-y-sig/ide/descargas/costas-medio-marino/playas.html,Nivel inicial intuitivo; revisar/ajustar con datos de jugadores.
21,Playas de España,Nombra una playa de España.,Playa de Laga,playadelaga,3,3 · Profundo,Playa de Laga,https://www.miteco.gob.es/es/cartografia-y-sig/ide/descargas/costas-medio-marino/playas.html,Nivel inicial intuitivo; revisar/ajustar con datos de jugadores.
21,Playas de España,Nombra una playa de España.,Playa de Laida,playadelaida,3,3 · Profundo,Playa de Laida,https://www.miteco.gob.es/es/cartografia-y-sig/ide/descargas/costas-medio-marino/playas.html,Nivel inicial intuitivo; revisar/ajustar con datos de jugadores.
21,Playas de España,Nombra una playa de España.,Playa de Somo,playadesomo,3,3 · Profundo,Playa de Somo,https://www.miteco.gob.es/es/cartografia-y-sig/ide/descargas/costas-medio-marino/playas.html,Nivel inicial intuitivo; revisar/ajustar con datos de jugadores.
21,Playas de España,Nombra una playa de España.,Playa de El Sardinero,playadeelsardinero,3,3 · Profundo,Playa de El Sardinero,https://www.miteco.gob.es/es/cartografia-y-sig/ide/descargas/costas-medio-marino/playas.html,Nivel inicial intuitivo; revisar/ajustar con datos de jugadores.
21,Playas de España,Nombra una playa de España.,Playa de Trengandín,playadetrengandin,3,3 · Profundo,Playa de Trengandín,https://www.miteco.gob.es/es/cartografia-y-sig/ide/descargas/costas-medio-marino/playas.html,Nivel inicial intuitivo; revisar/ajustar con datos de jugadores.
21,Playas de España,Nombra una playa de España.,Playa de Ris,playaderis,3,3 · Profundo,Playa de Ris,https://www.miteco.gob.es/es/cartografia-y-sig/ide/descargas/costas-medio-marino/playas.html,Nivel inicial intuitivo; revisar/ajustar con datos de jugadores.
21,Playas de España,Nombra una playa de España.,Playa de Torimbia,playadetorimbia,3,3 · Profundo,Playa de Torimbia,https://www.miteco.gob.es/es/cartografia-y-sig/ide/descargas/costas-medio-marino/playas.html,Nivel inicial intuitivo; revisar/ajustar con datos de jugadores.
21,Playas de España,Nombra una playa de España.,Playa de Salinas,playadesalinas,3,3 · Profundo,Playa de Salinas,https://www.miteco.gob.es/es/cartografia-y-sig/ide/descargas/costas-medio-marino/playas.html,Nivel inicial intuitivo; revisar/ajustar con datos de jugadores.
21,Playas de España,Nombra una playa de España.,Playa de Carnota,playadecarnota,3,3 · Profundo,Playa de Carnota,https://www.miteco.gob.es/es/cartografia-y-sig/ide/descargas/costas-medio-marino/playas.html,Nivel inicial intuitivo; revisar/ajustar con datos de jugadores.
21,Playas de España,Nombra una playa de España.,Playa de Riazor,playaderiazor,3,3 · Profundo,Playa de Riazor,https://www.miteco.gob.es/es/cartografia-y-sig/ide/descargas/costas-medio-marino/playas.html,Nivel inicial intuitivo; revisar/ajustar con datos de jugadores.
21,Playas de España,Nombra una playa de España.,Playa de Orzán,playadeorzan,3,3 · Profundo,Playa de Orzán,https://www.miteco.gob.es/es/cartografia-y-sig/ide/descargas/costas-medio-marino/playas.html,Nivel inicial intuitivo; revisar/ajustar con datos de jugadores.
21,Playas de España,Nombra una playa de España.,Playa de Silgar,playadesilgar,3,3 · Profundo,Playa de Silgar,https://www.miteco.gob.es/es/cartografia-y-sig/ide/descargas/costas-medio-marino/playas.html,Nivel inicial intuitivo; revisar/ajustar con datos de jugadores.
21,Playas de España,Nombra una playa de España.,Playa de A Lanzada,playadealanzada,3,3 · Profundo,Playa de A Lanzada,https://www.miteco.gob.es/es/cartografia-y-sig/ide/descargas/costas-medio-marino/playas.html,Nivel inicial intuitivo; revisar/ajustar con datos de jugadores.
21,Playas de España,Nombra una playa de España.,Playa de Rodas,playaderodas,3,3 · Profundo,Playa de Rodas,https://www.miteco.gob.es/es/cartografia-y-sig/ide/descargas/costas-medio-marino/playas.html,Nivel inicial intuitivo; revisar/ajustar con datos de jugadores.
21,Playas de España,Nombra una playa de España.,Playa de Cofete,playadecofete,3,3 · Profundo,Playa de Cofete,https://www.miteco.gob.es/es/cartografia-y-sig/ide/descargas/costas-medio-marino/playas.html,Nivel inicial intuitivo; revisar/ajustar con datos de jugadores.
21,Playas de España,Nombra una playa de España.,Playa de Sotavento,playadesotavento,3,3 · Profundo,Playa de Sotavento,https://www.miteco.gob.es/es/cartografia-y-sig/ide/descargas/costas-medio-marino/playas.html,Nivel inicial intuitivo; revisar/ajustar con datos de jugadores.
21,Playas de España,Nombra una playa de España.,Playa de Corralejo,playadecorralejo,3,3 · Profundo,Playa de Corralejo,https://www.miteco.gob.es/es/cartografia-y-sig/ide/descargas/costas-medio-marino/playas.html,Nivel inicial intuitivo; revisar/ajustar con datos de jugadores.
21,Playas de España,Nombra una playa de España.,Playa de El Médano,playadeelmedano,3,3 · Profundo,Playa de El Médano,https://www.miteco.gob.es/es/cartografia-y-sig/ide/descargas/costas-medio-marino/playas.html,Nivel inicial intuitivo; revisar/ajustar con datos de jugadores.
21,Playas de España,Nombra una playa de España.,Playa de Nogales,playadenogales,4,4 · Muy profundo,Playa de Nogales,https://www.miteco.gob.es/es/cartografia-y-sig/ide/descargas/costas-medio-marino/playas.html,Nivel inicial intuitivo; revisar/ajustar con datos de jugadores.
21,Playas de España,Nombra una playa de España.,Playa de Antequera,playadeantequera,4,4 · Muy profundo,Playa de Antequera,https://www.miteco.gob.es/es/cartografia-y-sig/ide/descargas/costas-medio-marino/playas.html,Nivel inicial intuitivo; revisar/ajustar con datos de jugadores.
21,Playas de España,Nombra una playa de España.,Playa de Tamadite,playadetamadite,4,4 · Muy profundo,Playa de Tamadite,https://www.miteco.gob.es/es/cartografia-y-sig/ide/descargas/costas-medio-marino/playas.html,Nivel inicial intuitivo; revisar/ajustar con datos de jugadores.
21,Playas de España,Nombra una playa de España.,Playa de Guayedra,playadeguayedra,4,4 · Muy profundo,Playa de Guayedra,https://www.miteco.gob.es/es/cartografia-y-sig/ide/descargas/costas-medio-marino/playas.html,Nivel inicial intuitivo; revisar/ajustar con datos de jugadores.
21,Playas de España,Nombra una playa de España.,Playa de Güigüi,playadeguigui,4,4 · Muy profundo,Playa de Güigüi,https://www.miteco.gob.es/es/cartografia-y-sig/ide/descargas/costas-medio-marino/playas.html,Nivel inicial intuitivo; revisar/ajustar con datos de jugadores.
21,Playas de España,Nombra una playa de España.,Playa de Janubio,playadejanubio,4,4 · Muy profundo,Playa de Janubio,https://www.miteco.gob.es/es/cartografia-y-sig/ide/descargas/costas-medio-marino/playas.html,Nivel inicial intuitivo; revisar/ajustar con datos de jugadores.
21,Playas de España,Nombra una playa de España.,Playa de Quemada,playadequemada,4,4 · Muy profundo,Playa de Quemada,https://www.miteco.gob.es/es/cartografia-y-sig/ide/descargas/costas-medio-marino/playas.html,Nivel inicial intuitivo; revisar/ajustar con datos de jugadores.
21,Playas de España,Nombra una playa de España.,Playa de Esquinzo,playadeesquinzo,4,4 · Muy profundo,Playa de Esquinzo,https://www.miteco.gob.es/es/cartografia-y-sig/ide/descargas/costas-medio-marino/playas.html,Nivel inicial intuitivo; revisar/ajustar con datos de jugadores.
21,Playas de España,Nombra una playa de España.,Playa de La Caleta,playadelacaleta,4,4 · Muy profundo,Playa de La Caleta,https://www.miteco.gob.es/es/cartografia-y-sig/ide/descargas/costas-medio-marino/playas.html,Nivel inicial intuitivo; revisar/ajustar con datos de jugadores.
21,Playas de España,Nombra una playa de España.,Playa de Maspalomas,playademaspalomas,4,4 · Muy profundo,Playa de Maspalomas,https://www.miteco.gob.es/es/cartografia-y-sig/ide/descargas/costas-medio-marino/playas.html,Nivel inicial intuitivo; revisar/ajustar con datos de jugadores.
21,Playas de España,Nombra una playa de España.,Playa de Montaña Arena,playademontanaarena,5,🕳️ 5 · Abismo,Playa de Montaña Arena,https://www.miteco.gob.es/es/cartografia-y-sig/ide/descargas/costas-medio-marino/playas.html,Nivel inicial intuitivo; revisar/ajustar con datos de jugadores.
21,Playas de España,Nombra una playa de España.,Playa de Diego Hernández,playadediegohernandez,5,🕳️ 5 · Abismo,Playa de Diego Hernández,https://www.miteco.gob.es/es/cartografia-y-sig/ide/descargas/costas-medio-marino/playas.html,Nivel inicial intuitivo; revisar/ajustar con datos de jugadores.
22,Estaciones de Metro de Madrid,Nombra una estación de Metro de Madrid.,Sol,sol,1,🧊 1 · Punta del iceberg,Sol,https://www.metromadrid.es/es/lineas-y-estaciones/estaciones,Nivel inicial intuitivo; revisar/ajustar con datos de jugadores.
22,Estaciones de Metro de Madrid,Nombra una estación de Metro de Madrid.,Atocha Renfe,atocharenfe,1,🧊 1 · Punta del iceberg,Atocha Renfe,https://www.metromadrid.es/es/lineas-y-estaciones/estaciones,Nivel inicial intuitivo; revisar/ajustar con datos de jugadores.
22,Estaciones de Metro de Madrid,Nombra una estación de Metro de Madrid.,Nuevos Ministerios,nuevosministerios,1,🧊 1 · Punta del iceberg,Nuevos Ministerios,https://www.metromadrid.es/es/lineas-y-estaciones/estaciones,Nivel inicial intuitivo; revisar/ajustar con datos de jugadores.
22,Estaciones de Metro de Madrid,Nombra una estación de Metro de Madrid.,Moncloa,moncloa,1,🧊 1 · Punta del iceberg,Moncloa,https://www.metromadrid.es/es/lineas-y-estaciones/estaciones,Nivel inicial intuitivo; revisar/ajustar con datos de jugadores.
22,Estaciones de Metro de Madrid,Nombra una estación de Metro de Madrid.,Gran Vía,granvia,1,🧊 1 · Punta del iceberg,Gran Vía,https://www.metromadrid.es/es/lineas-y-estaciones/estaciones,Nivel inicial intuitivo; revisar/ajustar con datos de jugadores.
22,Estaciones de Metro de Madrid,Nombra una estación de Metro de Madrid.,Callao,callao,1,🧊 1 · Punta del iceberg,Callao,https://www.metromadrid.es/es/lineas-y-estaciones/estaciones,Nivel inicial intuitivo; revisar/ajustar con datos de jugadores.
22,Estaciones de Metro de Madrid,Nombra una estación de Metro de Madrid.,Santiago Bernabéu,santiagobernabeu,1,🧊 1 · Punta del iceberg,Santiago Bernabéu,https://www.metromadrid.es/es/lineas-y-estaciones/estaciones,Nivel inicial intuitivo; revisar/ajustar con datos de jugadores.
22,Estaciones de Metro de Madrid,Nombra una estación de Metro de Madrid.,Avenida de América,avenidadeamerica,1,🧊 1 · Punta del iceberg,Avenida de América,https://www.metromadrid.es/es/lineas-y-estaciones/estaciones,Nivel inicial intuitivo; revisar/ajustar con datos de jugadores.
22,Estaciones de Metro de Madrid,Nombra una estación de Metro de Madrid.,Príncipe Pío,principepio,1,🧊 1 · Punta del iceberg,Príncipe Pío,https://www.metromadrid.es/es/lineas-y-estaciones/estaciones,Nivel inicial intuitivo; revisar/ajustar con datos de jugadores.
22,Estaciones de Metro de Madrid,Nombra una estación de Metro de Madrid.,Plaza de España,plazadeespana,1,🧊 1 · Punta del iceberg,Plaza de España,https://www.metromadrid.es/es/lineas-y-estaciones/estaciones,Nivel inicial intuitivo; revisar/ajustar con datos de jugadores.
22,Estaciones de Metro de Madrid,Nombra una estación de Metro de Madrid.,Puerta del Sol,puertadelsol,1,🧊 1 · Punta del iceberg,Puerta del Sol,https://www.metromadrid.es/es/lineas-y-estaciones/estaciones,Nivel inicial intuitivo; revisar/ajustar con datos de jugadores.
22,Estaciones de Metro de Madrid,Nombra una estación de Metro de Madrid.,Chamartín,chamartin,1,🧊 1 · Punta del iceberg,Chamartín,https://www.metromadrid.es/es/lineas-y-estaciones/estaciones,Nivel inicial intuitivo; revisar/ajustar con datos de jugadores.
22,Estaciones de Metro de Madrid,Nombra una estación de Metro de Madrid.,Tribunal,tribunal,1,🧊 1 · Punta del iceberg,Tribunal,https://www.metromadrid.es/es/lineas-y-estaciones/estaciones,Nivel inicial intuitivo; revisar/ajustar con datos de jugadores.
22,Estaciones de Metro de Madrid,Nombra una estación de Metro de Madrid.,Alonso Martínez,alonsomartinez,1,🧊 1 · Punta del iceberg,Alonso Martínez,https://www.metromadrid.es/es/lineas-y-estaciones/estaciones,Nivel inicial intuitivo; revisar/ajustar con datos de jugadores.
22,Estaciones de Metro de Madrid,Nombra una estación de Metro de Madrid.,Goya,goya,1,🧊 1 · Punta del iceberg,Goya,https://www.metromadrid.es/es/lineas-y-estaciones/estaciones,Nivel inicial intuitivo; revisar/ajustar con datos de jugadores.
22,Estaciones de Metro de Madrid,Nombra una estación de Metro de Madrid.,Ventas,ventas,1,🧊 1 · Punta del iceberg,Ventas,https://www.metromadrid.es/es/lineas-y-estaciones/estaciones,Nivel inicial intuitivo; revisar/ajustar con datos de jugadores.
22,Estaciones de Metro de Madrid,Nombra una estación de Metro de Madrid.,Pacífico,pacifico,2,2 · Bajo el hielo,Pacífico,https://www.metromadrid.es/es/lineas-y-estaciones/estaciones,Nivel inicial intuitivo; revisar/ajustar con datos de jugadores.
22,Estaciones de Metro de Madrid,Nombra una estación de Metro de Madrid.,Argüelles,arguelles,2,2 · Bajo el hielo,Argüelles,https://www.metromadrid.es/es/lineas-y-estaciones/estaciones,Nivel inicial intuitivo; revisar/ajustar con datos de jugadores.
22,Estaciones de Metro de Madrid,Nombra una estación de Metro de Madrid.,Bilbao,bilbao,2,2 · Bajo el hielo,Bilbao,https://www.metromadrid.es/es/lineas-y-estaciones/estaciones,Nivel inicial intuitivo; revisar/ajustar con datos de jugadores.
22,Estaciones de Metro de Madrid,Nombra una estación de Metro de Madrid.,Cuatro Caminos,cuatrocaminos,2,2 · Bajo el hielo,Cuatro Caminos,https://www.metromadrid.es/es/lineas-y-estaciones/estaciones,Nivel inicial intuitivo; revisar/ajustar con datos de jugadores.
22,Estaciones de Metro de Madrid,Nombra una estación de Metro de Madrid.,Diego de León,diegodeleon,2,2 · Bajo el hielo,Diego de León,https://www.metromadrid.es/es/lineas-y-estaciones/estaciones,Nivel inicial intuitivo; revisar/ajustar con datos de jugadores.
22,Estaciones de Metro de Madrid,Nombra una estación de Metro de Madrid.,Legazpi,legazpi,2,2 · Bajo el hielo,Legazpi,https://www.metromadrid.es/es/lineas-y-estaciones/estaciones,Nivel inicial intuitivo; revisar/ajustar con datos de jugadores.
22,Estaciones de Metro de Madrid,Nombra una estación de Metro de Madrid.,Oporto,oporto,2,2 · Bajo el hielo,Oporto,https://www.metromadrid.es/es/lineas-y-estaciones/estaciones,Nivel inicial intuitivo; revisar/ajustar con datos de jugadores.
22,Estaciones de Metro de Madrid,Nombra una estación de Metro de Madrid.,Embajadores,embajadores,2,2 · Bajo el hielo,Embajadores,https://www.metromadrid.es/es/lineas-y-estaciones/estaciones,Nivel inicial intuitivo; revisar/ajustar con datos de jugadores.
22,Estaciones de Metro de Madrid,Nombra una estación de Metro de Madrid.,Lavapiés,lavapies,2,2 · Bajo el hielo,Lavapiés,https://www.metromadrid.es/es/lineas-y-estaciones/estaciones,Nivel inicial intuitivo; revisar/ajustar con datos de jugadores.
22,Estaciones de Metro de Madrid,Nombra una estación de Metro de Madrid.,La Latina,lalatina,2,2 · Bajo el hielo,La Latina,https://www.metromadrid.es/es/lineas-y-estaciones/estaciones,Nivel inicial intuitivo; revisar/ajustar con datos de jugadores.
22,Estaciones de Metro de Madrid,Nombra una estación de Metro de Madrid.,Ópera,opera,2,2 · Bajo el hielo,Ópera,https://www.metromadrid.es/es/lineas-y-estaciones/estaciones,Nivel inicial intuitivo; revisar/ajustar con datos de jugadores.
22,Estaciones de Metro de Madrid,Nombra una estación de Metro de Madrid.,Retiro,retiro,2,2 · Bajo el hielo,Retiro,https://www.metromadrid.es/es/lineas-y-estaciones/estaciones,Nivel inicial intuitivo; revisar/ajustar con datos de jugadores.
22,Estaciones de Metro de Madrid,Nombra una estación de Metro de Madrid.,Ibiza,ibiza,2,2 · Bajo el hielo,Ibiza,https://www.metromadrid.es/es/lineas-y-estaciones/estaciones,Nivel inicial intuitivo; revisar/ajustar con datos de jugadores.
22,Estaciones de Metro de Madrid,Nombra una estación de Metro de Madrid.,Conde de Casal,condedecasal,2,2 · Bajo el hielo,Conde de Casal,https://www.metromadrid.es/es/lineas-y-estaciones/estaciones,Nivel inicial intuitivo; revisar/ajustar con datos de jugadores.
22,Estaciones de Metro de Madrid,Nombra una estación de Metro de Madrid.,Sainz de Baranda,sainzdebaranda,2,2 · Bajo el hielo,Sainz de Baranda,https://www.metromadrid.es/es/lineas-y-estaciones/estaciones,Nivel inicial intuitivo; revisar/ajustar con datos de jugadores.
22,Estaciones de Metro de Madrid,Nombra una estación de Metro de Madrid.,Manuel Becerra,manuelbecerra,2,2 · Bajo el hielo,Manuel Becerra,https://www.metromadrid.es/es/lineas-y-estaciones/estaciones,Nivel inicial intuitivo; revisar/ajustar con datos de jugadores.
22,Estaciones de Metro de Madrid,Nombra una estación de Metro de Madrid.,Lista,lista,2,2 · Bajo el hielo,Lista,https://www.metromadrid.es/es/lineas-y-estaciones/estaciones,Nivel inicial intuitivo; revisar/ajustar con datos de jugadores.
22,Estaciones de Metro de Madrid,Nombra una estación de Metro de Madrid.,Núñez de Balboa,nunezdebalboa,2,2 · Bajo el hielo,Núñez de Balboa,https://www.metromadrid.es/es/lineas-y-estaciones/estaciones,Nivel inicial intuitivo; revisar/ajustar con datos de jugadores.
22,Estaciones de Metro de Madrid,Nombra una estación de Metro de Madrid.,Rubén Darío,rubendario,2,2 · Bajo el hielo,Rubén Darío,https://www.metromadrid.es/es/lineas-y-estaciones/estaciones,Nivel inicial intuitivo; revisar/ajustar con datos de jugadores.
22,Estaciones de Metro de Madrid,Nombra una estación de Metro de Madrid.,Gregorio Marañón,gregoriomaranon,2,2 · Bajo el hielo,Gregorio Marañón,https://www.metromadrid.es/es/lineas-y-estaciones/estaciones,Nivel inicial intuitivo; revisar/ajustar con datos de jugadores.
22,Estaciones de Metro de Madrid,Nombra una estación de Metro de Madrid.,Canal,canal,2,2 · Bajo el hielo,Canal,https://www.metromadrid.es/es/lineas-y-estaciones/estaciones,Nivel inicial intuitivo; revisar/ajustar con datos de jugadores.
22,Estaciones de Metro de Madrid,Nombra una estación de Metro de Madrid.,Ríos Rosas,riosrosas,2,2 · Bajo el hielo,Ríos Rosas,https://www.metromadrid.es/es/lineas-y-estaciones/estaciones,Nivel inicial intuitivo; revisar/ajustar con datos de jugadores.
22,Estaciones de Metro de Madrid,Nombra una estación de Metro de Madrid.,Alvarado,alvarado,2,2 · Bajo el hielo,Alvarado,https://www.metromadrid.es/es/lineas-y-estaciones/estaciones,Nivel inicial intuitivo; revisar/ajustar con datos de jugadores.
22,Estaciones de Metro de Madrid,Nombra una estación de Metro de Madrid.,Tetuán,tetuan,2,2 · Bajo el hielo,Tetuán,https://www.metromadrid.es/es/lineas-y-estaciones/estaciones,Nivel inicial intuitivo; revisar/ajustar con datos de jugadores.
22,Estaciones de Metro de Madrid,Nombra una estación de Metro de Madrid.,Valdeacederas,valdeacederas,2,2 · Bajo el hielo,Valdeacederas,https://www.metromadrid.es/es/lineas-y-estaciones/estaciones,Nivel inicial intuitivo; revisar/ajustar con datos de jugadores.
22,Estaciones de Metro de Madrid,Nombra una estación de Metro de Madrid.,Plaza de Castilla,plazadecastilla,2,2 · Bajo el hielo,Plaza de Castilla,https://www.metromadrid.es/es/lineas-y-estaciones/estaciones,Nivel inicial intuitivo; revisar/ajustar con datos de jugadores.
22,Estaciones de Metro de Madrid,Nombra una estación de Metro de Madrid.,Colón,colon,3,3 · Profundo,Colón,https://www.metromadrid.es/es/lineas-y-estaciones/estaciones,Nivel inicial intuitivo; revisar/ajustar con datos de jugadores.
22,Estaciones de Metro de Madrid,Nombra una estación de Metro de Madrid.,Serrano,serrano,3,3 · Profundo,Serrano,https://www.metromadrid.es/es/lineas-y-estaciones/estaciones,Nivel inicial intuitivo; revisar/ajustar con datos de jugadores.
22,Estaciones de Metro de Madrid,Nombra una estación de Metro de Madrid.,Velázquez,velazquez,3,3 · Profundo,Velázquez,https://www.metromadrid.es/es/lineas-y-estaciones/estaciones,Nivel inicial intuitivo; revisar/ajustar con datos de jugadores.
22,Estaciones de Metro de Madrid,Nombra una estación de Metro de Madrid.,Menéndez Pelayo,menendezpelayo,3,3 · Profundo,Menéndez Pelayo,https://www.metromadrid.es/es/lineas-y-estaciones/estaciones,Nivel inicial intuitivo; revisar/ajustar con datos de jugadores.
22,Estaciones de Metro de Madrid,Nombra una estación de Metro de Madrid.,Puente de Vallecas,puentedevallecas,3,3 · Profundo,Puente de Vallecas,https://www.metromadrid.es/es/lineas-y-estaciones/estaciones,Nivel inicial intuitivo; revisar/ajustar con datos de jugadores.
22,Estaciones de Metro de Madrid,Nombra una estación de Metro de Madrid.,Nueva Numancia,nuevanumancia,3,3 · Profundo,Nueva Numancia,https://www.metromadrid.es/es/lineas-y-estaciones/estaciones,Nivel inicial intuitivo; revisar/ajustar con datos de jugadores.
22,Estaciones de Metro de Madrid,Nombra una estación de Metro de Madrid.,Portazgo,portazgo,3,3 · Profundo,Portazgo,https://www.metromadrid.es/es/lineas-y-estaciones/estaciones,Nivel inicial intuitivo; revisar/ajustar con datos de jugadores.
22,Estaciones de Metro de Madrid,Nombra una estación de Metro de Madrid.,Buenos Aires,buenosaires,3,3 · Profundo,Buenos Aires,https://www.metromadrid.es/es/lineas-y-estaciones/estaciones,Nivel inicial intuitivo; revisar/ajustar con datos de jugadores.
22,Estaciones de Metro de Madrid,Nombra una estación de Metro de Madrid.,Miguel Hernández,miguelhernandez,3,3 · Profundo,Miguel Hernández,https://www.metromadrid.es/es/lineas-y-estaciones/estaciones,Nivel inicial intuitivo; revisar/ajustar con datos de jugadores.
22,Estaciones de Metro de Madrid,Nombra una estación de Metro de Madrid.,Alto del Arenal,altodelarenal,3,3 · Profundo,Alto del Arenal,https://www.metromadrid.es/es/lineas-y-estaciones/estaciones,Nivel inicial intuitivo; revisar/ajustar con datos de jugadores.
22,Estaciones de Metro de Madrid,Nombra una estación de Metro de Madrid.,San Fermín-Orcasur,sanferminorcasur,3,3 · Profundo,San Fermín-Orcasur,https://www.metromadrid.es/es/lineas-y-estaciones/estaciones,Nivel inicial intuitivo; revisar/ajustar con datos de jugadores.
22,Estaciones de Metro de Madrid,Nombra una estación de Metro de Madrid.,Hospital 12 de Octubre,hospital12deoctubre,3,3 · Profundo,Hospital 12 de Octubre,https://www.metromadrid.es/es/lineas-y-estaciones/estaciones,Nivel inicial intuitivo; revisar/ajustar con datos de jugadores.
22,Estaciones de Metro de Madrid,Nombra una estación de Metro de Madrid.,Ciudad de los Ángeles,ciudaddelosangeles,3,3 · Profundo,Ciudad de los Ángeles,https://www.metromadrid.es/es/lineas-y-estaciones/estaciones,Nivel inicial intuitivo; revisar/ajustar con datos de jugadores.
22,Estaciones de Metro de Madrid,Nombra una estación de Metro de Madrid.,Villaverde Bajo Cruce,villaverdebajocruce,3,3 · Profundo,Villaverde Bajo Cruce,https://www.metromadrid.es/es/lineas-y-estaciones/estaciones,Nivel inicial intuitivo; revisar/ajustar con datos de jugadores.
22,Estaciones de Metro de Madrid,Nombra una estación de Metro de Madrid.,San Cristóbal,sancristobal,3,3 · Profundo,San Cristóbal,https://www.metromadrid.es/es/lineas-y-estaciones/estaciones,Nivel inicial intuitivo; revisar/ajustar con datos de jugadores.
22,Estaciones de Metro de Madrid,Nombra una estación de Metro de Madrid.,Villaverde Alto,villaverdealto,3,3 · Profundo,Villaverde Alto,https://www.metromadrid.es/es/lineas-y-estaciones/estaciones,Nivel inicial intuitivo; revisar/ajustar con datos de jugadores.
22,Estaciones de Metro de Madrid,Nombra una estación de Metro de Madrid.,Usera,usera,3,3 · Profundo,Usera,https://www.metromadrid.es/es/lineas-y-estaciones/estaciones,Nivel inicial intuitivo; revisar/ajustar con datos de jugadores.
22,Estaciones de Metro de Madrid,Nombra una estación de Metro de Madrid.,Marqués de Vadillo,marquesdevadillo,3,3 · Profundo,Marqués de Vadillo,https://www.metromadrid.es/es/lineas-y-estaciones/estaciones,Nivel inicial intuitivo; revisar/ajustar con datos de jugadores.
22,Estaciones de Metro de Madrid,Nombra una estación de Metro de Madrid.,Pirámides,piramides,3,3 · Profundo,Pirámides,https://www.metromadrid.es/es/lineas-y-estaciones/estaciones,Nivel inicial intuitivo; revisar/ajustar con datos de jugadores.
22,Estaciones de Metro de Madrid,Nombra una estación de Metro de Madrid.,Acacias,acacias,3,3 · Profundo,Acacias,https://www.metromadrid.es/es/lineas-y-estaciones/estaciones,Nivel inicial intuitivo; revisar/ajustar con datos de jugadores.
22,Estaciones de Metro de Madrid,Nombra una estación de Metro de Madrid.,Pueblo Nuevo,pueblonuevo,3,3 · Profundo,Pueblo Nuevo,https://www.metromadrid.es/es/lineas-y-estaciones/estaciones,Nivel inicial intuitivo; revisar/ajustar con datos de jugadores.
22,Estaciones de Metro de Madrid,Nombra una estación de Metro de Madrid.,Quintana,quintana,3,3 · Profundo,Quintana,https://www.metromadrid.es/es/lineas-y-estaciones/estaciones,Nivel inicial intuitivo; revisar/ajustar con datos de jugadores.
22,Estaciones de Metro de Madrid,Nombra una estación de Metro de Madrid.,El Carmen,elcarmen,3,3 · Profundo,El Carmen,https://www.metromadrid.es/es/lineas-y-estaciones/estaciones,Nivel inicial intuitivo; revisar/ajustar con datos de jugadores.
22,Estaciones de Metro de Madrid,Nombra una estación de Metro de Madrid.,La Elipa,laelipa,3,3 · Profundo,La Elipa,https://www.metromadrid.es/es/lineas-y-estaciones/estaciones,Nivel inicial intuitivo; revisar/ajustar con datos de jugadores.
22,Estaciones de Metro de Madrid,Nombra una estación de Metro de Madrid.,Ascao,ascao,3,3 · Profundo,Ascao,https://www.metromadrid.es/es/lineas-y-estaciones/estaciones,Nivel inicial intuitivo; revisar/ajustar con datos de jugadores.
22,Estaciones de Metro de Madrid,Nombra una estación de Metro de Madrid.,Simancas,simancas,3,3 · Profundo,Simancas,https://www.metromadrid.es/es/lineas-y-estaciones/estaciones,Nivel inicial intuitivo; revisar/ajustar con datos de jugadores.
22,Estaciones de Metro de Madrid,Nombra una estación de Metro de Madrid.,San Blas,sanblas,3,3 · Profundo,San Blas,https://www.metromadrid.es/es/lineas-y-estaciones/estaciones,Nivel inicial intuitivo; revisar/ajustar con datos de jugadores.
22,Estaciones de Metro de Madrid,Nombra una estación de Metro de Madrid.,Las Musas,lasmusas,3,3 · Profundo,Las Musas,https://www.metromadrid.es/es/lineas-y-estaciones/estaciones,Nivel inicial intuitivo; revisar/ajustar con datos de jugadores.
22,Estaciones de Metro de Madrid,Nombra una estación de Metro de Madrid.,Las Rosas,lasrosas,3,3 · Profundo,Las Rosas,https://www.metromadrid.es/es/lineas-y-estaciones/estaciones,Nivel inicial intuitivo; revisar/ajustar con datos de jugadores.
22,Estaciones de Metro de Madrid,Nombra una estación de Metro de Madrid.,Arturo Soria,arturosoria,3,3 · Profundo,Arturo Soria,https://www.metromadrid.es/es/lineas-y-estaciones/estaciones,Nivel inicial intuitivo; revisar/ajustar con datos de jugadores.
22,Estaciones de Metro de Madrid,Nombra una estación de Metro de Madrid.,Esperanza,esperanza,3,3 · Profundo,Esperanza,https://www.metromadrid.es/es/lineas-y-estaciones/estaciones,Nivel inicial intuitivo; revisar/ajustar con datos de jugadores.
22,Estaciones de Metro de Madrid,Nombra una estación de Metro de Madrid.,Canillas,canillas,3,3 · Profundo,Canillas,https://www.metromadrid.es/es/lineas-y-estaciones/estaciones,Nivel inicial intuitivo; revisar/ajustar con datos de jugadores.
22,Estaciones de Metro de Madrid,Nombra una estación de Metro de Madrid.,Mar de Cristal,mardecristal,3,3 · Profundo,Mar de Cristal,https://www.metromadrid.es/es/lineas-y-estaciones/estaciones,Nivel inicial intuitivo; revisar/ajustar con datos de jugadores.
22,Estaciones de Metro de Madrid,Nombra una estación de Metro de Madrid.,Pinar del Rey,pinardelrey,3,3 · Profundo,Pinar del Rey,https://www.metromadrid.es/es/lineas-y-estaciones/estaciones,Nivel inicial intuitivo; revisar/ajustar con datos de jugadores.
22,Estaciones de Metro de Madrid,Nombra una estación de Metro de Madrid.,Hortaleza,hortaleza,3,3 · Profundo,Hortaleza,https://www.metromadrid.es/es/lineas-y-estaciones/estaciones,Nivel inicial intuitivo; revisar/ajustar con datos de jugadores.
22,Estaciones de Metro de Madrid,Nombra una estación de Metro de Madrid.,Manoteras,manoteras,4,4 · Muy profundo,Manoteras,https://www.metromadrid.es/es/lineas-y-estaciones/estaciones,Nivel inicial intuitivo; revisar/ajustar con datos de jugadores.
22,Estaciones de Metro de Madrid,Nombra una estación de Metro de Madrid.,Virgen del Cortijo,virgendelcortijo,4,4 · Muy profundo,Virgen del Cortijo,https://www.metromadrid.es/es/lineas-y-estaciones/estaciones,Nivel inicial intuitivo; revisar/ajustar con datos de jugadores.
22,Estaciones de Metro de Madrid,Nombra una estación de Metro de Madrid.,Fuente de la Mora,fuentedelamora,4,4 · Muy profundo,Fuente de la Mora,https://www.metromadrid.es/es/lineas-y-estaciones/estaciones,Nivel inicial intuitivo; revisar/ajustar con datos de jugadores.
22,Estaciones de Metro de Madrid,Nombra una estación de Metro de Madrid.,Blasco Ibáñez,blascoibanez,4,4 · Muy profundo,Blasco Ibáñez,https://www.metromadrid.es/es/lineas-y-estaciones/estaciones,Nivel inicial intuitivo; revisar/ajustar con datos de jugadores.
22,Estaciones de Metro de Madrid,Nombra una estación de Metro de Madrid.,Antonio Saura,antoniosaura,4,4 · Muy profundo,Antonio Saura,https://www.metromadrid.es/es/lineas-y-estaciones/estaciones,Nivel inicial intuitivo; revisar/ajustar con datos de jugadores.
22,Estaciones de Metro de Madrid,Nombra una estación de Metro de Madrid.,Álvarez de Villaamil,alvarezdevillaamil,4,4 · Muy profundo,Álvarez de Villaamil,https://www.metromadrid.es/es/lineas-y-estaciones/estaciones,Nivel inicial intuitivo; revisar/ajustar con datos de jugadores.
22,Estaciones de Metro de Madrid,Nombra una estación de Metro de Madrid.,Arroyo del Fresno,arroyodelfresno,4,4 · Muy profundo,Arroyo del Fresno,https://www.metromadrid.es/es/lineas-y-estaciones/estaciones,Nivel inicial intuitivo; revisar/ajustar con datos de jugadores.
22,Estaciones de Metro de Madrid,Nombra una estación de Metro de Madrid.,Paco de Lucía,pacodelucia,4,4 · Muy profundo,Paco de Lucía,https://www.metromadrid.es/es/lineas-y-estaciones/estaciones,Nivel inicial intuitivo; revisar/ajustar con datos de jugadores.
22,Estaciones de Metro de Madrid,Nombra una estación de Metro de Madrid.,Mirasierra,mirasierra,4,4 · Muy profundo,Mirasierra,https://www.metromadrid.es/es/lineas-y-estaciones/estaciones,Nivel inicial intuitivo; revisar/ajustar con datos de jugadores.
22,Estaciones de Metro de Madrid,Nombra una estación de Metro de Madrid.,Lacoma,lacoma,4,4 · Muy profundo,Lacoma,https://www.metromadrid.es/es/lineas-y-estaciones/estaciones,Nivel inicial intuitivo; revisar/ajustar con datos de jugadores.
22,Estaciones de Metro de Madrid,Nombra una estación de Metro de Madrid.,Avenida de la Ilustración,avenidadelailustracion,4,4 · Muy profundo,Avenida de la Ilustración,https://www.metromadrid.es/es/lineas-y-estaciones/estaciones,Nivel inicial intuitivo; revisar/ajustar con datos de jugadores.
22,Estaciones de Metro de Madrid,Nombra una estación de Metro de Madrid.,Peñagrande,penagrande,4,4 · Muy profundo,Peñagrande,https://www.metromadrid.es/es/lineas-y-estaciones/estaciones,Nivel inicial intuitivo; revisar/ajustar con datos de jugadores.
22,Estaciones de Metro de Madrid,Nombra una estación de Metro de Madrid.,Barrio del Pilar,barriodelpilar,4,4 · Muy profundo,Barrio del Pilar,https://www.metromadrid.es/es/lineas-y-estaciones/estaciones,Nivel inicial intuitivo; revisar/ajustar con datos de jugadores.
22,Estaciones de Metro de Madrid,Nombra una estación de Metro de Madrid.,Herrera Oria,herreraoria,4,4 · Muy profundo,Herrera Oria,https://www.metromadrid.es/es/lineas-y-estaciones/estaciones,Nivel inicial intuitivo; revisar/ajustar con datos de jugadores.
22,Estaciones de Metro de Madrid,Nombra una estación de Metro de Madrid.,Fuencarral,fuencarral,4,4 · Muy profundo,Fuencarral,https://www.metromadrid.es/es/lineas-y-estaciones/estaciones,Nivel inicial intuitivo; revisar/ajustar con datos de jugadores.
22,Estaciones de Metro de Madrid,Nombra una estación de Metro de Madrid.,Tres Olivos,tresolivos,4,4 · Muy profundo,Tres Olivos,https://www.metromadrid.es/es/lineas-y-estaciones/estaciones,Nivel inicial intuitivo; revisar/ajustar con datos de jugadores.
22,Estaciones de Metro de Madrid,Nombra una estación de Metro de Madrid.,Montecarmelo,montecarmelo,4,4 · Muy profundo,Montecarmelo,https://www.metromadrid.es/es/lineas-y-estaciones/estaciones,Nivel inicial intuitivo; revisar/ajustar con datos de jugadores.
22,Estaciones de Metro de Madrid,Nombra una estación de Metro de Madrid.,Ronda de la Comunicación,rondadelacomunicacion,4,4 · Muy profundo,Ronda de la Comunicación,https://www.metromadrid.es/es/lineas-y-estaciones/estaciones,Nivel inicial intuitivo; revisar/ajustar con datos de jugadores.
22,Estaciones de Metro de Madrid,Nombra una estación de Metro de Madrid.,Las Tablas,lastablas,4,4 · Muy profundo,Las Tablas,https://www.metromadrid.es/es/lineas-y-estaciones/estaciones,Nivel inicial intuitivo; revisar/ajustar con datos de jugadores.
22,Estaciones de Metro de Madrid,Nombra una estación de Metro de Madrid.,Palas de Rey,palasderey,4,4 · Muy profundo,Palas de Rey,https://www.metromadrid.es/es/lineas-y-estaciones/estaciones,Nivel inicial intuitivo; revisar/ajustar con datos de jugadores.
22,Estaciones de Metro de Madrid,Nombra una estación de Metro de Madrid.,Pinar de Chamartín,pinardechamartin,4,4 · Muy profundo,Pinar de Chamartín,https://www.metromadrid.es/es/lineas-y-estaciones/estaciones,Nivel inicial intuitivo; revisar/ajustar con datos de jugadores.
22,Estaciones de Metro de Madrid,Nombra una estación de Metro de Madrid.,Bambú,bambu,4,4 · Muy profundo,Bambú,https://www.metromadrid.es/es/lineas-y-estaciones/estaciones,Nivel inicial intuitivo; revisar/ajustar con datos de jugadores.
22,Estaciones de Metro de Madrid,Nombra una estación de Metro de Madrid.,Manuel de Falla,manueldefalla,4,4 · Muy profundo,Manuel de Falla,https://www.metromadrid.es/es/lineas-y-estaciones/estaciones,Nivel inicial intuitivo; revisar/ajustar con datos de jugadores.
22,Estaciones de Metro de Madrid,Nombra una estación de Metro de Madrid.,Marqués de la Valdavia,marquesdelavaldavia,4,4 · Muy profundo,Marqués de la Valdavia,https://www.metromadrid.es/es/lineas-y-estaciones/estaciones,Nivel inicial intuitivo; revisar/ajustar con datos de jugadores.
22,Estaciones de Metro de Madrid,Nombra una estación de Metro de Madrid.,La Moraleja,lamoraleja,4,4 · Muy profundo,La Moraleja,https://www.metromadrid.es/es/lineas-y-estaciones/estaciones,Nivel inicial intuitivo; revisar/ajustar con datos de jugadores.
22,Estaciones de Metro de Madrid,Nombra una estación de Metro de Madrid.,La Granja,lagranja,4,4 · Muy profundo,La Granja,https://www.metromadrid.es/es/lineas-y-estaciones/estaciones,Nivel inicial intuitivo; revisar/ajustar con datos de jugadores.
22,Estaciones de Metro de Madrid,Nombra una estación de Metro de Madrid.,Hospital Infanta Sofía,hospitalinfantasofia,5,🕳️ 5 · Abismo,Hospital Infanta Sofía,https://www.metromadrid.es/es/lineas-y-estaciones/estaciones,Nivel inicial intuitivo; revisar/ajustar con datos de jugadores.
22,Estaciones de Metro de Madrid,Nombra una estación de Metro de Madrid.,Reyes Católicos,reyescatolicos,5,🕳️ 5 · Abismo,Reyes Católicos,https://www.metromadrid.es/es/lineas-y-estaciones/estaciones,Nivel inicial intuitivo; revisar/ajustar con datos de jugadores.
22,Estaciones de Metro de Madrid,Nombra una estación de Metro de Madrid.,Baunatal,baunatal,5,🕳️ 5 · Abismo,Baunatal,https://www.metromadrid.es/es/lineas-y-estaciones/estaciones,Nivel inicial intuitivo; revisar/ajustar con datos de jugadores.
22,Estaciones de Metro de Madrid,Nombra una estación de Metro de Madrid.,Conservatorio,conservatorio,5,🕳️ 5 · Abismo,Conservatorio,https://www.metromadrid.es/es/lineas-y-estaciones/estaciones,Nivel inicial intuitivo; revisar/ajustar con datos de jugadores.
22,Estaciones de Metro de Madrid,Nombra una estación de Metro de Madrid.,Arroyo Culebro,arroyoculebro,5,🕳️ 5 · Abismo,Arroyo Culebro,https://www.metromadrid.es/es/lineas-y-estaciones/estaciones,Nivel inicial intuitivo; revisar/ajustar con datos de jugadores.
22,Estaciones de Metro de Madrid,Nombra una estación de Metro de Madrid.,El Casar,elcasar,5,🕳️ 5 · Abismo,El Casar,https://www.metromadrid.es/es/lineas-y-estaciones/estaciones,Nivel inicial intuitivo; revisar/ajustar con datos de jugadores.
22,Estaciones de Metro de Madrid,Nombra una estación de Metro de Madrid.,San Nicasio,sannicasio,5,🕳️ 5 · Abismo,San Nicasio,https://www.metromadrid.es/es/lineas-y-estaciones/estaciones,Nivel inicial intuitivo; revisar/ajustar con datos de jugadores.
22,Estaciones de Metro de Madrid,Nombra una estación de Metro de Madrid.,Casa del Reloj,casadelreloj,5,🕳️ 5 · Abismo,Casa del Reloj,https://www.metromadrid.es/es/lineas-y-estaciones/estaciones,Nivel inicial intuitivo; revisar/ajustar con datos de jugadores.
22,Estaciones de Metro de Madrid,Nombra una estación de Metro de Madrid.,Julián Besteiro,julianbesteiro,5,🕳️ 5 · Abismo,Julián Besteiro,https://www.metromadrid.es/es/lineas-y-estaciones/estaciones,Nivel inicial intuitivo; revisar/ajustar con datos de jugadores.
22,Estaciones de Metro de Madrid,Nombra una estación de Metro de Madrid.,Hospital Severo Ochoa,hospitalseveroochoa,5,🕳️ 5 · Abismo,Hospital Severo Ochoa,https://www.metromadrid.es/es/lineas-y-estaciones/estaciones,Nivel inicial intuitivo; revisar/ajustar con datos de jugadores.
23,Postres,Nombra un elemento de la categoría «Postres».,Tarta de chocolate,tartadechocolate,1,🧊 1 · Punta del iceberg,Tarta de chocolate,https://www.spain.info/es/descubrir-espana/gastronomia/,Nivel inicial intuitivo; revisar/ajustar con datos de jugadores.
23,Postres,Nombra un elemento de la categoría «Postres».,Tarta de queso,tartadequeso,1,🧊 1 · Punta del iceberg,Tarta de queso,https://www.spain.info/es/descubrir-espana/gastronomia/,Nivel inicial intuitivo; revisar/ajustar con datos de jugadores.
23,Postres,Nombra un elemento de la categoría «Postres».,Flan,flan,1,🧊 1 · Punta del iceberg,Flan,https://www.spain.info/es/descubrir-espana/gastronomia/,Nivel inicial intuitivo; revisar/ajustar con datos de jugadores.
23,Postres,Nombra un elemento de la categoría «Postres».,Helado,helado,1,🧊 1 · Punta del iceberg,Helado,https://www.spain.info/es/descubrir-espana/gastronomia/,Nivel inicial intuitivo; revisar/ajustar con datos de jugadores.
23,Postres,Nombra un elemento de la categoría «Postres».,Arroz con leche,arrozconleche,1,🧊 1 · Punta del iceberg,Arroz con leche,https://www.spain.info/es/descubrir-espana/gastronomia/,Nivel inicial intuitivo; revisar/ajustar con datos de jugadores.
23,Postres,Nombra un elemento de la categoría «Postres».,Tiramisú,tiramisu,1,🧊 1 · Punta del iceberg,Tiramisú,https://www.spain.info/es/descubrir-espana/gastronomia/,Nivel inicial intuitivo; revisar/ajustar con datos de jugadores.
23,Postres,Nombra un elemento de la categoría «Postres».,Brownie,brownie,1,🧊 1 · Punta del iceberg,Brownie,https://www.spain.info/es/descubrir-espana/gastronomia/,Nivel inicial intuitivo; revisar/ajustar con datos de jugadores.
23,Postres,Nombra un elemento de la categoría «Postres».,Churros,churros,1,🧊 1 · Punta del iceberg,Churros,https://www.spain.info/es/descubrir-espana/gastronomia/,Nivel inicial intuitivo; revisar/ajustar con datos de jugadores.
23,Postres,Nombra un elemento de la categoría «Postres».,Crema catalana,cremacatalana,2,2 · Bajo el hielo,Crema catalana,https://www.spain.info/es/descubrir-espana/gastronomia/,Nivel inicial intuitivo; revisar/ajustar con datos de jugadores.
23,Postres,Nombra un elemento de la categoría «Postres».,Tarta de Santiago,tartadesantiago,2,2 · Bajo el hielo,Tarta de Santiago,https://www.spain.info/es/descubrir-espana/gastronomia/,Nivel inicial intuitivo; revisar/ajustar con datos de jugadores.
23,Postres,Nombra un elemento de la categoría «Postres».,Torrijas,torrijas,2,2 · Bajo el hielo,Torrijas,https://www.spain.info/es/descubrir-espana/gastronomia/,Nivel inicial intuitivo; revisar/ajustar con datos de jugadores.
23,Postres,Nombra un elemento de la categoría «Postres».,Natillas,natillas,2,2 · Bajo el hielo,Natillas,https://www.spain.info/es/descubrir-espana/gastronomia/,Nivel inicial intuitivo; revisar/ajustar con datos de jugadores.
23,Postres,Nombra un elemento de la categoría «Postres».,Leche frita,lechefrita,2,2 · Bajo el hielo,Leche frita,https://www.spain.info/es/descubrir-espana/gastronomia/,Nivel inicial intuitivo; revisar/ajustar con datos de jugadores.
23,Postres,Nombra un elemento de la categoría «Postres».,Ensaimada,ensaimada,2,2 · Bajo el hielo,Ensaimada,https://www.spain.info/es/descubrir-espana/gastronomia/,Nivel inicial intuitivo; revisar/ajustar con datos de jugadores.
23,Postres,Nombra un elemento de la categoría «Postres».,Profiteroles,profiteroles,2,2 · Bajo el hielo,Profiteroles,https://www.spain.info/es/descubrir-espana/gastronomia/,Nivel inicial intuitivo; revisar/ajustar con datos de jugadores.
23,Postres,Nombra un elemento de la categoría «Postres».,Mousse de chocolate,moussedechocolate,2,2 · Bajo el hielo,Mousse de chocolate,https://www.spain.info/es/descubrir-espana/gastronomia/,Nivel inicial intuitivo; revisar/ajustar con datos de jugadores.
23,Postres,Nombra un elemento de la categoría «Postres».,Panna cotta,pannacotta,2,2 · Bajo el hielo,Panna cotta,https://www.spain.info/es/descubrir-espana/gastronomia/,Nivel inicial intuitivo; revisar/ajustar con datos de jugadores.
23,Postres,Nombra un elemento de la categoría «Postres».,Cheesecake,cheesecake,2,2 · Bajo el hielo,Cheesecake,https://www.spain.info/es/descubrir-espana/gastronomia/,Nivel inicial intuitivo; revisar/ajustar con datos de jugadores.
23,Postres,Nombra un elemento de la categoría «Postres».,Crème brûlée,cremebrulee,2,2 · Bajo el hielo,Crème brûlée,https://www.spain.info/es/descubrir-espana/gastronomia/,Nivel inicial intuitivo; revisar/ajustar con datos de jugadores.
23,Postres,Nombra un elemento de la categoría «Postres».,Coulant,coulant,2,2 · Bajo el hielo,Coulant,https://www.spain.info/es/descubrir-espana/gastronomia/,Nivel inicial intuitivo; revisar/ajustar con datos de jugadores.
23,Postres,Nombra un elemento de la categoría «Postres».,Tocino de cielo,tocinodecielo,3,3 · Profundo,Tocino de cielo,https://www.spain.info/es/descubrir-espana/gastronomia/,Nivel inicial intuitivo; revisar/ajustar con datos de jugadores.
23,Postres,Nombra un elemento de la categoría «Postres».,Quesada pasiega,quesadapasiega,3,3 · Profundo,Quesada pasiega,https://www.spain.info/es/descubrir-espana/gastronomia/,Nivel inicial intuitivo; revisar/ajustar con datos de jugadores.
23,Postres,Nombra un elemento de la categoría «Postres».,Pestiños,pestinos,3,3 · Profundo,Pestiños,https://www.spain.info/es/descubrir-espana/gastronomia/,Nivel inicial intuitivo; revisar/ajustar con datos de jugadores.
23,Postres,Nombra un elemento de la categoría «Postres».,Buñuelos,bunuelos,3,3 · Profundo,Buñuelos,https://www.spain.info/es/descubrir-espana/gastronomia/,Nivel inicial intuitivo; revisar/ajustar con datos de jugadores.
23,Postres,Nombra un elemento de la categoría «Postres».,Panellets,panellets,3,3 · Profundo,Panellets,https://www.spain.info/es/descubrir-espana/gastronomia/,Nivel inicial intuitivo; revisar/ajustar con datos de jugadores.
23,Postres,Nombra un elemento de la categoría «Postres».,Polvorones,polvorones,3,3 · Profundo,Polvorones,https://www.spain.info/es/descubrir-espana/gastronomia/,Nivel inicial intuitivo; revisar/ajustar con datos de jugadores.
23,Postres,Nombra un elemento de la categoría «Postres».,Mantecados,mantecados,3,3 · Profundo,Mantecados,https://www.spain.info/es/descubrir-espana/gastronomia/,Nivel inicial intuitivo; revisar/ajustar con datos de jugadores.
23,Postres,Nombra un elemento de la categoría «Postres».,Tejas,tejas,3,3 · Profundo,Tejas,https://www.spain.info/es/descubrir-espana/gastronomia/,Nivel inicial intuitivo; revisar/ajustar con datos de jugadores.
23,Postres,Nombra un elemento de la categoría «Postres».,Fardos de Avila,fardosdeavila,3,3 · Profundo,Fardos de Avila,https://www.spain.info/es/descubrir-espana/gastronomia/,Nivel inicial intuitivo; revisar/ajustar con datos de jugadores.
23,Postres,Nombra un elemento de la categoría «Postres».,Pantxineta,pantxineta,3,3 · Profundo,Pantxineta,https://www.spain.info/es/descubrir-espana/gastronomia/,Nivel inicial intuitivo; revisar/ajustar con datos de jugadores.
23,Postres,Nombra un elemento de la categoría «Postres».,Goxua,goxua,3,3 · Profundo,Goxua,https://www.spain.info/es/descubrir-espana/gastronomia/,Nivel inicial intuitivo; revisar/ajustar con datos de jugadores.
23,Postres,Nombra un elemento de la categoría «Postres».,Frixuelos,frixuelos,3,3 · Profundo,Frixuelos,https://www.spain.info/es/descubrir-espana/gastronomia/,Nivel inicial intuitivo; revisar/ajustar con datos de jugadores.
23,Postres,Nombra un elemento de la categoría «Postres».,Casadielles,casadielles,3,3 · Profundo,Casadielles,https://www.spain.info/es/descubrir-espana/gastronomia/,Nivel inicial intuitivo; revisar/ajustar con datos de jugadores.
23,Postres,Nombra un elemento de la categoría «Postres».,Carbayones,carbayones,3,3 · Profundo,Carbayones,https://www.spain.info/es/descubrir-espana/gastronomia/,Nivel inicial intuitivo; revisar/ajustar con datos de jugadores.
23,Postres,Nombra un elemento de la categoría «Postres».,Yemas de Santa Teresa,yemasdesantateresa,4,4 · Muy profundo,Yemas de Santa Teresa,https://www.spain.info/es/descubrir-espana/gastronomia/,Nivel inicial intuitivo; revisar/ajustar con datos de jugadores.
23,Postres,Nombra un elemento de la categoría «Postres».,Huesos de santo,huesosdesanto,4,4 · Muy profundo,Huesos de santo,https://www.spain.info/es/descubrir-espana/gastronomia/,Nivel inicial intuitivo; revisar/ajustar con datos de jugadores.
23,Postres,Nombra un elemento de la categoría «Postres».,Miguelitos,miguelitos,4,4 · Muy profundo,Miguelitos,https://www.spain.info/es/descubrir-espana/gastronomia/,Nivel inicial intuitivo; revisar/ajustar con datos de jugadores.
23,Postres,Nombra un elemento de la categoría «Postres».,Crespells,crespells,4,4 · Muy profundo,Crespells,https://www.spain.info/es/descubrir-espana/gastronomia/,Nivel inicial intuitivo; revisar/ajustar con datos de jugadores.
23,Postres,Nombra un elemento de la categoría «Postres».,Rubio,rubio,4,4 · Muy profundo,Rubio,https://www.spain.info/es/descubrir-espana/gastronomia/,Nivel inicial intuitivo; revisar/ajustar con datos de jugadores.
23,Postres,Nombra un elemento de la categoría «Postres».,Bienmesabe,bienmesabe,4,4 · Muy profundo,Bienmesabe,https://www.spain.info/es/descubrir-espana/gastronomia/,Nivel inicial intuitivo; revisar/ajustar con datos de jugadores.
23,Postres,Nombra un elemento de la categoría «Postres».,Alfajores andaluces,alfajoresandaluces,4,4 · Muy profundo,Alfajores andaluces,https://www.spain.info/es/descubrir-espana/gastronomia/,Nivel inicial intuitivo; revisar/ajustar con datos de jugadores.
23,Postres,Nombra un elemento de la categoría «Postres».,Borrachuelos,borrachuelos,4,4 · Muy profundo,Borrachuelos,https://www.spain.info/es/descubrir-espana/gastronomia/,Nivel inicial intuitivo; revisar/ajustar con datos de jugadores.
23,Postres,Nombra un elemento de la categoría «Postres».,Tortas de aceite,tortasdeaceite,4,4 · Muy profundo,Tortas de aceite,https://www.spain.info/es/descubrir-espana/gastronomia/,Nivel inicial intuitivo; revisar/ajustar con datos de jugadores.
23,Postres,Nombra un elemento de la categoría «Postres».,Alajú,alaju,5,🕳️ 5 · Abismo,Alajú,https://www.spain.info/es/descubrir-espana/gastronomia/,Nivel inicial intuitivo; revisar/ajustar con datos de jugadores.
23,Postres,Nombra un elemento de la categoría «Postres».,Arnadi,arnadi,5,🕳️ 5 · Abismo,Arnadi,https://www.spain.info/es/descubrir-espana/gastronomia/,Nivel inicial intuitivo; revisar/ajustar con datos de jugadores.
23,Postres,Nombra un elemento de la categoría «Postres».,Pastel cordobés,pastelcordobes,5,🕳️ 5 · Abismo,Pastel cordobés,https://www.spain.info/es/descubrir-espana/gastronomia/,Nivel inicial intuitivo; revisar/ajustar con datos de jugadores.
23,Postres,Nombra un elemento de la categoría «Postres».,Paparajote,paparajote,5,🕳️ 5 · Abismo,Paparajote,https://www.spain.info/es/descubrir-espana/gastronomia/,Nivel inicial intuitivo; revisar/ajustar con datos de jugadores.
23,Postres,Nombra un elemento de la categoría «Postres».,Flaó,flao,5,🕳️ 5 · Abismo,Flaó,https://www.spain.info/es/descubrir-espana/gastronomia/,Nivel inicial intuitivo; revisar/ajustar con datos de jugadores.
23,Postres,Nombra un elemento de la categoría «Postres».,Greixonera,greixonera,5,🕳️ 5 · Abismo,Greixonera,https://www.spain.info/es/descubrir-espana/gastronomia/,Nivel inicial intuitivo; revisar/ajustar con datos de jugadores.
24,Cereales de desayuno,Nombra un elemento de la categoría «Cereales de desayuno».,Corn Flakes,cornflakes,1,🧊 1 · Punta del iceberg,Corn Flakes,https://www.mercasa.es/publicaciones/alimentacion-en-espana/cereales-para-el-desayuno/,Nivel inicial intuitivo; revisar/ajustar con datos de jugadores.
24,Cereales de desayuno,Nombra un elemento de la categoría «Cereales de desayuno».,Chocapic,chocapic,1,🧊 1 · Punta del iceberg,Chocapic,https://www.mercasa.es/publicaciones/alimentacion-en-espana/cereales-para-el-desayuno/,Nivel inicial intuitivo; revisar/ajustar con datos de jugadores.
24,Cereales de desayuno,Nombra un elemento de la categoría «Cereales de desayuno».,Special K,specialk,1,🧊 1 · Punta del iceberg,Special K,https://www.mercasa.es/publicaciones/alimentacion-en-espana/cereales-para-el-desayuno/,Nivel inicial intuitivo; revisar/ajustar con datos de jugadores.
24,Cereales de desayuno,Nombra un elemento de la categoría «Cereales de desayuno».,Frosties,frosties,1,🧊 1 · Punta del iceberg,Frosties,https://www.mercasa.es/publicaciones/alimentacion-en-espana/cereales-para-el-desayuno/,Nivel inicial intuitivo; revisar/ajustar con datos de jugadores.
24,Cereales de desayuno,Nombra un elemento de la categoría «Cereales de desayuno».,Rice Krispies,ricekrispies,1,🧊 1 · Punta del iceberg,Rice Krispies,https://www.mercasa.es/publicaciones/alimentacion-en-espana/cereales-para-el-desayuno/,Nivel inicial intuitivo; revisar/ajustar con datos de jugadores.
24,Cereales de desayuno,Nombra un elemento de la categoría «Cereales de desayuno».,Nesquik,nesquik,1,🧊 1 · Punta del iceberg,Nesquik,https://www.mercasa.es/publicaciones/alimentacion-en-espana/cereales-para-el-desayuno/,Nivel inicial intuitivo; revisar/ajustar con datos de jugadores.
24,Cereales de desayuno,Nombra un elemento de la categoría «Cereales de desayuno».,Choco Krispies,chocokrispies,1,🧊 1 · Punta del iceberg,Choco Krispies,https://www.mercasa.es/publicaciones/alimentacion-en-espana/cereales-para-el-desayuno/,Nivel inicial intuitivo; revisar/ajustar con datos de jugadores.
24,Cereales de desayuno,Nombra un elemento de la categoría «Cereales de desayuno».,Cheerios,cheerios,1,🧊 1 · Punta del iceberg,Cheerios,https://www.mercasa.es/publicaciones/alimentacion-en-espana/cereales-para-el-desayuno/,Nivel inicial intuitivo; revisar/ajustar con datos de jugadores.
24,Cereales de desayuno,Nombra un elemento de la categoría «Cereales de desayuno».,Muesli,muesli,2,2 · Bajo el hielo,Muesli,https://www.mercasa.es/publicaciones/alimentacion-en-espana/cereales-para-el-desayuno/,Nivel inicial intuitivo; revisar/ajustar con datos de jugadores.
24,Cereales de desayuno,Nombra un elemento de la categoría «Cereales de desayuno».,Fitness,fitness,2,2 · Bajo el hielo,Fitness,https://www.mercasa.es/publicaciones/alimentacion-en-espana/cereales-para-el-desayuno/,Nivel inicial intuitivo; revisar/ajustar con datos de jugadores.
24,Cereales de desayuno,Nombra un elemento de la categoría «Cereales de desayuno».,All-Bran,allbran,2,2 · Bajo el hielo,All-Bran,https://www.mercasa.es/publicaciones/alimentacion-en-espana/cereales-para-el-desayuno/,Nivel inicial intuitivo; revisar/ajustar con datos de jugadores.
24,Cereales de desayuno,Nombra un elemento de la categoría «Cereales de desayuno».,Golden Grahams,goldengrahams,2,2 · Bajo el hielo,Golden Grahams,https://www.mercasa.es/publicaciones/alimentacion-en-espana/cereales-para-el-desayuno/,Nivel inicial intuitivo; revisar/ajustar con datos de jugadores.
24,Cereales de desayuno,Nombra un elemento de la categoría «Cereales de desayuno».,Coco Pops,cocopops,2,2 · Bajo el hielo,Coco Pops,https://www.mercasa.es/publicaciones/alimentacion-en-espana/cereales-para-el-desayuno/,Nivel inicial intuitivo; revisar/ajustar con datos de jugadores.
24,Cereales de desayuno,Nombra un elemento de la categoría «Cereales de desayuno».,Crunch,crunch,2,2 · Bajo el hielo,Crunch,https://www.mercasa.es/publicaciones/alimentacion-en-espana/cereales-para-el-desayuno/,Nivel inicial intuitivo; revisar/ajustar con datos de jugadores.
24,Cereales de desayuno,Nombra un elemento de la categoría «Cereales de desayuno».,Smacks,smacks,2,2 · Bajo el hielo,Smacks,https://www.mercasa.es/publicaciones/alimentacion-en-espana/cereales-para-el-desayuno/,Nivel inicial intuitivo; revisar/ajustar con datos de jugadores.
24,Cereales de desayuno,Nombra un elemento de la categoría «Cereales de desayuno».,Weetabix,weetabix,2,2 · Bajo el hielo,Weetabix,https://www.mercasa.es/publicaciones/alimentacion-en-espana/cereales-para-el-desayuno/,Nivel inicial intuitivo; revisar/ajustar con datos de jugadores.
24,Cereales de desayuno,Nombra un elemento de la categoría «Cereales de desayuno».,Honey Nut Cheerios,honeynutcheerios,2,2 · Bajo el hielo,Honey Nut Cheerios,https://www.mercasa.es/publicaciones/alimentacion-en-espana/cereales-para-el-desayuno/,Nivel inicial intuitivo; revisar/ajustar con datos de jugadores.
24,Cereales de desayuno,Nombra un elemento de la categoría «Cereales de desayuno».,Chocoflakes,chocoflakes,3,3 · Profundo,Chocoflakes,https://www.mercasa.es/publicaciones/alimentacion-en-espana/cereales-para-el-desayuno/,Nivel inicial intuitivo; revisar/ajustar con datos de jugadores.
24,Cereales de desayuno,Nombra un elemento de la categoría «Cereales de desayuno».,Estrellitas,estrellitas,3,3 · Profundo,Estrellitas,https://www.mercasa.es/publicaciones/alimentacion-en-espana/cereales-para-el-desayuno/,Nivel inicial intuitivo; revisar/ajustar con datos de jugadores.
24,Cereales de desayuno,Nombra un elemento de la categoría «Cereales de desayuno».,Cookie Crisp,cookiecrisp,3,3 · Profundo,Cookie Crisp,https://www.mercasa.es/publicaciones/alimentacion-en-espana/cereales-para-el-desayuno/,Nivel inicial intuitivo; revisar/ajustar con datos de jugadores.
24,Cereales de desayuno,Nombra un elemento de la categoría «Cereales de desayuno».,Trix,trix,3,3 · Profundo,Trix,https://www.mercasa.es/publicaciones/alimentacion-en-espana/cereales-para-el-desayuno/,Nivel inicial intuitivo; revisar/ajustar con datos de jugadores.
24,Cereales de desayuno,Nombra un elemento de la categoría «Cereales de desayuno».,Lucky Charms,luckycharms,3,3 · Profundo,Lucky Charms,https://www.mercasa.es/publicaciones/alimentacion-en-espana/cereales-para-el-desayuno/,Nivel inicial intuitivo; revisar/ajustar con datos de jugadores.
24,Cereales de desayuno,Nombra un elemento de la categoría «Cereales de desayuno».,Granola,granola,3,3 · Profundo,Granola,https://www.mercasa.es/publicaciones/alimentacion-en-espana/cereales-para-el-desayuno/,Nivel inicial intuitivo; revisar/ajustar con datos de jugadores.
24,Cereales de desayuno,Nombra un elemento de la categoría «Cereales de desayuno».,Golden Bridge,goldenbridge,3,3 · Profundo,Golden Bridge,https://www.mercasa.es/publicaciones/alimentacion-en-espana/cereales-para-el-desayuno/,Nivel inicial intuitivo; revisar/ajustar con datos de jugadores.
24,Cereales de desayuno,Nombra un elemento de la categoría «Cereales de desayuno».,Lion,lion,3,3 · Profundo,Lion,https://www.mercasa.es/publicaciones/alimentacion-en-espana/cereales-para-el-desayuno/,Nivel inicial intuitivo; revisar/ajustar con datos de jugadores.
24,Cereales de desayuno,Nombra un elemento de la categoría «Cereales de desayuno».,Krave,krave,3,3 · Profundo,Krave,https://www.mercasa.es/publicaciones/alimentacion-en-espana/cereales-para-el-desayuno/,Nivel inicial intuitivo; revisar/ajustar con datos de jugadores.
24,Cereales de desayuno,Nombra un elemento de la categoría «Cereales de desayuno».,Tresor,tresor,3,3 · Profundo,Tresor,https://www.mercasa.es/publicaciones/alimentacion-en-espana/cereales-para-el-desayuno/,Nivel inicial intuitivo; revisar/ajustar con datos de jugadores.
24,Cereales de desayuno,Nombra un elemento de la categoría «Cereales de desayuno».,Chocapic Duo,chocapicduo,4,4 · Muy profundo,Chocapic Duo,https://www.mercasa.es/publicaciones/alimentacion-en-espana/cereales-para-el-desayuno/,Nivel inicial intuitivo; revisar/ajustar con datos de jugadores.
24,Cereales de desayuno,Nombra un elemento de la categoría «Cereales de desayuno».,Nesquik Duo,nesquikduo,4,4 · Muy profundo,Nesquik Duo,https://www.mercasa.es/publicaciones/alimentacion-en-espana/cereales-para-el-desayuno/,Nivel inicial intuitivo; revisar/ajustar con datos de jugadores.
24,Cereales de desayuno,Nombra un elemento de la categoría «Cereales de desayuno».,Froot Loops,frootloops,4,4 · Muy profundo,Froot Loops,https://www.mercasa.es/publicaciones/alimentacion-en-espana/cereales-para-el-desayuno/,Nivel inicial intuitivo; revisar/ajustar con datos de jugadores.
24,Cereales de desayuno,Nombra un elemento de la categoría «Cereales de desayuno».,Frosties Choco,frostieschoco,4,4 · Muy profundo,Frosties Choco,https://www.mercasa.es/publicaciones/alimentacion-en-espana/cereales-para-el-desayuno/,Nivel inicial intuitivo; revisar/ajustar con datos de jugadores.
24,Cereales de desayuno,Nombra un elemento de la categoría «Cereales de desayuno».,Cini Minis,ciniminis,4,4 · Muy profundo,Cini Minis,https://www.mercasa.es/publicaciones/alimentacion-en-espana/cereales-para-el-desayuno/,Nivel inicial intuitivo; revisar/ajustar con datos de jugadores.
24,Cereales de desayuno,Nombra un elemento de la categoría «Cereales de desayuno».,Oreo O's,oreoos,4,4 · Muy profundo,Oreo O's,https://www.mercasa.es/publicaciones/alimentacion-en-espana/cereales-para-el-desayuno/,Nivel inicial intuitivo; revisar/ajustar con datos de jugadores.
24,Cereales de desayuno,Nombra un elemento de la categoría «Cereales de desayuno».,Shreddies,shreddies,5,🕳️ 5 · Abismo,Shreddies,https://www.mercasa.es/publicaciones/alimentacion-en-espana/cereales-para-el-desayuno/,Nivel inicial intuitivo; revisar/ajustar con datos de jugadores.
24,Cereales de desayuno,Nombra un elemento de la categoría «Cereales de desayuno».,Bran Flakes,branflakes,5,🕳️ 5 · Abismo,Bran Flakes,https://www.mercasa.es/publicaciones/alimentacion-en-espana/cereales-para-el-desayuno/,Nivel inicial intuitivo; revisar/ajustar con datos de jugadores.
24,Cereales de desayuno,Nombra un elemento de la categoría «Cereales de desayuno».,Shredded Wheat,shreddedwheat,5,🕳️ 5 · Abismo,Shredded Wheat,https://www.mercasa.es/publicaciones/alimentacion-en-espana/cereales-para-el-desayuno/,Nivel inicial intuitivo; revisar/ajustar con datos de jugadores.
24,Cereales de desayuno,Nombra un elemento de la categoría «Cereales de desayuno».,Weetabix Protein,weetabixprotein,5,🕳️ 5 · Abismo,Weetabix Protein,https://www.mercasa.es/publicaciones/alimentacion-en-espana/cereales-para-el-desayuno/,Nivel inicial intuitivo; revisar/ajustar con datos de jugadores.
25,Patatas fritas de bolsa,Nombra un elemento de la categoría «Patatas fritas de bolsa».,Lay's,lays,1,🧊 1 · Punta del iceberg,Lay's,https://www.aesan.gob.es/,Nivel inicial intuitivo; revisar/ajustar con datos de jugadores.
25,Patatas fritas de bolsa,Nombra un elemento de la categoría «Patatas fritas de bolsa».,Pringles,pringles,1,🧊 1 · Punta del iceberg,Pringles,https://www.aesan.gob.es/,Nivel inicial intuitivo; revisar/ajustar con datos de jugadores.
25,Patatas fritas de bolsa,Nombra un elemento de la categoría «Patatas fritas de bolsa».,Ruffles,ruffles,1,🧊 1 · Punta del iceberg,Ruffles,https://www.aesan.gob.es/,Nivel inicial intuitivo; revisar/ajustar con datos de jugadores.
25,Patatas fritas de bolsa,Nombra un elemento de la categoría «Patatas fritas de bolsa».,Doritos,doritos,1,🧊 1 · Punta del iceberg,Doritos,https://www.aesan.gob.es/,Nivel inicial intuitivo; revisar/ajustar con datos de jugadores.
25,Patatas fritas de bolsa,Nombra un elemento de la categoría «Patatas fritas de bolsa».,Fritos,fritos,2,2 · Bajo el hielo,Fritos,https://www.aesan.gob.es/,Nivel inicial intuitivo; revisar/ajustar con datos de jugadores.
25,Patatas fritas de bolsa,Nombra un elemento de la categoría «Patatas fritas de bolsa».,Santa Ana,santaana,2,2 · Bajo el hielo,Santa Ana,https://www.aesan.gob.es/,Nivel inicial intuitivo; revisar/ajustar con datos de jugadores.
25,Patatas fritas de bolsa,Nombra un elemento de la categoría «Patatas fritas de bolsa».,Matutano,matutano,2,2 · Bajo el hielo,Matutano,https://www.aesan.gob.es/,Nivel inicial intuitivo; revisar/ajustar con datos de jugadores.
25,Patatas fritas de bolsa,Nombra un elemento de la categoría «Patatas fritas de bolsa».,Bocabits,bocabits,2,2 · Bajo el hielo,Bocabits,https://www.aesan.gob.es/,Nivel inicial intuitivo; revisar/ajustar con datos de jugadores.
25,Patatas fritas de bolsa,Nombra un elemento de la categoría «Patatas fritas de bolsa».,Jumpers,jumpers,2,2 · Bajo el hielo,Jumpers,https://www.aesan.gob.es/,Nivel inicial intuitivo; revisar/ajustar con datos de jugadores.
25,Patatas fritas de bolsa,Nombra un elemento de la categoría «Patatas fritas de bolsa».,Cheetos,cheetos,2,2 · Bajo el hielo,Cheetos,https://www.aesan.gob.es/,Nivel inicial intuitivo; revisar/ajustar con datos de jugadores.
25,Patatas fritas de bolsa,Nombra un elemento de la categoría «Patatas fritas de bolsa».,Pelotazos,pelotazos,2,2 · Bajo el hielo,Pelotazos,https://www.aesan.gob.es/,Nivel inicial intuitivo; revisar/ajustar con datos de jugadores.
25,Patatas fritas de bolsa,Nombra un elemento de la categoría «Patatas fritas de bolsa».,Risketos,risketos,3,3 · Profundo,Risketos,https://www.aesan.gob.es/,Nivel inicial intuitivo; revisar/ajustar con datos de jugadores.
25,Patatas fritas de bolsa,Nombra un elemento de la categoría «Patatas fritas de bolsa».,Aspitos,aspitos,3,3 · Profundo,Aspitos,https://www.aesan.gob.es/,Nivel inicial intuitivo; revisar/ajustar con datos de jugadores.
25,Patatas fritas de bolsa,Nombra un elemento de la categoría «Patatas fritas de bolsa».,Churrería de patata,churreriadepatata,3,3 · Profundo,Churrería de patata,https://www.aesan.gob.es/,Nivel inicial intuitivo; revisar/ajustar con datos de jugadores.
25,Patatas fritas de bolsa,Nombra un elemento de la categoría «Patatas fritas de bolsa».,Torres,torres,3,3 · Profundo,Torres,https://www.aesan.gob.es/,Nivel inicial intuitivo; revisar/ajustar con datos de jugadores.
25,Patatas fritas de bolsa,Nombra un elemento de la categoría «Patatas fritas de bolsa».,Vicente Vidal,vicentevidal,3,3 · Profundo,Vicente Vidal,https://www.aesan.gob.es/,Nivel inicial intuitivo; revisar/ajustar con datos de jugadores.
25,Patatas fritas de bolsa,Nombra un elemento de la categoría «Patatas fritas de bolsa».,Grefusa,grefusa,3,3 · Profundo,Grefusa,https://www.aesan.gob.es/,Nivel inicial intuitivo; revisar/ajustar con datos de jugadores.
25,Patatas fritas de bolsa,Nombra un elemento de la categoría «Patatas fritas de bolsa».,MisterCorn,mistercorn,3,3 · Profundo,MisterCorn,https://www.aesan.gob.es/,Nivel inicial intuitivo; revisar/ajustar con datos de jugadores.
25,Patatas fritas de bolsa,Nombra un elemento de la categoría «Patatas fritas de bolsa».,Patatas de La Abuela,patatasdelaabuela,4,4 · Muy profundo,Patatas de La Abuela,https://www.aesan.gob.es/,Nivel inicial intuitivo; revisar/ajustar con datos de jugadores.
25,Patatas fritas de bolsa,Nombra un elemento de la categoría «Patatas fritas de bolsa».,San Nicasio,sannicasio,4,4 · Muy profundo,San Nicasio,https://www.aesan.gob.es/,Nivel inicial intuitivo; revisar/ajustar con datos de jugadores.
25,Patatas fritas de bolsa,Nombra un elemento de la categoría «Patatas fritas de bolsa».,Añavieja,anavieja,4,4 · Muy profundo,Añavieja,https://www.aesan.gob.es/,Nivel inicial intuitivo; revisar/ajustar con datos de jugadores.
25,Patatas fritas de bolsa,Nombra un elemento de la categoría «Patatas fritas de bolsa».,Espinaler,espinaler,4,4 · Muy profundo,Espinaler,https://www.aesan.gob.es/,Nivel inicial intuitivo; revisar/ajustar con datos de jugadores.
25,Patatas fritas de bolsa,Nombra un elemento de la categoría «Patatas fritas de bolsa».,Bonilla a la Vista,bonillaalavista,4,4 · Muy profundo,Bonilla a la Vista,https://www.aesan.gob.es/,Nivel inicial intuitivo; revisar/ajustar con datos de jugadores.
25,Patatas fritas de bolsa,Nombra un elemento de la categoría «Patatas fritas de bolsa».,El Valle,elvalle,4,4 · Muy profundo,El Valle,https://www.aesan.gob.es/,Nivel inicial intuitivo; revisar/ajustar con datos de jugadores.
25,Patatas fritas de bolsa,Nombra un elemento de la categoría «Patatas fritas de bolsa».,Hijos de Salvador Rodríguez,hijosdesalvadorrodriguez,5,🕳️ 5 · Abismo,Hijos de Salvador Rodríguez,https://www.aesan.gob.es/,Nivel inicial intuitivo; revisar/ajustar con datos de jugadores.
26,Platos de cuchara,Nombra un elemento de la categoría «Platos de cuchara».,Lentejas,lentejas,1,🧊 1 · Punta del iceberg,Lentejas,https://www.spain.info/es/descubrir-espana/gastronomia/,Nivel inicial intuitivo; revisar/ajustar con datos de jugadores.
26,Platos de cuchara,Nombra un elemento de la categoría «Platos de cuchara».,Cocido,cocido,1,🧊 1 · Punta del iceberg,Cocido,https://www.spain.info/es/descubrir-espana/gastronomia/,Nivel inicial intuitivo; revisar/ajustar con datos de jugadores.
26,Platos de cuchara,Nombra un elemento de la categoría «Platos de cuchara».,Fabada,fabada,1,🧊 1 · Punta del iceberg,Fabada,https://www.spain.info/es/descubrir-espana/gastronomia/,Nivel inicial intuitivo; revisar/ajustar con datos de jugadores.
26,Platos de cuchara,Nombra un elemento de la categoría «Platos de cuchara».,Sopa,sopa,1,🧊 1 · Punta del iceberg,Sopa,https://www.spain.info/es/descubrir-espana/gastronomia/,Nivel inicial intuitivo; revisar/ajustar con datos de jugadores.
26,Platos de cuchara,Nombra un elemento de la categoría «Platos de cuchara».,Potaje,potaje,1,🧊 1 · Punta del iceberg,Potaje,https://www.spain.info/es/descubrir-espana/gastronomia/,Nivel inicial intuitivo; revisar/ajustar con datos de jugadores.
26,Platos de cuchara,Nombra un elemento de la categoría «Platos de cuchara».,Callos,callos,2,2 · Bajo el hielo,Callos,https://www.spain.info/es/descubrir-espana/gastronomia/,Nivel inicial intuitivo; revisar/ajustar con datos de jugadores.
26,Platos de cuchara,Nombra un elemento de la categoría «Platos de cuchara».,Garbanzos,garbanzos,2,2 · Bajo el hielo,Garbanzos,https://www.spain.info/es/descubrir-espana/gastronomia/,Nivel inicial intuitivo; revisar/ajustar con datos de jugadores.
26,Platos de cuchara,Nombra un elemento de la categoría «Platos de cuchara».,Judías pintas,judiaspintas,2,2 · Bajo el hielo,Judías pintas,https://www.spain.info/es/descubrir-espana/gastronomia/,Nivel inicial intuitivo; revisar/ajustar con datos de jugadores.
26,Platos de cuchara,Nombra un elemento de la categoría «Platos de cuchara».,Alubias blancas,alubiasblancas,2,2 · Bajo el hielo,Alubias blancas,https://www.spain.info/es/descubrir-espana/gastronomia/,Nivel inicial intuitivo; revisar/ajustar con datos de jugadores.
26,Platos de cuchara,Nombra un elemento de la categoría «Platos de cuchara».,Marmitako,marmitako,2,2 · Bajo el hielo,Marmitako,https://www.spain.info/es/descubrir-espana/gastronomia/,Nivel inicial intuitivo; revisar/ajustar con datos de jugadores.
26,Platos de cuchara,Nombra un elemento de la categoría «Platos de cuchara».,Caldo gallego,caldogallego,2,2 · Bajo el hielo,Caldo gallego,https://www.spain.info/es/descubrir-espana/gastronomia/,Nivel inicial intuitivo; revisar/ajustar con datos de jugadores.
26,Platos de cuchara,Nombra un elemento de la categoría «Platos de cuchara».,Pote asturiano,poteasturiano,2,2 · Bajo el hielo,Pote asturiano,https://www.spain.info/es/descubrir-espana/gastronomia/,Nivel inicial intuitivo; revisar/ajustar con datos de jugadores.
26,Platos de cuchara,Nombra un elemento de la categoría «Platos de cuchara».,Escudella,escudella,2,2 · Bajo el hielo,Escudella,https://www.spain.info/es/descubrir-espana/gastronomia/,Nivel inicial intuitivo; revisar/ajustar con datos de jugadores.
26,Platos de cuchara,Nombra un elemento de la categoría «Platos de cuchara».,Olla podrida,ollapodrida,3,3 · Profundo,Olla podrida,https://www.spain.info/es/descubrir-espana/gastronomia/,Nivel inicial intuitivo; revisar/ajustar con datos de jugadores.
26,Platos de cuchara,Nombra un elemento de la categoría «Platos de cuchara».,Menestra de verduras,menestradeverduras,3,3 · Profundo,Menestra de verduras,https://www.spain.info/es/descubrir-espana/gastronomia/,Nivel inicial intuitivo; revisar/ajustar con datos de jugadores.
26,Platos de cuchara,Nombra un elemento de la categoría «Platos de cuchara».,Sopa castellana,sopacastellana,3,3 · Profundo,Sopa castellana,https://www.spain.info/es/descubrir-espana/gastronomia/,Nivel inicial intuitivo; revisar/ajustar con datos de jugadores.
26,Platos de cuchara,Nombra un elemento de la categoría «Platos de cuchara».,Sopa de ajo,sopadeajo,3,3 · Profundo,Sopa de ajo,https://www.spain.info/es/descubrir-espana/gastronomia/,Nivel inicial intuitivo; revisar/ajustar con datos de jugadores.
26,Platos de cuchara,Nombra un elemento de la categoría «Platos de cuchara».,Sopa de pescado,sopadepescado,3,3 · Profundo,Sopa de pescado,https://www.spain.info/es/descubrir-espana/gastronomia/,Nivel inicial intuitivo; revisar/ajustar con datos de jugadores.
26,Platos de cuchara,Nombra un elemento de la categoría «Platos de cuchara».,Caldereta,caldereta,3,3 · Profundo,Caldereta,https://www.spain.info/es/descubrir-espana/gastronomia/,Nivel inicial intuitivo; revisar/ajustar con datos de jugadores.
26,Platos de cuchara,Nombra un elemento de la categoría «Platos de cuchara».,Rancho canario,ranchocanario,3,3 · Profundo,Rancho canario,https://www.spain.info/es/descubrir-espana/gastronomia/,Nivel inicial intuitivo; revisar/ajustar con datos de jugadores.
26,Platos de cuchara,Nombra un elemento de la categoría «Platos de cuchara».,Ropa vieja,ropavieja,3,3 · Profundo,Ropa vieja,https://www.spain.info/es/descubrir-espana/gastronomia/,Nivel inicial intuitivo; revisar/ajustar con datos de jugadores.
26,Platos de cuchara,Nombra un elemento de la categoría «Platos de cuchara».,Faves a la catalana,favesalacatalana,4,4 · Muy profundo,Faves a la catalana,https://www.spain.info/es/descubrir-espana/gastronomia/,Nivel inicial intuitivo; revisar/ajustar con datos de jugadores.
26,Platos de cuchara,Nombra un elemento de la categoría «Platos de cuchara».,Olla de trigo,olladetrigo,4,4 · Muy profundo,Olla de trigo,https://www.spain.info/es/descubrir-espana/gastronomia/,Nivel inicial intuitivo; revisar/ajustar con datos de jugadores.
26,Platos de cuchara,Nombra un elemento de la categoría «Platos de cuchara».,Gazpachuelo,gazpachuelo,4,4 · Muy profundo,Gazpachuelo,https://www.spain.info/es/descubrir-espana/gastronomia/,Nivel inicial intuitivo; revisar/ajustar con datos de jugadores.
26,Platos de cuchara,Nombra un elemento de la categoría «Platos de cuchara».,Zarangollo,zarangollo,4,4 · Muy profundo,Zarangollo,https://www.spain.info/es/descubrir-espana/gastronomia/,Nivel inicial intuitivo; revisar/ajustar con datos de jugadores.
26,Platos de cuchara,Nombra un elemento de la categoría «Platos de cuchara».,Jota navarra,jotanavarra,4,4 · Muy profundo,Jota navarra,https://www.spain.info/es/descubrir-espana/gastronomia/,Nivel inicial intuitivo; revisar/ajustar con datos de jugadores.
26,Platos de cuchara,Nombra un elemento de la categoría «Platos de cuchara».,Sopa de pastor,sopadepastor,4,4 · Muy profundo,Sopa de pastor,https://www.spain.info/es/descubrir-espana/gastronomia/,Nivel inicial intuitivo; revisar/ajustar con datos de jugadores.
26,Platos de cuchara,Nombra un elemento de la categoría «Platos de cuchara».,Olleta alicantina,olletaalicantina,5,🕳️ 5 · Abismo,Olleta alicantina,https://www.spain.info/es/descubrir-espana/gastronomia/,Nivel inicial intuitivo; revisar/ajustar con datos de jugadores.
26,Platos de cuchara,Nombra un elemento de la categoría «Platos de cuchara».,Porrusalda,porrusalda,5,🕳️ 5 · Abismo,Porrusalda,https://www.spain.info/es/descubrir-espana/gastronomia/,Nivel inicial intuitivo; revisar/ajustar con datos de jugadores.
26,Platos de cuchara,Nombra un elemento de la categoría «Platos de cuchara».,Suquet de peix,suquetdepeix,5,🕳️ 5 · Abismo,Suquet de peix,https://www.spain.info/es/descubrir-espana/gastronomia/,Nivel inicial intuitivo; revisar/ajustar con datos de jugadores.
26,Platos de cuchara,Nombra un elemento de la categoría «Platos de cuchara».,Trinxat,trinxat,5,🕳️ 5 · Abismo,Trinxat,https://www.spain.info/es/descubrir-espana/gastronomia/,Nivel inicial intuitivo; revisar/ajustar con datos de jugadores.
27,Pizzas,Nombra un elemento de la categoría «Pizzas».,Margherita,margherita,1,🧊 1 · Punta del iceberg,Margherita,https://www.accademia-pizzaioli.it/,Nivel inicial intuitivo; revisar/ajustar con datos de jugadores.
27,Pizzas,Nombra un elemento de la categoría «Pizzas».,Pepperoni,pepperoni,1,🧊 1 · Punta del iceberg,Pepperoni,https://www.accademia-pizzaioli.it/,Nivel inicial intuitivo; revisar/ajustar con datos de jugadores.
27,Pizzas,Nombra un elemento de la categoría «Pizzas».,Cuatro quesos,cuatroquesos,1,🧊 1 · Punta del iceberg,Cuatro quesos,https://www.accademia-pizzaioli.it/,Nivel inicial intuitivo; revisar/ajustar con datos de jugadores.
27,Pizzas,Nombra un elemento de la categoría «Pizzas».,Barbacoa,barbacoa,1,🧊 1 · Punta del iceberg,Barbacoa,https://www.accademia-pizzaioli.it/,Nivel inicial intuitivo; revisar/ajustar con datos de jugadores.
27,Pizzas,Nombra un elemento de la categoría «Pizzas».,Carbonara,carbonara,1,🧊 1 · Punta del iceberg,Carbonara,https://www.accademia-pizzaioli.it/,Nivel inicial intuitivo; revisar/ajustar con datos de jugadores.
27,Pizzas,Nombra un elemento de la categoría «Pizzas».,Hawaiana,hawaiana,1,🧊 1 · Punta del iceberg,Hawaiana,https://www.accademia-pizzaioli.it/,Nivel inicial intuitivo; revisar/ajustar con datos de jugadores.
27,Pizzas,Nombra un elemento de la categoría «Pizzas».,Vegetal,vegetal,2,2 · Bajo el hielo,Vegetal,https://www.accademia-pizzaioli.it/,Nivel inicial intuitivo; revisar/ajustar con datos de jugadores.
27,Pizzas,Nombra un elemento de la categoría «Pizzas».,Prosciutto,prosciutto,2,2 · Bajo el hielo,Prosciutto,https://www.accademia-pizzaioli.it/,Nivel inicial intuitivo; revisar/ajustar con datos de jugadores.
27,Pizzas,Nombra un elemento de la categoría «Pizzas».,Diavola,diavola,2,2 · Bajo el hielo,Diavola,https://www.accademia-pizzaioli.it/,Nivel inicial intuitivo; revisar/ajustar con datos de jugadores.
27,Pizzas,Nombra un elemento de la categoría «Pizzas».,Napolitana,napolitana,2,2 · Bajo el hielo,Napolitana,https://www.accademia-pizzaioli.it/,Nivel inicial intuitivo; revisar/ajustar con datos de jugadores.
27,Pizzas,Nombra un elemento de la categoría «Pizzas».,Prosciutto e funghi,prosciuttoefunghi,2,2 · Bajo el hielo,Prosciutto e funghi,https://www.accademia-pizzaioli.it/,Nivel inicial intuitivo; revisar/ajustar con datos de jugadores.
27,Pizzas,Nombra un elemento de la categoría «Pizzas».,Capricciosa,capricciosa,2,2 · Bajo el hielo,Capricciosa,https://www.accademia-pizzaioli.it/,Nivel inicial intuitivo; revisar/ajustar con datos de jugadores.
27,Pizzas,Nombra un elemento de la categoría «Pizzas».,Bolognesa,bolognesa,2,2 · Bajo el hielo,Bolognesa,https://www.accademia-pizzaioli.it/,Nivel inicial intuitivo; revisar/ajustar con datos de jugadores.
27,Pizzas,Nombra un elemento de la categoría «Pizzas».,Atún y cebolla,atunycebolla,2,2 · Bajo el hielo,Atún y cebolla,https://www.accademia-pizzaioli.it/,Nivel inicial intuitivo; revisar/ajustar con datos de jugadores.
27,Pizzas,Nombra un elemento de la categoría «Pizzas».,Calzone,calzone,3,3 · Profundo,Calzone,https://www.accademia-pizzaioli.it/,Nivel inicial intuitivo; revisar/ajustar con datos de jugadores.
27,Pizzas,Nombra un elemento de la categoría «Pizzas».,Quattro stagioni,quattrostagioni,3,3 · Profundo,Quattro stagioni,https://www.accademia-pizzaioli.it/,Nivel inicial intuitivo; revisar/ajustar con datos de jugadores.
27,Pizzas,Nombra un elemento de la categoría «Pizzas».,Bufalina,bufalina,3,3 · Profundo,Bufalina,https://www.accademia-pizzaioli.it/,Nivel inicial intuitivo; revisar/ajustar con datos de jugadores.
27,Pizzas,Nombra un elemento de la categoría «Pizzas».,Romana,romana,3,3 · Profundo,Romana,https://www.accademia-pizzaioli.it/,Nivel inicial intuitivo; revisar/ajustar con datos de jugadores.
27,Pizzas,Nombra un elemento de la categoría «Pizzas».,Ortolana,ortolana,3,3 · Profundo,Ortolana,https://www.accademia-pizzaioli.it/,Nivel inicial intuitivo; revisar/ajustar con datos de jugadores.
27,Pizzas,Nombra un elemento de la categoría «Pizzas».,Frutti di mare,fruttidimare,3,3 · Profundo,Frutti di mare,https://www.accademia-pizzaioli.it/,Nivel inicial intuitivo; revisar/ajustar con datos de jugadores.
27,Pizzas,Nombra un elemento de la categoría «Pizzas».,Tonno e cipolla,tonnoecipolla,3,3 · Profundo,Tonno e cipolla,https://www.accademia-pizzaioli.it/,Nivel inicial intuitivo; revisar/ajustar con datos de jugadores.
27,Pizzas,Nombra un elemento de la categoría «Pizzas».,Nduja,nduja,4,4 · Muy profundo,Nduja,https://www.accademia-pizzaioli.it/,Nivel inicial intuitivo; revisar/ajustar con datos de jugadores.
27,Pizzas,Nombra un elemento de la categoría «Pizzas».,Pizza fritta,pizzafritta,4,4 · Muy profundo,Pizza fritta,https://www.accademia-pizzaioli.it/,Nivel inicial intuitivo; revisar/ajustar con datos de jugadores.
27,Pizzas,Nombra un elemento de la categoría «Pizzas».,Marinara,marinara,4,4 · Muy profundo,Marinara,https://www.accademia-pizzaioli.it/,Nivel inicial intuitivo; revisar/ajustar con datos de jugadores.
27,Pizzas,Nombra un elemento de la categoría «Pizzas».,Salsiccia e friarielli,salsicciaefriarielli,4,4 · Muy profundo,Salsiccia e friarielli,https://www.accademia-pizzaioli.it/,Nivel inicial intuitivo; revisar/ajustar con datos de jugadores.
27,Pizzas,Nombra un elemento de la categoría «Pizzas».,Pugliese,pugliese,4,4 · Muy profundo,Pugliese,https://www.accademia-pizzaioli.it/,Nivel inicial intuitivo; revisar/ajustar con datos de jugadores.
27,Pizzas,Nombra un elemento de la categoría «Pizzas».,Boscaiola,boscaiola,4,4 · Muy profundo,Boscaiola,https://www.accademia-pizzaioli.it/,Nivel inicial intuitivo; revisar/ajustar con datos de jugadores.
27,Pizzas,Nombra un elemento de la categoría «Pizzas».,Gorgonzola e pera,gorgonzolaepera,5,🕳️ 5 · Abismo,Gorgonzola e pera,https://www.accademia-pizzaioli.it/,Nivel inicial intuitivo; revisar/ajustar con datos de jugadores.
27,Pizzas,Nombra un elemento de la categoría «Pizzas».,Pizza diavola calabrese,pizzadiavolacalabrese,5,🕳️ 5 · Abismo,Pizza diavola calabrese,https://www.accademia-pizzaioli.it/,Nivel inicial intuitivo; revisar/ajustar con datos de jugadores.
27,Pizzas,Nombra un elemento de la categoría «Pizzas».,Pizza alla pala,pizzaallapala,5,🕳️ 5 · Abismo,Pizza alla pala,https://www.accademia-pizzaioli.it/,Nivel inicial intuitivo; revisar/ajustar con datos de jugadores.
27,Pizzas,Nombra un elemento de la categoría «Pizzas».,Pizza al padellino,pizzaalpadellino,5,🕳️ 5 · Abismo,Pizza al padellino,https://www.accademia-pizzaioli.it/,Nivel inicial intuitivo; revisar/ajustar con datos de jugadores.
28,Licores,Nombra un elemento de la categoría «Licores».,Licor 43,licor43,1,🧊 1 · Punta del iceberg,Licor 43,https://www.espiritusdeespana.es/,Nivel inicial intuitivo; revisar/ajustar con datos de jugadores.
28,Licores,Nombra un elemento de la categoría «Licores».,Baileys,baileys,1,🧊 1 · Punta del iceberg,Baileys,https://www.espiritusdeespana.es/,Nivel inicial intuitivo; revisar/ajustar con datos de jugadores.
28,Licores,Nombra un elemento de la categoría «Licores».,Jägermeister,jagermeister,1,🧊 1 · Punta del iceberg,Jägermeister,https://www.espiritusdeespana.es/,Nivel inicial intuitivo; revisar/ajustar con datos de jugadores.
28,Licores,Nombra un elemento de la categoría «Licores».,Limoncello,limoncello,1,🧊 1 · Punta del iceberg,Limoncello,https://www.espiritusdeespana.es/,Nivel inicial intuitivo; revisar/ajustar con datos de jugadores.
28,Licores,Nombra un elemento de la categoría «Licores».,Amaretto,amaretto,2,2 · Bajo el hielo,Amaretto,https://www.espiritusdeespana.es/,Nivel inicial intuitivo; revisar/ajustar con datos de jugadores.
28,Licores,Nombra un elemento de la categoría «Licores».,Cointreau,cointreau,2,2 · Bajo el hielo,Cointreau,https://www.espiritusdeespana.es/,Nivel inicial intuitivo; revisar/ajustar con datos de jugadores.
28,Licores,Nombra un elemento de la categoría «Licores».,Grand Marnier,grandmarnier,2,2 · Bajo el hielo,Grand Marnier,https://www.espiritusdeespana.es/,Nivel inicial intuitivo; revisar/ajustar con datos de jugadores.
28,Licores,Nombra un elemento de la categoría «Licores».,Frangelico,frangelico,2,2 · Bajo el hielo,Frangelico,https://www.espiritusdeespana.es/,Nivel inicial intuitivo; revisar/ajustar con datos de jugadores.
28,Licores,Nombra un elemento de la categoría «Licores».,Sambuca,sambuca,2,2 · Bajo el hielo,Sambuca,https://www.espiritusdeespana.es/,Nivel inicial intuitivo; revisar/ajustar con datos de jugadores.
28,Licores,Nombra un elemento de la categoría «Licores».,Drambuie,drambuie,2,2 · Bajo el hielo,Drambuie,https://www.espiritusdeespana.es/,Nivel inicial intuitivo; revisar/ajustar con datos de jugadores.
28,Licores,Nombra un elemento de la categoría «Licores».,Malibú,malibu,2,2 · Bajo el hielo,Malibú,https://www.espiritusdeespana.es/,Nivel inicial intuitivo; revisar/ajustar con datos de jugadores.
28,Licores,Nombra un elemento de la categoría «Licores».,Kahlúa,kahlua,3,3 · Profundo,Kahlúa,https://www.espiritusdeespana.es/,Nivel inicial intuitivo; revisar/ajustar con datos de jugadores.
28,Licores,Nombra un elemento de la categoría «Licores».,Chartreuse,chartreuse,3,3 · Profundo,Chartreuse,https://www.espiritusdeespana.es/,Nivel inicial intuitivo; revisar/ajustar con datos de jugadores.
28,Licores,Nombra un elemento de la categoría «Licores».,Benedictine,benedictine,3,3 · Profundo,Benedictine,https://www.espiritusdeespana.es/,Nivel inicial intuitivo; revisar/ajustar con datos de jugadores.
28,Licores,Nombra un elemento de la categoría «Licores».,Galliano,galliano,3,3 · Profundo,Galliano,https://www.espiritusdeespana.es/,Nivel inicial intuitivo; revisar/ajustar con datos de jugadores.
28,Licores,Nombra un elemento de la categoría «Licores».,St-Germain,stgermain,3,3 · Profundo,St-Germain,https://www.espiritusdeespana.es/,Nivel inicial intuitivo; revisar/ajustar con datos de jugadores.
28,Licores,Nombra un elemento de la categoría «Licores».,Disaronno,disaronno,3,3 · Profundo,Disaronno,https://www.espiritusdeespana.es/,Nivel inicial intuitivo; revisar/ajustar con datos de jugadores.
28,Licores,Nombra un elemento de la categoría «Licores».,Midori,midori,3,3 · Profundo,Midori,https://www.espiritusdeespana.es/,Nivel inicial intuitivo; revisar/ajustar con datos de jugadores.
28,Licores,Nombra un elemento de la categoría «Licores».,Southern Comfort,southerncomfort,3,3 · Profundo,Southern Comfort,https://www.espiritusdeespana.es/,Nivel inicial intuitivo; revisar/ajustar con datos de jugadores.
28,Licores,Nombra un elemento de la categoría «Licores».,Pacharán,pacharan,3,3 · Profundo,Pacharán,https://www.espiritusdeespana.es/,Nivel inicial intuitivo; revisar/ajustar con datos de jugadores.
28,Licores,Nombra un elemento de la categoría «Licores».,Orujo,orujo,3,3 · Profundo,Orujo,https://www.espiritusdeespana.es/,Nivel inicial intuitivo; revisar/ajustar con datos de jugadores.
28,Licores,Nombra un elemento de la categoría «Licores».,Anís,anis,3,3 · Profundo,Anís,https://www.espiritusdeespana.es/,Nivel inicial intuitivo; revisar/ajustar con datos de jugadores.
28,Licores,Nombra un elemento de la categoría «Licores».,Chinchón,chinchon,4,4 · Muy profundo,Chinchón,https://www.espiritusdeespana.es/,Nivel inicial intuitivo; revisar/ajustar con datos de jugadores.
28,Licores,Nombra un elemento de la categoría «Licores».,Ponche,ponche,4,4 · Muy profundo,Ponche,https://www.espiritusdeespana.es/,Nivel inicial intuitivo; revisar/ajustar con datos de jugadores.
28,Licores,Nombra un elemento de la categoría «Licores».,Hierbas ibicencas,hierbasibicencas,4,4 · Muy profundo,Hierbas ibicencas,https://www.espiritusdeespana.es/,Nivel inicial intuitivo; revisar/ajustar con datos de jugadores.
28,Licores,Nombra un elemento de la categoría «Licores».,Ratafía,ratafia,4,4 · Muy profundo,Ratafía,https://www.espiritusdeespana.es/,Nivel inicial intuitivo; revisar/ajustar con datos de jugadores.
28,Licores,Nombra un elemento de la categoría «Licores».,Crema de orujo,cremadeorujo,4,4 · Muy profundo,Crema de orujo,https://www.espiritusdeespana.es/,Nivel inicial intuitivo; revisar/ajustar con datos de jugadores.
28,Licores,Nombra un elemento de la categoría «Licores».,Licor café,licorcafe,4,4 · Muy profundo,Licor café,https://www.espiritusdeespana.es/,Nivel inicial intuitivo; revisar/ajustar con datos de jugadores.
28,Licores,Nombra un elemento de la categoría «Licores».,Aguardiente de sidra,aguardientedesidra,5,🕳️ 5 · Abismo,Aguardiente de sidra,https://www.espiritusdeespana.es/,Nivel inicial intuitivo; revisar/ajustar con datos de jugadores.
28,Licores,Nombra un elemento de la categoría «Licores».,Licor de guindas,licordeguindas,5,🕳️ 5 · Abismo,Licor de guindas,https://www.espiritusdeespana.es/,Nivel inicial intuitivo; revisar/ajustar con datos de jugadores.
28,Licores,Nombra un elemento de la categoría «Licores».,Licor de endrinas,licordeendrinas,5,🕳️ 5 · Abismo,Licor de endrinas,https://www.espiritusdeespana.es/,Nivel inicial intuitivo; revisar/ajustar con datos de jugadores.
29,Aguas minerales,Nombra un elemento de la categoría «Aguas minerales».,Solán de Cabras,solandecabras,1,🧊 1 · Punta del iceberg,Solán de Cabras,https://www.aesan.gob.es/,Nivel inicial intuitivo; revisar/ajustar con datos de jugadores.
29,Aguas minerales,Nombra un elemento de la categoría «Aguas minerales».,Font Vella,fontvella,1,🧊 1 · Punta del iceberg,Font Vella,https://www.aesan.gob.es/,Nivel inicial intuitivo; revisar/ajustar con datos de jugadores.
29,Aguas minerales,Nombra un elemento de la categoría «Aguas minerales».,Bezoya,bezoya,1,🧊 1 · Punta del iceberg,Bezoya,https://www.aesan.gob.es/,Nivel inicial intuitivo; revisar/ajustar con datos de jugadores.
29,Aguas minerales,Nombra un elemento de la categoría «Aguas minerales».,Lanjarón,lanjaron,1,🧊 1 · Punta del iceberg,Lanjarón,https://www.aesan.gob.es/,Nivel inicial intuitivo; revisar/ajustar con datos de jugadores.
29,Aguas minerales,Nombra un elemento de la categoría «Aguas minerales».,Aquabona,aquabona,2,2 · Bajo el hielo,Aquabona,https://www.aesan.gob.es/,Nivel inicial intuitivo; revisar/ajustar con datos de jugadores.
29,Aguas minerales,Nombra un elemento de la categoría «Aguas minerales».,Perrier,perrier,2,2 · Bajo el hielo,Perrier,https://www.aesan.gob.es/,Nivel inicial intuitivo; revisar/ajustar con datos de jugadores.
29,Aguas minerales,Nombra un elemento de la categoría «Aguas minerales».,Vichy Catalan,vichycatalan,2,2 · Bajo el hielo,Vichy Catalan,https://www.aesan.gob.es/,Nivel inicial intuitivo; revisar/ajustar con datos de jugadores.
29,Aguas minerales,Nombra un elemento de la categoría «Aguas minerales».,Cabreiroá,cabreiroa,2,2 · Bajo el hielo,Cabreiroá,https://www.aesan.gob.es/,Nivel inicial intuitivo; revisar/ajustar con datos de jugadores.
29,Aguas minerales,Nombra un elemento de la categoría «Aguas minerales».,Mondariz,mondariz,2,2 · Bajo el hielo,Mondariz,https://www.aesan.gob.es/,Nivel inicial intuitivo; revisar/ajustar con datos de jugadores.
29,Aguas minerales,Nombra un elemento de la categoría «Aguas minerales».,Veri,veri,2,2 · Bajo el hielo,Veri,https://www.aesan.gob.es/,Nivel inicial intuitivo; revisar/ajustar con datos de jugadores.
29,Aguas minerales,Nombra un elemento de la categoría «Aguas minerales».,Aquarel,aquarel,3,3 · Profundo,Aquarel,https://www.aesan.gob.es/,Nivel inicial intuitivo; revisar/ajustar con datos de jugadores.
29,Aguas minerales,Nombra un elemento de la categoría «Aguas minerales».,Insalus,insalus,3,3 · Profundo,Insalus,https://www.aesan.gob.es/,Nivel inicial intuitivo; revisar/ajustar con datos de jugadores.
29,Aguas minerales,Nombra un elemento de la categoría «Aguas minerales».,Viladrau,viladrau,3,3 · Profundo,Viladrau,https://www.aesan.gob.es/,Nivel inicial intuitivo; revisar/ajustar con datos de jugadores.
29,Aguas minerales,Nombra un elemento de la categoría «Aguas minerales».,Solares,solares,3,3 · Profundo,Solares,https://www.aesan.gob.es/,Nivel inicial intuitivo; revisar/ajustar con datos de jugadores.
29,Aguas minerales,Nombra un elemento de la categoría «Aguas minerales».,Fuensanta,fuensanta,3,3 · Profundo,Fuensanta,https://www.aesan.gob.es/,Nivel inicial intuitivo; revisar/ajustar con datos de jugadores.
29,Aguas minerales,Nombra un elemento de la categoría «Aguas minerales».,Carabaña,carabana,3,3 · Profundo,Carabaña,https://www.aesan.gob.es/,Nivel inicial intuitivo; revisar/ajustar con datos de jugadores.
29,Aguas minerales,Nombra un elemento de la categoría «Aguas minerales».,Sousas,sousas,4,4 · Muy profundo,Sousas,https://www.aesan.gob.es/,Nivel inicial intuitivo; revisar/ajustar con datos de jugadores.
29,Aguas minerales,Nombra un elemento de la categoría «Aguas minerales».,Sousas das Burgas,sousasdasburgas,4,4 · Muy profundo,Sousas das Burgas,https://www.aesan.gob.es/,Nivel inicial intuitivo; revisar/ajustar con datos de jugadores.
29,Aguas minerales,Nombra un elemento de la categoría «Aguas minerales».,Agua de Cuevas,aguadecuevas,4,4 · Muy profundo,Agua de Cuevas,https://www.aesan.gob.es/,Nivel inicial intuitivo; revisar/ajustar con datos de jugadores.
29,Aguas minerales,Nombra un elemento de la categoría «Aguas minerales».,Agua de Cortes,aguadecortes,4,4 · Muy profundo,Agua de Cortes,https://www.aesan.gob.es/,Nivel inicial intuitivo; revisar/ajustar con datos de jugadores.
29,Aguas minerales,Nombra un elemento de la categoría «Aguas minerales».,Fonter,fonter,4,4 · Muy profundo,Fonter,https://www.aesan.gob.es/,Nivel inicial intuitivo; revisar/ajustar con datos de jugadores.
29,Aguas minerales,Nombra un elemento de la categoría «Aguas minerales».,Font Natura,fontnatura,5,🕳️ 5 · Abismo,Font Natura,https://www.aesan.gob.es/,Nivel inicial intuitivo; revisar/ajustar con datos de jugadores.
29,Aguas minerales,Nombra un elemento de la categoría «Aguas minerales».,Monte Pinos,montepinos,5,🕳️ 5 · Abismo,Monte Pinos,https://www.aesan.gob.es/,Nivel inicial intuitivo; revisar/ajustar con datos de jugadores.
29,Aguas minerales,Nombra un elemento de la categoría «Aguas minerales».,Peñaclara,penaclara,5,🕳️ 5 · Abismo,Peñaclara,https://www.aesan.gob.es/,Nivel inicial intuitivo; revisar/ajustar con datos de jugadores.
30,Campeones de Fórmula 1,Nombra un elemento de la categoría «Campeones de Fórmula 1».,Lewis Hamilton,lewishamilton,1,🧊 1 · Punta del iceberg,Lewis Hamilton,https://www.formula1.com/en/results.html/2025/drivers.html,Nivel inicial intuitivo; revisar/ajustar con datos de jugadores.
30,Campeones de Fórmula 1,Nombra un elemento de la categoría «Campeones de Fórmula 1».,Michael Schumacher,michaelschumacher,1,🧊 1 · Punta del iceberg,Michael Schumacher,https://www.formula1.com/en/results.html/2025/drivers.html,Nivel inicial intuitivo; revisar/ajustar con datos de jugadores.
30,Campeones de Fórmula 1,Nombra un elemento de la categoría «Campeones de Fórmula 1».,Max Verstappen,maxverstappen,1,🧊 1 · Punta del iceberg,Max Verstappen,https://www.formula1.com/en/results.html/2025/drivers.html,Nivel inicial intuitivo; revisar/ajustar con datos de jugadores.
30,Campeones de Fórmula 1,Nombra un elemento de la categoría «Campeones de Fórmula 1».,Juan Manuel Fangio,juanmanuelfangio,1,🧊 1 · Punta del iceberg,Juan Manuel Fangio,https://www.formula1.com/en/results.html/2025/drivers.html,Nivel inicial intuitivo; revisar/ajustar con datos de jugadores.
30,Campeones de Fórmula 1,Nombra un elemento de la categoría «Campeones de Fórmula 1».,Alain Prost,alainprost,2,2 · Bajo el hielo,Alain Prost,https://www.formula1.com/en/results.html/2025/drivers.html,Nivel inicial intuitivo; revisar/ajustar con datos de jugadores.
30,Campeones de Fórmula 1,Nombra un elemento de la categoría «Campeones de Fórmula 1».,Sebastian Vettel,sebastianvettel,2,2 · Bajo el hielo,Sebastian Vettel,https://www.formula1.com/en/results.html/2025/drivers.html,Nivel inicial intuitivo; revisar/ajustar con datos de jugadores.
30,Campeones de Fórmula 1,Nombra un elemento de la categoría «Campeones de Fórmula 1».,Ayrton Senna,ayrtonsenna,2,2 · Bajo el hielo,Ayrton Senna,https://www.formula1.com/en/results.html/2025/drivers.html,Nivel inicial intuitivo; revisar/ajustar con datos de jugadores.
30,Campeones de Fórmula 1,Nombra un elemento de la categoría «Campeones de Fórmula 1».,Fernando Alonso,fernandoalonso,2,2 · Bajo el hielo,Fernando Alonso,https://www.formula1.com/en/results.html/2025/drivers.html,Nivel inicial intuitivo; revisar/ajustar con datos de jugadores.
30,Campeones de Fórmula 1,Nombra un elemento de la categoría «Campeones de Fórmula 1».,Jackie Stewart,jackiestewart,2,2 · Bajo el hielo,Jackie Stewart,https://www.formula1.com/en/results.html/2025/drivers.html,Nivel inicial intuitivo; revisar/ajustar con datos de jugadores.
30,Campeones de Fórmula 1,Nombra un elemento de la categoría «Campeones de Fórmula 1».,Nelson Piquet,nelsonpiquet,2,2 · Bajo el hielo,Nelson Piquet,https://www.formula1.com/en/results.html/2025/drivers.html,Nivel inicial intuitivo; revisar/ajustar con datos de jugadores.
30,Campeones de Fórmula 1,Nombra un elemento de la categoría «Campeones de Fórmula 1».,Niki Lauda,nikilauda,2,2 · Bajo el hielo,Niki Lauda,https://www.formula1.com/en/results.html/2025/drivers.html,Nivel inicial intuitivo; revisar/ajustar con datos de jugadores.
30,Campeones de Fórmula 1,Nombra un elemento de la categoría «Campeones de Fórmula 1».,Emerson Fittipaldi,emersonfittipaldi,3,3 · Profundo,Emerson Fittipaldi,https://www.formula1.com/en/results.html/2025/drivers.html,Nivel inicial intuitivo; revisar/ajustar con datos de jugadores.
30,Campeones de Fórmula 1,Nombra un elemento de la categoría «Campeones de Fórmula 1».,Jack Brabham,jackbrabham,3,3 · Profundo,Jack Brabham,https://www.formula1.com/en/results.html/2025/drivers.html,Nivel inicial intuitivo; revisar/ajustar con datos de jugadores.
30,Campeones de Fórmula 1,Nombra un elemento de la categoría «Campeones de Fórmula 1».,Jim Clark,jimclark,3,3 · Profundo,Jim Clark,https://www.formula1.com/en/results.html/2025/drivers.html,Nivel inicial intuitivo; revisar/ajustar con datos de jugadores.
30,Campeones de Fórmula 1,Nombra un elemento de la categoría «Campeones de Fórmula 1».,Graham Hill,grahamhill,3,3 · Profundo,Graham Hill,https://www.formula1.com/en/results.html/2025/drivers.html,Nivel inicial intuitivo; revisar/ajustar con datos de jugadores.
30,Campeones de Fórmula 1,Nombra un elemento de la categoría «Campeones de Fórmula 1».,Mika Häkkinen,mikahakkinen,3,3 · Profundo,Mika Häkkinen,https://www.formula1.com/en/results.html/2025/drivers.html,Nivel inicial intuitivo; revisar/ajustar con datos de jugadores.
30,Campeones de Fórmula 1,Nombra un elemento de la categoría «Campeones de Fórmula 1».,Alberto Ascari,albertoascari,3,3 · Profundo,Alberto Ascari,https://www.formula1.com/en/results.html/2025/drivers.html,Nivel inicial intuitivo; revisar/ajustar con datos de jugadores.
30,Campeones de Fórmula 1,Nombra un elemento de la categoría «Campeones de Fórmula 1».,Kimi Räikkönen,kimiraikkonen,3,3 · Profundo,Kimi Räikkönen,https://www.formula1.com/en/results.html/2025/drivers.html,Nivel inicial intuitivo; revisar/ajustar con datos de jugadores.
30,Campeones de Fórmula 1,Nombra un elemento de la categoría «Campeones de Fórmula 1».,Nigel Mansell,nigelmansell,3,3 · Profundo,Nigel Mansell,https://www.formula1.com/en/results.html/2025/drivers.html,Nivel inicial intuitivo; revisar/ajustar con datos de jugadores.
30,Campeones de Fórmula 1,Nombra un elemento de la categoría «Campeones de Fórmula 1».,Jenson Button,jensonbutton,3,3 · Profundo,Jenson Button,https://www.formula1.com/en/results.html/2025/drivers.html,Nivel inicial intuitivo; revisar/ajustar con datos de jugadores.
30,Campeones de Fórmula 1,Nombra un elemento de la categoría «Campeones de Fórmula 1».,Damon Hill,damonhill,4,4 · Muy profundo,Damon Hill,https://www.formula1.com/en/results.html/2025/drivers.html,Nivel inicial intuitivo; revisar/ajustar con datos de jugadores.
30,Campeones de Fórmula 1,Nombra un elemento de la categoría «Campeones de Fórmula 1».,Nico Rosberg,nicorosberg,4,4 · Muy profundo,Nico Rosberg,https://www.formula1.com/en/results.html/2025/drivers.html,Nivel inicial intuitivo; revisar/ajustar con datos de jugadores.
30,Campeones de Fórmula 1,Nombra un elemento de la categoría «Campeones de Fórmula 1».,Mario Andretti,marioandretti,4,4 · Muy profundo,Mario Andretti,https://www.formula1.com/en/results.html/2025/drivers.html,Nivel inicial intuitivo; revisar/ajustar con datos de jugadores.
30,Campeones de Fórmula 1,Nombra un elemento de la categoría «Campeones de Fórmula 1».,Alan Jones,alanjones,4,4 · Muy profundo,Alan Jones,https://www.formula1.com/en/results.html/2025/drivers.html,Nivel inicial intuitivo; revisar/ajustar con datos de jugadores.
30,Campeones de Fórmula 1,Nombra un elemento de la categoría «Campeones de Fórmula 1».,James Hunt,jameshunt,4,4 · Muy profundo,James Hunt,https://www.formula1.com/en/results.html/2025/drivers.html,Nivel inicial intuitivo; revisar/ajustar con datos de jugadores.
30,Campeones de Fórmula 1,Nombra un elemento de la categoría «Campeones de Fórmula 1».,Jody Scheckter,jodyscheckter,4,4 · Muy profundo,Jody Scheckter,https://www.formula1.com/en/results.html/2025/drivers.html,Nivel inicial intuitivo; revisar/ajustar con datos de jugadores.
30,Campeones de Fórmula 1,Nombra un elemento de la categoría «Campeones de Fórmula 1».,Jacques Villeneuve,jacquesvilleneuve,4,4 · Muy profundo,Jacques Villeneuve,https://www.formula1.com/en/results.html/2025/drivers.html,Nivel inicial intuitivo; revisar/ajustar con datos de jugadores.
30,Campeones de Fórmula 1,Nombra un elemento de la categoría «Campeones de Fórmula 1».,John Surtees,johnsurtees,4,4 · Muy profundo,John Surtees,https://www.formula1.com/en/results.html/2025/drivers.html,Nivel inicial intuitivo; revisar/ajustar con datos de jugadores.
30,Campeones de Fórmula 1,Nombra un elemento de la categoría «Campeones de Fórmula 1».,Keke Rosberg,kekerosberg,5,🕳️ 5 · Abismo,Keke Rosberg,https://www.formula1.com/en/results.html/2025/drivers.html,Nivel inicial intuitivo; revisar/ajustar con datos de jugadores.
30,Campeones de Fórmula 1,Nombra un elemento de la categoría «Campeones de Fórmula 1».,Jochen Rindt,jochenrindt,5,🕳️ 5 · Abismo,Jochen Rindt,https://www.formula1.com/en/results.html/2025/drivers.html,Nivel inicial intuitivo; revisar/ajustar con datos de jugadores.
30,Campeones de Fórmula 1,Nombra un elemento de la categoría «Campeones de Fórmula 1».,Denny Hulme,dennyhulme,5,🕳️ 5 · Abismo,Denny Hulme,https://www.formula1.com/en/results.html/2025/drivers.html,Nivel inicial intuitivo; revisar/ajustar con datos de jugadores.
30,Campeones de Fórmula 1,Nombra un elemento de la categoría «Campeones de Fórmula 1».,Phil Hill,philhill,5,🕳️ 5 · Abismo,Phil Hill,https://www.formula1.com/en/results.html/2025/drivers.html,Nivel inicial intuitivo; revisar/ajustar con datos de jugadores.
30,Campeones de Fórmula 1,Nombra un elemento de la categoría «Campeones de Fórmula 1».,Mike Hawthorn,mikehawthorn,5,🕳️ 5 · Abismo,Mike Hawthorn,https://www.formula1.com/en/results.html/2025/drivers.html,Nivel inicial intuitivo; revisar/ajustar con datos de jugadores.
30,Campeones de Fórmula 1,Nombra un elemento de la categoría «Campeones de Fórmula 1».,Giuseppe Farina,giuseppefarina,5,🕳️ 5 · Abismo,Giuseppe Farina,https://www.formula1.com/en/results.html/2025/drivers.html,Nivel inicial intuitivo; revisar/ajustar con datos de jugadores.
30,Campeones de Fórmula 1,Nombra un elemento de la categoría «Campeones de Fórmula 1».,Lando Norris,landonorris,4,4 · Muy profundo,Lando Norris,https://www.formula1.com/en/results.html/2025/drivers.html,Nivel inicial intuitivo; revisar/ajustar con datos de jugadores.
31,Aerolíneas,Nombra un elemento de la categoría «Aerolíneas».,Iberia,iberia,1,🧊 1 · Punta del iceberg,Iberia,https://www.iata.org/en/about/members/airline-list/,Nivel inicial intuitivo; revisar/ajustar con datos de jugadores.
31,Aerolíneas,Nombra un elemento de la categoría «Aerolíneas».,Ryanair,ryanair,1,🧊 1 · Punta del iceberg,Ryanair,https://www.iata.org/en/about/members/airline-list/,Nivel inicial intuitivo; revisar/ajustar con datos de jugadores.
31,Aerolíneas,Nombra un elemento de la categoría «Aerolíneas».,Vueling,vueling,1,🧊 1 · Punta del iceberg,Vueling,https://www.iata.org/en/about/members/airline-list/,Nivel inicial intuitivo; revisar/ajustar con datos de jugadores.
31,Aerolíneas,Nombra un elemento de la categoría «Aerolíneas».,Air Europa,aireuropa,1,🧊 1 · Punta del iceberg,Air Europa,https://www.iata.org/en/about/members/airline-list/,Nivel inicial intuitivo; revisar/ajustar con datos de jugadores.
31,Aerolíneas,Nombra un elemento de la categoría «Aerolíneas».,easyJet,easyjet,1,🧊 1 · Punta del iceberg,easyJet,https://www.iata.org/en/about/members/airline-list/,Nivel inicial intuitivo; revisar/ajustar con datos de jugadores.
31,Aerolíneas,Nombra un elemento de la categoría «Aerolíneas».,Lufthansa,lufthansa,1,🧊 1 · Punta del iceberg,Lufthansa,https://www.iata.org/en/about/members/airline-list/,Nivel inicial intuitivo; revisar/ajustar con datos de jugadores.
31,Aerolíneas,Nombra un elemento de la categoría «Aerolíneas».,Air France,airfrance,1,🧊 1 · Punta del iceberg,Air France,https://www.iata.org/en/about/members/airline-list/,Nivel inicial intuitivo; revisar/ajustar con datos de jugadores.
31,Aerolíneas,Nombra un elemento de la categoría «Aerolíneas».,British Airways,britishairways,1,🧊 1 · Punta del iceberg,British Airways,https://www.iata.org/en/about/members/airline-list/,Nivel inicial intuitivo; revisar/ajustar con datos de jugadores.
31,Aerolíneas,Nombra un elemento de la categoría «Aerolíneas».,KLM,klm,1,🧊 1 · Punta del iceberg,KLM,https://www.iata.org/en/about/members/airline-list/,Nivel inicial intuitivo; revisar/ajustar con datos de jugadores.
31,Aerolíneas,Nombra un elemento de la categoría «Aerolíneas».,Emirates,emirates,1,🧊 1 · Punta del iceberg,Emirates,https://www.iata.org/en/about/members/airline-list/,Nivel inicial intuitivo; revisar/ajustar con datos de jugadores.
31,Aerolíneas,Nombra un elemento de la categoría «Aerolíneas».,Qatar Airways,qatarairways,1,🧊 1 · Punta del iceberg,Qatar Airways,https://www.iata.org/en/about/members/airline-list/,Nivel inicial intuitivo; revisar/ajustar con datos de jugadores.
31,Aerolíneas,Nombra un elemento de la categoría «Aerolíneas».,American Airlines,americanairlines,2,2 · Bajo el hielo,American Airlines,https://www.iata.org/en/about/members/airline-list/,Nivel inicial intuitivo; revisar/ajustar con datos de jugadores.
31,Aerolíneas,Nombra un elemento de la categoría «Aerolíneas».,United Airlines,unitedairlines,2,2 · Bajo el hielo,United Airlines,https://www.iata.org/en/about/members/airline-list/,Nivel inicial intuitivo; revisar/ajustar con datos de jugadores.
31,Aerolíneas,Nombra un elemento de la categoría «Aerolíneas».,Delta Air Lines,deltaairlines,2,2 · Bajo el hielo,Delta Air Lines,https://www.iata.org/en/about/members/airline-list/,Nivel inicial intuitivo; revisar/ajustar con datos de jugadores.
31,Aerolíneas,Nombra un elemento de la categoría «Aerolíneas».,Turkish Airlines,turkishairlines,2,2 · Bajo el hielo,Turkish Airlines,https://www.iata.org/en/about/members/airline-list/,Nivel inicial intuitivo; revisar/ajustar con datos de jugadores.
31,Aerolíneas,Nombra un elemento de la categoría «Aerolíneas».,TAP Air Portugal,tapairportugal,2,2 · Bajo el hielo,TAP Air Portugal,https://www.iata.org/en/about/members/airline-list/,Nivel inicial intuitivo; revisar/ajustar con datos de jugadores.
31,Aerolíneas,Nombra un elemento de la categoría «Aerolíneas».,Swiss International Air Lines,swissinternationalairlines,2,2 · Bajo el hielo,Swiss International Air Lines,https://www.iata.org/en/about/members/airline-list/,Nivel inicial intuitivo; revisar/ajustar con datos de jugadores.
31,Aerolíneas,Nombra un elemento de la categoría «Aerolíneas».,ITA Airways,itaairways,2,2 · Bajo el hielo,ITA Airways,https://www.iata.org/en/about/members/airline-list/,Nivel inicial intuitivo; revisar/ajustar con datos de jugadores.
31,Aerolíneas,Nombra un elemento de la categoría «Aerolíneas».,Brussels Airlines,brusselsairlines,2,2 · Bajo el hielo,Brussels Airlines,https://www.iata.org/en/about/members/airline-list/,Nivel inicial intuitivo; revisar/ajustar con datos de jugadores.
31,Aerolíneas,Nombra un elemento de la categoría «Aerolíneas».,SAS,sas,2,2 · Bajo el hielo,SAS,https://www.iata.org/en/about/members/airline-list/,Nivel inicial intuitivo; revisar/ajustar con datos de jugadores.
31,Aerolíneas,Nombra un elemento de la categoría «Aerolíneas».,Finnair,finnair,2,2 · Bajo el hielo,Finnair,https://www.iata.org/en/about/members/airline-list/,Nivel inicial intuitivo; revisar/ajustar con datos de jugadores.
31,Aerolíneas,Nombra un elemento de la categoría «Aerolíneas».,Norwegian,norwegian,2,2 · Bajo el hielo,Norwegian,https://www.iata.org/en/about/members/airline-list/,Nivel inicial intuitivo; revisar/ajustar con datos de jugadores.
31,Aerolíneas,Nombra un elemento de la categoría «Aerolíneas».,Wizz Air,wizzair,2,2 · Bajo el hielo,Wizz Air,https://www.iata.org/en/about/members/airline-list/,Nivel inicial intuitivo; revisar/ajustar con datos de jugadores.
31,Aerolíneas,Nombra un elemento de la categoría «Aerolíneas».,Transavia,transavia,2,2 · Bajo el hielo,Transavia,https://www.iata.org/en/about/members/airline-list/,Nivel inicial intuitivo; revisar/ajustar con datos de jugadores.
31,Aerolíneas,Nombra un elemento de la categoría «Aerolíneas».,Eurowings,eurowings,2,2 · Bajo el hielo,Eurowings,https://www.iata.org/en/about/members/airline-list/,Nivel inicial intuitivo; revisar/ajustar con datos de jugadores.
31,Aerolíneas,Nombra un elemento de la categoría «Aerolíneas».,Aegean Airlines,aegeanairlines,3,3 · Profundo,Aegean Airlines,https://www.iata.org/en/about/members/airline-list/,Nivel inicial intuitivo; revisar/ajustar con datos de jugadores.
31,Aerolíneas,Nombra un elemento de la categoría «Aerolíneas».,Aer Lingus,aerlingus,3,3 · Profundo,Aer Lingus,https://www.iata.org/en/about/members/airline-list/,Nivel inicial intuitivo; revisar/ajustar con datos de jugadores.
31,Aerolíneas,Nombra un elemento de la categoría «Aerolíneas».,Aeroméxico,aeromexico,3,3 · Profundo,Aeroméxico,https://www.iata.org/en/about/members/airline-list/,Nivel inicial intuitivo; revisar/ajustar con datos de jugadores.
31,Aerolíneas,Nombra un elemento de la categoría «Aerolíneas».,Aerolíneas Argentinas,aerolineasargentinas,3,3 · Profundo,Aerolíneas Argentinas,https://www.iata.org/en/about/members/airline-list/,Nivel inicial intuitivo; revisar/ajustar con datos de jugadores.
31,Aerolíneas,Nombra un elemento de la categoría «Aerolíneas».,Air Canada,aircanada,3,3 · Profundo,Air Canada,https://www.iata.org/en/about/members/airline-list/,Nivel inicial intuitivo; revisar/ajustar con datos de jugadores.
31,Aerolíneas,Nombra un elemento de la categoría «Aerolíneas».,Air China,airchina,3,3 · Profundo,Air China,https://www.iata.org/en/about/members/airline-list/,Nivel inicial intuitivo; revisar/ajustar con datos de jugadores.
31,Aerolíneas,Nombra un elemento de la categoría «Aerolíneas».,Air India,airindia,3,3 · Profundo,Air India,https://www.iata.org/en/about/members/airline-list/,Nivel inicial intuitivo; revisar/ajustar con datos de jugadores.
31,Aerolíneas,Nombra un elemento de la categoría «Aerolíneas».,ANA,ana,3,3 · Profundo,ANA,https://www.iata.org/en/about/members/airline-list/,Nivel inicial intuitivo; revisar/ajustar con datos de jugadores.
31,Aerolíneas,Nombra un elemento de la categoría «Aerolíneas».,Japan Airlines,japanairlines,3,3 · Profundo,Japan Airlines,https://www.iata.org/en/about/members/airline-list/,Nivel inicial intuitivo; revisar/ajustar con datos de jugadores.
31,Aerolíneas,Nombra un elemento de la categoría «Aerolíneas».,Korean Air,koreanair,3,3 · Profundo,Korean Air,https://www.iata.org/en/about/members/airline-list/,Nivel inicial intuitivo; revisar/ajustar con datos de jugadores.
31,Aerolíneas,Nombra un elemento de la categoría «Aerolíneas».,Singapore Airlines,singaporeairlines,3,3 · Profundo,Singapore Airlines,https://www.iata.org/en/about/members/airline-list/,Nivel inicial intuitivo; revisar/ajustar con datos de jugadores.
31,Aerolíneas,Nombra un elemento de la categoría «Aerolíneas».,Cathay Pacific,cathaypacific,3,3 · Profundo,Cathay Pacific,https://www.iata.org/en/about/members/airline-list/,Nivel inicial intuitivo; revisar/ajustar con datos de jugadores.
31,Aerolíneas,Nombra un elemento de la categoría «Aerolíneas».,Etihad Airways,etihadairways,3,3 · Profundo,Etihad Airways,https://www.iata.org/en/about/members/airline-list/,Nivel inicial intuitivo; revisar/ajustar con datos de jugadores.
31,Aerolíneas,Nombra un elemento de la categoría «Aerolíneas».,Royal Air Maroc,royalairmaroc,3,3 · Profundo,Royal Air Maroc,https://www.iata.org/en/about/members/airline-list/,Nivel inicial intuitivo; revisar/ajustar con datos de jugadores.
31,Aerolíneas,Nombra un elemento de la categoría «Aerolíneas».,Royal Jordanian,royaljordanian,4,4 · Muy profundo,Royal Jordanian,https://www.iata.org/en/about/members/airline-list/,Nivel inicial intuitivo; revisar/ajustar con datos de jugadores.
31,Aerolíneas,Nombra un elemento de la categoría «Aerolíneas».,EgyptAir,egyptair,4,4 · Muy profundo,EgyptAir,https://www.iata.org/en/about/members/airline-list/,Nivel inicial intuitivo; revisar/ajustar con datos de jugadores.
31,Aerolíneas,Nombra un elemento de la categoría «Aerolíneas».,Kenya Airways,kenyaairways,4,4 · Muy profundo,Kenya Airways,https://www.iata.org/en/about/members/airline-list/,Nivel inicial intuitivo; revisar/ajustar con datos de jugadores.
31,Aerolíneas,Nombra un elemento de la categoría «Aerolíneas».,Ethiopian Airlines,ethiopianairlines,4,4 · Muy profundo,Ethiopian Airlines,https://www.iata.org/en/about/members/airline-list/,Nivel inicial intuitivo; revisar/ajustar con datos de jugadores.
31,Aerolíneas,Nombra un elemento de la categoría «Aerolíneas».,South African Airways,southafricanairways,4,4 · Muy profundo,South African Airways,https://www.iata.org/en/about/members/airline-list/,Nivel inicial intuitivo; revisar/ajustar con datos de jugadores.
31,Aerolíneas,Nombra un elemento de la categoría «Aerolíneas».,LATAM,latam,4,4 · Muy profundo,LATAM,https://www.iata.org/en/about/members/airline-list/,Nivel inicial intuitivo; revisar/ajustar con datos de jugadores.
31,Aerolíneas,Nombra un elemento de la categoría «Aerolíneas».,Avianca,avianca,4,4 · Muy profundo,Avianca,https://www.iata.org/en/about/members/airline-list/,Nivel inicial intuitivo; revisar/ajustar con datos de jugadores.
31,Aerolíneas,Nombra un elemento de la categoría «Aerolíneas».,Copa Airlines,copaairlines,4,4 · Muy profundo,Copa Airlines,https://www.iata.org/en/about/members/airline-list/,Nivel inicial intuitivo; revisar/ajustar con datos de jugadores.
31,Aerolíneas,Nombra un elemento de la categoría «Aerolíneas».,Azul,azul,4,4 · Muy profundo,Azul,https://www.iata.org/en/about/members/airline-list/,Nivel inicial intuitivo; revisar/ajustar con datos de jugadores.
31,Aerolíneas,Nombra un elemento de la categoría «Aerolíneas».,GOL,gol,4,4 · Muy profundo,GOL,https://www.iata.org/en/about/members/airline-list/,Nivel inicial intuitivo; revisar/ajustar con datos de jugadores.
31,Aerolíneas,Nombra un elemento de la categoría «Aerolíneas».,JetBlue,jetblue,4,4 · Muy profundo,JetBlue,https://www.iata.org/en/about/members/airline-list/,Nivel inicial intuitivo; revisar/ajustar con datos de jugadores.
31,Aerolíneas,Nombra un elemento de la categoría «Aerolíneas».,Alaska Airlines,alaskaairlines,4,4 · Muy profundo,Alaska Airlines,https://www.iata.org/en/about/members/airline-list/,Nivel inicial intuitivo; revisar/ajustar con datos de jugadores.
31,Aerolíneas,Nombra un elemento de la categoría «Aerolíneas».,Allegiant Air,allegiantair,5,🕳️ 5 · Abismo,Allegiant Air,https://www.iata.org/en/about/members/airline-list/,Nivel inicial intuitivo; revisar/ajustar con datos de jugadores.
31,Aerolíneas,Nombra un elemento de la categoría «Aerolíneas».,Sun Country Airlines,suncountryairlines,5,🕳️ 5 · Abismo,Sun Country Airlines,https://www.iata.org/en/about/members/airline-list/,Nivel inicial intuitivo; revisar/ajustar con datos de jugadores.
31,Aerolíneas,Nombra un elemento de la categoría «Aerolíneas».,Hawaiian Airlines,hawaiianairlines,5,🕳️ 5 · Abismo,Hawaiian Airlines,https://www.iata.org/en/about/members/airline-list/,Nivel inicial intuitivo; revisar/ajustar con datos de jugadores.
31,Aerolíneas,Nombra un elemento de la categoría «Aerolíneas».,Fiji Airways,fijiairways,5,🕳️ 5 · Abismo,Fiji Airways,https://www.iata.org/en/about/members/airline-list/,Nivel inicial intuitivo; revisar/ajustar con datos de jugadores.
31,Aerolíneas,Nombra un elemento de la categoría «Aerolíneas».,Air New Zealand,airnewzealand,5,🕳️ 5 · Abismo,Air New Zealand,https://www.iata.org/en/about/members/airline-list/,Nivel inicial intuitivo; revisar/ajustar con datos de jugadores.
31,Aerolíneas,Nombra un elemento de la categoría «Aerolíneas».,Air Tahiti Nui,airtahitinui,5,🕳️ 5 · Abismo,Air Tahiti Nui,https://www.iata.org/en/about/members/airline-list/,Nivel inicial intuitivo; revisar/ajustar con datos de jugadores.
32,Ganadores de la Champions League,Nombra un elemento de la categoría «Ganadores de la Champions League».,Real Madrid,realmadrid,1,🧊 1 · Punta del iceberg,Real Madrid,https://www.uefa.com/uefachampionsleague/history/winners/,Nivel inicial intuitivo; revisar/ajustar con datos de jugadores.
32,Ganadores de la Champions League,Nombra un elemento de la categoría «Ganadores de la Champions League».,FC Barcelona,fcbarcelona,1,🧊 1 · Punta del iceberg,FC Barcelona,https://www.uefa.com/uefachampionsleague/history/winners/,Nivel inicial intuitivo; revisar/ajustar con datos de jugadores.
32,Ganadores de la Champions League,Nombra un elemento de la categoría «Ganadores de la Champions League».,AC Milan,acmilan,1,🧊 1 · Punta del iceberg,AC Milan,https://www.uefa.com/uefachampionsleague/history/winners/,Nivel inicial intuitivo; revisar/ajustar con datos de jugadores.
32,Ganadores de la Champions League,Nombra un elemento de la categoría «Ganadores de la Champions League».,Bayern Múnich,bayernmunich,1,🧊 1 · Punta del iceberg,Bayern Múnich,https://www.uefa.com/uefachampionsleague/history/winners/,Nivel inicial intuitivo; revisar/ajustar con datos de jugadores.
32,Ganadores de la Champions League,Nombra un elemento de la categoría «Ganadores de la Champions League».,Liverpool,liverpool,2,2 · Bajo el hielo,Liverpool,https://www.uefa.com/uefachampionsleague/history/winners/,Nivel inicial intuitivo; revisar/ajustar con datos de jugadores.
32,Ganadores de la Champions League,Nombra un elemento de la categoría «Ganadores de la Champions League».,Manchester United,manchesterunited,2,2 · Bajo el hielo,Manchester United,https://www.uefa.com/uefachampionsleague/history/winners/,Nivel inicial intuitivo; revisar/ajustar con datos de jugadores.
32,Ganadores de la Champions League,Nombra un elemento de la categoría «Ganadores de la Champions League».,Inter de Milán,interdemilan,2,2 · Bajo el hielo,Inter de Milán,https://www.uefa.com/uefachampionsleague/history/winners/,Nivel inicial intuitivo; revisar/ajustar con datos de jugadores.
32,Ganadores de la Champions League,Nombra un elemento de la categoría «Ganadores de la Champions League».,Ajax,ajax,2,2 · Bajo el hielo,Ajax,https://www.uefa.com/uefachampionsleague/history/winners/,Nivel inicial intuitivo; revisar/ajustar con datos de jugadores.
32,Ganadores de la Champions League,Nombra un elemento de la categoría «Ganadores de la Champions League».,Juventus,juventus,2,2 · Bajo el hielo,Juventus,https://www.uefa.com/uefachampionsleague/history/winners/,Nivel inicial intuitivo; revisar/ajustar con datos de jugadores.
32,Ganadores de la Champions League,Nombra un elemento de la categoría «Ganadores de la Champions League».,Benfica,benfica,3,3 · Profundo,Benfica,https://www.uefa.com/uefachampionsleague/history/winners/,Nivel inicial intuitivo; revisar/ajustar con datos de jugadores.
32,Ganadores de la Champions League,Nombra un elemento de la categoría «Ganadores de la Champions League».,Porto,porto,3,3 · Profundo,Porto,https://www.uefa.com/uefachampionsleague/history/winners/,Nivel inicial intuitivo; revisar/ajustar con datos de jugadores.
32,Ganadores de la Champions League,Nombra un elemento de la categoría «Ganadores de la Champions League».,Chelsea,chelsea,3,3 · Profundo,Chelsea,https://www.uefa.com/uefachampionsleague/history/winners/,Nivel inicial intuitivo; revisar/ajustar con datos de jugadores.
32,Ganadores de la Champions League,Nombra un elemento de la categoría «Ganadores de la Champions League».,Manchester City,manchestercity,3,3 · Profundo,Manchester City,https://www.uefa.com/uefachampionsleague/history/winners/,Nivel inicial intuitivo; revisar/ajustar con datos de jugadores.
32,Ganadores de la Champions League,Nombra un elemento de la categoría «Ganadores de la Champions League».,Nottingham Forest,nottinghamforest,3,3 · Profundo,Nottingham Forest,https://www.uefa.com/uefachampionsleague/history/winners/,Nivel inicial intuitivo; revisar/ajustar con datos de jugadores.
32,Ganadores de la Champions League,Nombra un elemento de la categoría «Ganadores de la Champions League».,Borussia Dortmund,borussiadortmund,3,3 · Profundo,Borussia Dortmund,https://www.uefa.com/uefachampionsleague/history/winners/,Nivel inicial intuitivo; revisar/ajustar con datos de jugadores.
32,Ganadores de la Champions League,Nombra un elemento de la categoría «Ganadores de la Champions League».,Aston Villa,astonvilla,4,4 · Muy profundo,Aston Villa,https://www.uefa.com/uefachampionsleague/history/winners/,Nivel inicial intuitivo; revisar/ajustar con datos de jugadores.
32,Ganadores de la Champions League,Nombra un elemento de la categoría «Ganadores de la Champions League».,Feyenoord,feyenoord,4,4 · Muy profundo,Feyenoord,https://www.uefa.com/uefachampionsleague/history/winners/,Nivel inicial intuitivo; revisar/ajustar con datos de jugadores.
32,Ganadores de la Champions League,Nombra un elemento de la categoría «Ganadores de la Champions League».,PSV Eindhoven,psveindhoven,4,4 · Muy profundo,PSV Eindhoven,https://www.uefa.com/uefachampionsleague/history/winners/,Nivel inicial intuitivo; revisar/ajustar con datos de jugadores.
32,Ganadores de la Champions League,Nombra un elemento de la categoría «Ganadores de la Champions League».,Olympique de Marseille,olympiquedemarseille,4,4 · Muy profundo,Olympique de Marseille,https://www.uefa.com/uefachampionsleague/history/winners/,Nivel inicial intuitivo; revisar/ajustar con datos de jugadores.
32,Ganadores de la Champions League,Nombra un elemento de la categoría «Ganadores de la Champions League».,Steaua Bucarest,steauabucarest,5,🕳️ 5 · Abismo,Steaua Bucarest,https://www.uefa.com/uefachampionsleague/history/winners/,Nivel inicial intuitivo; revisar/ajustar con datos de jugadores.
32,Ganadores de la Champions League,Nombra un elemento de la categoría «Ganadores de la Champions League».,Celtic,celtic,5,🕳️ 5 · Abismo,Celtic,https://www.uefa.com/uefachampionsleague/history/winners/,Nivel inicial intuitivo; revisar/ajustar con datos de jugadores.
32,Ganadores de la Champions League,Nombra un elemento de la categoría «Ganadores de la Champions League».,Hamburgo,hamburgo,5,🕳️ 5 · Abismo,Hamburgo,https://www.uefa.com/uefachampionsleague/history/winners/,Nivel inicial intuitivo; revisar/ajustar con datos de jugadores.
32,Ganadores de la Champions League,Nombra un elemento de la categoría «Ganadores de la Champions League».,Estrella Roja,estrellaroja,5,🕳️ 5 · Abismo,Estrella Roja,https://www.uefa.com/uefachampionsleague/history/winners/,Nivel inicial intuitivo; revisar/ajustar con datos de jugadores.
32,Ganadores de la Champions League,Nombra un elemento de la categoría «Ganadores de la Champions League».,Paris Saint-Germain,parissaintgermain,4,4 · Muy profundo,Paris Saint-Germain,https://www.uefa.com/uefachampionsleague/history/winners/,Nivel inicial intuitivo; revisar/ajustar con datos de jugadores.
33,Deportes acuáticos,Nombra un elemento de la categoría «Deportes acuáticos».,Natación,natacion,1,🧊 1 · Punta del iceberg,Natación,https://www.olympics.com/en/sports/,Nivel inicial intuitivo; revisar/ajustar con datos de jugadores.
33,Deportes acuáticos,Nombra un elemento de la categoría «Deportes acuáticos».,Surf,surf,1,🧊 1 · Punta del iceberg,Surf,https://www.olympics.com/en/sports/,Nivel inicial intuitivo; revisar/ajustar con datos de jugadores.
33,Deportes acuáticos,Nombra un elemento de la categoría «Deportes acuáticos».,Waterpolo,waterpolo,1,🧊 1 · Punta del iceberg,Waterpolo,https://www.olympics.com/en/sports/,Nivel inicial intuitivo; revisar/ajustar con datos de jugadores.
33,Deportes acuáticos,Nombra un elemento de la categoría «Deportes acuáticos».,Buceo,buceo,2,2 · Bajo el hielo,Buceo,https://www.olympics.com/en/sports/,Nivel inicial intuitivo; revisar/ajustar con datos de jugadores.
33,Deportes acuáticos,Nombra un elemento de la categoría «Deportes acuáticos».,Windsurf,windsurf,2,2 · Bajo el hielo,Windsurf,https://www.olympics.com/en/sports/,Nivel inicial intuitivo; revisar/ajustar con datos de jugadores.
33,Deportes acuáticos,Nombra un elemento de la categoría «Deportes acuáticos».,Kitesurf,kitesurf,2,2 · Bajo el hielo,Kitesurf,https://www.olympics.com/en/sports/,Nivel inicial intuitivo; revisar/ajustar con datos de jugadores.
33,Deportes acuáticos,Nombra un elemento de la categoría «Deportes acuáticos».,Piragüismo,piraguismo,2,2 · Bajo el hielo,Piragüismo,https://www.olympics.com/en/sports/,Nivel inicial intuitivo; revisar/ajustar con datos de jugadores.
33,Deportes acuáticos,Nombra un elemento de la categoría «Deportes acuáticos».,Remo,remo,2,2 · Bajo el hielo,Remo,https://www.olympics.com/en/sports/,Nivel inicial intuitivo; revisar/ajustar con datos de jugadores.
33,Deportes acuáticos,Nombra un elemento de la categoría «Deportes acuáticos».,Vela,vela,2,2 · Bajo el hielo,Vela,https://www.olympics.com/en/sports/,Nivel inicial intuitivo; revisar/ajustar con datos de jugadores.
33,Deportes acuáticos,Nombra un elemento de la categoría «Deportes acuáticos».,Esquí acuático,esquiacuatico,3,3 · Profundo,Esquí acuático,https://www.olympics.com/en/sports/,Nivel inicial intuitivo; revisar/ajustar con datos de jugadores.
33,Deportes acuáticos,Nombra un elemento de la categoría «Deportes acuáticos».,Paddle surf,paddlesurf,3,3 · Profundo,Paddle surf,https://www.olympics.com/en/sports/,Nivel inicial intuitivo; revisar/ajustar con datos de jugadores.
33,Deportes acuáticos,Nombra un elemento de la categoría «Deportes acuáticos».,Kayak,kayak,3,3 · Profundo,Kayak,https://www.olympics.com/en/sports/,Nivel inicial intuitivo; revisar/ajustar con datos de jugadores.
33,Deportes acuáticos,Nombra un elemento de la categoría «Deportes acuáticos».,Rafting,rafting,3,3 · Profundo,Rafting,https://www.olympics.com/en/sports/,Nivel inicial intuitivo; revisar/ajustar con datos de jugadores.
33,Deportes acuáticos,Nombra un elemento de la categoría «Deportes acuáticos».,Bodyboard,bodyboard,3,3 · Profundo,Bodyboard,https://www.olympics.com/en/sports/,Nivel inicial intuitivo; revisar/ajustar con datos de jugadores.
33,Deportes acuáticos,Nombra un elemento de la categoría «Deportes acuáticos».,Wakeboard,wakeboard,3,3 · Profundo,Wakeboard,https://www.olympics.com/en/sports/,Nivel inicial intuitivo; revisar/ajustar con datos de jugadores.
33,Deportes acuáticos,Nombra un elemento de la categoría «Deportes acuáticos».,Apnea,apnea,3,3 · Profundo,Apnea,https://www.olympics.com/en/sports/,Nivel inicial intuitivo; revisar/ajustar con datos de jugadores.
33,Deportes acuáticos,Nombra un elemento de la categoría «Deportes acuáticos».,Salto de trampolín,saltodetrampolin,3,3 · Profundo,Salto de trampolín,https://www.olympics.com/en/sports/,Nivel inicial intuitivo; revisar/ajustar con datos de jugadores.
33,Deportes acuáticos,Nombra un elemento de la categoría «Deportes acuáticos».,Natación artística,natacionartistica,4,4 · Muy profundo,Natación artística,https://www.olympics.com/en/sports/,Nivel inicial intuitivo; revisar/ajustar con datos de jugadores.
33,Deportes acuáticos,Nombra un elemento de la categoría «Deportes acuáticos».,Natación en aguas abiertas,natacionenaguasabiertas,4,4 · Muy profundo,Natación en aguas abiertas,https://www.olympics.com/en/sports/,Nivel inicial intuitivo; revisar/ajustar con datos de jugadores.
33,Deportes acuáticos,Nombra un elemento de la categoría «Deportes acuáticos».,Piragüismo eslalon,piraguismoeslalon,4,4 · Muy profundo,Piragüismo eslalon,https://www.olympics.com/en/sports/,Nivel inicial intuitivo; revisar/ajustar con datos de jugadores.
33,Deportes acuáticos,Nombra un elemento de la categoría «Deportes acuáticos».,Piragüismo sprint,piraguismosprint,4,4 · Muy profundo,Piragüismo sprint,https://www.olympics.com/en/sports/,Nivel inicial intuitivo; revisar/ajustar con datos de jugadores.
33,Deportes acuáticos,Nombra un elemento de la categoría «Deportes acuáticos».,Hidrospeed,hidrospeed,4,4 · Muy profundo,Hidrospeed,https://www.olympics.com/en/sports/,Nivel inicial intuitivo; revisar/ajustar con datos de jugadores.
33,Deportes acuáticos,Nombra un elemento de la categoría «Deportes acuáticos».,Skimboard,skimboard,4,4 · Muy profundo,Skimboard,https://www.olympics.com/en/sports/,Nivel inicial intuitivo; revisar/ajustar con datos de jugadores.
33,Deportes acuáticos,Nombra un elemento de la categoría «Deportes acuáticos».,Foil,foil,5,🕳️ 5 · Abismo,Foil,https://www.olympics.com/en/sports/,Nivel inicial intuitivo; revisar/ajustar con datos de jugadores.
33,Deportes acuáticos,Nombra un elemento de la categoría «Deportes acuáticos».,Wakesurf,wakesurf,5,🕳️ 5 · Abismo,Wakesurf,https://www.olympics.com/en/sports/,Nivel inicial intuitivo; revisar/ajustar con datos de jugadores.
33,Deportes acuáticos,Nombra un elemento de la categoría «Deportes acuáticos».,Windsurf freestyle,windsurffreestyle,5,🕳️ 5 · Abismo,Windsurf freestyle,https://www.olympics.com/en/sports/,Nivel inicial intuitivo; revisar/ajustar con datos de jugadores.
33,Deportes acuáticos,Nombra un elemento de la categoría «Deportes acuáticos».,Kitesurf foil,kitesurffoil,5,🕳️ 5 · Abismo,Kitesurf foil,https://www.olympics.com/en/sports/,Nivel inicial intuitivo; revisar/ajustar con datos de jugadores.
34,Deportes de raqueta,Nombra un elemento de la categoría «Deportes de raqueta».,Tenis,tenis,1,🧊 1 · Punta del iceberg,Tenis,https://www.itftennis.com/,Nivel inicial intuitivo; revisar/ajustar con datos de jugadores.
34,Deportes de raqueta,Nombra un elemento de la categoría «Deportes de raqueta».,Pádel,padel,1,🧊 1 · Punta del iceberg,Pádel,https://www.itftennis.com/,Nivel inicial intuitivo; revisar/ajustar con datos de jugadores.
34,Deportes de raqueta,Nombra un elemento de la categoría «Deportes de raqueta».,Bádminton,badminton,2,2 · Bajo el hielo,Bádminton,https://www.itftennis.com/,Nivel inicial intuitivo; revisar/ajustar con datos de jugadores.
34,Deportes de raqueta,Nombra un elemento de la categoría «Deportes de raqueta».,Ping-pong,pingpong,2,2 · Bajo el hielo,Ping-pong,https://www.itftennis.com/,Nivel inicial intuitivo; revisar/ajustar con datos de jugadores.
34,Deportes de raqueta,Nombra un elemento de la categoría «Deportes de raqueta».,Squash,squash,2,2 · Bajo el hielo,Squash,https://www.itftennis.com/,Nivel inicial intuitivo; revisar/ajustar con datos de jugadores.
34,Deportes de raqueta,Nombra un elemento de la categoría «Deportes de raqueta».,Frontón,fronton,3,3 · Profundo,Frontón,https://www.itftennis.com/,Nivel inicial intuitivo; revisar/ajustar con datos de jugadores.
34,Deportes de raqueta,Nombra un elemento de la categoría «Deportes de raqueta».,Pickleball,pickleball,3,3 · Profundo,Pickleball,https://www.itftennis.com/,Nivel inicial intuitivo; revisar/ajustar con datos de jugadores.
34,Deportes de raqueta,Nombra un elemento de la categoría «Deportes de raqueta».,Tenis de mesa,tenisdemesa,3,3 · Profundo,Tenis de mesa,https://www.itftennis.com/,Nivel inicial intuitivo; revisar/ajustar con datos de jugadores.
34,Deportes de raqueta,Nombra un elemento de la categoría «Deportes de raqueta».,Racquetball,racquetball,4,4 · Muy profundo,Racquetball,https://www.itftennis.com/,Nivel inicial intuitivo; revisar/ajustar con datos de jugadores.
34,Deportes de raqueta,Nombra un elemento de la categoría «Deportes de raqueta».,Pelota vasca,pelotavasca,4,4 · Muy profundo,Pelota vasca,https://www.itftennis.com/,Nivel inicial intuitivo; revisar/ajustar con datos de jugadores.
34,Deportes de raqueta,Nombra un elemento de la categoría «Deportes de raqueta».,Jai alai,jaialai,4,4 · Muy profundo,Jai alai,https://www.itftennis.com/,Nivel inicial intuitivo; revisar/ajustar con datos de jugadores.
34,Deportes de raqueta,Nombra un elemento de la categoría «Deportes de raqueta».,Paleta goma,paletagoma,5,🕳️ 5 · Abismo,Paleta goma,https://www.itftennis.com/,Nivel inicial intuitivo; revisar/ajustar con datos de jugadores.
34,Deportes de raqueta,Nombra un elemento de la categoría «Deportes de raqueta».,Paleta cuero,paletacuero,5,🕳️ 5 · Abismo,Paleta cuero,https://www.itftennis.com/,Nivel inicial intuitivo; revisar/ajustar con datos de jugadores.
34,Deportes de raqueta,Nombra un elemento de la categoría «Deportes de raqueta».,Cesta punta,cestapunta,5,🕳️ 5 · Abismo,Cesta punta,https://www.itftennis.com/,Nivel inicial intuitivo; revisar/ajustar con datos de jugadores.
35,Consolas,Nombra un elemento de la categoría «Consolas».,PlayStation 5,playstation5,1,🧊 1 · Punta del iceberg,PlayStation 5,https://www.nintendo.com/,Nivel inicial intuitivo; revisar/ajustar con datos de jugadores.
35,Consolas,Nombra un elemento de la categoría «Consolas».,PlayStation 4,playstation4,1,🧊 1 · Punta del iceberg,PlayStation 4,https://www.nintendo.com/,Nivel inicial intuitivo; revisar/ajustar con datos de jugadores.
35,Consolas,Nombra un elemento de la categoría «Consolas».,Nintendo Switch,nintendoswitch,1,🧊 1 · Punta del iceberg,Nintendo Switch,https://www.nintendo.com/,Nivel inicial intuitivo; revisar/ajustar con datos de jugadores.
35,Consolas,Nombra un elemento de la categoría «Consolas».,Xbox Series X,xboxseriesx,1,🧊 1 · Punta del iceberg,Xbox Series X,https://www.nintendo.com/,Nivel inicial intuitivo; revisar/ajustar con datos de jugadores.
35,Consolas,Nombra un elemento de la categoría «Consolas».,Xbox One,xboxone,1,🧊 1 · Punta del iceberg,Xbox One,https://www.nintendo.com/,Nivel inicial intuitivo; revisar/ajustar con datos de jugadores.
35,Consolas,Nombra un elemento de la categoría «Consolas».,Nintendo 3DS,nintendo3ds,2,2 · Bajo el hielo,Nintendo 3DS,https://www.nintendo.com/,Nivel inicial intuitivo; revisar/ajustar con datos de jugadores.
35,Consolas,Nombra un elemento de la categoría «Consolas».,Nintendo DS,nintendods,2,2 · Bajo el hielo,Nintendo DS,https://www.nintendo.com/,Nivel inicial intuitivo; revisar/ajustar con datos de jugadores.
35,Consolas,Nombra un elemento de la categoría «Consolas».,Wii,wii,2,2 · Bajo el hielo,Wii,https://www.nintendo.com/,Nivel inicial intuitivo; revisar/ajustar con datos de jugadores.
35,Consolas,Nombra un elemento de la categoría «Consolas».,PlayStation 3,playstation3,2,2 · Bajo el hielo,PlayStation 3,https://www.nintendo.com/,Nivel inicial intuitivo; revisar/ajustar con datos de jugadores.
35,Consolas,Nombra un elemento de la categoría «Consolas».,PlayStation 2,playstation2,2,2 · Bajo el hielo,PlayStation 2,https://www.nintendo.com/,Nivel inicial intuitivo; revisar/ajustar con datos de jugadores.
35,Consolas,Nombra un elemento de la categoría «Consolas».,Xbox 360,xbox360,2,2 · Bajo el hielo,Xbox 360,https://www.nintendo.com/,Nivel inicial intuitivo; revisar/ajustar con datos de jugadores.
35,Consolas,Nombra un elemento de la categoría «Consolas».,PSP,psp,3,3 · Profundo,PSP,https://www.nintendo.com/,Nivel inicial intuitivo; revisar/ajustar con datos de jugadores.
35,Consolas,Nombra un elemento de la categoría «Consolas».,PlayStation Vita,playstationvita,3,3 · Profundo,PlayStation Vita,https://www.nintendo.com/,Nivel inicial intuitivo; revisar/ajustar con datos de jugadores.
35,Consolas,Nombra un elemento de la categoría «Consolas».,Game Boy,gameboy,3,3 · Profundo,Game Boy,https://www.nintendo.com/,Nivel inicial intuitivo; revisar/ajustar con datos de jugadores.
35,Consolas,Nombra un elemento de la categoría «Consolas».,Game Boy Color,gameboycolor,3,3 · Profundo,Game Boy Color,https://www.nintendo.com/,Nivel inicial intuitivo; revisar/ajustar con datos de jugadores.
35,Consolas,Nombra un elemento de la categoría «Consolas».,Game Boy Advance,gameboyadvance,3,3 · Profundo,Game Boy Advance,https://www.nintendo.com/,Nivel inicial intuitivo; revisar/ajustar con datos de jugadores.
35,Consolas,Nombra un elemento de la categoría «Consolas».,Nintendo 64,nintendo64,3,3 · Profundo,Nintendo 64,https://www.nintendo.com/,Nivel inicial intuitivo; revisar/ajustar con datos de jugadores.
35,Consolas,Nombra un elemento de la categoría «Consolas».,GameCube,gamecube,3,3 · Profundo,GameCube,https://www.nintendo.com/,Nivel inicial intuitivo; revisar/ajustar con datos de jugadores.
35,Consolas,Nombra un elemento de la categoría «Consolas».,Wii U,wiiu,3,3 · Profundo,Wii U,https://www.nintendo.com/,Nivel inicial intuitivo; revisar/ajustar con datos de jugadores.
35,Consolas,Nombra un elemento de la categoría «Consolas».,Dreamcast,dreamcast,4,4 · Muy profundo,Dreamcast,https://www.nintendo.com/,Nivel inicial intuitivo; revisar/ajustar con datos de jugadores.
35,Consolas,Nombra un elemento de la categoría «Consolas».,Sega Saturn,segasaturn,4,4 · Muy profundo,Sega Saturn,https://www.nintendo.com/,Nivel inicial intuitivo; revisar/ajustar con datos de jugadores.
35,Consolas,Nombra un elemento de la categoría «Consolas».,Mega Drive,megadrive,4,4 · Muy profundo,Mega Drive,https://www.nintendo.com/,Nivel inicial intuitivo; revisar/ajustar con datos de jugadores.
35,Consolas,Nombra un elemento de la categoría «Consolas».,Super Nintendo,supernintendo,4,4 · Muy profundo,Super Nintendo,https://www.nintendo.com/,Nivel inicial intuitivo; revisar/ajustar con datos de jugadores.
35,Consolas,Nombra un elemento de la categoría «Consolas».,NES,nes,4,4 · Muy profundo,NES,https://www.nintendo.com/,Nivel inicial intuitivo; revisar/ajustar con datos de jugadores.
35,Consolas,Nombra un elemento de la categoría «Consolas».,Atari 2600,atari2600,4,4 · Muy profundo,Atari 2600,https://www.nintendo.com/,Nivel inicial intuitivo; revisar/ajustar con datos de jugadores.
35,Consolas,Nombra un elemento de la categoría «Consolas».,Atari 5200,atari5200,5,🕳️ 5 · Abismo,Atari 5200,https://www.nintendo.com/,Nivel inicial intuitivo; revisar/ajustar con datos de jugadores.
35,Consolas,Nombra un elemento de la categoría «Consolas».,Neo Geo,neogeo,5,🕳️ 5 · Abismo,Neo Geo,https://www.nintendo.com/,Nivel inicial intuitivo; revisar/ajustar con datos de jugadores.
35,Consolas,Nombra un elemento de la categoría «Consolas».,Neo Geo Pocket,neogeopocket,5,🕳️ 5 · Abismo,Neo Geo Pocket,https://www.nintendo.com/,Nivel inicial intuitivo; revisar/ajustar con datos de jugadores.
35,Consolas,Nombra un elemento de la categoría «Consolas».,PC Engine,pcengine,5,🕳️ 5 · Abismo,PC Engine,https://www.nintendo.com/,Nivel inicial intuitivo; revisar/ajustar con datos de jugadores.
35,Consolas,Nombra un elemento de la categoría «Consolas».,3DO,3do,5,🕳️ 5 · Abismo,3DO,https://www.nintendo.com/,Nivel inicial intuitivo; revisar/ajustar con datos de jugadores.
36,Videojuegos arcade,Nombra un elemento de la categoría «Videojuegos arcade».,Pac-Man,pacman,1,🧊 1 · Punta del iceberg,Pac-Man,https://www.arcade-museum.com/,Nivel inicial intuitivo; revisar/ajustar con datos de jugadores.
36,Videojuegos arcade,Nombra un elemento de la categoría «Videojuegos arcade».,Space Invaders,spaceinvaders,1,🧊 1 · Punta del iceberg,Space Invaders,https://www.arcade-museum.com/,Nivel inicial intuitivo; revisar/ajustar con datos de jugadores.
36,Videojuegos arcade,Nombra un elemento de la categoría «Videojuegos arcade».,Tetris,tetris,1,🧊 1 · Punta del iceberg,Tetris,https://www.arcade-museum.com/,Nivel inicial intuitivo; revisar/ajustar con datos de jugadores.
36,Videojuegos arcade,Nombra un elemento de la categoría «Videojuegos arcade».,Donkey Kong,donkeykong,1,🧊 1 · Punta del iceberg,Donkey Kong,https://www.arcade-museum.com/,Nivel inicial intuitivo; revisar/ajustar con datos de jugadores.
36,Videojuegos arcade,Nombra un elemento de la categoría «Videojuegos arcade».,Street Fighter II,streetfighterii,1,🧊 1 · Punta del iceberg,Street Fighter II,https://www.arcade-museum.com/,Nivel inicial intuitivo; revisar/ajustar con datos de jugadores.
36,Videojuegos arcade,Nombra un elemento de la categoría «Videojuegos arcade».,Mortal Kombat,mortalkombat,1,🧊 1 · Punta del iceberg,Mortal Kombat,https://www.arcade-museum.com/,Nivel inicial intuitivo; revisar/ajustar con datos de jugadores.
36,Videojuegos arcade,Nombra un elemento de la categoría «Videojuegos arcade».,Galaga,galaga,2,2 · Bajo el hielo,Galaga,https://www.arcade-museum.com/,Nivel inicial intuitivo; revisar/ajustar con datos de jugadores.
36,Videojuegos arcade,Nombra un elemento de la categoría «Videojuegos arcade».,Frogger,frogger,2,2 · Bajo el hielo,Frogger,https://www.arcade-museum.com/,Nivel inicial intuitivo; revisar/ajustar con datos de jugadores.
36,Videojuegos arcade,Nombra un elemento de la categoría «Videojuegos arcade».,Asteroids,asteroids,2,2 · Bajo el hielo,Asteroids,https://www.arcade-museum.com/,Nivel inicial intuitivo; revisar/ajustar con datos de jugadores.
36,Videojuegos arcade,Nombra un elemento de la categoría «Videojuegos arcade».,Pong,pong,2,2 · Bajo el hielo,Pong,https://www.arcade-museum.com/,Nivel inicial intuitivo; revisar/ajustar con datos de jugadores.
36,Videojuegos arcade,Nombra un elemento de la categoría «Videojuegos arcade».,Metal Slug,metalslug,2,2 · Bajo el hielo,Metal Slug,https://www.arcade-museum.com/,Nivel inicial intuitivo; revisar/ajustar con datos de jugadores.
36,Videojuegos arcade,Nombra un elemento de la categoría «Videojuegos arcade».,Time Crisis,timecrisis,2,2 · Bajo el hielo,Time Crisis,https://www.arcade-museum.com/,Nivel inicial intuitivo; revisar/ajustar con datos de jugadores.
36,Videojuegos arcade,Nombra un elemento de la categoría «Videojuegos arcade».,House of the Dead,houseofthedead,2,2 · Bajo el hielo,House of the Dead,https://www.arcade-museum.com/,Nivel inicial intuitivo; revisar/ajustar con datos de jugadores.
36,Videojuegos arcade,Nombra un elemento de la categoría «Videojuegos arcade».,Tekken,tekken,2,2 · Bajo el hielo,Tekken,https://www.arcade-museum.com/,Nivel inicial intuitivo; revisar/ajustar con datos de jugadores.
36,Videojuegos arcade,Nombra un elemento de la categoría «Videojuegos arcade».,Virtua Fighter,virtuafighter,3,3 · Profundo,Virtua Fighter,https://www.arcade-museum.com/,Nivel inicial intuitivo; revisar/ajustar con datos de jugadores.
36,Videojuegos arcade,Nombra un elemento de la categoría «Videojuegos arcade».,Crazy Taxi,crazytaxi,3,3 · Profundo,Crazy Taxi,https://www.arcade-museum.com/,Nivel inicial intuitivo; revisar/ajustar con datos de jugadores.
36,Videojuegos arcade,Nombra un elemento de la categoría «Videojuegos arcade».,Daytona USA,daytonausa,3,3 · Profundo,Daytona USA,https://www.arcade-museum.com/,Nivel inicial intuitivo; revisar/ajustar con datos de jugadores.
36,Videojuegos arcade,Nombra un elemento de la categoría «Videojuegos arcade».,OutRun,outrun,3,3 · Profundo,OutRun,https://www.arcade-museum.com/,Nivel inicial intuitivo; revisar/ajustar con datos de jugadores.
36,Videojuegos arcade,Nombra un elemento de la categoría «Videojuegos arcade».,After Burner,afterburner,3,3 · Profundo,After Burner,https://www.arcade-museum.com/,Nivel inicial intuitivo; revisar/ajustar con datos de jugadores.
36,Videojuegos arcade,Nombra un elemento de la categoría «Videojuegos arcade».,Golden Axe,goldenaxe,3,3 · Profundo,Golden Axe,https://www.arcade-museum.com/,Nivel inicial intuitivo; revisar/ajustar con datos de jugadores.
36,Videojuegos arcade,Nombra un elemento de la categoría «Videojuegos arcade».,Final Fight,finalfight,3,3 · Profundo,Final Fight,https://www.arcade-museum.com/,Nivel inicial intuitivo; revisar/ajustar con datos de jugadores.
36,Videojuegos arcade,Nombra un elemento de la categoría «Videojuegos arcade».,Double Dragon,doubledragon,3,3 · Profundo,Double Dragon,https://www.arcade-museum.com/,Nivel inicial intuitivo; revisar/ajustar con datos de jugadores.
36,Videojuegos arcade,Nombra un elemento de la categoría «Videojuegos arcade».,Gauntlet,gauntlet,3,3 · Profundo,Gauntlet,https://www.arcade-museum.com/,Nivel inicial intuitivo; revisar/ajustar con datos de jugadores.
36,Videojuegos arcade,Nombra un elemento de la categoría «Videojuegos arcade».,1942,1942,4,4 · Muy profundo,1942,https://www.arcade-museum.com/,Nivel inicial intuitivo; revisar/ajustar con datos de jugadores.
36,Videojuegos arcade,Nombra un elemento de la categoría «Videojuegos arcade».,Raiden,raiden,4,4 · Muy profundo,Raiden,https://www.arcade-museum.com/,Nivel inicial intuitivo; revisar/ajustar con datos de jugadores.
36,Videojuegos arcade,Nombra un elemento de la categoría «Videojuegos arcade».,Darius,darius,4,4 · Muy profundo,Darius,https://www.arcade-museum.com/,Nivel inicial intuitivo; revisar/ajustar con datos de jugadores.
36,Videojuegos arcade,Nombra un elemento de la categoría «Videojuegos arcade».,R-Type,rtype,4,4 · Muy profundo,R-Type,https://www.arcade-museum.com/,Nivel inicial intuitivo; revisar/ajustar con datos de jugadores.
36,Videojuegos arcade,Nombra un elemento de la categoría «Videojuegos arcade».,Gradius,gradius,4,4 · Muy profundo,Gradius,https://www.arcade-museum.com/,Nivel inicial intuitivo; revisar/ajustar con datos de jugadores.
36,Videojuegos arcade,Nombra un elemento de la categoría «Videojuegos arcade».,Ikaruga,ikaruga,4,4 · Muy profundo,Ikaruga,https://www.arcade-museum.com/,Nivel inicial intuitivo; revisar/ajustar con datos de jugadores.
36,Videojuegos arcade,Nombra un elemento de la categoría «Videojuegos arcade».,Q*bert,qbert,4,4 · Muy profundo,Q*bert,https://www.arcade-museum.com/,Nivel inicial intuitivo; revisar/ajustar con datos de jugadores.
36,Videojuegos arcade,Nombra un elemento de la categoría «Videojuegos arcade».,Defender,defender,4,4 · Muy profundo,Defender,https://www.arcade-museum.com/,Nivel inicial intuitivo; revisar/ajustar con datos de jugadores.
36,Videojuegos arcade,Nombra un elemento de la categoría «Videojuegos arcade».,Dig Dug,digdug,4,4 · Muy profundo,Dig Dug,https://www.arcade-museum.com/,Nivel inicial intuitivo; revisar/ajustar con datos de jugadores.
36,Videojuegos arcade,Nombra un elemento de la categoría «Videojuegos arcade».,Bubble Bobble,bubblebobble,4,4 · Muy profundo,Bubble Bobble,https://www.arcade-museum.com/,Nivel inicial intuitivo; revisar/ajustar con datos de jugadores.
36,Videojuegos arcade,Nombra un elemento de la categoría «Videojuegos arcade».,Xevious,xevious,5,🕳️ 5 · Abismo,Xevious,https://www.arcade-museum.com/,Nivel inicial intuitivo; revisar/ajustar con datos de jugadores.
36,Videojuegos arcade,Nombra un elemento de la categoría «Videojuegos arcade».,Gyruss,gyruss,5,🕳️ 5 · Abismo,Gyruss,https://www.arcade-museum.com/,Nivel inicial intuitivo; revisar/ajustar con datos de jugadores.
36,Videojuegos arcade,Nombra un elemento de la categoría «Videojuegos arcade».,Joust,joust,5,🕳️ 5 · Abismo,Joust,https://www.arcade-museum.com/,Nivel inicial intuitivo; revisar/ajustar con datos de jugadores.
36,Videojuegos arcade,Nombra un elemento de la categoría «Videojuegos arcade».,Robotron 2084,robotron2084,5,🕳️ 5 · Abismo,Robotron 2084,https://www.arcade-museum.com/,Nivel inicial intuitivo; revisar/ajustar con datos de jugadores.
36,Videojuegos arcade,Nombra un elemento de la categoría «Videojuegos arcade».,Tempest,tempest,5,🕳️ 5 · Abismo,Tempest,https://www.arcade-museum.com/,Nivel inicial intuitivo; revisar/ajustar con datos de jugadores.
36,Videojuegos arcade,Nombra un elemento de la categoría «Videojuegos arcade».,Zaxxon,zaxxon,5,🕳️ 5 · Abismo,Zaxxon,https://www.arcade-museum.com/,Nivel inicial intuitivo; revisar/ajustar con datos de jugadores.
37,Personajes de Mario,Nombra un elemento de la categoría «Personajes de Mario».,Mario,mario,1,🧊 1 · Punta del iceberg,Mario,https://www.nintendo.com/,Nivel inicial intuitivo; revisar/ajustar con datos de jugadores.
37,Personajes de Mario,Nombra un elemento de la categoría «Personajes de Mario».,Luigi,luigi,1,🧊 1 · Punta del iceberg,Luigi,https://www.nintendo.com/,Nivel inicial intuitivo; revisar/ajustar con datos de jugadores.
37,Personajes de Mario,Nombra un elemento de la categoría «Personajes de Mario».,Peach,peach,1,🧊 1 · Punta del iceberg,Peach,https://www.nintendo.com/,Nivel inicial intuitivo; revisar/ajustar con datos de jugadores.
37,Personajes de Mario,Nombra un elemento de la categoría «Personajes de Mario».,Bowser,bowser,1,🧊 1 · Punta del iceberg,Bowser,https://www.nintendo.com/,Nivel inicial intuitivo; revisar/ajustar con datos de jugadores.
37,Personajes de Mario,Nombra un elemento de la categoría «Personajes de Mario».,Yoshi,yoshi,1,🧊 1 · Punta del iceberg,Yoshi,https://www.nintendo.com/,Nivel inicial intuitivo; revisar/ajustar con datos de jugadores.
37,Personajes de Mario,Nombra un elemento de la categoría «Personajes de Mario».,Toad,toad,1,🧊 1 · Punta del iceberg,Toad,https://www.nintendo.com/,Nivel inicial intuitivo; revisar/ajustar con datos de jugadores.
37,Personajes de Mario,Nombra un elemento de la categoría «Personajes de Mario».,Donkey Kong,donkeykong,2,2 · Bajo el hielo,Donkey Kong,https://www.nintendo.com/,Nivel inicial intuitivo; revisar/ajustar con datos de jugadores.
37,Personajes de Mario,Nombra un elemento de la categoría «Personajes de Mario».,Wario,wario,2,2 · Bajo el hielo,Wario,https://www.nintendo.com/,Nivel inicial intuitivo; revisar/ajustar con datos de jugadores.
37,Personajes de Mario,Nombra un elemento de la categoría «Personajes de Mario».,Waluigi,waluigi,2,2 · Bajo el hielo,Waluigi,https://www.nintendo.com/,Nivel inicial intuitivo; revisar/ajustar con datos de jugadores.
37,Personajes de Mario,Nombra un elemento de la categoría «Personajes de Mario».,Daisy,daisy,2,2 · Bajo el hielo,Daisy,https://www.nintendo.com/,Nivel inicial intuitivo; revisar/ajustar con datos de jugadores.
37,Personajes de Mario,Nombra un elemento de la categoría «Personajes de Mario».,Rosalina,rosalina,2,2 · Bajo el hielo,Rosalina,https://www.nintendo.com/,Nivel inicial intuitivo; revisar/ajustar con datos de jugadores.
37,Personajes de Mario,Nombra un elemento de la categoría «Personajes de Mario».,Bowser Jr.,bowserjr,2,2 · Bajo el hielo,Bowser Jr.,https://www.nintendo.com/,Nivel inicial intuitivo; revisar/ajustar con datos de jugadores.
37,Personajes de Mario,Nombra un elemento de la categoría «Personajes de Mario».,Boo,boo,2,2 · Bajo el hielo,Boo,https://www.nintendo.com/,Nivel inicial intuitivo; revisar/ajustar con datos de jugadores.
37,Personajes de Mario,Nombra un elemento de la categoría «Personajes de Mario».,Goomba,goomba,2,2 · Bajo el hielo,Goomba,https://www.nintendo.com/,Nivel inicial intuitivo; revisar/ajustar con datos de jugadores.
37,Personajes de Mario,Nombra un elemento de la categoría «Personajes de Mario».,Koopa Troopa,koopatroopa,2,2 · Bajo el hielo,Koopa Troopa,https://www.nintendo.com/,Nivel inicial intuitivo; revisar/ajustar con datos de jugadores.
37,Personajes de Mario,Nombra un elemento de la categoría «Personajes de Mario».,Birdo,birdo,3,3 · Profundo,Birdo,https://www.nintendo.com/,Nivel inicial intuitivo; revisar/ajustar con datos de jugadores.
37,Personajes de Mario,Nombra un elemento de la categoría «Personajes de Mario».,Diddy Kong,diddykong,3,3 · Profundo,Diddy Kong,https://www.nintendo.com/,Nivel inicial intuitivo; revisar/ajustar con datos de jugadores.
37,Personajes de Mario,Nombra un elemento de la categoría «Personajes de Mario».,King Boo,kingboo,3,3 · Profundo,King Boo,https://www.nintendo.com/,Nivel inicial intuitivo; revisar/ajustar con datos de jugadores.
37,Personajes de Mario,Nombra un elemento de la categoría «Personajes de Mario».,Dry Bones,drybones,3,3 · Profundo,Dry Bones,https://www.nintendo.com/,Nivel inicial intuitivo; revisar/ajustar con datos de jugadores.
37,Personajes de Mario,Nombra un elemento de la categoría «Personajes de Mario».,Lakitu,lakitu,3,3 · Profundo,Lakitu,https://www.nintendo.com/,Nivel inicial intuitivo; revisar/ajustar con datos de jugadores.
37,Personajes de Mario,Nombra un elemento de la categoría «Personajes de Mario».,Shy Guy,shyguy,3,3 · Profundo,Shy Guy,https://www.nintendo.com/,Nivel inicial intuitivo; revisar/ajustar con datos de jugadores.
37,Personajes de Mario,Nombra un elemento de la categoría «Personajes de Mario».,Toadsworth,toadsworth,3,3 · Profundo,Toadsworth,https://www.nintendo.com/,Nivel inicial intuitivo; revisar/ajustar con datos de jugadores.
37,Personajes de Mario,Nombra un elemento de la categoría «Personajes de Mario».,Kamek,kamek,3,3 · Profundo,Kamek,https://www.nintendo.com/,Nivel inicial intuitivo; revisar/ajustar con datos de jugadores.
37,Personajes de Mario,Nombra un elemento de la categoría «Personajes de Mario».,Baby Mario,babymario,3,3 · Profundo,Baby Mario,https://www.nintendo.com/,Nivel inicial intuitivo; revisar/ajustar con datos de jugadores.
37,Personajes de Mario,Nombra un elemento de la categoría «Personajes de Mario».,Baby Luigi,babyluigi,3,3 · Profundo,Baby Luigi,https://www.nintendo.com/,Nivel inicial intuitivo; revisar/ajustar con datos de jugadores.
37,Personajes de Mario,Nombra un elemento de la categoría «Personajes de Mario».,Baby Peach,babypeach,4,4 · Muy profundo,Baby Peach,https://www.nintendo.com/,Nivel inicial intuitivo; revisar/ajustar con datos de jugadores.
37,Personajes de Mario,Nombra un elemento de la categoría «Personajes de Mario».,Baby Daisy,babydaisy,4,4 · Muy profundo,Baby Daisy,https://www.nintendo.com/,Nivel inicial intuitivo; revisar/ajustar con datos de jugadores.
37,Personajes de Mario,Nombra un elemento de la categoría «Personajes de Mario».,Funky Kong,funkykong,4,4 · Muy profundo,Funky Kong,https://www.nintendo.com/,Nivel inicial intuitivo; revisar/ajustar con datos de jugadores.
37,Personajes de Mario,Nombra un elemento de la categoría «Personajes de Mario».,Pauline,pauline,4,4 · Muy profundo,Pauline,https://www.nintendo.com/,Nivel inicial intuitivo; revisar/ajustar con datos de jugadores.
37,Personajes de Mario,Nombra un elemento de la categoría «Personajes de Mario».,Petey Piranha,peteypiranha,4,4 · Muy profundo,Petey Piranha,https://www.nintendo.com/,Nivel inicial intuitivo; revisar/ajustar con datos de jugadores.
37,Personajes de Mario,Nombra un elemento de la categoría «Personajes de Mario».,King Bob-omb,kingbobomb,4,4 · Muy profundo,King Bob-omb,https://www.nintendo.com/,Nivel inicial intuitivo; revisar/ajustar con datos de jugadores.
37,Personajes de Mario,Nombra un elemento de la categoría «Personajes de Mario».,Wiggler,wiggler,4,4 · Muy profundo,Wiggler,https://www.nintendo.com/,Nivel inicial intuitivo; revisar/ajustar con datos de jugadores.
37,Personajes de Mario,Nombra un elemento de la categoría «Personajes de Mario».,Monty Mole,montymole,4,4 · Muy profundo,Monty Mole,https://www.nintendo.com/,Nivel inicial intuitivo; revisar/ajustar con datos de jugadores.
37,Personajes de Mario,Nombra un elemento de la categoría «Personajes de Mario».,Nabbit,nabbit,4,4 · Muy profundo,Nabbit,https://www.nintendo.com/,Nivel inicial intuitivo; revisar/ajustar con datos de jugadores.
37,Personajes de Mario,Nombra un elemento de la categoría «Personajes de Mario».,Hammer Bro,hammerbro,5,🕳️ 5 · Abismo,Hammer Bro,https://www.nintendo.com/,Nivel inicial intuitivo; revisar/ajustar con datos de jugadores.
37,Personajes de Mario,Nombra un elemento de la categoría «Personajes de Mario».,Boom Boom,boomboom,5,🕳️ 5 · Abismo,Boom Boom,https://www.nintendo.com/,Nivel inicial intuitivo; revisar/ajustar con datos de jugadores.
37,Personajes de Mario,Nombra un elemento de la categoría «Personajes de Mario».,Pom Pom,pompom,5,🕳️ 5 · Abismo,Pom Pom,https://www.nintendo.com/,Nivel inicial intuitivo; revisar/ajustar con datos de jugadores.
37,Personajes de Mario,Nombra un elemento de la categoría «Personajes de Mario».,Fawful,fawful,5,🕳️ 5 · Abismo,Fawful,https://www.nintendo.com/,Nivel inicial intuitivo; revisar/ajustar con datos de jugadores.
37,Personajes de Mario,Nombra un elemento de la categoría «Personajes de Mario».,Geno,geno,5,🕳️ 5 · Abismo,Geno,https://www.nintendo.com/,Nivel inicial intuitivo; revisar/ajustar con datos de jugadores.
38,Personajes Disney,Nombra un elemento de la categoría «Personajes Disney».,Mickey Mouse,mickeymouse,1,🧊 1 · Punta del iceberg,Mickey Mouse,https://characters.disney.com/,Nivel inicial intuitivo; revisar/ajustar con datos de jugadores.
38,Personajes Disney,Nombra un elemento de la categoría «Personajes Disney».,Minnie Mouse,minniemouse,1,🧊 1 · Punta del iceberg,Minnie Mouse,https://characters.disney.com/,Nivel inicial intuitivo; revisar/ajustar con datos de jugadores.
38,Personajes Disney,Nombra un elemento de la categoría «Personajes Disney».,Donald Duck,donaldduck,1,🧊 1 · Punta del iceberg,Donald Duck,https://characters.disney.com/,Nivel inicial intuitivo; revisar/ajustar con datos de jugadores.
38,Personajes Disney,Nombra un elemento de la categoría «Personajes Disney».,Goofy,goofy,1,🧊 1 · Punta del iceberg,Goofy,https://characters.disney.com/,Nivel inicial intuitivo; revisar/ajustar con datos de jugadores.
38,Personajes Disney,Nombra un elemento de la categoría «Personajes Disney».,Pluto,pluto,1,🧊 1 · Punta del iceberg,Pluto,https://characters.disney.com/,Nivel inicial intuitivo; revisar/ajustar con datos de jugadores.
38,Personajes Disney,Nombra un elemento de la categoría «Personajes Disney».,Simba,simba,1,🧊 1 · Punta del iceberg,Simba,https://characters.disney.com/,Nivel inicial intuitivo; revisar/ajustar con datos de jugadores.
38,Personajes Disney,Nombra un elemento de la categoría «Personajes Disney».,Ariel,ariel,1,🧊 1 · Punta del iceberg,Ariel,https://characters.disney.com/,Nivel inicial intuitivo; revisar/ajustar con datos de jugadores.
38,Personajes Disney,Nombra un elemento de la categoría «Personajes Disney».,Elsa,elsa,1,🧊 1 · Punta del iceberg,Elsa,https://characters.disney.com/,Nivel inicial intuitivo; revisar/ajustar con datos de jugadores.
38,Personajes Disney,Nombra un elemento de la categoría «Personajes Disney».,Anna,anna,1,🧊 1 · Punta del iceberg,Anna,https://characters.disney.com/,Nivel inicial intuitivo; revisar/ajustar con datos de jugadores.
38,Personajes Disney,Nombra un elemento de la categoría «Personajes Disney».,Cinderella,cinderella,1,🧊 1 · Punta del iceberg,Cinderella,https://characters.disney.com/,Nivel inicial intuitivo; revisar/ajustar con datos de jugadores.
38,Personajes Disney,Nombra un elemento de la categoría «Personajes Disney».,Snow White,snowwhite,1,🧊 1 · Punta del iceberg,Snow White,https://characters.disney.com/,Nivel inicial intuitivo; revisar/ajustar con datos de jugadores.
38,Personajes Disney,Nombra un elemento de la categoría «Personajes Disney».,Belle,belle,1,🧊 1 · Punta del iceberg,Belle,https://characters.disney.com/,Nivel inicial intuitivo; revisar/ajustar con datos de jugadores.
38,Personajes Disney,Nombra un elemento de la categoría «Personajes Disney».,Aladdin,aladdin,2,2 · Bajo el hielo,Aladdin,https://characters.disney.com/,Nivel inicial intuitivo; revisar/ajustar con datos de jugadores.
38,Personajes Disney,Nombra un elemento de la categoría «Personajes Disney».,Jasmine,jasmine,2,2 · Bajo el hielo,Jasmine,https://characters.disney.com/,Nivel inicial intuitivo; revisar/ajustar con datos de jugadores.
38,Personajes Disney,Nombra un elemento de la categoría «Personajes Disney».,Stitch,stitch,2,2 · Bajo el hielo,Stitch,https://characters.disney.com/,Nivel inicial intuitivo; revisar/ajustar con datos de jugadores.
38,Personajes Disney,Nombra un elemento de la categoría «Personajes Disney».,Mulan,mulan,2,2 · Bajo el hielo,Mulan,https://characters.disney.com/,Nivel inicial intuitivo; revisar/ajustar con datos de jugadores.
38,Personajes Disney,Nombra un elemento de la categoría «Personajes Disney».,Pocahontas,pocahontas,2,2 · Bajo el hielo,Pocahontas,https://characters.disney.com/,Nivel inicial intuitivo; revisar/ajustar con datos de jugadores.
38,Personajes Disney,Nombra un elemento de la categoría «Personajes Disney».,Tiana,tiana,2,2 · Bajo el hielo,Tiana,https://characters.disney.com/,Nivel inicial intuitivo; revisar/ajustar con datos de jugadores.
38,Personajes Disney,Nombra un elemento de la categoría «Personajes Disney».,Rapunzel,rapunzel,2,2 · Bajo el hielo,Rapunzel,https://characters.disney.com/,Nivel inicial intuitivo; revisar/ajustar con datos de jugadores.
38,Personajes Disney,Nombra un elemento de la categoría «Personajes Disney».,Moana,moana,2,2 · Bajo el hielo,Moana,https://characters.disney.com/,Nivel inicial intuitivo; revisar/ajustar con datos de jugadores.
38,Personajes Disney,Nombra un elemento de la categoría «Personajes Disney».,Peter Pan,peterpan,2,2 · Bajo el hielo,Peter Pan,https://characters.disney.com/,Nivel inicial intuitivo; revisar/ajustar con datos de jugadores.
38,Personajes Disney,Nombra un elemento de la categoría «Personajes Disney».,Winnie the Pooh,winniethepooh,2,2 · Bajo el hielo,Winnie the Pooh,https://characters.disney.com/,Nivel inicial intuitivo; revisar/ajustar con datos de jugadores.
38,Personajes Disney,Nombra un elemento de la categoría «Personajes Disney».,Dumbo,dumbo,2,2 · Bajo el hielo,Dumbo,https://characters.disney.com/,Nivel inicial intuitivo; revisar/ajustar con datos de jugadores.
38,Personajes Disney,Nombra un elemento de la categoría «Personajes Disney».,Bambi,bambi,2,2 · Bajo el hielo,Bambi,https://characters.disney.com/,Nivel inicial intuitivo; revisar/ajustar con datos de jugadores.
38,Personajes Disney,Nombra un elemento de la categoría «Personajes Disney».,Tarzan,tarzan,3,3 · Profundo,Tarzan,https://characters.disney.com/,Nivel inicial intuitivo; revisar/ajustar con datos de jugadores.
38,Personajes Disney,Nombra un elemento de la categoría «Personajes Disney».,Hercules,hercules,3,3 · Profundo,Hercules,https://characters.disney.com/,Nivel inicial intuitivo; revisar/ajustar con datos de jugadores.
38,Personajes Disney,Nombra un elemento de la categoría «Personajes Disney».,Hades,hades,3,3 · Profundo,Hades,https://characters.disney.com/,Nivel inicial intuitivo; revisar/ajustar con datos de jugadores.
38,Personajes Disney,Nombra un elemento de la categoría «Personajes Disney».,Maleficent,maleficent,3,3 · Profundo,Maleficent,https://characters.disney.com/,Nivel inicial intuitivo; revisar/ajustar con datos de jugadores.
38,Personajes Disney,Nombra un elemento de la categoría «Personajes Disney».,Ursula,ursula,3,3 · Profundo,Ursula,https://characters.disney.com/,Nivel inicial intuitivo; revisar/ajustar con datos de jugadores.
38,Personajes Disney,Nombra un elemento de la categoría «Personajes Disney».,Jafar,jafar,3,3 · Profundo,Jafar,https://characters.disney.com/,Nivel inicial intuitivo; revisar/ajustar con datos de jugadores.
38,Personajes Disney,Nombra un elemento de la categoría «Personajes Disney».,Scar,scar,3,3 · Profundo,Scar,https://characters.disney.com/,Nivel inicial intuitivo; revisar/ajustar con datos de jugadores.
38,Personajes Disney,Nombra un elemento de la categoría «Personajes Disney».,Mufasa,mufasa,3,3 · Profundo,Mufasa,https://characters.disney.com/,Nivel inicial intuitivo; revisar/ajustar con datos de jugadores.
38,Personajes Disney,Nombra un elemento de la categoría «Personajes Disney».,Mowgli,mowgli,3,3 · Profundo,Mowgli,https://characters.disney.com/,Nivel inicial intuitivo; revisar/ajustar con datos de jugadores.
38,Personajes Disney,Nombra un elemento de la categoría «Personajes Disney».,Merida,merida,3,3 · Profundo,Merida,https://characters.disney.com/,Nivel inicial intuitivo; revisar/ajustar con datos de jugadores.
38,Personajes Disney,Nombra un elemento de la categoría «Personajes Disney».,Raya,raya,3,3 · Profundo,Raya,https://characters.disney.com/,Nivel inicial intuitivo; revisar/ajustar con datos de jugadores.
38,Personajes Disney,Nombra un elemento de la categoría «Personajes Disney».,Baymax,baymax,3,3 · Profundo,Baymax,https://characters.disney.com/,Nivel inicial intuitivo; revisar/ajustar con datos de jugadores.
38,Personajes Disney,Nombra un elemento de la categoría «Personajes Disney».,Daisy Duck,daisyduck,3,3 · Profundo,Daisy Duck,https://characters.disney.com/,Nivel inicial intuitivo; revisar/ajustar con datos de jugadores.
38,Personajes Disney,Nombra un elemento de la categoría «Personajes Disney».,Chip,chip,4,4 · Muy profundo,Chip,https://characters.disney.com/,Nivel inicial intuitivo; revisar/ajustar con datos de jugadores.
38,Personajes Disney,Nombra un elemento de la categoría «Personajes Disney».,Dale,dale,4,4 · Muy profundo,Dale,https://characters.disney.com/,Nivel inicial intuitivo; revisar/ajustar con datos de jugadores.
38,Personajes Disney,Nombra un elemento de la categoría «Personajes Disney».,Scrooge McDuck,scroogemcduck,4,4 · Muy profundo,Scrooge McDuck,https://characters.disney.com/,Nivel inicial intuitivo; revisar/ajustar con datos de jugadores.
38,Personajes Disney,Nombra un elemento de la categoría «Personajes Disney».,Huey,huey,4,4 · Muy profundo,Huey,https://characters.disney.com/,Nivel inicial intuitivo; revisar/ajustar con datos de jugadores.
38,Personajes Disney,Nombra un elemento de la categoría «Personajes Disney».,Dewey,dewey,4,4 · Muy profundo,Dewey,https://characters.disney.com/,Nivel inicial intuitivo; revisar/ajustar con datos de jugadores.
38,Personajes Disney,Nombra un elemento de la categoría «Personajes Disney».,Louie,louie,4,4 · Muy profundo,Louie,https://characters.disney.com/,Nivel inicial intuitivo; revisar/ajustar con datos de jugadores.
38,Personajes Disney,Nombra un elemento de la categoría «Personajes Disney».,Jiminy Cricket,jiminycricket,4,4 · Muy profundo,Jiminy Cricket,https://characters.disney.com/,Nivel inicial intuitivo; revisar/ajustar con datos de jugadores.
38,Personajes Disney,Nombra un elemento de la categoría «Personajes Disney».,Madame Mim,madamemim,4,4 · Muy profundo,Madame Mim,https://characters.disney.com/,Nivel inicial intuitivo; revisar/ajustar con datos de jugadores.
38,Personajes Disney,Nombra un elemento de la categoría «Personajes Disney».,Edna Mode,ednamode,5,🕳️ 5 · Abismo,Edna Mode,https://characters.disney.com/,Nivel inicial intuitivo; revisar/ajustar con datos de jugadores.
38,Personajes Disney,Nombra un elemento de la categoría «Personajes Disney».,Kuzco,kuzco,5,🕳️ 5 · Abismo,Kuzco,https://characters.disney.com/,Nivel inicial intuitivo; revisar/ajustar con datos de jugadores.
38,Personajes Disney,Nombra un elemento de la categoría «Personajes Disney».,Yzma,yzma,5,🕳️ 5 · Abismo,Yzma,https://characters.disney.com/,Nivel inicial intuitivo; revisar/ajustar con datos de jugadores.
38,Personajes Disney,Nombra un elemento de la categoría «Personajes Disney».,Kida,kida,5,🕳️ 5 · Abismo,Kida,https://characters.disney.com/,Nivel inicial intuitivo; revisar/ajustar con datos de jugadores.
38,Personajes Disney,Nombra un elemento de la categoría «Personajes Disney».,Esmeralda,esmeralda,5,🕳️ 5 · Abismo,Esmeralda,https://characters.disney.com/,Nivel inicial intuitivo; revisar/ajustar con datos de jugadores.
39,Personajes Pixar,Nombra un elemento de la categoría «Personajes Pixar».,Woody,woody,1,🧊 1 · Punta del iceberg,Woody,https://www.pixar.com/,Nivel inicial intuitivo; revisar/ajustar con datos de jugadores.
39,Personajes Pixar,Nombra un elemento de la categoría «Personajes Pixar».,Buzz Lightyear,buzzlightyear,1,🧊 1 · Punta del iceberg,Buzz Lightyear,https://www.pixar.com/,Nivel inicial intuitivo; revisar/ajustar con datos de jugadores.
39,Personajes Pixar,Nombra un elemento de la categoría «Personajes Pixar».,Nemo,nemo,1,🧊 1 · Punta del iceberg,Nemo,https://www.pixar.com/,Nivel inicial intuitivo; revisar/ajustar con datos de jugadores.
39,Personajes Pixar,Nombra un elemento de la categoría «Personajes Pixar».,Dory,dory,1,🧊 1 · Punta del iceberg,Dory,https://www.pixar.com/,Nivel inicial intuitivo; revisar/ajustar con datos de jugadores.
39,Personajes Pixar,Nombra un elemento de la categoría «Personajes Pixar».,Mike Wazowski,mikewazowski,1,🧊 1 · Punta del iceberg,Mike Wazowski,https://www.pixar.com/,Nivel inicial intuitivo; revisar/ajustar con datos de jugadores.
39,Personajes Pixar,Nombra un elemento de la categoría «Personajes Pixar».,Sulley,sulley,1,🧊 1 · Punta del iceberg,Sulley,https://www.pixar.com/,Nivel inicial intuitivo; revisar/ajustar con datos de jugadores.
39,Personajes Pixar,Nombra un elemento de la categoría «Personajes Pixar».,WALL-E,walle,1,🧊 1 · Punta del iceberg,WALL-E,https://www.pixar.com/,Nivel inicial intuitivo; revisar/ajustar con datos de jugadores.
39,Personajes Pixar,Nombra un elemento de la categoría «Personajes Pixar».,Carl Fredricksen,carlfredricksen,2,2 · Bajo el hielo,Carl Fredricksen,https://www.pixar.com/,Nivel inicial intuitivo; revisar/ajustar con datos de jugadores.
39,Personajes Pixar,Nombra un elemento de la categoría «Personajes Pixar».,Remy,remy,2,2 · Bajo el hielo,Remy,https://www.pixar.com/,Nivel inicial intuitivo; revisar/ajustar con datos de jugadores.
39,Personajes Pixar,Nombra un elemento de la categoría «Personajes Pixar».,Lightning McQueen,lightningmcqueen,2,2 · Bajo el hielo,Lightning McQueen,https://www.pixar.com/,Nivel inicial intuitivo; revisar/ajustar con datos de jugadores.
39,Personajes Pixar,Nombra un elemento de la categoría «Personajes Pixar».,Mater,mater,2,2 · Bajo el hielo,Mater,https://www.pixar.com/,Nivel inicial intuitivo; revisar/ajustar con datos de jugadores.
39,Personajes Pixar,Nombra un elemento de la categoría «Personajes Pixar».,Joy,joy,2,2 · Bajo el hielo,Joy,https://www.pixar.com/,Nivel inicial intuitivo; revisar/ajustar con datos de jugadores.
39,Personajes Pixar,Nombra un elemento de la categoría «Personajes Pixar».,Sadness,sadness,2,2 · Bajo el hielo,Sadness,https://www.pixar.com/,Nivel inicial intuitivo; revisar/ajustar con datos de jugadores.
39,Personajes Pixar,Nombra un elemento de la categoría «Personajes Pixar».,Anger,anger,2,2 · Bajo el hielo,Anger,https://www.pixar.com/,Nivel inicial intuitivo; revisar/ajustar con datos de jugadores.
39,Personajes Pixar,Nombra un elemento de la categoría «Personajes Pixar».,Miguel,miguel,2,2 · Bajo el hielo,Miguel,https://www.pixar.com/,Nivel inicial intuitivo; revisar/ajustar con datos de jugadores.
39,Personajes Pixar,Nombra un elemento de la categoría «Personajes Pixar».,Coco,coco,2,2 · Bajo el hielo,Coco,https://www.pixar.com/,Nivel inicial intuitivo; revisar/ajustar con datos de jugadores.
39,Personajes Pixar,Nombra un elemento de la categoría «Personajes Pixar».,Merida,merida,2,2 · Bajo el hielo,Merida,https://www.pixar.com/,Nivel inicial intuitivo; revisar/ajustar con datos de jugadores.
39,Personajes Pixar,Nombra un elemento de la categoría «Personajes Pixar».,Violet Parr,violetparr,3,3 · Profundo,Violet Parr,https://www.pixar.com/,Nivel inicial intuitivo; revisar/ajustar con datos de jugadores.
39,Personajes Pixar,Nombra un elemento de la categoría «Personajes Pixar».,Dash,dash,3,3 · Profundo,Dash,https://www.pixar.com/,Nivel inicial intuitivo; revisar/ajustar con datos de jugadores.
39,Personajes Pixar,Nombra un elemento de la categoría «Personajes Pixar».,Mr. Incredible,mrincredible,3,3 · Profundo,Mr. Incredible,https://www.pixar.com/,Nivel inicial intuitivo; revisar/ajustar con datos de jugadores.
39,Personajes Pixar,Nombra un elemento de la categoría «Personajes Pixar».,Elastigirl,elastigirl,3,3 · Profundo,Elastigirl,https://www.pixar.com/,Nivel inicial intuitivo; revisar/ajustar con datos de jugadores.
39,Personajes Pixar,Nombra un elemento de la categoría «Personajes Pixar».,Edna Mode,ednamode,3,3 · Profundo,Edna Mode,https://www.pixar.com/,Nivel inicial intuitivo; revisar/ajustar con datos de jugadores.
39,Personajes Pixar,Nombra un elemento de la categoría «Personajes Pixar».,Russell,russell,3,3 · Profundo,Russell,https://www.pixar.com/,Nivel inicial intuitivo; revisar/ajustar con datos de jugadores.
39,Personajes Pixar,Nombra un elemento de la categoría «Personajes Pixar».,Dug,dug,3,3 · Profundo,Dug,https://www.pixar.com/,Nivel inicial intuitivo; revisar/ajustar con datos de jugadores.
39,Personajes Pixar,Nombra un elemento de la categoría «Personajes Pixar».,Lotso,lotso,3,3 · Profundo,Lotso,https://www.pixar.com/,Nivel inicial intuitivo; revisar/ajustar con datos de jugadores.
39,Personajes Pixar,Nombra un elemento de la categoría «Personajes Pixar».,Forky,forky,3,3 · Profundo,Forky,https://www.pixar.com/,Nivel inicial intuitivo; revisar/ajustar con datos de jugadores.
39,Personajes Pixar,Nombra un elemento de la categoría «Personajes Pixar».,Bo Peep,bopeep,3,3 · Profundo,Bo Peep,https://www.pixar.com/,Nivel inicial intuitivo; revisar/ajustar con datos de jugadores.
39,Personajes Pixar,Nombra un elemento de la categoría «Personajes Pixar».,Jessie,jessie,3,3 · Profundo,Jessie,https://www.pixar.com/,Nivel inicial intuitivo; revisar/ajustar con datos de jugadores.
39,Personajes Pixar,Nombra un elemento de la categoría «Personajes Pixar».,Rex,rex,4,4 · Muy profundo,Rex,https://www.pixar.com/,Nivel inicial intuitivo; revisar/ajustar con datos de jugadores.
39,Personajes Pixar,Nombra un elemento de la categoría «Personajes Pixar».,Hamm,hamm,4,4 · Muy profundo,Hamm,https://www.pixar.com/,Nivel inicial intuitivo; revisar/ajustar con datos de jugadores.
39,Personajes Pixar,Nombra un elemento de la categoría «Personajes Pixar».,Sarge,sarge,4,4 · Muy profundo,Sarge,https://www.pixar.com/,Nivel inicial intuitivo; revisar/ajustar con datos de jugadores.
39,Personajes Pixar,Nombra un elemento de la categoría «Personajes Pixar».,Roz,roz,4,4 · Muy profundo,Roz,https://www.pixar.com/,Nivel inicial intuitivo; revisar/ajustar con datos de jugadores.
39,Personajes Pixar,Nombra un elemento de la categoría «Personajes Pixar».,Anton Ego,antonego,4,4 · Muy profundo,Anton Ego,https://www.pixar.com/,Nivel inicial intuitivo; revisar/ajustar con datos de jugadores.
39,Personajes Pixar,Nombra un elemento de la categoría «Personajes Pixar».,Alberto Scorfano,albertoscorfano,4,4 · Muy profundo,Alberto Scorfano,https://www.pixar.com/,Nivel inicial intuitivo; revisar/ajustar con datos de jugadores.
39,Personajes Pixar,Nombra un elemento de la categoría «Personajes Pixar».,Luca Paguro,lucapaguro,4,4 · Muy profundo,Luca Paguro,https://www.pixar.com/,Nivel inicial intuitivo; revisar/ajustar con datos de jugadores.
39,Personajes Pixar,Nombra un elemento de la categoría «Personajes Pixar».,Mei Lee,meilee,4,4 · Muy profundo,Mei Lee,https://www.pixar.com/,Nivel inicial intuitivo; revisar/ajustar con datos de jugadores.
39,Personajes Pixar,Nombra un elemento de la categoría «Personajes Pixar».,22,22,5,🕳️ 5 · Abismo,22,https://www.pixar.com/,Nivel inicial intuitivo; revisar/ajustar con datos de jugadores.
39,Personajes Pixar,Nombra un elemento de la categoría «Personajes Pixar».,Arlo,arlo,5,🕳️ 5 · Abismo,Arlo,https://www.pixar.com/,Nivel inicial intuitivo; revisar/ajustar con datos de jugadores.
39,Personajes Pixar,Nombra un elemento de la categoría «Personajes Pixar».,Ember Lumen,emberlumen,5,🕳️ 5 · Abismo,Ember Lumen,https://www.pixar.com/,Nivel inicial intuitivo; revisar/ajustar con datos de jugadores.
40,Personajes Marvel,Nombra un elemento de la categoría «Personajes Marvel».,Spider-Man,spiderman,1,🧊 1 · Punta del iceberg,Spider-Man,https://www.marvel.com/characters,Nivel inicial intuitivo; revisar/ajustar con datos de jugadores.
40,Personajes Marvel,Nombra un elemento de la categoría «Personajes Marvel».,Iron Man,ironman,1,🧊 1 · Punta del iceberg,Iron Man,https://www.marvel.com/characters,Nivel inicial intuitivo; revisar/ajustar con datos de jugadores.
40,Personajes Marvel,Nombra un elemento de la categoría «Personajes Marvel».,Hulk,hulk,1,🧊 1 · Punta del iceberg,Hulk,https://www.marvel.com/characters,Nivel inicial intuitivo; revisar/ajustar con datos de jugadores.
40,Personajes Marvel,Nombra un elemento de la categoría «Personajes Marvel».,Captain America,captainamerica,1,🧊 1 · Punta del iceberg,Captain America,https://www.marvel.com/characters,Nivel inicial intuitivo; revisar/ajustar con datos de jugadores.
40,Personajes Marvel,Nombra un elemento de la categoría «Personajes Marvel».,Thor,thor,1,🧊 1 · Punta del iceberg,Thor,https://www.marvel.com/characters,Nivel inicial intuitivo; revisar/ajustar con datos de jugadores.
40,Personajes Marvel,Nombra un elemento de la categoría «Personajes Marvel».,Black Widow,blackwidow,1,🧊 1 · Punta del iceberg,Black Widow,https://www.marvel.com/characters,Nivel inicial intuitivo; revisar/ajustar con datos de jugadores.
40,Personajes Marvel,Nombra un elemento de la categoría «Personajes Marvel».,Thanos,thanos,1,🧊 1 · Punta del iceberg,Thanos,https://www.marvel.com/characters,Nivel inicial intuitivo; revisar/ajustar con datos de jugadores.
40,Personajes Marvel,Nombra un elemento de la categoría «Personajes Marvel».,Wolverine,wolverine,2,2 · Bajo el hielo,Wolverine,https://www.marvel.com/characters,Nivel inicial intuitivo; revisar/ajustar con datos de jugadores.
40,Personajes Marvel,Nombra un elemento de la categoría «Personajes Marvel».,Deadpool,deadpool,2,2 · Bajo el hielo,Deadpool,https://www.marvel.com/characters,Nivel inicial intuitivo; revisar/ajustar con datos de jugadores.
40,Personajes Marvel,Nombra un elemento de la categoría «Personajes Marvel».,Doctor Strange,doctorstrange,2,2 · Bajo el hielo,Doctor Strange,https://www.marvel.com/characters,Nivel inicial intuitivo; revisar/ajustar con datos de jugadores.
40,Personajes Marvel,Nombra un elemento de la categoría «Personajes Marvel».,Scarlet Witch,scarletwitch,2,2 · Bajo el hielo,Scarlet Witch,https://www.marvel.com/characters,Nivel inicial intuitivo; revisar/ajustar con datos de jugadores.
40,Personajes Marvel,Nombra un elemento de la categoría «Personajes Marvel».,Black Panther,blackpanther,2,2 · Bajo el hielo,Black Panther,https://www.marvel.com/characters,Nivel inicial intuitivo; revisar/ajustar con datos de jugadores.
40,Personajes Marvel,Nombra un elemento de la categoría «Personajes Marvel».,Captain Marvel,captainmarvel,2,2 · Bajo el hielo,Captain Marvel,https://www.marvel.com/characters,Nivel inicial intuitivo; revisar/ajustar con datos de jugadores.
40,Personajes Marvel,Nombra un elemento de la categoría «Personajes Marvel».,Ant-Man,antman,2,2 · Bajo el hielo,Ant-Man,https://www.marvel.com/characters,Nivel inicial intuitivo; revisar/ajustar con datos de jugadores.
40,Personajes Marvel,Nombra un elemento de la categoría «Personajes Marvel».,Hawkeye,hawkeye,2,2 · Bajo el hielo,Hawkeye,https://www.marvel.com/characters,Nivel inicial intuitivo; revisar/ajustar con datos de jugadores.
40,Personajes Marvel,Nombra un elemento de la categoría «Personajes Marvel».,Loki,loki,2,2 · Bajo el hielo,Loki,https://www.marvel.com/characters,Nivel inicial intuitivo; revisar/ajustar con datos de jugadores.
40,Personajes Marvel,Nombra un elemento de la categoría «Personajes Marvel».,Vision,vision,3,3 · Profundo,Vision,https://www.marvel.com/characters,Nivel inicial intuitivo; revisar/ajustar con datos de jugadores.
40,Personajes Marvel,Nombra un elemento de la categoría «Personajes Marvel».,Falcon,falcon,3,3 · Profundo,Falcon,https://www.marvel.com/characters,Nivel inicial intuitivo; revisar/ajustar con datos de jugadores.
40,Personajes Marvel,Nombra un elemento de la categoría «Personajes Marvel».,Winter Soldier,wintersoldier,3,3 · Profundo,Winter Soldier,https://www.marvel.com/characters,Nivel inicial intuitivo; revisar/ajustar con datos de jugadores.
40,Personajes Marvel,Nombra un elemento de la categoría «Personajes Marvel».,Nick Fury,nickfury,3,3 · Profundo,Nick Fury,https://www.marvel.com/characters,Nivel inicial intuitivo; revisar/ajustar con datos de jugadores.
40,Personajes Marvel,Nombra un elemento de la categoría «Personajes Marvel».,Daredevil,daredevil,3,3 · Profundo,Daredevil,https://www.marvel.com/characters,Nivel inicial intuitivo; revisar/ajustar con datos de jugadores.
40,Personajes Marvel,Nombra un elemento de la categoría «Personajes Marvel».,Punisher,punisher,3,3 · Profundo,Punisher,https://www.marvel.com/characters,Nivel inicial intuitivo; revisar/ajustar con datos de jugadores.
40,Personajes Marvel,Nombra un elemento de la categoría «Personajes Marvel».,Venom,venom,3,3 · Profundo,Venom,https://www.marvel.com/characters,Nivel inicial intuitivo; revisar/ajustar con datos de jugadores.
40,Personajes Marvel,Nombra un elemento de la categoría «Personajes Marvel».,Green Goblin,greengoblin,3,3 · Profundo,Green Goblin,https://www.marvel.com/characters,Nivel inicial intuitivo; revisar/ajustar con datos de jugadores.
40,Personajes Marvel,Nombra un elemento de la categoría «Personajes Marvel».,Magneto,magneto,3,3 · Profundo,Magneto,https://www.marvel.com/characters,Nivel inicial intuitivo; revisar/ajustar con datos de jugadores.
40,Personajes Marvel,Nombra un elemento de la categoría «Personajes Marvel».,Professor X,professorx,3,3 · Profundo,Professor X,https://www.marvel.com/characters,Nivel inicial intuitivo; revisar/ajustar con datos de jugadores.
40,Personajes Marvel,Nombra un elemento de la categoría «Personajes Marvel».,Cyclops,cyclops,3,3 · Profundo,Cyclops,https://www.marvel.com/characters,Nivel inicial intuitivo; revisar/ajustar con datos de jugadores.
40,Personajes Marvel,Nombra un elemento de la categoría «Personajes Marvel».,Storm,storm,3,3 · Profundo,Storm,https://www.marvel.com/characters,Nivel inicial intuitivo; revisar/ajustar con datos de jugadores.
40,Personajes Marvel,Nombra un elemento de la categoría «Personajes Marvel».,Jean Grey,jeangrey,3,3 · Profundo,Jean Grey,https://www.marvel.com/characters,Nivel inicial intuitivo; revisar/ajustar con datos de jugadores.
40,Personajes Marvel,Nombra un elemento de la categoría «Personajes Marvel».,Groot,groot,3,3 · Profundo,Groot,https://www.marvel.com/characters,Nivel inicial intuitivo; revisar/ajustar con datos de jugadores.
40,Personajes Marvel,Nombra un elemento de la categoría «Personajes Marvel».,Rocket Raccoon,rocketraccoon,3,3 · Profundo,Rocket Raccoon,https://www.marvel.com/characters,Nivel inicial intuitivo; revisar/ajustar con datos de jugadores.
40,Personajes Marvel,Nombra un elemento de la categoría «Personajes Marvel».,Star-Lord,starlord,3,3 · Profundo,Star-Lord,https://www.marvel.com/characters,Nivel inicial intuitivo; revisar/ajustar con datos de jugadores.
40,Personajes Marvel,Nombra un elemento de la categoría «Personajes Marvel».,Gamora,gamora,3,3 · Profundo,Gamora,https://www.marvel.com/characters,Nivel inicial intuitivo; revisar/ajustar con datos de jugadores.
40,Personajes Marvel,Nombra un elemento de la categoría «Personajes Marvel».,Nebula,nebula,3,3 · Profundo,Nebula,https://www.marvel.com/characters,Nivel inicial intuitivo; revisar/ajustar con datos de jugadores.
40,Personajes Marvel,Nombra un elemento de la categoría «Personajes Marvel».,Mantis,mantis,4,4 · Muy profundo,Mantis,https://www.marvel.com/characters,Nivel inicial intuitivo; revisar/ajustar con datos de jugadores.
40,Personajes Marvel,Nombra un elemento de la categoría «Personajes Marvel».,Moon Knight,moonknight,4,4 · Muy profundo,Moon Knight,https://www.marvel.com/characters,Nivel inicial intuitivo; revisar/ajustar con datos de jugadores.
40,Personajes Marvel,Nombra un elemento de la categoría «Personajes Marvel».,She-Hulk,shehulk,4,4 · Muy profundo,She-Hulk,https://www.marvel.com/characters,Nivel inicial intuitivo; revisar/ajustar con datos de jugadores.
40,Personajes Marvel,Nombra un elemento de la categoría «Personajes Marvel».,Ms. Marvel,msmarvel,4,4 · Muy profundo,Ms. Marvel,https://www.marvel.com/characters,Nivel inicial intuitivo; revisar/ajustar con datos de jugadores.
40,Personajes Marvel,Nombra un elemento de la categoría «Personajes Marvel».,Shang-Chi,shangchi,4,4 · Muy profundo,Shang-Chi,https://www.marvel.com/characters,Nivel inicial intuitivo; revisar/ajustar con datos de jugadores.
40,Personajes Marvel,Nombra un elemento de la categoría «Personajes Marvel».,Elektra,elektra,4,4 · Muy profundo,Elektra,https://www.marvel.com/characters,Nivel inicial intuitivo; revisar/ajustar con datos de jugadores.
40,Personajes Marvel,Nombra un elemento de la categoría «Personajes Marvel».,Kingpin,kingpin,4,4 · Muy profundo,Kingpin,https://www.marvel.com/characters,Nivel inicial intuitivo; revisar/ajustar con datos de jugadores.
40,Personajes Marvel,Nombra un elemento de la categoría «Personajes Marvel».,Bullseye,bullseye,4,4 · Muy profundo,Bullseye,https://www.marvel.com/characters,Nivel inicial intuitivo; revisar/ajustar con datos de jugadores.
40,Personajes Marvel,Nombra un elemento de la categoría «Personajes Marvel».,Mystique,mystique,4,4 · Muy profundo,Mystique,https://www.marvel.com/characters,Nivel inicial intuitivo; revisar/ajustar con datos de jugadores.
40,Personajes Marvel,Nombra un elemento de la categoría «Personajes Marvel».,Sabretooth,sabretooth,4,4 · Muy profundo,Sabretooth,https://www.marvel.com/characters,Nivel inicial intuitivo; revisar/ajustar con datos de jugadores.
40,Personajes Marvel,Nombra un elemento de la categoría «Personajes Marvel».,Juggernaut,juggernaut,4,4 · Muy profundo,Juggernaut,https://www.marvel.com/characters,Nivel inicial intuitivo; revisar/ajustar con datos de jugadores.
40,Personajes Marvel,Nombra un elemento de la categoría «Personajes Marvel».,Galactus,galactus,5,🕳️ 5 · Abismo,Galactus,https://www.marvel.com/characters,Nivel inicial intuitivo; revisar/ajustar con datos de jugadores.
40,Personajes Marvel,Nombra un elemento de la categoría «Personajes Marvel».,Mephisto,mephisto,5,🕳️ 5 · Abismo,Mephisto,https://www.marvel.com/characters,Nivel inicial intuitivo; revisar/ajustar con datos de jugadores.
40,Personajes Marvel,Nombra un elemento de la categoría «Personajes Marvel».,Mister Fantastic,misterfantastic,5,🕳️ 5 · Abismo,Mister Fantastic,https://www.marvel.com/characters,Nivel inicial intuitivo; revisar/ajustar con datos de jugadores.
40,Personajes Marvel,Nombra un elemento de la categoría «Personajes Marvel».,Invisible Woman,invisiblewoman,5,🕳️ 5 · Abismo,Invisible Woman,https://www.marvel.com/characters,Nivel inicial intuitivo; revisar/ajustar con datos de jugadores.
40,Personajes Marvel,Nombra un elemento de la categoría «Personajes Marvel».,The Thing,thething,5,🕳️ 5 · Abismo,The Thing,https://www.marvel.com/characters,Nivel inicial intuitivo; revisar/ajustar con datos de jugadores.
40,Personajes Marvel,Nombra un elemento de la categoría «Personajes Marvel».,Human Torch,humantorch,5,🕳️ 5 · Abismo,Human Torch,https://www.marvel.com/characters,Nivel inicial intuitivo; revisar/ajustar con datos de jugadores.
40,Personajes Marvel,Nombra un elemento de la categoría «Personajes Marvel».,Sentry,sentry,5,🕳️ 5 · Abismo,Sentry,https://www.marvel.com/characters,Nivel inicial intuitivo; revisar/ajustar con datos de jugadores.
40,Personajes Marvel,Nombra un elemento de la categoría «Personajes Marvel».,Silver Surfer,silversurfer,5,🕳️ 5 · Abismo,Silver Surfer,https://www.marvel.com/characters,Nivel inicial intuitivo; revisar/ajustar con datos de jugadores.
40,Personajes Marvel,Nombra un elemento de la categoría «Personajes Marvel».,Mole Man,moleman,5,🕳️ 5 · Abismo,Mole Man,https://www.marvel.com/characters,Nivel inicial intuitivo; revisar/ajustar con datos de jugadores.
41,Personajes de Friends,Nombra un elemento de la categoría «Personajes de Friends».,Rachel Green,rachelgreen,1,🧊 1 · Punta del iceberg,Rachel Green,https://www.imdb.com/title/tt0108778/,Nivel inicial intuitivo; revisar/ajustar con datos de jugadores.
41,Personajes de Friends,Nombra un elemento de la categoría «Personajes de Friends».,Ross Geller,rossgeller,1,🧊 1 · Punta del iceberg,Ross Geller,https://www.imdb.com/title/tt0108778/,Nivel inicial intuitivo; revisar/ajustar con datos de jugadores.
41,Personajes de Friends,Nombra un elemento de la categoría «Personajes de Friends».,Monica Geller,monicageller,1,🧊 1 · Punta del iceberg,Monica Geller,https://www.imdb.com/title/tt0108778/,Nivel inicial intuitivo; revisar/ajustar con datos de jugadores.
41,Personajes de Friends,Nombra un elemento de la categoría «Personajes de Friends».,Chandler Bing,chandlerbing,1,🧊 1 · Punta del iceberg,Chandler Bing,https://www.imdb.com/title/tt0108778/,Nivel inicial intuitivo; revisar/ajustar con datos de jugadores.
41,Personajes de Friends,Nombra un elemento de la categoría «Personajes de Friends».,Joey Tribbiani,joeytribbiani,1,🧊 1 · Punta del iceberg,Joey Tribbiani,https://www.imdb.com/title/tt0108778/,Nivel inicial intuitivo; revisar/ajustar con datos de jugadores.
41,Personajes de Friends,Nombra un elemento de la categoría «Personajes de Friends».,Phoebe Buffay,phoebebuffay,1,🧊 1 · Punta del iceberg,Phoebe Buffay,https://www.imdb.com/title/tt0108778/,Nivel inicial intuitivo; revisar/ajustar con datos de jugadores.
41,Personajes de Friends,Nombra un elemento de la categoría «Personajes de Friends».,Gunther,gunther,2,2 · Bajo el hielo,Gunther,https://www.imdb.com/title/tt0108778/,Nivel inicial intuitivo; revisar/ajustar con datos de jugadores.
41,Personajes de Friends,Nombra un elemento de la categoría «Personajes de Friends».,Janice,janice,2,2 · Bajo el hielo,Janice,https://www.imdb.com/title/tt0108778/,Nivel inicial intuitivo; revisar/ajustar con datos de jugadores.
41,Personajes de Friends,Nombra un elemento de la categoría «Personajes de Friends».,Mike Hannigan,mikehannigan,2,2 · Bajo el hielo,Mike Hannigan,https://www.imdb.com/title/tt0108778/,Nivel inicial intuitivo; revisar/ajustar con datos de jugadores.
41,Personajes de Friends,Nombra un elemento de la categoría «Personajes de Friends».,Richard Burke,richardburke,2,2 · Bajo el hielo,Richard Burke,https://www.imdb.com/title/tt0108778/,Nivel inicial intuitivo; revisar/ajustar con datos de jugadores.
41,Personajes de Friends,Nombra un elemento de la categoría «Personajes de Friends».,Carol Willick,carolwillick,3,3 · Profundo,Carol Willick,https://www.imdb.com/title/tt0108778/,Nivel inicial intuitivo; revisar/ajustar con datos de jugadores.
41,Personajes de Friends,Nombra un elemento de la categoría «Personajes de Friends».,Susan Bunch,susanbunch,3,3 · Profundo,Susan Bunch,https://www.imdb.com/title/tt0108778/,Nivel inicial intuitivo; revisar/ajustar con datos de jugadores.
41,Personajes de Friends,Nombra un elemento de la categoría «Personajes de Friends».,Emily Waltham,emilywaltham,3,3 · Profundo,Emily Waltham,https://www.imdb.com/title/tt0108778/,Nivel inicial intuitivo; revisar/ajustar con datos de jugadores.
41,Personajes de Friends,Nombra un elemento de la categoría «Personajes de Friends».,David,david,3,3 · Profundo,David,https://www.imdb.com/title/tt0108778/,Nivel inicial intuitivo; revisar/ajustar con datos de jugadores.
41,Personajes de Friends,Nombra un elemento de la categoría «Personajes de Friends».,Jack Geller,jackgeller,3,3 · Profundo,Jack Geller,https://www.imdb.com/title/tt0108778/,Nivel inicial intuitivo; revisar/ajustar con datos de jugadores.
41,Personajes de Friends,Nombra un elemento de la categoría «Personajes de Friends».,Judy Geller,judygeller,3,3 · Profundo,Judy Geller,https://www.imdb.com/title/tt0108778/,Nivel inicial intuitivo; revisar/ajustar con datos de jugadores.
41,Personajes de Friends,Nombra un elemento de la categoría «Personajes de Friends».,Estelle Leonard,estelleleonard,4,4 · Muy profundo,Estelle Leonard,https://www.imdb.com/title/tt0108778/,Nivel inicial intuitivo; revisar/ajustar con datos de jugadores.
41,Personajes de Friends,Nombra un elemento de la categoría «Personajes de Friends».,Mr. Heckles,mrheckles,4,4 · Muy profundo,Mr. Heckles,https://www.imdb.com/title/tt0108778/,Nivel inicial intuitivo; revisar/ajustar con datos de jugadores.
41,Personajes de Friends,Nombra un elemento de la categoría «Personajes de Friends».,Emma Geller-Greene,emmagellergreene,4,4 · Muy profundo,Emma Geller-Greene,https://www.imdb.com/title/tt0108778/,Nivel inicial intuitivo; revisar/ajustar con datos de jugadores.
41,Personajes de Friends,Nombra un elemento de la categoría «Personajes de Friends».,Ben Geller,bengeller,4,4 · Muy profundo,Ben Geller,https://www.imdb.com/title/tt0108778/,Nivel inicial intuitivo; revisar/ajustar con datos de jugadores.
41,Personajes de Friends,Nombra un elemento de la categoría «Personajes de Friends».,Charlie Wheeler,charliewheeler,5,🕳️ 5 · Abismo,Charlie Wheeler,https://www.imdb.com/title/tt0108778/,Nivel inicial intuitivo; revisar/ajustar con datos de jugadores.
41,Personajes de Friends,Nombra un elemento de la categoría «Personajes de Friends».,Tag Jones,tagjones,5,🕳️ 5 · Abismo,Tag Jones,https://www.imdb.com/title/tt0108778/,Nivel inicial intuitivo; revisar/ajustar con datos de jugadores.
41,Personajes de Friends,Nombra un elemento de la categoría «Personajes de Friends».,Elizabeth Stevens,elizabethstevens,5,🕳️ 5 · Abismo,Elizabeth Stevens,https://www.imdb.com/title/tt0108778/,Nivel inicial intuitivo; revisar/ajustar con datos de jugadores.
42,Personajes de The Office,Nombra un elemento de la categoría «Personajes de The Office».,Michael Scott,michaelscott,1,🧊 1 · Punta del iceberg,Michael Scott,https://www.imdb.com/title/tt0386676/,Nivel inicial intuitivo; revisar/ajustar con datos de jugadores.
42,Personajes de The Office,Nombra un elemento de la categoría «Personajes de The Office».,Dwight Schrute,dwightschrute,1,🧊 1 · Punta del iceberg,Dwight Schrute,https://www.imdb.com/title/tt0386676/,Nivel inicial intuitivo; revisar/ajustar con datos de jugadores.
42,Personajes de The Office,Nombra un elemento de la categoría «Personajes de The Office».,Jim Halpert,jimhalpert,1,🧊 1 · Punta del iceberg,Jim Halpert,https://www.imdb.com/title/tt0386676/,Nivel inicial intuitivo; revisar/ajustar con datos de jugadores.
42,Personajes de The Office,Nombra un elemento de la categoría «Personajes de The Office».,Pam Beesly,pambeesly,1,🧊 1 · Punta del iceberg,Pam Beesly,https://www.imdb.com/title/tt0386676/,Nivel inicial intuitivo; revisar/ajustar con datos de jugadores.
42,Personajes de The Office,Nombra un elemento de la categoría «Personajes de The Office».,Andy Bernard,andybernard,2,2 · Bajo el hielo,Andy Bernard,https://www.imdb.com/title/tt0386676/,Nivel inicial intuitivo; revisar/ajustar con datos de jugadores.
42,Personajes de The Office,Nombra un elemento de la categoría «Personajes de The Office».,Angela Martin,angelamartin,2,2 · Bajo el hielo,Angela Martin,https://www.imdb.com/title/tt0386676/,Nivel inicial intuitivo; revisar/ajustar con datos de jugadores.
42,Personajes de The Office,Nombra un elemento de la categoría «Personajes de The Office».,Kevin Malone,kevinmalone,2,2 · Bajo el hielo,Kevin Malone,https://www.imdb.com/title/tt0386676/,Nivel inicial intuitivo; revisar/ajustar con datos de jugadores.
42,Personajes de The Office,Nombra un elemento de la categoría «Personajes de The Office».,Stanley Hudson,stanleyhudson,2,2 · Bajo el hielo,Stanley Hudson,https://www.imdb.com/title/tt0386676/,Nivel inicial intuitivo; revisar/ajustar con datos de jugadores.
42,Personajes de The Office,Nombra un elemento de la categoría «Personajes de The Office».,Oscar Martinez,oscarmartinez,2,2 · Bajo el hielo,Oscar Martinez,https://www.imdb.com/title/tt0386676/,Nivel inicial intuitivo; revisar/ajustar con datos de jugadores.
42,Personajes de The Office,Nombra un elemento de la categoría «Personajes de The Office».,Creed Bratton,creedbratton,2,2 · Bajo el hielo,Creed Bratton,https://www.imdb.com/title/tt0386676/,Nivel inicial intuitivo; revisar/ajustar con datos de jugadores.
42,Personajes de The Office,Nombra un elemento de la categoría «Personajes de The Office».,Ryan Howard,ryanhoward,3,3 · Profundo,Ryan Howard,https://www.imdb.com/title/tt0386676/,Nivel inicial intuitivo; revisar/ajustar con datos de jugadores.
42,Personajes de The Office,Nombra un elemento de la categoría «Personajes de The Office».,Kelly Kapoor,kellykapoor,3,3 · Profundo,Kelly Kapoor,https://www.imdb.com/title/tt0386676/,Nivel inicial intuitivo; revisar/ajustar con datos de jugadores.
42,Personajes de The Office,Nombra un elemento de la categoría «Personajes de The Office».,Erin Hannon,erinhannon,3,3 · Profundo,Erin Hannon,https://www.imdb.com/title/tt0386676/,Nivel inicial intuitivo; revisar/ajustar con datos de jugadores.
42,Personajes de The Office,Nombra un elemento de la categoría «Personajes de The Office».,Toby Flenderson,tobyflenderson,3,3 · Profundo,Toby Flenderson,https://www.imdb.com/title/tt0386676/,Nivel inicial intuitivo; revisar/ajustar con datos de jugadores.
42,Personajes de The Office,Nombra un elemento de la categoría «Personajes de The Office».,Darryl Philbin,darrylphilbin,3,3 · Profundo,Darryl Philbin,https://www.imdb.com/title/tt0386676/,Nivel inicial intuitivo; revisar/ajustar con datos de jugadores.
42,Personajes de The Office,Nombra un elemento de la categoría «Personajes de The Office».,Meredith Palmer,meredithpalmer,3,3 · Profundo,Meredith Palmer,https://www.imdb.com/title/tt0386676/,Nivel inicial intuitivo; revisar/ajustar con datos de jugadores.
42,Personajes de The Office,Nombra un elemento de la categoría «Personajes de The Office».,Phyllis Vance,phyllisvance,3,3 · Profundo,Phyllis Vance,https://www.imdb.com/title/tt0386676/,Nivel inicial intuitivo; revisar/ajustar con datos de jugadores.
42,Personajes de The Office,Nombra un elemento de la categoría «Personajes de The Office».,Bob Vance,bobvance,4,4 · Muy profundo,Bob Vance,https://www.imdb.com/title/tt0386676/,Nivel inicial intuitivo; revisar/ajustar con datos de jugadores.
42,Personajes de The Office,Nombra un elemento de la categoría «Personajes de The Office».,Gabe Lewis,gabelewis,4,4 · Muy profundo,Gabe Lewis,https://www.imdb.com/title/tt0386676/,Nivel inicial intuitivo; revisar/ajustar con datos de jugadores.
42,Personajes de The Office,Nombra un elemento de la categoría «Personajes de The Office».,Nellie Bertram,nelliebertram,4,4 · Muy profundo,Nellie Bertram,https://www.imdb.com/title/tt0386676/,Nivel inicial intuitivo; revisar/ajustar con datos de jugadores.
42,Personajes de The Office,Nombra un elemento de la categoría «Personajes de The Office».,David Wallace,davidwallace,4,4 · Muy profundo,David Wallace,https://www.imdb.com/title/tt0386676/,Nivel inicial intuitivo; revisar/ajustar con datos de jugadores.
42,Personajes de The Office,Nombra un elemento de la categoría «Personajes de The Office».,Jan Levinson,janlevinson,4,4 · Muy profundo,Jan Levinson,https://www.imdb.com/title/tt0386676/,Nivel inicial intuitivo; revisar/ajustar con datos de jugadores.
42,Personajes de The Office,Nombra un elemento de la categoría «Personajes de The Office».,Robert California,robertcalifornia,4,4 · Muy profundo,Robert California,https://www.imdb.com/title/tt0386676/,Nivel inicial intuitivo; revisar/ajustar con datos de jugadores.
42,Personajes de The Office,Nombra un elemento de la categoría «Personajes de The Office».,Jo Bennett,jobennett,5,🕳️ 5 · Abismo,Jo Bennett,https://www.imdb.com/title/tt0386676/,Nivel inicial intuitivo; revisar/ajustar con datos de jugadores.
42,Personajes de The Office,Nombra un elemento de la categoría «Personajes de The Office».,Deangelo Vickers,deangelovickers,5,🕳️ 5 · Abismo,Deangelo Vickers,https://www.imdb.com/title/tt0386676/,Nivel inicial intuitivo; revisar/ajustar con datos de jugadores.
42,Personajes de The Office,Nombra un elemento de la categoría «Personajes de The Office».,Clark Green,clarkgreen,5,🕳️ 5 · Abismo,Clark Green,https://www.imdb.com/title/tt0386676/,Nivel inicial intuitivo; revisar/ajustar con datos de jugadores.
42,Personajes de The Office,Nombra un elemento de la categoría «Personajes de The Office».,Pete Miller,petemiller,5,🕳️ 5 · Abismo,Pete Miller,https://www.imdb.com/title/tt0386676/,Nivel inicial intuitivo; revisar/ajustar con datos de jugadores.
43,Series de Netflix,Nombra un elemento de la categoría «Series de Netflix».,Stranger Things,strangerthings,1,🧊 1 · Punta del iceberg,Stranger Things,https://www.netflix.com/es/browse/genre/83,Nivel inicial intuitivo; revisar/ajustar con datos de jugadores.
43,Series de Netflix,Nombra un elemento de la categoría «Series de Netflix».,La casa de papel,lacasadepapel,1,🧊 1 · Punta del iceberg,La casa de papel,https://www.netflix.com/es/browse/genre/83,Nivel inicial intuitivo; revisar/ajustar con datos de jugadores.
43,Series de Netflix,Nombra un elemento de la categoría «Series de Netflix».,The Crown,thecrown,1,🧊 1 · Punta del iceberg,The Crown,https://www.netflix.com/es/browse/genre/83,Nivel inicial intuitivo; revisar/ajustar con datos de jugadores.
43,Series de Netflix,Nombra un elemento de la categoría «Series de Netflix».,Wednesday,wednesday,1,🧊 1 · Punta del iceberg,Wednesday,https://www.netflix.com/es/browse/genre/83,Nivel inicial intuitivo; revisar/ajustar con datos de jugadores.
43,Series de Netflix,Nombra un elemento de la categoría «Series de Netflix».,Black Mirror,blackmirror,1,🧊 1 · Punta del iceberg,Black Mirror,https://www.netflix.com/es/browse/genre/83,Nivel inicial intuitivo; revisar/ajustar con datos de jugadores.
43,Series de Netflix,Nombra un elemento de la categoría «Series de Netflix».,The Witcher,thewitcher,1,🧊 1 · Punta del iceberg,The Witcher,https://www.netflix.com/es/browse/genre/83,Nivel inicial intuitivo; revisar/ajustar con datos de jugadores.
43,Series de Netflix,Nombra un elemento de la categoría «Series de Netflix».,Bridgerton,bridgerton,1,🧊 1 · Punta del iceberg,Bridgerton,https://www.netflix.com/es/browse/genre/83,Nivel inicial intuitivo; revisar/ajustar con datos de jugadores.
43,Series de Netflix,Nombra un elemento de la categoría «Series de Netflix».,Breaking Bad,breakingbad,1,🧊 1 · Punta del iceberg,Breaking Bad,https://www.netflix.com/es/browse/genre/83,Nivel inicial intuitivo; revisar/ajustar con datos de jugadores.
43,Series de Netflix,Nombra un elemento de la categoría «Series de Netflix».,You,you,1,🧊 1 · Punta del iceberg,You,https://www.netflix.com/es/browse/genre/83,Nivel inicial intuitivo; revisar/ajustar con datos de jugadores.
43,Series de Netflix,Nombra un elemento de la categoría «Series de Netflix».,Sex Education,sexeducation,2,2 · Bajo el hielo,Sex Education,https://www.netflix.com/es/browse/genre/83,Nivel inicial intuitivo; revisar/ajustar con datos de jugadores.
43,Series de Netflix,Nombra un elemento de la categoría «Series de Netflix».,Élite,elite,2,2 · Bajo el hielo,Élite,https://www.netflix.com/es/browse/genre/83,Nivel inicial intuitivo; revisar/ajustar con datos de jugadores.
43,Series de Netflix,Nombra un elemento de la categoría «Series de Netflix».,Dark,dark,2,2 · Bajo el hielo,Dark,https://www.netflix.com/es/browse/genre/83,Nivel inicial intuitivo; revisar/ajustar con datos de jugadores.
43,Series de Netflix,Nombra un elemento de la categoría «Series de Netflix».,The Umbrella Academy,theumbrellaacademy,2,2 · Bajo el hielo,The Umbrella Academy,https://www.netflix.com/es/browse/genre/83,Nivel inicial intuitivo; revisar/ajustar con datos de jugadores.
43,Series de Netflix,Nombra un elemento de la categoría «Series de Netflix».,Narcos,narcos,2,2 · Bajo el hielo,Narcos,https://www.netflix.com/es/browse/genre/83,Nivel inicial intuitivo; revisar/ajustar con datos de jugadores.
43,Series de Netflix,Nombra un elemento de la categoría «Series de Netflix».,Peaky Blinders,peakyblinders,2,2 · Bajo el hielo,Peaky Blinders,https://www.netflix.com/es/browse/genre/83,Nivel inicial intuitivo; revisar/ajustar con datos de jugadores.
43,Series de Netflix,Nombra un elemento de la categoría «Series de Netflix».,Lupin,lupin,2,2 · Bajo el hielo,Lupin,https://www.netflix.com/es/browse/genre/83,Nivel inicial intuitivo; revisar/ajustar con datos de jugadores.
43,Series de Netflix,Nombra un elemento de la categoría «Series de Netflix».,The Queen's Gambit,thequeensgambit,2,2 · Bajo el hielo,The Queen's Gambit,https://www.netflix.com/es/browse/genre/83,Nivel inicial intuitivo; revisar/ajustar con datos de jugadores.
43,Series de Netflix,Nombra un elemento de la categoría «Series de Netflix».,The Last Kingdom,thelastkingdom,2,2 · Bajo el hielo,The Last Kingdom,https://www.netflix.com/es/browse/genre/83,Nivel inicial intuitivo; revisar/ajustar con datos de jugadores.
43,Series de Netflix,Nombra un elemento de la categoría «Series de Netflix».,Vikings,vikings,2,2 · Bajo el hielo,Vikings,https://www.netflix.com/es/browse/genre/83,Nivel inicial intuitivo; revisar/ajustar con datos de jugadores.
43,Series de Netflix,Nombra un elemento de la categoría «Series de Netflix».,The Walking Dead,thewalkingdead,2,2 · Bajo el hielo,The Walking Dead,https://www.netflix.com/es/browse/genre/83,Nivel inicial intuitivo; revisar/ajustar con datos de jugadores.
43,Series de Netflix,Nombra un elemento de la categoría «Series de Netflix».,The Office,theoffice,2,2 · Bajo el hielo,The Office,https://www.netflix.com/es/browse/genre/83,Nivel inicial intuitivo; revisar/ajustar con datos de jugadores.
43,Series de Netflix,Nombra un elemento de la categoría «Series de Netflix».,Friends,friends,2,2 · Bajo el hielo,Friends,https://www.netflix.com/es/browse/genre/83,Nivel inicial intuitivo; revisar/ajustar con datos de jugadores.
43,Series de Netflix,Nombra un elemento de la categoría «Series de Netflix».,Better Call Saul,bettercallsaul,3,3 · Profundo,Better Call Saul,https://www.netflix.com/es/browse/genre/83,Nivel inicial intuitivo; revisar/ajustar con datos de jugadores.
43,Series de Netflix,Nombra un elemento de la categoría «Series de Netflix».,Ozark,ozark,3,3 · Profundo,Ozark,https://www.netflix.com/es/browse/genre/83,Nivel inicial intuitivo; revisar/ajustar con datos de jugadores.
43,Series de Netflix,Nombra un elemento de la categoría «Series de Netflix».,Mindhunter,mindhunter,3,3 · Profundo,Mindhunter,https://www.netflix.com/es/browse/genre/83,Nivel inicial intuitivo; revisar/ajustar con datos de jugadores.
43,Series de Netflix,Nombra un elemento de la categoría «Series de Netflix».,The OA,theoa,3,3 · Profundo,The OA,https://www.netflix.com/es/browse/genre/83,Nivel inicial intuitivo; revisar/ajustar con datos de jugadores.
43,Series de Netflix,Nombra un elemento de la categoría «Series de Netflix».,BoJack Horseman,bojackhorseman,3,3 · Profundo,BoJack Horseman,https://www.netflix.com/es/browse/genre/83,Nivel inicial intuitivo; revisar/ajustar con datos de jugadores.
43,Series de Netflix,Nombra un elemento de la categoría «Series de Netflix».,Arcane,arcane,3,3 · Profundo,Arcane,https://www.netflix.com/es/browse/genre/83,Nivel inicial intuitivo; revisar/ajustar con datos de jugadores.
43,Series de Netflix,Nombra un elemento de la categoría «Series de Netflix».,Black Sails,blacksails,3,3 · Profundo,Black Sails,https://www.netflix.com/es/browse/genre/83,Nivel inicial intuitivo; revisar/ajustar con datos de jugadores.
43,Series de Netflix,Nombra un elemento de la categoría «Series de Netflix».,Sense8,sense8,3,3 · Profundo,Sense8,https://www.netflix.com/es/browse/genre/83,Nivel inicial intuitivo; revisar/ajustar con datos de jugadores.
43,Series de Netflix,Nombra un elemento de la categoría «Series de Netflix».,Russian Doll,russiandoll,3,3 · Profundo,Russian Doll,https://www.netflix.com/es/browse/genre/83,Nivel inicial intuitivo; revisar/ajustar con datos de jugadores.
43,Series de Netflix,Nombra un elemento de la categoría «Series de Netflix».,"Love, Death & Robots",lovedeathrobots,3,3 · Profundo,"Love, Death & Robots",https://www.netflix.com/es/browse/genre/83,Nivel inicial intuitivo; revisar/ajustar con datos de jugadores.
43,Series de Netflix,Nombra un elemento de la categoría «Series de Netflix».,The Haunting of Hill House,thehauntingofhillhouse,3,3 · Profundo,The Haunting of Hill House,https://www.netflix.com/es/browse/genre/83,Nivel inicial intuitivo; revisar/ajustar con datos de jugadores.
43,Series de Netflix,Nombra un elemento de la categoría «Series de Netflix».,The Haunting of Bly Manor,thehauntingofblymanor,4,4 · Muy profundo,The Haunting of Bly Manor,https://www.netflix.com/es/browse/genre/83,Nivel inicial intuitivo; revisar/ajustar con datos de jugadores.
43,Series de Netflix,Nombra un elemento de la categoría «Series de Netflix».,Dark Matter,darkmatter,4,4 · Muy profundo,Dark Matter,https://www.netflix.com/es/browse/genre/83,Nivel inicial intuitivo; revisar/ajustar con datos de jugadores.
43,Series de Netflix,Nombra un elemento de la categoría «Series de Netflix».,1899,1899,4,4 · Muy profundo,1899,https://www.netflix.com/es/browse/genre/83,Nivel inicial intuitivo; revisar/ajustar con datos de jugadores.
43,Series de Netflix,Nombra un elemento de la categoría «Series de Netflix».,Altered Carbon,alteredcarbon,4,4 · Muy profundo,Altered Carbon,https://www.netflix.com/es/browse/genre/83,Nivel inicial intuitivo; revisar/ajustar con datos de jugadores.
43,Series de Netflix,Nombra un elemento de la categoría «Series de Netflix».,The Sandman,thesandman,4,4 · Muy profundo,The Sandman,https://www.netflix.com/es/browse/genre/83,Nivel inicial intuitivo; revisar/ajustar con datos de jugadores.
43,Series de Netflix,Nombra un elemento de la categoría «Series de Netflix».,Castlevania,castlevania,4,4 · Muy profundo,Castlevania,https://www.netflix.com/es/browse/genre/83,Nivel inicial intuitivo; revisar/ajustar con datos de jugadores.
43,Series de Netflix,Nombra un elemento de la categoría «Series de Netflix».,Maniac,maniac,4,4 · Muy profundo,Maniac,https://www.netflix.com/es/browse/genre/83,Nivel inicial intuitivo; revisar/ajustar con datos de jugadores.
43,Series de Netflix,Nombra un elemento de la categoría «Series de Netflix».,Unorthodox,unorthodox,4,4 · Muy profundo,Unorthodox,https://www.netflix.com/es/browse/genre/83,Nivel inicial intuitivo; revisar/ajustar con datos de jugadores.
43,Series de Netflix,Nombra un elemento de la categoría «Series de Netflix».,Godless,godless,4,4 · Muy profundo,Godless,https://www.netflix.com/es/browse/genre/83,Nivel inicial intuitivo; revisar/ajustar con datos de jugadores.
43,Series de Netflix,Nombra un elemento de la categoría «Series de Netflix».,Midnight Mass,midnightmass,5,🕳️ 5 · Abismo,Midnight Mass,https://www.netflix.com/es/browse/genre/83,Nivel inicial intuitivo; revisar/ajustar con datos de jugadores.
43,Series de Netflix,Nombra un elemento de la categoría «Series de Netflix».,Archive 81,archive81,5,🕳️ 5 · Abismo,Archive 81,https://www.netflix.com/es/browse/genre/83,Nivel inicial intuitivo; revisar/ajustar con datos de jugadores.
43,Series de Netflix,Nombra un elemento de la categoría «Series de Netflix».,The Society,thesociety,5,🕳️ 5 · Abismo,The Society,https://www.netflix.com/es/browse/genre/83,Nivel inicial intuitivo; revisar/ajustar con datos de jugadores.
43,Series de Netflix,Nombra un elemento de la categoría «Series de Netflix».,The Innocents,theinnocents,5,🕳️ 5 · Abismo,The Innocents,https://www.netflix.com/es/browse/genre/83,Nivel inicial intuitivo; revisar/ajustar con datos de jugadores.
44,Series de Prime Video,Nombra un elemento de la categoría «Series de Prime Video».,The Boys,theboys,1,🧊 1 · Punta del iceberg,The Boys,https://www.primevideo.com/,Nivel inicial intuitivo; revisar/ajustar con datos de jugadores.
44,Series de Prime Video,Nombra un elemento de la categoría «Series de Prime Video».,The Lord of the Rings: The Rings of Power,thelordoftheringstheringsofpower,1,🧊 1 · Punta del iceberg,The Lord of the Rings: The Rings of Power,https://www.primevideo.com/,Nivel inicial intuitivo; revisar/ajustar con datos de jugadores.
44,Series de Prime Video,Nombra un elemento de la categoría «Series de Prime Video».,Reacher,reacher,1,🧊 1 · Punta del iceberg,Reacher,https://www.primevideo.com/,Nivel inicial intuitivo; revisar/ajustar con datos de jugadores.
44,Series de Prime Video,Nombra un elemento de la categoría «Series de Prime Video».,Fallout,fallout,1,🧊 1 · Punta del iceberg,Fallout,https://www.primevideo.com/,Nivel inicial intuitivo; revisar/ajustar con datos de jugadores.
44,Series de Prime Video,Nombra un elemento de la categoría «Series de Prime Video».,Invincible,invincible,2,2 · Bajo el hielo,Invincible,https://www.primevideo.com/,Nivel inicial intuitivo; revisar/ajustar con datos de jugadores.
44,Series de Prime Video,Nombra un elemento de la categoría «Series de Prime Video».,The Marvelous Mrs. Maisel,themarvelousmrsmaisel,2,2 · Bajo el hielo,The Marvelous Mrs. Maisel,https://www.primevideo.com/,Nivel inicial intuitivo; revisar/ajustar con datos de jugadores.
44,Series de Prime Video,Nombra un elemento de la categoría «Series de Prime Video».,Jack Ryan,jackryan,2,2 · Bajo el hielo,Jack Ryan,https://www.primevideo.com/,Nivel inicial intuitivo; revisar/ajustar con datos de jugadores.
44,Series de Prime Video,Nombra un elemento de la categoría «Series de Prime Video».,Fleabag,fleabag,2,2 · Bajo el hielo,Fleabag,https://www.primevideo.com/,Nivel inicial intuitivo; revisar/ajustar con datos de jugadores.
44,Series de Prime Video,Nombra un elemento de la categoría «Series de Prime Video».,Upload,upload,2,2 · Bajo el hielo,Upload,https://www.primevideo.com/,Nivel inicial intuitivo; revisar/ajustar con datos de jugadores.
44,Series de Prime Video,Nombra un elemento de la categoría «Series de Prime Video».,The Man in the High Castle,themaninthehighcastle,2,2 · Bajo el hielo,The Man in the High Castle,https://www.primevideo.com/,Nivel inicial intuitivo; revisar/ajustar con datos de jugadores.
44,Series de Prime Video,Nombra un elemento de la categoría «Series de Prime Video».,The Expanse,theexpanse,2,2 · Bajo el hielo,The Expanse,https://www.primevideo.com/,Nivel inicial intuitivo; revisar/ajustar con datos de jugadores.
44,Series de Prime Video,Nombra un elemento de la categoría «Series de Prime Video».,Citadel,citadel,2,2 · Bajo el hielo,Citadel,https://www.primevideo.com/,Nivel inicial intuitivo; revisar/ajustar con datos de jugadores.
44,Series de Prime Video,Nombra un elemento de la categoría «Series de Prime Video».,Good Omens,goodomens,3,3 · Profundo,Good Omens,https://www.primevideo.com/,Nivel inicial intuitivo; revisar/ajustar con datos de jugadores.
44,Series de Prime Video,Nombra un elemento de la categoría «Series de Prime Video».,Bosch,bosch,3,3 · Profundo,Bosch,https://www.primevideo.com/,Nivel inicial intuitivo; revisar/ajustar con datos de jugadores.
44,Series de Prime Video,Nombra un elemento de la categoría «Series de Prime Video».,Hanna,hanna,3,3 · Profundo,Hanna,https://www.primevideo.com/,Nivel inicial intuitivo; revisar/ajustar con datos de jugadores.
44,Series de Prime Video,Nombra un elemento de la categoría «Series de Prime Video».,Mr. Robot,mrrobot,3,3 · Profundo,Mr. Robot,https://www.primevideo.com/,Nivel inicial intuitivo; revisar/ajustar con datos de jugadores.
44,Series de Prime Video,Nombra un elemento de la categoría «Series de Prime Video».,The Peripheral,theperipheral,3,3 · Profundo,The Peripheral,https://www.primevideo.com/,Nivel inicial intuitivo; revisar/ajustar con datos de jugadores.
44,Series de Prime Video,Nombra un elemento de la categoría «Series de Prime Video».,Outer Range,outerrange,3,3 · Profundo,Outer Range,https://www.primevideo.com/,Nivel inicial intuitivo; revisar/ajustar con datos de jugadores.
44,Series de Prime Video,Nombra un elemento de la categoría «Series de Prime Video».,Gen V,genv,3,3 · Profundo,Gen V,https://www.primevideo.com/,Nivel inicial intuitivo; revisar/ajustar con datos de jugadores.
44,Series de Prime Video,Nombra un elemento de la categoría «Series de Prime Video».,American Gods,americangods,3,3 · Profundo,American Gods,https://www.primevideo.com/,Nivel inicial intuitivo; revisar/ajustar con datos de jugadores.
44,Series de Prime Video,Nombra un elemento de la categoría «Series de Prime Video».,The Wheel of Time,thewheeloftime,3,3 · Profundo,The Wheel of Time,https://www.primevideo.com/,Nivel inicial intuitivo; revisar/ajustar con datos de jugadores.
44,Series de Prime Video,Nombra un elemento de la categoría «Series de Prime Video».,Carnival Row,carnivalrow,4,4 · Muy profundo,Carnival Row,https://www.primevideo.com/,Nivel inicial intuitivo; revisar/ajustar con datos de jugadores.
44,Series de Prime Video,Nombra un elemento de la categoría «Series de Prime Video».,Patriot,patriot,4,4 · Muy profundo,Patriot,https://www.primevideo.com/,Nivel inicial intuitivo; revisar/ajustar con datos de jugadores.
44,Series de Prime Video,Nombra un elemento de la categoría «Series de Prime Video».,Tales from the Loop,talesfromtheloop,4,4 · Muy profundo,Tales from the Loop,https://www.primevideo.com/,Nivel inicial intuitivo; revisar/ajustar con datos de jugadores.
44,Series de Prime Video,Nombra un elemento de la categoría «Series de Prime Video».,Undone,undone,4,4 · Muy profundo,Undone,https://www.primevideo.com/,Nivel inicial intuitivo; revisar/ajustar con datos de jugadores.
44,Series de Prime Video,Nombra un elemento de la categoría «Series de Prime Video».,Counterpart,counterpart,4,4 · Muy profundo,Counterpart,https://www.primevideo.com/,Nivel inicial intuitivo; revisar/ajustar con datos de jugadores.
44,Series de Prime Video,Nombra un elemento de la categoría «Series de Prime Video».,Homecoming,homecoming,4,4 · Muy profundo,Homecoming,https://www.primevideo.com/,Nivel inicial intuitivo; revisar/ajustar con datos de jugadores.
44,Series de Prime Video,Nombra un elemento de la categoría «Series de Prime Video».,Them,them,5,🕳️ 5 · Abismo,Them,https://www.primevideo.com/,Nivel inicial intuitivo; revisar/ajustar con datos de jugadores.
44,Series de Prime Video,Nombra un elemento de la categoría «Series de Prime Video».,The Underground Railroad,theundergroundrailroad,5,🕳️ 5 · Abismo,The Underground Railroad,https://www.primevideo.com/,Nivel inicial intuitivo; revisar/ajustar con datos de jugadores.
44,Series de Prime Video,Nombra un elemento de la categoría «Series de Prime Video».,Utopia,utopia,5,🕳️ 5 · Abismo,Utopia,https://www.primevideo.com/,Nivel inicial intuitivo; revisar/ajustar con datos de jugadores.
45,Sitcoms,Nombra un elemento de la categoría «Sitcoms».,Friends,friends,1,🧊 1 · Punta del iceberg,Friends,https://www.imdb.com/,Nivel inicial intuitivo; revisar/ajustar con datos de jugadores.
45,Sitcoms,Nombra un elemento de la categoría «Sitcoms».,The Office,theoffice,1,🧊 1 · Punta del iceberg,The Office,https://www.imdb.com/,Nivel inicial intuitivo; revisar/ajustar con datos de jugadores.
45,Sitcoms,Nombra un elemento de la categoría «Sitcoms».,The Big Bang Theory,thebigbangtheory,1,🧊 1 · Punta del iceberg,The Big Bang Theory,https://www.imdb.com/,Nivel inicial intuitivo; revisar/ajustar con datos de jugadores.
45,Sitcoms,Nombra un elemento de la categoría «Sitcoms».,How I Met Your Mother,howimetyourmother,1,🧊 1 · Punta del iceberg,How I Met Your Mother,https://www.imdb.com/,Nivel inicial intuitivo; revisar/ajustar con datos de jugadores.
45,Sitcoms,Nombra un elemento de la categoría «Sitcoms».,Modern Family,modernfamily,1,🧊 1 · Punta del iceberg,Modern Family,https://www.imdb.com/,Nivel inicial intuitivo; revisar/ajustar con datos de jugadores.
45,Sitcoms,Nombra un elemento de la categoría «Sitcoms».,Seinfeld,seinfeld,1,🧊 1 · Punta del iceberg,Seinfeld,https://www.imdb.com/,Nivel inicial intuitivo; revisar/ajustar con datos de jugadores.
45,Sitcoms,Nombra un elemento de la categoría «Sitcoms».,Brooklyn Nine-Nine,brooklynninenine,1,🧊 1 · Punta del iceberg,Brooklyn Nine-Nine,https://www.imdb.com/,Nivel inicial intuitivo; revisar/ajustar con datos de jugadores.
45,Sitcoms,Nombra un elemento de la categoría «Sitcoms».,The Simpsons,thesimpsons,1,🧊 1 · Punta del iceberg,The Simpsons,https://www.imdb.com/,Nivel inicial intuitivo; revisar/ajustar con datos de jugadores.
45,Sitcoms,Nombra un elemento de la categoría «Sitcoms».,The Fresh Prince of Bel-Air,thefreshprinceofbelair,2,2 · Bajo el hielo,The Fresh Prince of Bel-Air,https://www.imdb.com/,Nivel inicial intuitivo; revisar/ajustar con datos de jugadores.
45,Sitcoms,Nombra un elemento de la categoría «Sitcoms».,Two and a Half Men,twoandahalfmen,2,2 · Bajo el hielo,Two and a Half Men,https://www.imdb.com/,Nivel inicial intuitivo; revisar/ajustar con datos de jugadores.
45,Sitcoms,Nombra un elemento de la categoría «Sitcoms».,Community,community,2,2 · Bajo el hielo,Community,https://www.imdb.com/,Nivel inicial intuitivo; revisar/ajustar con datos de jugadores.
45,Sitcoms,Nombra un elemento de la categoría «Sitcoms».,Parks and Recreation,parksandrecreation,2,2 · Bajo el hielo,Parks and Recreation,https://www.imdb.com/,Nivel inicial intuitivo; revisar/ajustar con datos de jugadores.
45,Sitcoms,Nombra un elemento de la categoría «Sitcoms».,Scrubs,scrubs,2,2 · Bajo el hielo,Scrubs,https://www.imdb.com/,Nivel inicial intuitivo; revisar/ajustar con datos de jugadores.
45,Sitcoms,Nombra un elemento de la categoría «Sitcoms».,New Girl,newgirl,2,2 · Bajo el hielo,New Girl,https://www.imdb.com/,Nivel inicial intuitivo; revisar/ajustar con datos de jugadores.
45,Sitcoms,Nombra un elemento de la categoría «Sitcoms».,Arrested Development,arresteddevelopment,2,2 · Bajo el hielo,Arrested Development,https://www.imdb.com/,Nivel inicial intuitivo; revisar/ajustar con datos de jugadores.
45,Sitcoms,Nombra un elemento de la categoría «Sitcoms».,That '70s Show,that70sshow,2,2 · Bajo el hielo,That '70s Show,https://www.imdb.com/,Nivel inicial intuitivo; revisar/ajustar con datos de jugadores.
45,Sitcoms,Nombra un elemento de la categoría «Sitcoms».,Everybody Loves Raymond,everybodylovesraymond,3,3 · Profundo,Everybody Loves Raymond,https://www.imdb.com/,Nivel inicial intuitivo; revisar/ajustar con datos de jugadores.
45,Sitcoms,Nombra un elemento de la categoría «Sitcoms».,Malcolm in the Middle,malcolminthemiddle,3,3 · Profundo,Malcolm in the Middle,https://www.imdb.com/,Nivel inicial intuitivo; revisar/ajustar con datos de jugadores.
45,Sitcoms,Nombra un elemento de la categoría «Sitcoms».,Frasier,frasier,3,3 · Profundo,Frasier,https://www.imdb.com/,Nivel inicial intuitivo; revisar/ajustar con datos de jugadores.
45,Sitcoms,Nombra un elemento de la categoría «Sitcoms».,Cheers,cheers,3,3 · Profundo,Cheers,https://www.imdb.com/,Nivel inicial intuitivo; revisar/ajustar con datos de jugadores.
45,Sitcoms,Nombra un elemento de la categoría «Sitcoms».,Will & Grace,willgrace,3,3 · Profundo,Will & Grace,https://www.imdb.com/,Nivel inicial intuitivo; revisar/ajustar con datos de jugadores.
45,Sitcoms,Nombra un elemento de la categoría «Sitcoms».,30 Rock,30rock,3,3 · Profundo,30 Rock,https://www.imdb.com/,Nivel inicial intuitivo; revisar/ajustar con datos de jugadores.
45,Sitcoms,Nombra un elemento de la categoría «Sitcoms».,Superstore,superstore,3,3 · Profundo,Superstore,https://www.imdb.com/,Nivel inicial intuitivo; revisar/ajustar con datos de jugadores.
45,Sitcoms,Nombra un elemento de la categoría «Sitcoms».,The Good Place,thegoodplace,3,3 · Profundo,The Good Place,https://www.imdb.com/,Nivel inicial intuitivo; revisar/ajustar con datos de jugadores.
45,Sitcoms,Nombra un elemento de la categoría «Sitcoms».,Schitt's Creek,schittscreek,3,3 · Profundo,Schitt's Creek,https://www.imdb.com/,Nivel inicial intuitivo; revisar/ajustar con datos de jugadores.
45,Sitcoms,Nombra un elemento de la categoría «Sitcoms».,Veep,veep,4,4 · Muy profundo,Veep,https://www.imdb.com/,Nivel inicial intuitivo; revisar/ajustar con datos de jugadores.
45,Sitcoms,Nombra un elemento de la categoría «Sitcoms».,It's Always Sunny in Philadelphia,itsalwayssunnyinphiladelphia,4,4 · Muy profundo,It's Always Sunny in Philadelphia,https://www.imdb.com/,Nivel inicial intuitivo; revisar/ajustar con datos de jugadores.
45,Sitcoms,Nombra un elemento de la categoría «Sitcoms».,Curb Your Enthusiasm,curbyourenthusiasm,4,4 · Muy profundo,Curb Your Enthusiasm,https://www.imdb.com/,Nivel inicial intuitivo; revisar/ajustar con datos de jugadores.
45,Sitcoms,Nombra un elemento de la categoría «Sitcoms».,Black-ish,blackish,4,4 · Muy profundo,Black-ish,https://www.imdb.com/,Nivel inicial intuitivo; revisar/ajustar con datos de jugadores.
45,Sitcoms,Nombra un elemento de la categoría «Sitcoms».,Derry Girls,derrygirls,4,4 · Muy profundo,Derry Girls,https://www.imdb.com/,Nivel inicial intuitivo; revisar/ajustar con datos de jugadores.
45,Sitcoms,Nombra un elemento de la categoría «Sitcoms».,Fleabag,fleabag,4,4 · Muy profundo,Fleabag,https://www.imdb.com/,Nivel inicial intuitivo; revisar/ajustar con datos de jugadores.
45,Sitcoms,Nombra un elemento de la categoría «Sitcoms».,What We Do in the Shadows,whatwedointheshadows,5,🕳️ 5 · Abismo,What We Do in the Shadows,https://www.imdb.com/,Nivel inicial intuitivo; revisar/ajustar con datos de jugadores.
45,Sitcoms,Nombra un elemento de la categoría «Sitcoms».,Silicon Valley,siliconvalley,5,🕳️ 5 · Abismo,Silicon Valley,https://www.imdb.com/,Nivel inicial intuitivo; revisar/ajustar con datos de jugadores.
45,Sitcoms,Nombra un elemento de la categoría «Sitcoms».,The IT Crowd,theitcrowd,5,🕳️ 5 · Abismo,The IT Crowd,https://www.imdb.com/,Nivel inicial intuitivo; revisar/ajustar con datos de jugadores.
46,Películas españolas,Nombra un elemento de la categoría «Películas españolas».,Ocho apellidos vascos,ochoapellidosvascos,1,🧊 1 · Punta del iceberg,Ocho apellidos vascos,https://www.filmaffinity.com/es/,Nivel inicial intuitivo; revisar/ajustar con datos de jugadores.
46,Películas españolas,Nombra un elemento de la categoría «Películas españolas».,La casa de papel: película,lacasadepapelpelicula,1,🧊 1 · Punta del iceberg,La casa de papel: película,https://www.filmaffinity.com/es/,Nivel inicial intuitivo; revisar/ajustar con datos de jugadores.
46,Películas españolas,Nombra un elemento de la categoría «Películas españolas».,Mar adentro,maradentro,1,🧊 1 · Punta del iceberg,Mar adentro,https://www.filmaffinity.com/es/,Nivel inicial intuitivo; revisar/ajustar con datos de jugadores.
46,Películas españolas,Nombra un elemento de la categoría «Películas españolas».,El laberinto del fauno,ellaberintodelfauno,1,🧊 1 · Punta del iceberg,El laberinto del fauno,https://www.filmaffinity.com/es/,Nivel inicial intuitivo; revisar/ajustar con datos de jugadores.
46,Películas españolas,Nombra un elemento de la categoría «Películas españolas».,Volver,volver,1,🧊 1 · Punta del iceberg,Volver,https://www.filmaffinity.com/es/,Nivel inicial intuitivo; revisar/ajustar con datos de jugadores.
46,Películas españolas,Nombra un elemento de la categoría «Películas españolas».,Torrente,torrente,2,2 · Bajo el hielo,Torrente,https://www.filmaffinity.com/es/,Nivel inicial intuitivo; revisar/ajustar con datos de jugadores.
46,Películas españolas,Nombra un elemento de la categoría «Películas españolas».,Campeones,campeones,2,2 · Bajo el hielo,Campeones,https://www.filmaffinity.com/es/,Nivel inicial intuitivo; revisar/ajustar con datos de jugadores.
46,Películas españolas,Nombra un elemento de la categoría «Películas españolas».,Contratiempo,contratiempo,2,2 · Bajo el hielo,Contratiempo,https://www.filmaffinity.com/es/,Nivel inicial intuitivo; revisar/ajustar con datos de jugadores.
46,Películas españolas,Nombra un elemento de la categoría «Películas españolas».,Celda 211,celda211,2,2 · Bajo el hielo,Celda 211,https://www.filmaffinity.com/es/,Nivel inicial intuitivo; revisar/ajustar con datos de jugadores.
46,Películas españolas,Nombra un elemento de la categoría «Películas españolas».,REC,rec,2,2 · Bajo el hielo,REC,https://www.filmaffinity.com/es/,Nivel inicial intuitivo; revisar/ajustar con datos de jugadores.
46,Películas españolas,Nombra un elemento de la categoría «Películas españolas».,Los otros,losotros,2,2 · Bajo el hielo,Los otros,https://www.filmaffinity.com/es/,Nivel inicial intuitivo; revisar/ajustar con datos de jugadores.
46,Películas españolas,Nombra un elemento de la categoría «Películas españolas».,Abre los ojos,abrelosojos,3,3 · Profundo,Abre los ojos,https://www.filmaffinity.com/es/,Nivel inicial intuitivo; revisar/ajustar con datos de jugadores.
46,Películas españolas,Nombra un elemento de la categoría «Películas españolas».,Tesis,tesis,3,3 · Profundo,Tesis,https://www.filmaffinity.com/es/,Nivel inicial intuitivo; revisar/ajustar con datos de jugadores.
46,Películas españolas,Nombra un elemento de la categoría «Películas españolas».,Todo sobre mi madre,todosobremimadre,3,3 · Profundo,Todo sobre mi madre,https://www.filmaffinity.com/es/,Nivel inicial intuitivo; revisar/ajustar con datos de jugadores.
46,Películas españolas,Nombra un elemento de la categoría «Películas españolas».,Dolor y gloria,dolorygloria,3,3 · Profundo,Dolor y gloria,https://www.filmaffinity.com/es/,Nivel inicial intuitivo; revisar/ajustar con datos de jugadores.
46,Películas españolas,Nombra un elemento de la categoría «Películas españolas».,"Bienvenido, Mister Marshall",bienvenidomistermarshall,3,3 · Profundo,"Bienvenido, Mister Marshall",https://www.filmaffinity.com/es/,Nivel inicial intuitivo; revisar/ajustar con datos de jugadores.
46,Películas españolas,Nombra un elemento de la categoría «Películas españolas».,Viridiana,viridiana,3,3 · Profundo,Viridiana,https://www.filmaffinity.com/es/,Nivel inicial intuitivo; revisar/ajustar con datos de jugadores.
46,Películas españolas,Nombra un elemento de la categoría «Películas españolas».,El espíritu de la colmena,elespiritudelacolmena,4,4 · Muy profundo,El espíritu de la colmena,https://www.filmaffinity.com/es/,Nivel inicial intuitivo; revisar/ajustar con datos de jugadores.
46,Películas españolas,Nombra un elemento de la categoría «Películas españolas».,La lengua de las mariposas,lalenguadelasmariposas,4,4 · Muy profundo,La lengua de las mariposas,https://www.filmaffinity.com/es/,Nivel inicial intuitivo; revisar/ajustar con datos de jugadores.
46,Películas españolas,Nombra un elemento de la categoría «Películas españolas».,La isla mínima,laislaminima,4,4 · Muy profundo,La isla mínima,https://www.filmaffinity.com/es/,Nivel inicial intuitivo; revisar/ajustar con datos de jugadores.
46,Películas españolas,Nombra un elemento de la categoría «Películas españolas».,Truman,truman,4,4 · Muy profundo,Truman,https://www.filmaffinity.com/es/,Nivel inicial intuitivo; revisar/ajustar con datos de jugadores.
46,Películas españolas,Nombra un elemento de la categoría «Películas españolas».,Te doy mis ojos,tedoymisojos,4,4 · Muy profundo,Te doy mis ojos,https://www.filmaffinity.com/es/,Nivel inicial intuitivo; revisar/ajustar con datos de jugadores.
46,Películas españolas,Nombra un elemento de la categoría «Películas españolas».,Pa negre,panegre,4,4 · Muy profundo,Pa negre,https://www.filmaffinity.com/es/,Nivel inicial intuitivo; revisar/ajustar con datos de jugadores.
46,Películas españolas,Nombra un elemento de la categoría «Películas españolas».,El verdugo,elverdugo,5,🕳️ 5 · Abismo,El verdugo,https://www.filmaffinity.com/es/,Nivel inicial intuitivo; revisar/ajustar con datos de jugadores.
46,Películas españolas,Nombra un elemento de la categoría «Películas españolas».,Plácido,placido,5,🕳️ 5 · Abismo,Plácido,https://www.filmaffinity.com/es/,Nivel inicial intuitivo; revisar/ajustar con datos de jugadores.
46,Películas españolas,Nombra un elemento de la categoría «Películas españolas».,Cría cuervos,criacuervos,5,🕳️ 5 · Abismo,Cría cuervos,https://www.filmaffinity.com/es/,Nivel inicial intuitivo; revisar/ajustar con datos de jugadores.
46,Películas españolas,Nombra un elemento de la categoría «Películas españolas».,Arrebato,arrebato,5,🕳️ 5 · Abismo,Arrebato,https://www.filmaffinity.com/es/,Nivel inicial intuitivo; revisar/ajustar con datos de jugadores.
46,Películas españolas,Nombra un elemento de la categoría «Películas españolas».,Los santos inocentes,lossantosinocentes,5,🕳️ 5 · Abismo,Los santos inocentes,https://www.filmaffinity.com/es/,Nivel inicial intuitivo; revisar/ajustar con datos de jugadores.
47,Películas de Disney,Nombra un elemento de la categoría «Películas de Disney».,El Rey León,elreyleon,1,🧊 1 · Punta del iceberg,El Rey León,https://www.disneyplus.com/,Nivel inicial intuitivo; revisar/ajustar con datos de jugadores.
47,Películas de Disney,Nombra un elemento de la categoría «Películas de Disney».,Frozen,frozen,1,🧊 1 · Punta del iceberg,Frozen,https://www.disneyplus.com/,Nivel inicial intuitivo; revisar/ajustar con datos de jugadores.
47,Películas de Disney,Nombra un elemento de la categoría «Películas de Disney».,Aladdín,aladdin,1,🧊 1 · Punta del iceberg,Aladdín,https://www.disneyplus.com/,Nivel inicial intuitivo; revisar/ajustar con datos de jugadores.
47,Películas de Disney,Nombra un elemento de la categoría «Películas de Disney».,La Sirenita,lasirenita,1,🧊 1 · Punta del iceberg,La Sirenita,https://www.disneyplus.com/,Nivel inicial intuitivo; revisar/ajustar con datos de jugadores.
47,Películas de Disney,Nombra un elemento de la categoría «Películas de Disney».,Toy Story,toystory,1,🧊 1 · Punta del iceberg,Toy Story,https://www.disneyplus.com/,Nivel inicial intuitivo; revisar/ajustar con datos de jugadores.
47,Películas de Disney,Nombra un elemento de la categoría «Películas de Disney».,Cenicienta,cenicienta,1,🧊 1 · Punta del iceberg,Cenicienta,https://www.disneyplus.com/,Nivel inicial intuitivo; revisar/ajustar con datos de jugadores.
47,Películas de Disney,Nombra un elemento de la categoría «Películas de Disney».,Blancanieves y los siete enanitos,blancanievesylossieteenanitos,1,🧊 1 · Punta del iceberg,Blancanieves y los siete enanitos,https://www.disneyplus.com/,Nivel inicial intuitivo; revisar/ajustar con datos de jugadores.
47,Películas de Disney,Nombra un elemento de la categoría «Películas de Disney».,La Bella y la Bestia,labellaylabestia,2,2 · Bajo el hielo,La Bella y la Bestia,https://www.disneyplus.com/,Nivel inicial intuitivo; revisar/ajustar con datos de jugadores.
47,Películas de Disney,Nombra un elemento de la categoría «Películas de Disney».,Mulán,mulan,2,2 · Bajo el hielo,Mulán,https://www.disneyplus.com/,Nivel inicial intuitivo; revisar/ajustar con datos de jugadores.
47,Películas de Disney,Nombra un elemento de la categoría «Películas de Disney».,Pocahontas,pocahontas,2,2 · Bajo el hielo,Pocahontas,https://www.disneyplus.com/,Nivel inicial intuitivo; revisar/ajustar con datos de jugadores.
47,Películas de Disney,Nombra un elemento de la categoría «Películas de Disney».,Tarzán,tarzan,2,2 · Bajo el hielo,Tarzán,https://www.disneyplus.com/,Nivel inicial intuitivo; revisar/ajustar con datos de jugadores.
47,Películas de Disney,Nombra un elemento de la categoría «Películas de Disney».,Hércules,hercules,2,2 · Bajo el hielo,Hércules,https://www.disneyplus.com/,Nivel inicial intuitivo; revisar/ajustar con datos de jugadores.
47,Películas de Disney,Nombra un elemento de la categoría «Películas de Disney».,Enredados,enredados,2,2 · Bajo el hielo,Enredados,https://www.disneyplus.com/,Nivel inicial intuitivo; revisar/ajustar con datos de jugadores.
47,Películas de Disney,Nombra un elemento de la categoría «Películas de Disney».,Moana,moana,2,2 · Bajo el hielo,Moana,https://www.disneyplus.com/,Nivel inicial intuitivo; revisar/ajustar con datos de jugadores.
47,Películas de Disney,Nombra un elemento de la categoría «Películas de Disney».,Peter Pan,peterpan,2,2 · Bajo el hielo,Peter Pan,https://www.disneyplus.com/,Nivel inicial intuitivo; revisar/ajustar con datos de jugadores.
47,Películas de Disney,Nombra un elemento de la categoría «Películas de Disney».,101 dálmatas,101dalmatas,2,2 · Bajo el hielo,101 dálmatas,https://www.disneyplus.com/,Nivel inicial intuitivo; revisar/ajustar con datos de jugadores.
47,Películas de Disney,Nombra un elemento de la categoría «Películas de Disney».,El libro de la selva,ellibrodelaselva,2,2 · Bajo el hielo,El libro de la selva,https://www.disneyplus.com/,Nivel inicial intuitivo; revisar/ajustar con datos de jugadores.
47,Películas de Disney,Nombra un elemento de la categoría «Películas de Disney».,Bambi,bambi,3,3 · Profundo,Bambi,https://www.disneyplus.com/,Nivel inicial intuitivo; revisar/ajustar con datos de jugadores.
47,Películas de Disney,Nombra un elemento de la categoría «Películas de Disney».,Dumbo,dumbo,3,3 · Profundo,Dumbo,https://www.disneyplus.com/,Nivel inicial intuitivo; revisar/ajustar con datos de jugadores.
47,Películas de Disney,Nombra un elemento de la categoría «Películas de Disney».,Pinocho,pinocho,3,3 · Profundo,Pinocho,https://www.disneyplus.com/,Nivel inicial intuitivo; revisar/ajustar con datos de jugadores.
47,Películas de Disney,Nombra un elemento de la categoría «Películas de Disney».,Alicia en el País de las Maravillas,aliciaenelpaisdelasmaravillas,3,3 · Profundo,Alicia en el País de las Maravillas,https://www.disneyplus.com/,Nivel inicial intuitivo; revisar/ajustar con datos de jugadores.
47,Películas de Disney,Nombra un elemento de la categoría «Películas de Disney».,El planeta del tesoro,elplanetadeltesoro,3,3 · Profundo,El planeta del tesoro,https://www.disneyplus.com/,Nivel inicial intuitivo; revisar/ajustar con datos de jugadores.
47,Películas de Disney,Nombra un elemento de la categoría «Películas de Disney».,Atlantis: El imperio perdido,atlantiselimperioperdido,3,3 · Profundo,Atlantis: El imperio perdido,https://www.disneyplus.com/,Nivel inicial intuitivo; revisar/ajustar con datos de jugadores.
47,Películas de Disney,Nombra un elemento de la categoría «Películas de Disney».,Lilo & Stitch,lilostitch,3,3 · Profundo,Lilo & Stitch,https://www.disneyplus.com/,Nivel inicial intuitivo; revisar/ajustar con datos de jugadores.
47,Películas de Disney,Nombra un elemento de la categoría «Películas de Disney».,Zootrópolis,zootropolis,3,3 · Profundo,Zootrópolis,https://www.disneyplus.com/,Nivel inicial intuitivo; revisar/ajustar con datos de jugadores.
47,Películas de Disney,Nombra un elemento de la categoría «Películas de Disney».,Raya y el último dragón,rayayelultimodragon,4,4 · Muy profundo,Raya y el último dragón,https://www.disneyplus.com/,Nivel inicial intuitivo; revisar/ajustar con datos de jugadores.
47,Películas de Disney,Nombra un elemento de la categoría «Películas de Disney».,Tiana y el sapo,tianayelsapo,4,4 · Muy profundo,Tiana y el sapo,https://www.disneyplus.com/,Nivel inicial intuitivo; revisar/ajustar con datos de jugadores.
47,Películas de Disney,Nombra un elemento de la categoría «Películas de Disney».,Hermano oso,hermanooso,4,4 · Muy profundo,Hermano oso,https://www.disneyplus.com/,Nivel inicial intuitivo; revisar/ajustar con datos de jugadores.
47,Películas de Disney,Nombra un elemento de la categoría «Películas de Disney».,Tarón y el caldero mágico,taronyelcalderomagico,4,4 · Muy profundo,Tarón y el caldero mágico,https://www.disneyplus.com/,Nivel inicial intuitivo; revisar/ajustar con datos de jugadores.
47,Películas de Disney,Nombra un elemento de la categoría «Películas de Disney».,Robin Hood,robinhood,4,4 · Muy profundo,Robin Hood,https://www.disneyplus.com/,Nivel inicial intuitivo; revisar/ajustar con datos de jugadores.
47,Películas de Disney,Nombra un elemento de la categoría «Películas de Disney».,Oliver y su pandilla,oliverysupandilla,4,4 · Muy profundo,Oliver y su pandilla,https://www.disneyplus.com/,Nivel inicial intuitivo; revisar/ajustar con datos de jugadores.
47,Películas de Disney,Nombra un elemento de la categoría «Películas de Disney».,Tod y Toby,todytoby,5,🕳️ 5 · Abismo,Tod y Toby,https://www.disneyplus.com/,Nivel inicial intuitivo; revisar/ajustar con datos de jugadores.
47,Películas de Disney,Nombra un elemento de la categoría «Películas de Disney».,El caldero mágico,elcalderomagico,5,🕳️ 5 · Abismo,El caldero mágico,https://www.disneyplus.com/,Nivel inicial intuitivo; revisar/ajustar con datos de jugadores.
47,Películas de Disney,Nombra un elemento de la categoría «Películas de Disney».,"Basil, el ratón superdetective",basilelratonsuperdetective,5,🕳️ 5 · Abismo,"Basil, el ratón superdetective",https://www.disneyplus.com/,Nivel inicial intuitivo; revisar/ajustar con datos de jugadores.
47,Películas de Disney,Nombra un elemento de la categoría «Películas de Disney».,Atlantis,atlantis,5,🕳️ 5 · Abismo,Atlantis,https://www.disneyplus.com/,Nivel inicial intuitivo; revisar/ajustar con datos de jugadores.
48,Películas de Marvel,Nombra un elemento de la categoría «Películas de Marvel».,Iron Man,ironman,1,🧊 1 · Punta del iceberg,Iron Man,https://www.marvel.com/movies,Nivel inicial intuitivo; revisar/ajustar con datos de jugadores.
48,Películas de Marvel,Nombra un elemento de la categoría «Películas de Marvel».,The Avengers,theavengers,1,🧊 1 · Punta del iceberg,The Avengers,https://www.marvel.com/movies,Nivel inicial intuitivo; revisar/ajustar con datos de jugadores.
48,Películas de Marvel,Nombra un elemento de la categoría «Películas de Marvel».,Avengers: Endgame,avengersendgame,1,🧊 1 · Punta del iceberg,Avengers: Endgame,https://www.marvel.com/movies,Nivel inicial intuitivo; revisar/ajustar con datos de jugadores.
48,Películas de Marvel,Nombra un elemento de la categoría «Películas de Marvel».,Avengers: Infinity War,avengersinfinitywar,1,🧊 1 · Punta del iceberg,Avengers: Infinity War,https://www.marvel.com/movies,Nivel inicial intuitivo; revisar/ajustar con datos de jugadores.
48,Películas de Marvel,Nombra un elemento de la categoría «Películas de Marvel».,Spider-Man,spiderman,1,🧊 1 · Punta del iceberg,Spider-Man,https://www.marvel.com/movies,Nivel inicial intuitivo; revisar/ajustar con datos de jugadores.
48,Películas de Marvel,Nombra un elemento de la categoría «Películas de Marvel».,Black Panther,blackpanther,2,2 · Bajo el hielo,Black Panther,https://www.marvel.com/movies,Nivel inicial intuitivo; revisar/ajustar con datos de jugadores.
48,Películas de Marvel,Nombra un elemento de la categoría «Películas de Marvel».,Thor,thor,2,2 · Bajo el hielo,Thor,https://www.marvel.com/movies,Nivel inicial intuitivo; revisar/ajustar con datos de jugadores.
48,Películas de Marvel,Nombra un elemento de la categoría «Películas de Marvel».,Captain America,captainamerica,2,2 · Bajo el hielo,Captain America,https://www.marvel.com/movies,Nivel inicial intuitivo; revisar/ajustar con datos de jugadores.
48,Películas de Marvel,Nombra un elemento de la categoría «Películas de Marvel».,Guardians of the Galaxy,guardiansofthegalaxy,2,2 · Bajo el hielo,Guardians of the Galaxy,https://www.marvel.com/movies,Nivel inicial intuitivo; revisar/ajustar con datos de jugadores.
48,Películas de Marvel,Nombra un elemento de la categoría «Películas de Marvel».,Doctor Strange,doctorstrange,2,2 · Bajo el hielo,Doctor Strange,https://www.marvel.com/movies,Nivel inicial intuitivo; revisar/ajustar con datos de jugadores.
48,Películas de Marvel,Nombra un elemento de la categoría «Películas de Marvel».,Captain Marvel,captainmarvel,2,2 · Bajo el hielo,Captain Marvel,https://www.marvel.com/movies,Nivel inicial intuitivo; revisar/ajustar con datos de jugadores.
48,Películas de Marvel,Nombra un elemento de la categoría «Películas de Marvel».,Ant-Man,antman,2,2 · Bajo el hielo,Ant-Man,https://www.marvel.com/movies,Nivel inicial intuitivo; revisar/ajustar con datos de jugadores.
48,Películas de Marvel,Nombra un elemento de la categoría «Películas de Marvel».,Deadpool,deadpool,2,2 · Bajo el hielo,Deadpool,https://www.marvel.com/movies,Nivel inicial intuitivo; revisar/ajustar con datos de jugadores.
48,Películas de Marvel,Nombra un elemento de la categoría «Películas de Marvel».,X-Men,xmen,3,3 · Profundo,X-Men,https://www.marvel.com/movies,Nivel inicial intuitivo; revisar/ajustar con datos de jugadores.
48,Películas de Marvel,Nombra un elemento de la categoría «Películas de Marvel».,Logan,logan,3,3 · Profundo,Logan,https://www.marvel.com/movies,Nivel inicial intuitivo; revisar/ajustar con datos de jugadores.
48,Películas de Marvel,Nombra un elemento de la categoría «Películas de Marvel».,Venom,venom,3,3 · Profundo,Venom,https://www.marvel.com/movies,Nivel inicial intuitivo; revisar/ajustar con datos de jugadores.
48,Películas de Marvel,Nombra un elemento de la categoría «Películas de Marvel».,Fantastic Four,fantasticfour,3,3 · Profundo,Fantastic Four,https://www.marvel.com/movies,Nivel inicial intuitivo; revisar/ajustar con datos de jugadores.
48,Películas de Marvel,Nombra un elemento de la categoría «Películas de Marvel».,Blade,blade,3,3 · Profundo,Blade,https://www.marvel.com/movies,Nivel inicial intuitivo; revisar/ajustar con datos de jugadores.
48,Películas de Marvel,Nombra un elemento de la categoría «Películas de Marvel».,Shang-Chi,shangchi,3,3 · Profundo,Shang-Chi,https://www.marvel.com/movies,Nivel inicial intuitivo; revisar/ajustar con datos de jugadores.
48,Películas de Marvel,Nombra un elemento de la categoría «Películas de Marvel».,Eternals,eternals,3,3 · Profundo,Eternals,https://www.marvel.com/movies,Nivel inicial intuitivo; revisar/ajustar con datos de jugadores.
48,Películas de Marvel,Nombra un elemento de la categoría «Películas de Marvel».,Black Widow,blackwidow,3,3 · Profundo,Black Widow,https://www.marvel.com/movies,Nivel inicial intuitivo; revisar/ajustar con datos de jugadores.
48,Películas de Marvel,Nombra un elemento de la categoría «Películas de Marvel».,Thor: Ragnarok,thorragnarok,3,3 · Profundo,Thor: Ragnarok,https://www.marvel.com/movies,Nivel inicial intuitivo; revisar/ajustar con datos de jugadores.
48,Películas de Marvel,Nombra un elemento de la categoría «Películas de Marvel».,Civil War,civilwar,3,3 · Profundo,Civil War,https://www.marvel.com/movies,Nivel inicial intuitivo; revisar/ajustar con datos de jugadores.
48,Películas de Marvel,Nombra un elemento de la categoría «Películas de Marvel».,Winter Soldier,wintersoldier,4,4 · Muy profundo,Winter Soldier,https://www.marvel.com/movies,Nivel inicial intuitivo; revisar/ajustar con datos de jugadores.
48,Películas de Marvel,Nombra un elemento de la categoría «Películas de Marvel».,Guardians of the Galaxy Vol. 3,guardiansofthegalaxyvol3,4,4 · Muy profundo,Guardians of the Galaxy Vol. 3,https://www.marvel.com/movies,Nivel inicial intuitivo; revisar/ajustar con datos de jugadores.
48,Películas de Marvel,Nombra un elemento de la categoría «Películas de Marvel».,Werewolf by Night,werewolfbynight,4,4 · Muy profundo,Werewolf by Night,https://www.marvel.com/movies,Nivel inicial intuitivo; revisar/ajustar con datos de jugadores.
48,Películas de Marvel,Nombra un elemento de la categoría «Películas de Marvel».,The Marvels,themarvels,4,4 · Muy profundo,The Marvels,https://www.marvel.com/movies,Nivel inicial intuitivo; revisar/ajustar con datos de jugadores.
48,Películas de Marvel,Nombra un elemento de la categoría «Películas de Marvel».,Madame Web,madameweb,5,🕳️ 5 · Abismo,Madame Web,https://www.marvel.com/movies,Nivel inicial intuitivo; revisar/ajustar con datos de jugadores.
48,Películas de Marvel,Nombra un elemento de la categoría «Películas de Marvel».,Morbius,morbius,5,🕳️ 5 · Abismo,Morbius,https://www.marvel.com/movies,Nivel inicial intuitivo; revisar/ajustar con datos de jugadores.
48,Películas de Marvel,Nombra un elemento de la categoría «Películas de Marvel».,Kraven the Hunter,kraventhehunter,5,🕳️ 5 · Abismo,Kraven the Hunter,https://www.marvel.com/movies,Nivel inicial intuitivo; revisar/ajustar con datos de jugadores.
49,Películas basadas en libros,Nombra un elemento de la categoría «Películas basadas en libros».,Harry Potter,harrypotter,1,🧊 1 · Punta del iceberg,Harry Potter,https://www.imdb.com/,Nivel inicial intuitivo; revisar/ajustar con datos de jugadores.
49,Películas basadas en libros,Nombra un elemento de la categoría «Películas basadas en libros».,El Señor de los Anillos,elsenordelosanillos,1,🧊 1 · Punta del iceberg,El Señor de los Anillos,https://www.imdb.com/,Nivel inicial intuitivo; revisar/ajustar con datos de jugadores.
49,Películas basadas en libros,Nombra un elemento de la categoría «Películas basadas en libros».,El Hobbit,elhobbit,1,🧊 1 · Punta del iceberg,El Hobbit,https://www.imdb.com/,Nivel inicial intuitivo; revisar/ajustar con datos de jugadores.
49,Películas basadas en libros,Nombra un elemento de la categoría «Películas basadas en libros».,Los juegos del hambre,losjuegosdelhambre,1,🧊 1 · Punta del iceberg,Los juegos del hambre,https://www.imdb.com/,Nivel inicial intuitivo; revisar/ajustar con datos de jugadores.
49,Películas basadas en libros,Nombra un elemento de la categoría «Películas basadas en libros».,Crepúsculo,crepusculo,1,🧊 1 · Punta del iceberg,Crepúsculo,https://www.imdb.com/,Nivel inicial intuitivo; revisar/ajustar con datos de jugadores.
49,Películas basadas en libros,Nombra un elemento de la categoría «Películas basadas en libros».,Jurassic Park,jurassicpark,1,🧊 1 · Punta del iceberg,Jurassic Park,https://www.imdb.com/,Nivel inicial intuitivo; revisar/ajustar con datos de jugadores.
49,Películas basadas en libros,Nombra un elemento de la categoría «Películas basadas en libros».,Forrest Gump,forrestgump,2,2 · Bajo el hielo,Forrest Gump,https://www.imdb.com/,Nivel inicial intuitivo; revisar/ajustar con datos de jugadores.
49,Películas basadas en libros,Nombra un elemento de la categoría «Películas basadas en libros».,El padrino,elpadrino,2,2 · Bajo el hielo,El padrino,https://www.imdb.com/,Nivel inicial intuitivo; revisar/ajustar con datos de jugadores.
49,Películas basadas en libros,Nombra un elemento de la categoría «Películas basadas en libros».,It,it,2,2 · Bajo el hielo,It,https://www.imdb.com/,Nivel inicial intuitivo; revisar/ajustar con datos de jugadores.
49,Películas basadas en libros,Nombra un elemento de la categoría «Películas basadas en libros».,El código Da Vinci,elcodigodavinci,2,2 · Bajo el hielo,El código Da Vinci,https://www.imdb.com/,Nivel inicial intuitivo; revisar/ajustar con datos de jugadores.
49,Películas basadas en libros,Nombra un elemento de la categoría «Películas basadas en libros».,El diario de Bridget Jones,eldiariodebridgetjones,2,2 · Bajo el hielo,El diario de Bridget Jones,https://www.imdb.com/,Nivel inicial intuitivo; revisar/ajustar con datos de jugadores.
49,Películas basadas en libros,Nombra un elemento de la categoría «Películas basadas en libros».,Orgullo y prejuicio,orgulloyprejuicio,2,2 · Bajo el hielo,Orgullo y prejuicio,https://www.imdb.com/,Nivel inicial intuitivo; revisar/ajustar con datos de jugadores.
49,Películas basadas en libros,Nombra un elemento de la categoría «Películas basadas en libros».,El resplandor,elresplandor,2,2 · Bajo el hielo,El resplandor,https://www.imdb.com/,Nivel inicial intuitivo; revisar/ajustar con datos de jugadores.
49,Películas basadas en libros,Nombra un elemento de la categoría «Películas basadas en libros».,El nombre de la rosa,elnombredelarosa,2,2 · Bajo el hielo,El nombre de la rosa,https://www.imdb.com/,Nivel inicial intuitivo; revisar/ajustar con datos de jugadores.
49,Películas basadas en libros,Nombra un elemento de la categoría «Películas basadas en libros».,Charlie y la fábrica de chocolate,charlieylafabricadechocolate,3,3 · Profundo,Charlie y la fábrica de chocolate,https://www.imdb.com/,Nivel inicial intuitivo; revisar/ajustar con datos de jugadores.
49,Películas basadas en libros,Nombra un elemento de la categoría «Películas basadas en libros».,La naranja mecánica,lanaranjamecanica,3,3 · Profundo,La naranja mecánica,https://www.imdb.com/,Nivel inicial intuitivo; revisar/ajustar con datos de jugadores.
49,Películas basadas en libros,Nombra un elemento de la categoría «Películas basadas en libros».,Blade Runner,bladerunner,3,3 · Profundo,Blade Runner,https://www.imdb.com/,Nivel inicial intuitivo; revisar/ajustar con datos de jugadores.
49,Películas basadas en libros,Nombra un elemento de la categoría «Películas basadas en libros».,Dune,dune,3,3 · Profundo,Dune,https://www.imdb.com/,Nivel inicial intuitivo; revisar/ajustar con datos de jugadores.
49,Películas basadas en libros,Nombra un elemento de la categoría «Películas basadas en libros».,Drácula,dracula,3,3 · Profundo,Drácula,https://www.imdb.com/,Nivel inicial intuitivo; revisar/ajustar con datos de jugadores.
49,Películas basadas en libros,Nombra un elemento de la categoría «Películas basadas en libros».,Frankenstein,frankenstein,3,3 · Profundo,Frankenstein,https://www.imdb.com/,Nivel inicial intuitivo; revisar/ajustar con datos de jugadores.
49,Películas basadas en libros,Nombra un elemento de la categoría «Películas basadas en libros».,El gran Gatsby,elgrangatsby,3,3 · Profundo,El gran Gatsby,https://www.imdb.com/,Nivel inicial intuitivo; revisar/ajustar con datos de jugadores.
49,Películas basadas en libros,Nombra un elemento de la categoría «Películas basadas en libros».,Matar a un ruiseñor,mataraunruisenor,3,3 · Profundo,Matar a un ruiseñor,https://www.imdb.com/,Nivel inicial intuitivo; revisar/ajustar con datos de jugadores.
49,Películas basadas en libros,Nombra un elemento de la categoría «Películas basadas en libros».,La milla verde,lamillaverde,3,3 · Profundo,La milla verde,https://www.imdb.com/,Nivel inicial intuitivo; revisar/ajustar con datos de jugadores.
49,Películas basadas en libros,Nombra un elemento de la categoría «Películas basadas en libros».,Misery,misery,3,3 · Profundo,Misery,https://www.imdb.com/,Nivel inicial intuitivo; revisar/ajustar con datos de jugadores.
49,Películas basadas en libros,Nombra un elemento de la categoría «Películas basadas en libros».,La carretera,lacarretera,4,4 · Muy profundo,La carretera,https://www.imdb.com/,Nivel inicial intuitivo; revisar/ajustar con datos de jugadores.
49,Películas basadas en libros,Nombra un elemento de la categoría «Películas basadas en libros».,No es país para viejos,noespaisparaviejos,4,4 · Muy profundo,No es país para viejos,https://www.imdb.com/,Nivel inicial intuitivo; revisar/ajustar con datos de jugadores.
49,Películas basadas en libros,Nombra un elemento de la categoría «Películas basadas en libros».,American Psycho,americanpsycho,4,4 · Muy profundo,American Psycho,https://www.imdb.com/,Nivel inicial intuitivo; revisar/ajustar con datos de jugadores.
49,Películas basadas en libros,Nombra un elemento de la categoría «Películas basadas en libros».,Trainspotting,trainspotting,4,4 · Muy profundo,Trainspotting,https://www.imdb.com/,Nivel inicial intuitivo; revisar/ajustar con datos de jugadores.
49,Películas basadas en libros,Nombra un elemento de la categoría «Películas basadas en libros».,Call Me by Your Name,callmebyyourname,4,4 · Muy profundo,Call Me by Your Name,https://www.imdb.com/,Nivel inicial intuitivo; revisar/ajustar con datos de jugadores.
49,Películas basadas en libros,Nombra un elemento de la categoría «Películas basadas en libros».,El perfume,elperfume,4,4 · Muy profundo,El perfume,https://www.imdb.com/,Nivel inicial intuitivo; revisar/ajustar con datos de jugadores.
49,Películas basadas en libros,Nombra un elemento de la categoría «Películas basadas en libros».,La insoportable levedad del ser,lainsoportablelevedaddelser,5,🕳️ 5 · Abismo,La insoportable levedad del ser,https://www.imdb.com/,Nivel inicial intuitivo; revisar/ajustar con datos de jugadores.
49,Películas basadas en libros,Nombra un elemento de la categoría «Películas basadas en libros».,Solaris,solaris,5,🕳️ 5 · Abismo,Solaris,https://www.imdb.com/,Nivel inicial intuitivo; revisar/ajustar con datos de jugadores.
49,Películas basadas en libros,Nombra un elemento de la categoría «Películas basadas en libros».,El tambor de hojalata,eltambordehojalata,5,🕳️ 5 · Abismo,El tambor de hojalata,https://www.imdb.com/,Nivel inicial intuitivo; revisar/ajustar con datos de jugadores.
49,Películas basadas en libros,Nombra un elemento de la categoría «Películas basadas en libros».,Stalker,stalker,5,🕳️ 5 · Abismo,Stalker,https://www.imdb.com/,Nivel inicial intuitivo; revisar/ajustar con datos de jugadores.
50,Directores de cine,Nombra un elemento de la categoría «Directores de cine».,Steven Spielberg,stevenspielberg,1,🧊 1 · Punta del iceberg,Steven Spielberg,https://www.imdb.com/,Nivel inicial intuitivo; revisar/ajustar con datos de jugadores.
50,Directores de cine,Nombra un elemento de la categoría «Directores de cine».,Christopher Nolan,christophernolan,1,🧊 1 · Punta del iceberg,Christopher Nolan,https://www.imdb.com/,Nivel inicial intuitivo; revisar/ajustar con datos de jugadores.
50,Directores de cine,Nombra un elemento de la categoría «Directores de cine».,James Cameron,jamescameron,1,🧊 1 · Punta del iceberg,James Cameron,https://www.imdb.com/,Nivel inicial intuitivo; revisar/ajustar con datos de jugadores.
50,Directores de cine,Nombra un elemento de la categoría «Directores de cine».,Martin Scorsese,martinscorsese,1,🧊 1 · Punta del iceberg,Martin Scorsese,https://www.imdb.com/,Nivel inicial intuitivo; revisar/ajustar con datos de jugadores.
50,Directores de cine,Nombra un elemento de la categoría «Directores de cine».,Quentin Tarantino,quentintarantino,1,🧊 1 · Punta del iceberg,Quentin Tarantino,https://www.imdb.com/,Nivel inicial intuitivo; revisar/ajustar con datos de jugadores.
50,Directores de cine,Nombra un elemento de la categoría «Directores de cine».,George Lucas,georgelucas,1,🧊 1 · Punta del iceberg,George Lucas,https://www.imdb.com/,Nivel inicial intuitivo; revisar/ajustar con datos de jugadores.
50,Directores de cine,Nombra un elemento de la categoría «Directores de cine».,Tim Burton,timburton,2,2 · Bajo el hielo,Tim Burton,https://www.imdb.com/,Nivel inicial intuitivo; revisar/ajustar con datos de jugadores.
50,Directores de cine,Nombra un elemento de la categoría «Directores de cine».,Alfred Hitchcock,alfredhitchcock,2,2 · Bajo el hielo,Alfred Hitchcock,https://www.imdb.com/,Nivel inicial intuitivo; revisar/ajustar con datos de jugadores.
50,Directores de cine,Nombra un elemento de la categoría «Directores de cine».,Francis Ford Coppola,francisfordcoppola,2,2 · Bajo el hielo,Francis Ford Coppola,https://www.imdb.com/,Nivel inicial intuitivo; revisar/ajustar con datos de jugadores.
50,Directores de cine,Nombra un elemento de la categoría «Directores de cine».,Stanley Kubrick,stanleykubrick,2,2 · Bajo el hielo,Stanley Kubrick,https://www.imdb.com/,Nivel inicial intuitivo; revisar/ajustar con datos de jugadores.
50,Directores de cine,Nombra un elemento de la categoría «Directores de cine».,Ridley Scott,ridleyscott,2,2 · Bajo el hielo,Ridley Scott,https://www.imdb.com/,Nivel inicial intuitivo; revisar/ajustar con datos de jugadores.
50,Directores de cine,Nombra un elemento de la categoría «Directores de cine».,Peter Jackson,peterjackson,2,2 · Bajo el hielo,Peter Jackson,https://www.imdb.com/,Nivel inicial intuitivo; revisar/ajustar con datos de jugadores.
50,Directores de cine,Nombra un elemento de la categoría «Directores de cine».,David Fincher,davidfincher,2,2 · Bajo el hielo,David Fincher,https://www.imdb.com/,Nivel inicial intuitivo; revisar/ajustar con datos de jugadores.
50,Directores de cine,Nombra un elemento de la categoría «Directores de cine».,Guillermo del Toro,guillermodeltoro,2,2 · Bajo el hielo,Guillermo del Toro,https://www.imdb.com/,Nivel inicial intuitivo; revisar/ajustar con datos de jugadores.
50,Directores de cine,Nombra un elemento de la categoría «Directores de cine».,Pedro Almodóvar,pedroalmodovar,2,2 · Bajo el hielo,Pedro Almodóvar,https://www.imdb.com/,Nivel inicial intuitivo; revisar/ajustar con datos de jugadores.
50,Directores de cine,Nombra un elemento de la categoría «Directores de cine».,Clint Eastwood,clinteastwood,3,3 · Profundo,Clint Eastwood,https://www.imdb.com/,Nivel inicial intuitivo; revisar/ajustar con datos de jugadores.
50,Directores de cine,Nombra un elemento de la categoría «Directores de cine».,Wes Anderson,wesanderson,3,3 · Profundo,Wes Anderson,https://www.imdb.com/,Nivel inicial intuitivo; revisar/ajustar con datos de jugadores.
50,Directores de cine,Nombra un elemento de la categoría «Directores de cine».,Sofia Coppola,sofiacoppola,3,3 · Profundo,Sofia Coppola,https://www.imdb.com/,Nivel inicial intuitivo; revisar/ajustar con datos de jugadores.
50,Directores de cine,Nombra un elemento de la categoría «Directores de cine».,Greta Gerwig,gretagerwig,3,3 · Profundo,Greta Gerwig,https://www.imdb.com/,Nivel inicial intuitivo; revisar/ajustar con datos de jugadores.
50,Directores de cine,Nombra un elemento de la categoría «Directores de cine».,Denis Villeneuve,denisvilleneuve,3,3 · Profundo,Denis Villeneuve,https://www.imdb.com/,Nivel inicial intuitivo; revisar/ajustar con datos de jugadores.
50,Directores de cine,Nombra un elemento de la categoría «Directores de cine».,Jordan Peele,jordanpeele,3,3 · Profundo,Jordan Peele,https://www.imdb.com/,Nivel inicial intuitivo; revisar/ajustar con datos de jugadores.
50,Directores de cine,Nombra un elemento de la categoría «Directores de cine».,Bong Joon-ho,bongjoonho,3,3 · Profundo,Bong Joon-ho,https://www.imdb.com/,Nivel inicial intuitivo; revisar/ajustar con datos de jugadores.
50,Directores de cine,Nombra un elemento de la categoría «Directores de cine».,Park Chan-wook,parkchanwook,3,3 · Profundo,Park Chan-wook,https://www.imdb.com/,Nivel inicial intuitivo; revisar/ajustar con datos de jugadores.
50,Directores de cine,Nombra un elemento de la categoría «Directores de cine».,Akira Kurosawa,akirakurosawa,3,3 · Profundo,Akira Kurosawa,https://www.imdb.com/,Nivel inicial intuitivo; revisar/ajustar con datos de jugadores.
50,Directores de cine,Nombra un elemento de la categoría «Directores de cine».,Hayao Miyazaki,hayaomiyazaki,3,3 · Profundo,Hayao Miyazaki,https://www.imdb.com/,Nivel inicial intuitivo; revisar/ajustar con datos de jugadores.
50,Directores de cine,Nombra un elemento de la categoría «Directores de cine».,Federico Fellini,federicofellini,4,4 · Muy profundo,Federico Fellini,https://www.imdb.com/,Nivel inicial intuitivo; revisar/ajustar con datos de jugadores.
50,Directores de cine,Nombra un elemento de la categoría «Directores de cine».,Ingmar Bergman,ingmarbergman,4,4 · Muy profundo,Ingmar Bergman,https://www.imdb.com/,Nivel inicial intuitivo; revisar/ajustar con datos de jugadores.
50,Directores de cine,Nombra un elemento de la categoría «Directores de cine».,Andrei Tarkovsky,andreitarkovsky,4,4 · Muy profundo,Andrei Tarkovsky,https://www.imdb.com/,Nivel inicial intuitivo; revisar/ajustar con datos de jugadores.
50,Directores de cine,Nombra un elemento de la categoría «Directores de cine».,Jean-Luc Godard,jeanlucgodard,4,4 · Muy profundo,Jean-Luc Godard,https://www.imdb.com/,Nivel inicial intuitivo; revisar/ajustar con datos de jugadores.
50,Directores de cine,Nombra un elemento de la categoría «Directores de cine».,Luis Buñuel,luisbunuel,4,4 · Muy profundo,Luis Buñuel,https://www.imdb.com/,Nivel inicial intuitivo; revisar/ajustar con datos de jugadores.
50,Directores de cine,Nombra un elemento de la categoría «Directores de cine».,Terrence Malick,terrencemalick,4,4 · Muy profundo,Terrence Malick,https://www.imdb.com/,Nivel inicial intuitivo; revisar/ajustar con datos de jugadores.
50,Directores de cine,Nombra un elemento de la categoría «Directores de cine».,David Lynch,davidlynch,4,4 · Muy profundo,David Lynch,https://www.imdb.com/,Nivel inicial intuitivo; revisar/ajustar con datos de jugadores.
50,Directores de cine,Nombra un elemento de la categoría «Directores de cine».,Robert Eggers,roberteggers,5,🕳️ 5 · Abismo,Robert Eggers,https://www.imdb.com/,Nivel inicial intuitivo; revisar/ajustar con datos de jugadores.
50,Directores de cine,Nombra un elemento de la categoría «Directores de cine».,Yorgos Lanthimos,yorgoslanthimos,5,🕳️ 5 · Abismo,Yorgos Lanthimos,https://www.imdb.com/,Nivel inicial intuitivo; revisar/ajustar con datos de jugadores.
50,Directores de cine,Nombra un elemento de la categoría «Directores de cine».,Agnès Varda,agnesvarda,5,🕳️ 5 · Abismo,Agnès Varda,https://www.imdb.com/,Nivel inicial intuitivo; revisar/ajustar con datos de jugadores.
50,Directores de cine,Nombra un elemento de la categoría «Directores de cine».,Chantal Akerman,chantalakerman,5,🕳️ 5 · Abismo,Chantal Akerman,https://www.imdb.com/,Nivel inicial intuitivo; revisar/ajustar con datos de jugadores.
51,Cantantes internacionales,Nombra un elemento de la categoría «Cantantes internacionales».,Taylor Swift,taylorswift,1,🧊 1 · Punta del iceberg,Taylor Swift,https://www.billboard.com/,Nivel inicial intuitivo; revisar/ajustar con datos de jugadores.
51,Cantantes internacionales,Nombra un elemento de la categoría «Cantantes internacionales».,Beyoncé,beyonce,1,🧊 1 · Punta del iceberg,Beyoncé,https://www.billboard.com/,Nivel inicial intuitivo; revisar/ajustar con datos de jugadores.
51,Cantantes internacionales,Nombra un elemento de la categoría «Cantantes internacionales».,Michael Jackson,michaeljackson,1,🧊 1 · Punta del iceberg,Michael Jackson,https://www.billboard.com/,Nivel inicial intuitivo; revisar/ajustar con datos de jugadores.
51,Cantantes internacionales,Nombra un elemento de la categoría «Cantantes internacionales».,Madonna,madonna,1,🧊 1 · Punta del iceberg,Madonna,https://www.billboard.com/,Nivel inicial intuitivo; revisar/ajustar con datos de jugadores.
51,Cantantes internacionales,Nombra un elemento de la categoría «Cantantes internacionales».,Elvis Presley,elvispresley,1,🧊 1 · Punta del iceberg,Elvis Presley,https://www.billboard.com/,Nivel inicial intuitivo; revisar/ajustar con datos de jugadores.
51,Cantantes internacionales,Nombra un elemento de la categoría «Cantantes internacionales».,Rihanna,rihanna,1,🧊 1 · Punta del iceberg,Rihanna,https://www.billboard.com/,Nivel inicial intuitivo; revisar/ajustar con datos de jugadores.
51,Cantantes internacionales,Nombra un elemento de la categoría «Cantantes internacionales».,Adele,adele,1,🧊 1 · Punta del iceberg,Adele,https://www.billboard.com/,Nivel inicial intuitivo; revisar/ajustar con datos de jugadores.
51,Cantantes internacionales,Nombra un elemento de la categoría «Cantantes internacionales».,Bruno Mars,brunomars,1,🧊 1 · Punta del iceberg,Bruno Mars,https://www.billboard.com/,Nivel inicial intuitivo; revisar/ajustar con datos de jugadores.
51,Cantantes internacionales,Nombra un elemento de la categoría «Cantantes internacionales».,Justin Bieber,justinbieber,1,🧊 1 · Punta del iceberg,Justin Bieber,https://www.billboard.com/,Nivel inicial intuitivo; revisar/ajustar con datos de jugadores.
51,Cantantes internacionales,Nombra un elemento de la categoría «Cantantes internacionales».,Ed Sheeran,edsheeran,1,🧊 1 · Punta del iceberg,Ed Sheeran,https://www.billboard.com/,Nivel inicial intuitivo; revisar/ajustar con datos de jugadores.
51,Cantantes internacionales,Nombra un elemento de la categoría «Cantantes internacionales».,Lady Gaga,ladygaga,2,2 · Bajo el hielo,Lady Gaga,https://www.billboard.com/,Nivel inicial intuitivo; revisar/ajustar con datos de jugadores.
51,Cantantes internacionales,Nombra un elemento de la categoría «Cantantes internacionales».,The Weeknd,theweeknd,2,2 · Bajo el hielo,The Weeknd,https://www.billboard.com/,Nivel inicial intuitivo; revisar/ajustar con datos de jugadores.
51,Cantantes internacionales,Nombra un elemento de la categoría «Cantantes internacionales».,Billie Eilish,billieeilish,2,2 · Bajo el hielo,Billie Eilish,https://www.billboard.com/,Nivel inicial intuitivo; revisar/ajustar con datos de jugadores.
51,Cantantes internacionales,Nombra un elemento de la categoría «Cantantes internacionales».,Ariana Grande,arianagrande,2,2 · Bajo el hielo,Ariana Grande,https://www.billboard.com/,Nivel inicial intuitivo; revisar/ajustar con datos de jugadores.
51,Cantantes internacionales,Nombra un elemento de la categoría «Cantantes internacionales».,Dua Lipa,dualipa,2,2 · Bajo el hielo,Dua Lipa,https://www.billboard.com/,Nivel inicial intuitivo; revisar/ajustar con datos de jugadores.
51,Cantantes internacionales,Nombra un elemento de la categoría «Cantantes internacionales».,Drake,drake,2,2 · Bajo el hielo,Drake,https://www.billboard.com/,Nivel inicial intuitivo; revisar/ajustar con datos de jugadores.
51,Cantantes internacionales,Nombra un elemento de la categoría «Cantantes internacionales».,Eminem,eminem,2,2 · Bajo el hielo,Eminem,https://www.billboard.com/,Nivel inicial intuitivo; revisar/ajustar con datos de jugadores.
51,Cantantes internacionales,Nombra un elemento de la categoría «Cantantes internacionales».,Britney Spears,britneyspears,2,2 · Bajo el hielo,Britney Spears,https://www.billboard.com/,Nivel inicial intuitivo; revisar/ajustar con datos de jugadores.
51,Cantantes internacionales,Nombra un elemento de la categoría «Cantantes internacionales».,Justin Timberlake,justintimberlake,2,2 · Bajo el hielo,Justin Timberlake,https://www.billboard.com/,Nivel inicial intuitivo; revisar/ajustar con datos de jugadores.
51,Cantantes internacionales,Nombra un elemento de la categoría «Cantantes internacionales».,Shakira,shakira,2,2 · Bajo el hielo,Shakira,https://www.billboard.com/,Nivel inicial intuitivo; revisar/ajustar con datos de jugadores.
51,Cantantes internacionales,Nombra un elemento de la categoría «Cantantes internacionales».,Jennifer Lopez,jenniferlopez,2,2 · Bajo el hielo,Jennifer Lopez,https://www.billboard.com/,Nivel inicial intuitivo; revisar/ajustar con datos de jugadores.
51,Cantantes internacionales,Nombra un elemento de la categoría «Cantantes internacionales».,Katy Perry,katyperry,2,2 · Bajo el hielo,Katy Perry,https://www.billboard.com/,Nivel inicial intuitivo; revisar/ajustar con datos de jugadores.
51,Cantantes internacionales,Nombra un elemento de la categoría «Cantantes internacionales».,Harry Styles,harrystyles,3,3 · Profundo,Harry Styles,https://www.billboard.com/,Nivel inicial intuitivo; revisar/ajustar con datos de jugadores.
51,Cantantes internacionales,Nombra un elemento de la categoría «Cantantes internacionales».,Miley Cyrus,mileycyrus,3,3 · Profundo,Miley Cyrus,https://www.billboard.com/,Nivel inicial intuitivo; revisar/ajustar con datos de jugadores.
51,Cantantes internacionales,Nombra un elemento de la categoría «Cantantes internacionales».,Sia,sia,3,3 · Profundo,Sia,https://www.billboard.com/,Nivel inicial intuitivo; revisar/ajustar con datos de jugadores.
51,Cantantes internacionales,Nombra un elemento de la categoría «Cantantes internacionales».,Sam Smith,samsmith,3,3 · Profundo,Sam Smith,https://www.billboard.com/,Nivel inicial intuitivo; revisar/ajustar con datos de jugadores.
51,Cantantes internacionales,Nombra un elemento de la categoría «Cantantes internacionales».,Lana Del Rey,lanadelrey,3,3 · Profundo,Lana Del Rey,https://www.billboard.com/,Nivel inicial intuitivo; revisar/ajustar con datos de jugadores.
51,Cantantes internacionales,Nombra un elemento de la categoría «Cantantes internacionales».,Doja Cat,dojacat,3,3 · Profundo,Doja Cat,https://www.billboard.com/,Nivel inicial intuitivo; revisar/ajustar con datos de jugadores.
51,Cantantes internacionales,Nombra un elemento de la categoría «Cantantes internacionales».,Post Malone,postmalone,3,3 · Profundo,Post Malone,https://www.billboard.com/,Nivel inicial intuitivo; revisar/ajustar con datos de jugadores.
51,Cantantes internacionales,Nombra un elemento de la categoría «Cantantes internacionales».,Bad Bunny,badbunny,3,3 · Profundo,Bad Bunny,https://www.billboard.com/,Nivel inicial intuitivo; revisar/ajustar con datos de jugadores.
51,Cantantes internacionales,Nombra un elemento de la categoría «Cantantes internacionales».,Sabrina Carpenter,sabrinacarpenter,3,3 · Profundo,Sabrina Carpenter,https://www.billboard.com/,Nivel inicial intuitivo; revisar/ajustar con datos de jugadores.
51,Cantantes internacionales,Nombra un elemento de la categoría «Cantantes internacionales».,Olivia Rodrigo,oliviarodrigo,3,3 · Profundo,Olivia Rodrigo,https://www.billboard.com/,Nivel inicial intuitivo; revisar/ajustar con datos de jugadores.
51,Cantantes internacionales,Nombra un elemento de la categoría «Cantantes internacionales».,Chappell Roan,chappellroan,4,4 · Muy profundo,Chappell Roan,https://www.billboard.com/,Nivel inicial intuitivo; revisar/ajustar con datos de jugadores.
51,Cantantes internacionales,Nombra un elemento de la categoría «Cantantes internacionales».,Charli XCX,charlixcx,4,4 · Muy profundo,Charli XCX,https://www.billboard.com/,Nivel inicial intuitivo; revisar/ajustar con datos de jugadores.
51,Cantantes internacionales,Nombra un elemento de la categoría «Cantantes internacionales».,Lorde,lorde,4,4 · Muy profundo,Lorde,https://www.billboard.com/,Nivel inicial intuitivo; revisar/ajustar con datos de jugadores.
51,Cantantes internacionales,Nombra un elemento de la categoría «Cantantes internacionales».,Hozier,hozier,4,4 · Muy profundo,Hozier,https://www.billboard.com/,Nivel inicial intuitivo; revisar/ajustar con datos de jugadores.
51,Cantantes internacionales,Nombra un elemento de la categoría «Cantantes internacionales».,Frank Ocean,frankocean,4,4 · Muy profundo,Frank Ocean,https://www.billboard.com/,Nivel inicial intuitivo; revisar/ajustar con datos de jugadores.
51,Cantantes internacionales,Nombra un elemento de la categoría «Cantantes internacionales».,Tame Impala,tameimpala,4,4 · Muy profundo,Tame Impala,https://www.billboard.com/,Nivel inicial intuitivo; revisar/ajustar con datos de jugadores.
51,Cantantes internacionales,Nombra un elemento de la categoría «Cantantes internacionales».,Rosalía,rosalia,4,4 · Muy profundo,Rosalía,https://www.billboard.com/,Nivel inicial intuitivo; revisar/ajustar con datos de jugadores.
51,Cantantes internacionales,Nombra un elemento de la categoría «Cantantes internacionales».,FKA twigs,fkatwigs,5,🕳️ 5 · Abismo,FKA twigs,https://www.billboard.com/,Nivel inicial intuitivo; revisar/ajustar con datos de jugadores.
51,Cantantes internacionales,Nombra un elemento de la categoría «Cantantes internacionales».,Fiona Apple,fionaapple,5,🕳️ 5 · Abismo,Fiona Apple,https://www.billboard.com/,Nivel inicial intuitivo; revisar/ajustar con datos de jugadores.
51,Cantantes internacionales,Nombra un elemento de la categoría «Cantantes internacionales».,Bjork,bjork,5,🕳️ 5 · Abismo,Bjork,https://www.billboard.com/,Nivel inicial intuitivo; revisar/ajustar con datos de jugadores.
51,Cantantes internacionales,Nombra un elemento de la categoría «Cantantes internacionales».,PJ Harvey,pjharvey,5,🕳️ 5 · Abismo,PJ Harvey,https://www.billboard.com/,Nivel inicial intuitivo; revisar/ajustar con datos de jugadores.
51,Cantantes internacionales,Nombra un elemento de la categoría «Cantantes internacionales».,St. Vincent,stvincent,5,🕳️ 5 · Abismo,St. Vincent,https://www.billboard.com/,Nivel inicial intuitivo; revisar/ajustar con datos de jugadores.
52,Grupos españoles,Nombra un elemento de la categoría «Grupos españoles».,Estopa,estopa,1,🧊 1 · Punta del iceberg,Estopa,https://www.rae.es/,Nivel inicial intuitivo; revisar/ajustar con datos de jugadores.
52,Grupos españoles,Nombra un elemento de la categoría «Grupos españoles».,La Oreja de Van Gogh,laorejadevangogh,1,🧊 1 · Punta del iceberg,La Oreja de Van Gogh,https://www.rae.es/,Nivel inicial intuitivo; revisar/ajustar con datos de jugadores.
52,Grupos españoles,Nombra un elemento de la categoría «Grupos españoles».,Mecano,mecano,1,🧊 1 · Punta del iceberg,Mecano,https://www.rae.es/,Nivel inicial intuitivo; revisar/ajustar con datos de jugadores.
52,Grupos españoles,Nombra un elemento de la categoría «Grupos españoles».,Hombres G,hombresg,1,🧊 1 · Punta del iceberg,Hombres G,https://www.rae.es/,Nivel inicial intuitivo; revisar/ajustar con datos de jugadores.
52,Grupos españoles,Nombra un elemento de la categoría «Grupos españoles».,El Canto del Loco,elcantodelloco,1,🧊 1 · Punta del iceberg,El Canto del Loco,https://www.rae.es/,Nivel inicial intuitivo; revisar/ajustar con datos de jugadores.
52,Grupos españoles,Nombra un elemento de la categoría «Grupos españoles».,Amaral,amaral,1,🧊 1 · Punta del iceberg,Amaral,https://www.rae.es/,Nivel inicial intuitivo; revisar/ajustar con datos de jugadores.
52,Grupos españoles,Nombra un elemento de la categoría «Grupos españoles».,Extremoduro,extremoduro,2,2 · Bajo el hielo,Extremoduro,https://www.rae.es/,Nivel inicial intuitivo; revisar/ajustar con datos de jugadores.
52,Grupos españoles,Nombra un elemento de la categoría «Grupos españoles».,Fito & Fitipaldis,fitofitipaldis,2,2 · Bajo el hielo,Fito & Fitipaldis,https://www.rae.es/,Nivel inicial intuitivo; revisar/ajustar con datos de jugadores.
52,Grupos españoles,Nombra un elemento de la categoría «Grupos españoles».,Vetusta Morla,vetustamorla,2,2 · Bajo el hielo,Vetusta Morla,https://www.rae.es/,Nivel inicial intuitivo; revisar/ajustar con datos de jugadores.
52,Grupos españoles,Nombra un elemento de la categoría «Grupos españoles».,Duncan Dhu,duncandhu,2,2 · Bajo el hielo,Duncan Dhu,https://www.rae.es/,Nivel inicial intuitivo; revisar/ajustar con datos de jugadores.
52,Grupos españoles,Nombra un elemento de la categoría «Grupos españoles».,Jarabe de Palo,jarabedepalo,2,2 · Bajo el hielo,Jarabe de Palo,https://www.rae.es/,Nivel inicial intuitivo; revisar/ajustar con datos de jugadores.
52,Grupos españoles,Nombra un elemento de la categoría «Grupos españoles».,Pereza,pereza,2,2 · Bajo el hielo,Pereza,https://www.rae.es/,Nivel inicial intuitivo; revisar/ajustar con datos de jugadores.
52,Grupos españoles,Nombra un elemento de la categoría «Grupos españoles».,M Clan,mclan,2,2 · Bajo el hielo,M Clan,https://www.rae.es/,Nivel inicial intuitivo; revisar/ajustar con datos de jugadores.
52,Grupos españoles,Nombra un elemento de la categoría «Grupos españoles».,La Unión,launion,2,2 · Bajo el hielo,La Unión,https://www.rae.es/,Nivel inicial intuitivo; revisar/ajustar con datos de jugadores.
52,Grupos españoles,Nombra un elemento de la categoría «Grupos españoles».,Los Secretos,lossecretos,2,2 · Bajo el hielo,Los Secretos,https://www.rae.es/,Nivel inicial intuitivo; revisar/ajustar con datos de jugadores.
52,Grupos españoles,Nombra un elemento de la categoría «Grupos españoles».,Celtas Cortos,celtascortos,3,3 · Profundo,Celtas Cortos,https://www.rae.es/,Nivel inicial intuitivo; revisar/ajustar con datos de jugadores.
52,Grupos españoles,Nombra un elemento de la categoría «Grupos españoles».,Siniestro Total,siniestrototal,3,3 · Profundo,Siniestro Total,https://www.rae.es/,Nivel inicial intuitivo; revisar/ajustar con datos de jugadores.
52,Grupos españoles,Nombra un elemento de la categoría «Grupos españoles».,Los Rodríguez,losrodriguez,3,3 · Profundo,Los Rodríguez,https://www.rae.es/,Nivel inicial intuitivo; revisar/ajustar con datos de jugadores.
52,Grupos españoles,Nombra un elemento de la categoría «Grupos españoles».,Héroes del Silencio,heroesdelsilencio,3,3 · Profundo,Héroes del Silencio,https://www.rae.es/,Nivel inicial intuitivo; revisar/ajustar con datos de jugadores.
52,Grupos españoles,Nombra un elemento de la categoría «Grupos españoles».,Nacha Pop,nachapop,3,3 · Profundo,Nacha Pop,https://www.rae.es/,Nivel inicial intuitivo; revisar/ajustar con datos de jugadores.
52,Grupos españoles,Nombra un elemento de la categoría «Grupos españoles».,Radio Futura,radiofutura,3,3 · Profundo,Radio Futura,https://www.rae.es/,Nivel inicial intuitivo; revisar/ajustar con datos de jugadores.
52,Grupos españoles,Nombra un elemento de la categoría «Grupos españoles».,Loquillo y Trogloditas,loquilloytrogloditas,3,3 · Profundo,Loquillo y Trogloditas,https://www.rae.es/,Nivel inicial intuitivo; revisar/ajustar con datos de jugadores.
52,Grupos españoles,Nombra un elemento de la categoría «Grupos españoles».,La Raíz,laraiz,3,3 · Profundo,La Raíz,https://www.rae.es/,Nivel inicial intuitivo; revisar/ajustar con datos de jugadores.
52,Grupos españoles,Nombra un elemento de la categoría «Grupos españoles».,Supersubmarina,supersubmarina,3,3 · Profundo,Supersubmarina,https://www.rae.es/,Nivel inicial intuitivo; revisar/ajustar con datos de jugadores.
52,Grupos españoles,Nombra un elemento de la categoría «Grupos españoles».,Carolina Durante,carolinadurante,4,4 · Muy profundo,Carolina Durante,https://www.rae.es/,Nivel inicial intuitivo; revisar/ajustar con datos de jugadores.
52,Grupos españoles,Nombra un elemento de la categoría «Grupos españoles».,Love of Lesbian,loveoflesbian,4,4 · Muy profundo,Love of Lesbian,https://www.rae.es/,Nivel inicial intuitivo; revisar/ajustar con datos de jugadores.
52,Grupos españoles,Nombra un elemento de la categoría «Grupos españoles».,Izal,izal,4,4 · Muy profundo,Izal,https://www.rae.es/,Nivel inicial intuitivo; revisar/ajustar con datos de jugadores.
52,Grupos españoles,Nombra un elemento de la categoría «Grupos españoles».,Leiva,leiva,4,4 · Muy profundo,Leiva,https://www.rae.es/,Nivel inicial intuitivo; revisar/ajustar con datos de jugadores.
52,Grupos españoles,Nombra un elemento de la categoría «Grupos españoles».,Miss Caffeina,misscaffeina,4,4 · Muy profundo,Miss Caffeina,https://www.rae.es/,Nivel inicial intuitivo; revisar/ajustar con datos de jugadores.
52,Grupos españoles,Nombra un elemento de la categoría «Grupos españoles».,La Pegatina,lapegatina,4,4 · Muy profundo,La Pegatina,https://www.rae.es/,Nivel inicial intuitivo; revisar/ajustar con datos de jugadores.
52,Grupos españoles,Nombra un elemento de la categoría «Grupos españoles».,Triángulo de Amor Bizarro,triangulodeamorbizarro,5,🕳️ 5 · Abismo,Triángulo de Amor Bizarro,https://www.rae.es/,Nivel inicial intuitivo; revisar/ajustar con datos de jugadores.
52,Grupos españoles,Nombra un elemento de la categoría «Grupos españoles».,Los Punsetes,lospunsetes,5,🕳️ 5 · Abismo,Los Punsetes,https://www.rae.es/,Nivel inicial intuitivo; revisar/ajustar con datos de jugadores.
52,Grupos españoles,Nombra un elemento de la categoría «Grupos españoles».,Novedades Carminha,novedadescarminha,5,🕳️ 5 · Abismo,Novedades Carminha,https://www.rae.es/,Nivel inicial intuitivo; revisar/ajustar con datos de jugadores.
52,Grupos españoles,Nombra un elemento de la categoría «Grupos españoles».,Mujeres,mujeres,5,🕳️ 5 · Abismo,Mujeres,https://www.rae.es/,Nivel inicial intuitivo; revisar/ajustar con datos de jugadores.
53,Festivales de música,Nombra un elemento de la categoría «Festivales de música».,Primavera Sound,primaverasound,1,🧊 1 · Punta del iceberg,Primavera Sound,https://www.festivalfinder.eu/,Nivel inicial intuitivo; revisar/ajustar con datos de jugadores.
53,Festivales de música,Nombra un elemento de la categoría «Festivales de música».,Mad Cool,madcool,1,🧊 1 · Punta del iceberg,Mad Cool,https://www.festivalfinder.eu/,Nivel inicial intuitivo; revisar/ajustar con datos de jugadores.
53,Festivales de música,Nombra un elemento de la categoría «Festivales de música».,Viña Rock,vinarock,1,🧊 1 · Punta del iceberg,Viña Rock,https://www.festivalfinder.eu/,Nivel inicial intuitivo; revisar/ajustar con datos de jugadores.
53,Festivales de música,Nombra un elemento de la categoría «Festivales de música».,Sónar,sonar,1,🧊 1 · Punta del iceberg,Sónar,https://www.festivalfinder.eu/,Nivel inicial intuitivo; revisar/ajustar con datos de jugadores.
53,Festivales de música,Nombra un elemento de la categoría «Festivales de música».,BBK Live,bbklive,2,2 · Bajo el hielo,BBK Live,https://www.festivalfinder.eu/,Nivel inicial intuitivo; revisar/ajustar con datos de jugadores.
53,Festivales de música,Nombra un elemento de la categoría «Festivales de música».,Arenal Sound,arenalsound,2,2 · Bajo el hielo,Arenal Sound,https://www.festivalfinder.eu/,Nivel inicial intuitivo; revisar/ajustar con datos de jugadores.
53,Festivales de música,Nombra un elemento de la categoría «Festivales de música».,FIB,fib,2,2 · Bajo el hielo,FIB,https://www.festivalfinder.eu/,Nivel inicial intuitivo; revisar/ajustar con datos de jugadores.
53,Festivales de música,Nombra un elemento de la categoría «Festivales de música».,Rototom Sunsplash,rototomsunsplash,2,2 · Bajo el hielo,Rototom Sunsplash,https://www.festivalfinder.eu/,Nivel inicial intuitivo; revisar/ajustar con datos de jugadores.
53,Festivales de música,Nombra un elemento de la categoría «Festivales de música».,Low Festival,lowfestival,2,2 · Bajo el hielo,Low Festival,https://www.festivalfinder.eu/,Nivel inicial intuitivo; revisar/ajustar con datos de jugadores.
53,Festivales de música,Nombra un elemento de la categoría «Festivales de música».,Sonorama Ribera,sonoramaribera,2,2 · Bajo el hielo,Sonorama Ribera,https://www.festivalfinder.eu/,Nivel inicial intuitivo; revisar/ajustar con datos de jugadores.
53,Festivales de música,Nombra un elemento de la categoría «Festivales de música».,Cruïlla,cruilla,2,2 · Bajo el hielo,Cruïlla,https://www.festivalfinder.eu/,Nivel inicial intuitivo; revisar/ajustar con datos de jugadores.
53,Festivales de música,Nombra un elemento de la categoría «Festivales de música».,Warm Up,warmup,2,2 · Bajo el hielo,Warm Up,https://www.festivalfinder.eu/,Nivel inicial intuitivo; revisar/ajustar con datos de jugadores.
53,Festivales de música,Nombra un elemento de la categoría «Festivales de música».,Resurrection Fest,resurrectionfest,3,3 · Profundo,Resurrection Fest,https://www.festivalfinder.eu/,Nivel inicial intuitivo; revisar/ajustar con datos de jugadores.
53,Festivales de música,Nombra un elemento de la categoría «Festivales de música».,O Son do Camiño,osondocamino,3,3 · Profundo,O Son do Camiño,https://www.festivalfinder.eu/,Nivel inicial intuitivo; revisar/ajustar con datos de jugadores.
53,Festivales de música,Nombra un elemento de la categoría «Festivales de música».,Festival de les Arts,festivaldelesarts,3,3 · Profundo,Festival de les Arts,https://www.festivalfinder.eu/,Nivel inicial intuitivo; revisar/ajustar con datos de jugadores.
53,Festivales de música,Nombra un elemento de la categoría «Festivales de música».,Cap Roig,caproig,3,3 · Profundo,Cap Roig,https://www.festivalfinder.eu/,Nivel inicial intuitivo; revisar/ajustar con datos de jugadores.
53,Festivales de música,Nombra un elemento de la categoría «Festivales de música».,Starlite,starlite,3,3 · Profundo,Starlite,https://www.festivalfinder.eu/,Nivel inicial intuitivo; revisar/ajustar con datos de jugadores.
53,Festivales de música,Nombra un elemento de la categoría «Festivales de música».,Les Nits de Barcelona,lesnitsdebarcelona,3,3 · Profundo,Les Nits de Barcelona,https://www.festivalfinder.eu/,Nivel inicial intuitivo; revisar/ajustar con datos de jugadores.
53,Festivales de música,Nombra un elemento de la categoría «Festivales de música».,Riverland,riverland,4,4 · Muy profundo,Riverland,https://www.festivalfinder.eu/,Nivel inicial intuitivo; revisar/ajustar con datos de jugadores.
53,Festivales de música,Nombra un elemento de la categoría «Festivales de música».,Interestelar Sevilla,interestelarsevilla,4,4 · Muy profundo,Interestelar Sevilla,https://www.festivalfinder.eu/,Nivel inicial intuitivo; revisar/ajustar con datos de jugadores.
53,Festivales de música,Nombra un elemento de la categoría «Festivales de música».,Tomavistas,tomavistas,4,4 · Muy profundo,Tomavistas,https://www.festivalfinder.eu/,Nivel inicial intuitivo; revisar/ajustar con datos de jugadores.
53,Festivales de música,Nombra un elemento de la categoría «Festivales de música».,Vida Festival,vidafestival,4,4 · Muy profundo,Vida Festival,https://www.festivalfinder.eu/,Nivel inicial intuitivo; revisar/ajustar con datos de jugadores.
53,Festivales de música,Nombra un elemento de la categoría «Festivales de música».,Womad,womad,4,4 · Muy profundo,Womad,https://www.festivalfinder.eu/,Nivel inicial intuitivo; revisar/ajustar con datos de jugadores.
53,Festivales de música,Nombra un elemento de la categoría «Festivales de música».,Azkena Rock Festival,azkenarockfestival,5,🕳️ 5 · Abismo,Azkena Rock Festival,https://www.festivalfinder.eu/,Nivel inicial intuitivo; revisar/ajustar con datos de jugadores.
53,Festivales de música,Nombra un elemento de la categoría «Festivales de música».,Monkey Week,monkeyweek,5,🕳️ 5 · Abismo,Monkey Week,https://www.festivalfinder.eu/,Nivel inicial intuitivo; revisar/ajustar con datos de jugadores.
53,Festivales de música,Nombra un elemento de la categoría «Festivales de música».,Ebrovisión,ebrovision,5,🕳️ 5 · Abismo,Ebrovisión,https://www.festivalfinder.eu/,Nivel inicial intuitivo; revisar/ajustar con datos de jugadores.
54,Musicales,Nombra un elemento de la categoría «Musicales».,The Lion King,thelionking,1,🧊 1 · Punta del iceberg,The Lion King,https://www.ibdb.com/,Nivel inicial intuitivo; revisar/ajustar con datos de jugadores.
54,Musicales,Nombra un elemento de la categoría «Musicales».,Mamma Mia!,mammamia,1,🧊 1 · Punta del iceberg,Mamma Mia!,https://www.ibdb.com/,Nivel inicial intuitivo; revisar/ajustar con datos de jugadores.
54,Musicales,Nombra un elemento de la categoría «Musicales».,Grease,grease,1,🧊 1 · Punta del iceberg,Grease,https://www.ibdb.com/,Nivel inicial intuitivo; revisar/ajustar con datos de jugadores.
54,Musicales,Nombra un elemento de la categoría «Musicales».,Chicago,chicago,1,🧊 1 · Punta del iceberg,Chicago,https://www.ibdb.com/,Nivel inicial intuitivo; revisar/ajustar con datos de jugadores.
54,Musicales,Nombra un elemento de la categoría «Musicales».,West Side Story,westsidestory,1,🧊 1 · Punta del iceberg,West Side Story,https://www.ibdb.com/,Nivel inicial intuitivo; revisar/ajustar con datos de jugadores.
54,Musicales,Nombra un elemento de la categoría «Musicales».,Les Misérables,lesmiserables,2,2 · Bajo el hielo,Les Misérables,https://www.ibdb.com/,Nivel inicial intuitivo; revisar/ajustar con datos de jugadores.
54,Musicales,Nombra un elemento de la categoría «Musicales».,The Phantom of the Opera,thephantomoftheopera,2,2 · Bajo el hielo,The Phantom of the Opera,https://www.ibdb.com/,Nivel inicial intuitivo; revisar/ajustar con datos de jugadores.
54,Musicales,Nombra un elemento de la categoría «Musicales».,Wicked,wicked,2,2 · Bajo el hielo,Wicked,https://www.ibdb.com/,Nivel inicial intuitivo; revisar/ajustar con datos de jugadores.
54,Musicales,Nombra un elemento de la categoría «Musicales».,Cats,cats,2,2 · Bajo el hielo,Cats,https://www.ibdb.com/,Nivel inicial intuitivo; revisar/ajustar con datos de jugadores.
54,Musicales,Nombra un elemento de la categoría «Musicales».,Hamilton,hamilton,2,2 · Bajo el hielo,Hamilton,https://www.ibdb.com/,Nivel inicial intuitivo; revisar/ajustar con datos de jugadores.
54,Musicales,Nombra un elemento de la categoría «Musicales».,Rent,rent,2,2 · Bajo el hielo,Rent,https://www.ibdb.com/,Nivel inicial intuitivo; revisar/ajustar con datos de jugadores.
54,Musicales,Nombra un elemento de la categoría «Musicales».,Matilda,matilda,2,2 · Bajo el hielo,Matilda,https://www.ibdb.com/,Nivel inicial intuitivo; revisar/ajustar con datos de jugadores.
54,Musicales,Nombra un elemento de la categoría «Musicales».,The Sound of Music,thesoundofmusic,3,3 · Profundo,The Sound of Music,https://www.ibdb.com/,Nivel inicial intuitivo; revisar/ajustar con datos de jugadores.
54,Musicales,Nombra un elemento de la categoría «Musicales».,Cabaret,cabaret,3,3 · Profundo,Cabaret,https://www.ibdb.com/,Nivel inicial intuitivo; revisar/ajustar con datos de jugadores.
54,Musicales,Nombra un elemento de la categoría «Musicales».,Jesus Christ Superstar,jesuschristsuperstar,3,3 · Profundo,Jesus Christ Superstar,https://www.ibdb.com/,Nivel inicial intuitivo; revisar/ajustar con datos de jugadores.
54,Musicales,Nombra un elemento de la categoría «Musicales».,Evita,evita,3,3 · Profundo,Evita,https://www.ibdb.com/,Nivel inicial intuitivo; revisar/ajustar con datos de jugadores.
54,Musicales,Nombra un elemento de la categoría «Musicales».,Hairspray,hairspray,3,3 · Profundo,Hairspray,https://www.ibdb.com/,Nivel inicial intuitivo; revisar/ajustar con datos de jugadores.
54,Musicales,Nombra un elemento de la categoría «Musicales».,Dear Evan Hansen,dearevanhansen,3,3 · Profundo,Dear Evan Hansen,https://www.ibdb.com/,Nivel inicial intuitivo; revisar/ajustar con datos de jugadores.
54,Musicales,Nombra un elemento de la categoría «Musicales».,In the Heights,intheheights,3,3 · Profundo,In the Heights,https://www.ibdb.com/,Nivel inicial intuitivo; revisar/ajustar con datos de jugadores.
54,Musicales,Nombra un elemento de la categoría «Musicales».,Book of Mormon,bookofmormon,4,4 · Muy profundo,Book of Mormon,https://www.ibdb.com/,Nivel inicial intuitivo; revisar/ajustar con datos de jugadores.
54,Musicales,Nombra un elemento de la categoría «Musicales».,Hadestown,hadestown,4,4 · Muy profundo,Hadestown,https://www.ibdb.com/,Nivel inicial intuitivo; revisar/ajustar con datos de jugadores.
54,Musicales,Nombra un elemento de la categoría «Musicales».,Spring Awakening,springawakening,4,4 · Muy profundo,Spring Awakening,https://www.ibdb.com/,Nivel inicial intuitivo; revisar/ajustar con datos de jugadores.
54,Musicales,Nombra un elemento de la categoría «Musicales».,Come From Away,comefromaway,4,4 · Muy profundo,Come From Away,https://www.ibdb.com/,Nivel inicial intuitivo; revisar/ajustar con datos de jugadores.
54,Musicales,Nombra un elemento de la categoría «Musicales».,A Chorus Line,achorusline,4,4 · Muy profundo,A Chorus Line,https://www.ibdb.com/,Nivel inicial intuitivo; revisar/ajustar con datos de jugadores.
54,Musicales,Nombra un elemento de la categoría «Musicales».,Assassins,assassins,5,🕳️ 5 · Abismo,Assassins,https://www.ibdb.com/,Nivel inicial intuitivo; revisar/ajustar con datos de jugadores.
54,Musicales,Nombra un elemento de la categoría «Musicales».,Company,company,5,🕳️ 5 · Abismo,Company,https://www.ibdb.com/,Nivel inicial intuitivo; revisar/ajustar con datos de jugadores.
54,Musicales,Nombra un elemento de la categoría «Musicales».,Sweeney Todd,sweeneytodd,5,🕳️ 5 · Abismo,Sweeney Todd,https://www.ibdb.com/,Nivel inicial intuitivo; revisar/ajustar con datos de jugadores.
54,Musicales,Nombra un elemento de la categoría «Musicales».,Sunday in the Park with George,sundayintheparkwithgeorge,5,🕳️ 5 · Abismo,Sunday in the Park with George,https://www.ibdb.com/,Nivel inicial intuitivo; revisar/ajustar con datos de jugadores.
55,Dioses griegos,Nombra un elemento de la categoría «Dioses griegos».,Zeus,zeus,1,🧊 1 · Punta del iceberg,Zeus,https://www.britannica.com/topic/Greek-mythology,Nivel inicial intuitivo; revisar/ajustar con datos de jugadores.
55,Dioses griegos,Nombra un elemento de la categoría «Dioses griegos».,Poseidón,poseidon,1,🧊 1 · Punta del iceberg,Poseidón,https://www.britannica.com/topic/Greek-mythology,Nivel inicial intuitivo; revisar/ajustar con datos de jugadores.
55,Dioses griegos,Nombra un elemento de la categoría «Dioses griegos».,Hades,hades,1,🧊 1 · Punta del iceberg,Hades,https://www.britannica.com/topic/Greek-mythology,Nivel inicial intuitivo; revisar/ajustar con datos de jugadores.
55,Dioses griegos,Nombra un elemento de la categoría «Dioses griegos».,Atenea,atenea,1,🧊 1 · Punta del iceberg,Atenea,https://www.britannica.com/topic/Greek-mythology,Nivel inicial intuitivo; revisar/ajustar con datos de jugadores.
55,Dioses griegos,Nombra un elemento de la categoría «Dioses griegos».,Afrodita,afrodita,1,🧊 1 · Punta del iceberg,Afrodita,https://www.britannica.com/topic/Greek-mythology,Nivel inicial intuitivo; revisar/ajustar con datos de jugadores.
55,Dioses griegos,Nombra un elemento de la categoría «Dioses griegos».,Ares,ares,1,🧊 1 · Punta del iceberg,Ares,https://www.britannica.com/topic/Greek-mythology,Nivel inicial intuitivo; revisar/ajustar con datos de jugadores.
55,Dioses griegos,Nombra un elemento de la categoría «Dioses griegos».,Apolo,apolo,1,🧊 1 · Punta del iceberg,Apolo,https://www.britannica.com/topic/Greek-mythology,Nivel inicial intuitivo; revisar/ajustar con datos de jugadores.
55,Dioses griegos,Nombra un elemento de la categoría «Dioses griegos».,Artemisa,artemisa,2,2 · Bajo el hielo,Artemisa,https://www.britannica.com/topic/Greek-mythology,Nivel inicial intuitivo; revisar/ajustar con datos de jugadores.
55,Dioses griegos,Nombra un elemento de la categoría «Dioses griegos».,Hermes,hermes,2,2 · Bajo el hielo,Hermes,https://www.britannica.com/topic/Greek-mythology,Nivel inicial intuitivo; revisar/ajustar con datos de jugadores.
55,Dioses griegos,Nombra un elemento de la categoría «Dioses griegos».,Hera,hera,2,2 · Bajo el hielo,Hera,https://www.britannica.com/topic/Greek-mythology,Nivel inicial intuitivo; revisar/ajustar con datos de jugadores.
55,Dioses griegos,Nombra un elemento de la categoría «Dioses griegos».,Deméter,demeter,2,2 · Bajo el hielo,Deméter,https://www.britannica.com/topic/Greek-mythology,Nivel inicial intuitivo; revisar/ajustar con datos de jugadores.
55,Dioses griegos,Nombra un elemento de la categoría «Dioses griegos».,Dioniso,dioniso,2,2 · Bajo el hielo,Dioniso,https://www.britannica.com/topic/Greek-mythology,Nivel inicial intuitivo; revisar/ajustar con datos de jugadores.
55,Dioses griegos,Nombra un elemento de la categoría «Dioses griegos».,Hefesto,hefesto,2,2 · Bajo el hielo,Hefesto,https://www.britannica.com/topic/Greek-mythology,Nivel inicial intuitivo; revisar/ajustar con datos de jugadores.
55,Dioses griegos,Nombra un elemento de la categoría «Dioses griegos».,Hestia,hestia,3,3 · Profundo,Hestia,https://www.britannica.com/topic/Greek-mythology,Nivel inicial intuitivo; revisar/ajustar con datos de jugadores.
55,Dioses griegos,Nombra un elemento de la categoría «Dioses griegos».,Perséfone,persefone,3,3 · Profundo,Perséfone,https://www.britannica.com/topic/Greek-mythology,Nivel inicial intuitivo; revisar/ajustar con datos de jugadores.
55,Dioses griegos,Nombra un elemento de la categoría «Dioses griegos».,Eros,eros,3,3 · Profundo,Eros,https://www.britannica.com/topic/Greek-mythology,Nivel inicial intuitivo; revisar/ajustar con datos de jugadores.
55,Dioses griegos,Nombra un elemento de la categoría «Dioses griegos».,Hipnos,hipnos,3,3 · Profundo,Hipnos,https://www.britannica.com/topic/Greek-mythology,Nivel inicial intuitivo; revisar/ajustar con datos de jugadores.
55,Dioses griegos,Nombra un elemento de la categoría «Dioses griegos».,Némesis,nemesis,3,3 · Profundo,Némesis,https://www.britannica.com/topic/Greek-mythology,Nivel inicial intuitivo; revisar/ajustar con datos de jugadores.
55,Dioses griegos,Nombra un elemento de la categoría «Dioses griegos».,Iris,iris,3,3 · Profundo,Iris,https://www.britannica.com/topic/Greek-mythology,Nivel inicial intuitivo; revisar/ajustar con datos de jugadores.
55,Dioses griegos,Nombra un elemento de la categoría «Dioses griegos».,Pan,pan,4,4 · Muy profundo,Pan,https://www.britannica.com/topic/Greek-mythology,Nivel inicial intuitivo; revisar/ajustar con datos de jugadores.
55,Dioses griegos,Nombra un elemento de la categoría «Dioses griegos».,Hebe,hebe,4,4 · Muy profundo,Hebe,https://www.britannica.com/topic/Greek-mythology,Nivel inicial intuitivo; revisar/ajustar con datos de jugadores.
55,Dioses griegos,Nombra un elemento de la categoría «Dioses griegos».,Tique,tique,4,4 · Muy profundo,Tique,https://www.britannica.com/topic/Greek-mythology,Nivel inicial intuitivo; revisar/ajustar con datos de jugadores.
55,Dioses griegos,Nombra un elemento de la categoría «Dioses griegos».,Temis,temis,4,4 · Muy profundo,Temis,https://www.britannica.com/topic/Greek-mythology,Nivel inicial intuitivo; revisar/ajustar con datos de jugadores.
55,Dioses griegos,Nombra un elemento de la categoría «Dioses griegos».,Moiras,moiras,4,4 · Muy profundo,Moiras,https://www.britannica.com/topic/Greek-mythology,Nivel inicial intuitivo; revisar/ajustar con datos de jugadores.
55,Dioses griegos,Nombra un elemento de la categoría «Dioses griegos».,Asclepio,asclepio,5,🕳️ 5 · Abismo,Asclepio,https://www.britannica.com/topic/Greek-mythology,Nivel inicial intuitivo; revisar/ajustar con datos de jugadores.
55,Dioses griegos,Nombra un elemento de la categoría «Dioses griegos».,Eolo,eolo,5,🕳️ 5 · Abismo,Eolo,https://www.britannica.com/topic/Greek-mythology,Nivel inicial intuitivo; revisar/ajustar con datos de jugadores.
55,Dioses griegos,Nombra un elemento de la categoría «Dioses griegos».,Érebo,erebo,5,🕳️ 5 · Abismo,Érebo,https://www.britannica.com/topic/Greek-mythology,Nivel inicial intuitivo; revisar/ajustar con datos de jugadores.
55,Dioses griegos,Nombra un elemento de la categoría «Dioses griegos».,Hemera,hemera,5,🕳️ 5 · Abismo,Hemera,https://www.britannica.com/topic/Greek-mythology,Nivel inicial intuitivo; revisar/ajustar con datos de jugadores.
55,Dioses griegos,Nombra un elemento de la categoría «Dioses griegos».,Morfeo,morfeo,5,🕳️ 5 · Abismo,Morfeo,https://www.britannica.com/topic/Greek-mythology,Nivel inicial intuitivo; revisar/ajustar con datos de jugadores.
56,Seres mitológicos,Nombra un elemento de la categoría «Seres mitológicos».,Dragón,dragon,1,🧊 1 · Punta del iceberg,Dragón,https://www.britannica.com/topic/mythology,Nivel inicial intuitivo; revisar/ajustar con datos de jugadores.
56,Seres mitológicos,Nombra un elemento de la categoría «Seres mitológicos».,Unicornio,unicornio,1,🧊 1 · Punta del iceberg,Unicornio,https://www.britannica.com/topic/mythology,Nivel inicial intuitivo; revisar/ajustar con datos de jugadores.
56,Seres mitológicos,Nombra un elemento de la categoría «Seres mitológicos».,Sirena,sirena,1,🧊 1 · Punta del iceberg,Sirena,https://www.britannica.com/topic/mythology,Nivel inicial intuitivo; revisar/ajustar con datos de jugadores.
56,Seres mitológicos,Nombra un elemento de la categoría «Seres mitológicos».,Centauro,centauro,1,🧊 1 · Punta del iceberg,Centauro,https://www.britannica.com/topic/mythology,Nivel inicial intuitivo; revisar/ajustar con datos de jugadores.
56,Seres mitológicos,Nombra un elemento de la categoría «Seres mitológicos».,Minotauro,minotauro,1,🧊 1 · Punta del iceberg,Minotauro,https://www.britannica.com/topic/mythology,Nivel inicial intuitivo; revisar/ajustar con datos de jugadores.
56,Seres mitológicos,Nombra un elemento de la categoría «Seres mitológicos».,Fénix,fenix,1,🧊 1 · Punta del iceberg,Fénix,https://www.britannica.com/topic/mythology,Nivel inicial intuitivo; revisar/ajustar con datos de jugadores.
56,Seres mitológicos,Nombra un elemento de la categoría «Seres mitológicos».,Kraken,kraken,2,2 · Bajo el hielo,Kraken,https://www.britannica.com/topic/mythology,Nivel inicial intuitivo; revisar/ajustar con datos de jugadores.
56,Seres mitológicos,Nombra un elemento de la categoría «Seres mitológicos».,Hidra,hidra,2,2 · Bajo el hielo,Hidra,https://www.britannica.com/topic/mythology,Nivel inicial intuitivo; revisar/ajustar con datos de jugadores.
56,Seres mitológicos,Nombra un elemento de la categoría «Seres mitológicos».,Cíclope,ciclope,2,2 · Bajo el hielo,Cíclope,https://www.britannica.com/topic/mythology,Nivel inicial intuitivo; revisar/ajustar con datos de jugadores.
56,Seres mitológicos,Nombra un elemento de la categoría «Seres mitológicos».,Medusa,medusa,2,2 · Bajo el hielo,Medusa,https://www.britannica.com/topic/mythology,Nivel inicial intuitivo; revisar/ajustar con datos de jugadores.
56,Seres mitológicos,Nombra un elemento de la categoría «Seres mitológicos».,Pegaso,pegaso,2,2 · Bajo el hielo,Pegaso,https://www.britannica.com/topic/mythology,Nivel inicial intuitivo; revisar/ajustar con datos de jugadores.
56,Seres mitológicos,Nombra un elemento de la categoría «Seres mitológicos».,Grifo,grifo,2,2 · Bajo el hielo,Grifo,https://www.britannica.com/topic/mythology,Nivel inicial intuitivo; revisar/ajustar con datos de jugadores.
56,Seres mitológicos,Nombra un elemento de la categoría «Seres mitológicos».,Esfinge,esfinge,2,2 · Bajo el hielo,Esfinge,https://www.britannica.com/topic/mythology,Nivel inicial intuitivo; revisar/ajustar con datos de jugadores.
56,Seres mitológicos,Nombra un elemento de la categoría «Seres mitológicos».,Quimera,quimera,3,3 · Profundo,Quimera,https://www.britannica.com/topic/mythology,Nivel inicial intuitivo; revisar/ajustar con datos de jugadores.
56,Seres mitológicos,Nombra un elemento de la categoría «Seres mitológicos».,Cerbero,cerbero,3,3 · Profundo,Cerbero,https://www.britannica.com/topic/mythology,Nivel inicial intuitivo; revisar/ajustar con datos de jugadores.
56,Seres mitológicos,Nombra un elemento de la categoría «Seres mitológicos».,Basilisco,basilisco,3,3 · Profundo,Basilisco,https://www.britannica.com/topic/mythology,Nivel inicial intuitivo; revisar/ajustar con datos de jugadores.
56,Seres mitológicos,Nombra un elemento de la categoría «Seres mitológicos».,Gorgona,gorgona,3,3 · Profundo,Gorgona,https://www.britannica.com/topic/mythology,Nivel inicial intuitivo; revisar/ajustar con datos de jugadores.
56,Seres mitológicos,Nombra un elemento de la categoría «Seres mitológicos».,Sátiro,satiro,3,3 · Profundo,Sátiro,https://www.britannica.com/topic/mythology,Nivel inicial intuitivo; revisar/ajustar con datos de jugadores.
56,Seres mitológicos,Nombra un elemento de la categoría «Seres mitológicos».,Fauno,fauno,3,3 · Profundo,Fauno,https://www.britannica.com/topic/mythology,Nivel inicial intuitivo; revisar/ajustar con datos de jugadores.
56,Seres mitológicos,Nombra un elemento de la categoría «Seres mitológicos».,Ninfa,ninfa,3,3 · Profundo,Ninfa,https://www.britannica.com/topic/mythology,Nivel inicial intuitivo; revisar/ajustar con datos de jugadores.
56,Seres mitológicos,Nombra un elemento de la categoría «Seres mitológicos».,Valquiria,valquiria,4,4 · Muy profundo,Valquiria,https://www.britannica.com/topic/mythology,Nivel inicial intuitivo; revisar/ajustar con datos de jugadores.
56,Seres mitológicos,Nombra un elemento de la categoría «Seres mitológicos».,Jörmungandr,jormungandr,4,4 · Muy profundo,Jörmungandr,https://www.britannica.com/topic/mythology,Nivel inicial intuitivo; revisar/ajustar con datos de jugadores.
56,Seres mitológicos,Nombra un elemento de la categoría «Seres mitológicos».,Fenrir,fenrir,4,4 · Muy profundo,Fenrir,https://www.britannica.com/topic/mythology,Nivel inicial intuitivo; revisar/ajustar con datos de jugadores.
56,Seres mitológicos,Nombra un elemento de la categoría «Seres mitológicos».,Nuckelavee,nuckelavee,4,4 · Muy profundo,Nuckelavee,https://www.britannica.com/topic/mythology,Nivel inicial intuitivo; revisar/ajustar con datos de jugadores.
56,Seres mitológicos,Nombra un elemento de la categoría «Seres mitológicos».,Kelpie,kelpie,4,4 · Muy profundo,Kelpie,https://www.britannica.com/topic/mythology,Nivel inicial intuitivo; revisar/ajustar con datos de jugadores.
56,Seres mitológicos,Nombra un elemento de la categoría «Seres mitológicos».,Banshee,banshee,4,4 · Muy profundo,Banshee,https://www.britannica.com/topic/mythology,Nivel inicial intuitivo; revisar/ajustar con datos de jugadores.
56,Seres mitológicos,Nombra un elemento de la categoría «Seres mitológicos».,Wendigo,wendigo,4,4 · Muy profundo,Wendigo,https://www.britannica.com/topic/mythology,Nivel inicial intuitivo; revisar/ajustar con datos de jugadores.
56,Seres mitológicos,Nombra un elemento de la categoría «Seres mitológicos».,Roc,roc,5,🕳️ 5 · Abismo,Roc,https://www.britannica.com/topic/mythology,Nivel inicial intuitivo; revisar/ajustar con datos de jugadores.
56,Seres mitológicos,Nombra un elemento de la categoría «Seres mitológicos».,Ammit,ammit,5,🕳️ 5 · Abismo,Ammit,https://www.britannica.com/topic/mythology,Nivel inicial intuitivo; revisar/ajustar con datos de jugadores.
56,Seres mitológicos,Nombra un elemento de la categoría «Seres mitológicos».,Apep,apep,5,🕳️ 5 · Abismo,Apep,https://www.britannica.com/topic/mythology,Nivel inicial intuitivo; revisar/ajustar con datos de jugadores.
56,Seres mitológicos,Nombra un elemento de la categoría «Seres mitológicos».,Baba Yaga,babayaga,5,🕳️ 5 · Abismo,Baba Yaga,https://www.britannica.com/topic/mythology,Nivel inicial intuitivo; revisar/ajustar con datos de jugadores.
56,Seres mitológicos,Nombra un elemento de la categoría «Seres mitológicos».,Dullahan,dullahan,5,🕳️ 5 · Abismo,Dullahan,https://www.britannica.com/topic/mythology,Nivel inicial intuitivo; revisar/ajustar con datos de jugadores.
57,Obras de arte,Nombra un elemento de la categoría «Obras de arte».,La Mona Lisa,lamonalisa,1,🧊 1 · Punta del iceberg,La Mona Lisa,https://www.metmuseum.org/art/collection,Nivel inicial intuitivo; revisar/ajustar con datos de jugadores.
57,Obras de arte,Nombra un elemento de la categoría «Obras de arte».,La noche estrellada,lanocheestrellada,1,🧊 1 · Punta del iceberg,La noche estrellada,https://www.metmuseum.org/art/collection,Nivel inicial intuitivo; revisar/ajustar con datos de jugadores.
57,Obras de arte,Nombra un elemento de la categoría «Obras de arte».,El grito,elgrito,1,🧊 1 · Punta del iceberg,El grito,https://www.metmuseum.org/art/collection,Nivel inicial intuitivo; revisar/ajustar con datos de jugadores.
57,Obras de arte,Nombra un elemento de la categoría «Obras de arte».,La última cena,laultimacena,1,🧊 1 · Punta del iceberg,La última cena,https://www.metmuseum.org/art/collection,Nivel inicial intuitivo; revisar/ajustar con datos de jugadores.
57,Obras de arte,Nombra un elemento de la categoría «Obras de arte».,Guernica,guernica,1,🧊 1 · Punta del iceberg,Guernica,https://www.metmuseum.org/art/collection,Nivel inicial intuitivo; revisar/ajustar con datos de jugadores.
57,Obras de arte,Nombra un elemento de la categoría «Obras de arte».,Las meninas,lasmeninas,1,🧊 1 · Punta del iceberg,Las meninas,https://www.metmuseum.org/art/collection,Nivel inicial intuitivo; revisar/ajustar con datos de jugadores.
57,Obras de arte,Nombra un elemento de la categoría «Obras de arte».,El nacimiento de Venus,elnacimientodevenus,2,2 · Bajo el hielo,El nacimiento de Venus,https://www.metmuseum.org/art/collection,Nivel inicial intuitivo; revisar/ajustar con datos de jugadores.
57,Obras de arte,Nombra un elemento de la categoría «Obras de arte».,La persistencia de la memoria,lapersistenciadelamemoria,2,2 · Bajo el hielo,La persistencia de la memoria,https://www.metmuseum.org/art/collection,Nivel inicial intuitivo; revisar/ajustar con datos de jugadores.
57,Obras de arte,Nombra un elemento de la categoría «Obras de arte».,La creación de Adán,lacreaciondeadan,2,2 · Bajo el hielo,La creación de Adán,https://www.metmuseum.org/art/collection,Nivel inicial intuitivo; revisar/ajustar con datos de jugadores.
57,Obras de arte,Nombra un elemento de la categoría «Obras de arte».,El beso,elbeso,2,2 · Bajo el hielo,El beso,https://www.metmuseum.org/art/collection,Nivel inicial intuitivo; revisar/ajustar con datos de jugadores.
57,Obras de arte,Nombra un elemento de la categoría «Obras de arte».,El jardín de las delicias,eljardindelasdelicias,2,2 · Bajo el hielo,El jardín de las delicias,https://www.metmuseum.org/art/collection,Nivel inicial intuitivo; revisar/ajustar con datos de jugadores.
57,Obras de arte,Nombra un elemento de la categoría «Obras de arte».,El David,eldavid,2,2 · Bajo el hielo,El David,https://www.metmuseum.org/art/collection,Nivel inicial intuitivo; revisar/ajustar con datos de jugadores.
57,Obras de arte,Nombra un elemento de la categoría «Obras de arte».,La joven de la perla,lajovendelaperla,3,3 · Profundo,La joven de la perla,https://www.metmuseum.org/art/collection,Nivel inicial intuitivo; revisar/ajustar con datos de jugadores.
57,Obras de arte,Nombra un elemento de la categoría «Obras de arte».,El caminante sobre el mar de nubes,elcaminantesobreelmardenubes,3,3 · Profundo,El caminante sobre el mar de nubes,https://www.metmuseum.org/art/collection,Nivel inicial intuitivo; revisar/ajustar con datos de jugadores.
57,Obras de arte,Nombra un elemento de la categoría «Obras de arte».,Los girasoles,losgirasoles,3,3 · Profundo,Los girasoles,https://www.metmuseum.org/art/collection,Nivel inicial intuitivo; revisar/ajustar con datos de jugadores.
57,Obras de arte,Nombra un elemento de la categoría «Obras de arte».,"Impresión, sol naciente",impresionsolnaciente,3,3 · Profundo,"Impresión, sol naciente",https://www.metmuseum.org/art/collection,Nivel inicial intuitivo; revisar/ajustar con datos de jugadores.
57,Obras de arte,Nombra un elemento de la categoría «Obras de arte».,La libertad guiando al pueblo,lalibertadguiandoalpueblo,3,3 · Profundo,La libertad guiando al pueblo,https://www.metmuseum.org/art/collection,Nivel inicial intuitivo; revisar/ajustar con datos de jugadores.
57,Obras de arte,Nombra un elemento de la categoría «Obras de arte».,La ronda de noche,larondadenoche,3,3 · Profundo,La ronda de noche,https://www.metmuseum.org/art/collection,Nivel inicial intuitivo; revisar/ajustar con datos de jugadores.
57,Obras de arte,Nombra un elemento de la categoría «Obras de arte».,El entierro del Conde de Orgaz,elentierrodelcondedeorgaz,4,4 · Muy profundo,El entierro del Conde de Orgaz,https://www.metmuseum.org/art/collection,Nivel inicial intuitivo; revisar/ajustar con datos de jugadores.
57,Obras de arte,Nombra un elemento de la categoría «Obras de arte».,Las señoritas de Aviñón,lassenoritasdeavinon,4,4 · Muy profundo,Las señoritas de Aviñón,https://www.metmuseum.org/art/collection,Nivel inicial intuitivo; revisar/ajustar con datos de jugadores.
57,Obras de arte,Nombra un elemento de la categoría «Obras de arte».,El tres de mayo de 1808,eltresdemayode1808,4,4 · Muy profundo,El tres de mayo de 1808,https://www.metmuseum.org/art/collection,Nivel inicial intuitivo; revisar/ajustar con datos de jugadores.
57,Obras de arte,Nombra un elemento de la categoría «Obras de arte».,Olympia,olympia,4,4 · Muy profundo,Olympia,https://www.metmuseum.org/art/collection,Nivel inicial intuitivo; revisar/ajustar con datos de jugadores.
57,Obras de arte,Nombra un elemento de la categoría «Obras de arte».,American Gothic,americangothic,4,4 · Muy profundo,American Gothic,https://www.metmuseum.org/art/collection,Nivel inicial intuitivo; revisar/ajustar con datos de jugadores.
57,Obras de arte,Nombra un elemento de la categoría «Obras de arte».,La gran ola de Kanagawa,lagranoladekanagawa,5,🕳️ 5 · Abismo,La gran ola de Kanagawa,https://www.metmuseum.org/art/collection,Nivel inicial intuitivo; revisar/ajustar con datos de jugadores.
57,Obras de arte,Nombra un elemento de la categoría «Obras de arte».,Nighthawks,nighthawks,5,🕳️ 5 · Abismo,Nighthawks,https://www.metmuseum.org/art/collection,Nivel inicial intuitivo; revisar/ajustar con datos de jugadores.
57,Obras de arte,Nombra un elemento de la categoría «Obras de arte».,Campbell's Soup Cans,campbellssoupcans,5,🕳️ 5 · Abismo,Campbell's Soup Cans,https://www.metmuseum.org/art/collection,Nivel inicial intuitivo; revisar/ajustar con datos de jugadores.
57,Obras de arte,Nombra un elemento de la categoría «Obras de arte».,El hijo del hombre,elhijodelhombre,5,🕳️ 5 · Abismo,El hijo del hombre,https://www.metmuseum.org/art/collection,Nivel inicial intuitivo; revisar/ajustar con datos de jugadores.
57,Obras de arte,Nombra un elemento de la categoría «Obras de arte».,Composición VIII,composicionviii,5,🕳️ 5 · Abismo,Composición VIII,https://www.metmuseum.org/art/collection,Nivel inicial intuitivo; revisar/ajustar con datos de jugadores.
58,Edificios famosos,Nombra un elemento de la categoría «Edificios famosos».,Torre Eiffel,torreeiffel,1,🧊 1 · Punta del iceberg,Torre Eiffel,https://www.archdaily.com/,Nivel inicial intuitivo; revisar/ajustar con datos de jugadores.
58,Edificios famosos,Nombra un elemento de la categoría «Edificios famosos».,Empire State Building,empirestatebuilding,1,🧊 1 · Punta del iceberg,Empire State Building,https://www.archdaily.com/,Nivel inicial intuitivo; revisar/ajustar con datos de jugadores.
58,Edificios famosos,Nombra un elemento de la categoría «Edificios famosos».,Burj Khalifa,burjkhalifa,1,🧊 1 · Punta del iceberg,Burj Khalifa,https://www.archdaily.com/,Nivel inicial intuitivo; revisar/ajustar con datos de jugadores.
58,Edificios famosos,Nombra un elemento de la categoría «Edificios famosos».,Big Ben,bigben,1,🧊 1 · Punta del iceberg,Big Ben,https://www.archdaily.com/,Nivel inicial intuitivo; revisar/ajustar con datos de jugadores.
58,Edificios famosos,Nombra un elemento de la categoría «Edificios famosos».,Taj Mahal,tajmahal,1,🧊 1 · Punta del iceberg,Taj Mahal,https://www.archdaily.com/,Nivel inicial intuitivo; revisar/ajustar con datos de jugadores.
58,Edificios famosos,Nombra un elemento de la categoría «Edificios famosos».,Ópera de Sídney,operadesidney,1,🧊 1 · Punta del iceberg,Ópera de Sídney,https://www.archdaily.com/,Nivel inicial intuitivo; revisar/ajustar con datos de jugadores.
58,Edificios famosos,Nombra un elemento de la categoría «Edificios famosos».,Sagrada Familia,sagradafamilia,1,🧊 1 · Punta del iceberg,Sagrada Familia,https://www.archdaily.com/,Nivel inicial intuitivo; revisar/ajustar con datos de jugadores.
58,Edificios famosos,Nombra un elemento de la categoría «Edificios famosos».,Casa Blanca,casablanca,2,2 · Bajo el hielo,Casa Blanca,https://www.archdaily.com/,Nivel inicial intuitivo; revisar/ajustar con datos de jugadores.
58,Edificios famosos,Nombra un elemento de la categoría «Edificios famosos».,Coliseo,coliseo,2,2 · Bajo el hielo,Coliseo,https://www.archdaily.com/,Nivel inicial intuitivo; revisar/ajustar con datos de jugadores.
58,Edificios famosos,Nombra un elemento de la categoría «Edificios famosos».,Partenón,partenon,2,2 · Bajo el hielo,Partenón,https://www.archdaily.com/,Nivel inicial intuitivo; revisar/ajustar con datos de jugadores.
58,Edificios famosos,Nombra un elemento de la categoría «Edificios famosos».,Buckingham Palace,buckinghampalace,2,2 · Bajo el hielo,Buckingham Palace,https://www.archdaily.com/,Nivel inicial intuitivo; revisar/ajustar con datos de jugadores.
58,Edificios famosos,Nombra un elemento de la categoría «Edificios famosos».,Flatiron Building,flatironbuilding,2,2 · Bajo el hielo,Flatiron Building,https://www.archdaily.com/,Nivel inicial intuitivo; revisar/ajustar con datos de jugadores.
58,Edificios famosos,Nombra un elemento de la categoría «Edificios famosos».,Chrysler Building,chryslerbuilding,2,2 · Bajo el hielo,Chrysler Building,https://www.archdaily.com/,Nivel inicial intuitivo; revisar/ajustar con datos de jugadores.
58,Edificios famosos,Nombra un elemento de la categoría «Edificios famosos».,Burj Al Arab,burjalarab,2,2 · Bajo el hielo,Burj Al Arab,https://www.archdaily.com/,Nivel inicial intuitivo; revisar/ajustar con datos de jugadores.
58,Edificios famosos,Nombra un elemento de la categoría «Edificios famosos».,Marina Bay Sands,marinabaysands,3,3 · Profundo,Marina Bay Sands,https://www.archdaily.com/,Nivel inicial intuitivo; revisar/ajustar con datos de jugadores.
58,Edificios famosos,Nombra un elemento de la categoría «Edificios famosos».,Turning Torso,turningtorso,3,3 · Profundo,Turning Torso,https://www.archdaily.com/,Nivel inicial intuitivo; revisar/ajustar con datos de jugadores.
58,Edificios famosos,Nombra un elemento de la categoría «Edificios famosos».,Atomium,atomium,3,3 · Profundo,Atomium,https://www.archdaily.com/,Nivel inicial intuitivo; revisar/ajustar con datos de jugadores.
58,Edificios famosos,Nombra un elemento de la categoría «Edificios famosos».,Casa Batlló,casabatllo,3,3 · Profundo,Casa Batlló,https://www.archdaily.com/,Nivel inicial intuitivo; revisar/ajustar con datos de jugadores.
58,Edificios famosos,Nombra un elemento de la categoría «Edificios famosos».,Casa Milà,casamila,3,3 · Profundo,Casa Milà,https://www.archdaily.com/,Nivel inicial intuitivo; revisar/ajustar con datos de jugadores.
58,Edificios famosos,Nombra un elemento de la categoría «Edificios famosos».,Palacio de Westminster,palaciodewestminster,3,3 · Profundo,Palacio de Westminster,https://www.archdaily.com/,Nivel inicial intuitivo; revisar/ajustar con datos de jugadores.
58,Edificios famosos,Nombra un elemento de la categoría «Edificios famosos».,Edificio Dakota,edificiodakota,4,4 · Muy profundo,Edificio Dakota,https://www.archdaily.com/,Nivel inicial intuitivo; revisar/ajustar con datos de jugadores.
58,Edificios famosos,Nombra un elemento de la categoría «Edificios famosos».,Fallingwater,fallingwater,4,4 · Muy profundo,Fallingwater,https://www.archdaily.com/,Nivel inicial intuitivo; revisar/ajustar con datos de jugadores.
58,Edificios famosos,Nombra un elemento de la categoría «Edificios famosos».,Centre Pompidou,centrepompidou,4,4 · Muy profundo,Centre Pompidou,https://www.archdaily.com/,Nivel inicial intuitivo; revisar/ajustar con datos de jugadores.
58,Edificios famosos,Nombra un elemento de la categoría «Edificios famosos».,Heydar Aliyev Center,heydaraliyevcenter,4,4 · Muy profundo,Heydar Aliyev Center,https://www.archdaily.com/,Nivel inicial intuitivo; revisar/ajustar con datos de jugadores.
58,Edificios famosos,Nombra un elemento de la categoría «Edificios famosos».,Habitat 67,habitat67,5,🕳️ 5 · Abismo,Habitat 67,https://www.archdaily.com/,Nivel inicial intuitivo; revisar/ajustar con datos de jugadores.
58,Edificios famosos,Nombra un elemento de la categoría «Edificios famosos».,Casa de la Cascada,casadelacascada,5,🕳️ 5 · Abismo,Casa de la Cascada,https://www.archdaily.com/,Nivel inicial intuitivo; revisar/ajustar con datos de jugadores.
58,Edificios famosos,Nombra un elemento de la categoría «Edificios famosos».,Biblioteca de Seattle,bibliotecadeseattle,5,🕳️ 5 · Abismo,Biblioteca de Seattle,https://www.archdaily.com/,Nivel inicial intuitivo; revisar/ajustar con datos de jugadores.
58,Edificios famosos,Nombra un elemento de la categoría «Edificios famosos».,30 St Mary Axe,30stmaryaxe,5,🕳️ 5 · Abismo,30 St Mary Axe,https://www.archdaily.com/,Nivel inicial intuitivo; revisar/ajustar con datos de jugadores.
59,Rascacielos,Nombra un elemento de la categoría «Rascacielos».,Burj Khalifa,burjkhalifa,1,🧊 1 · Punta del iceberg,Burj Khalifa,https://www.ctbuh.org/,Nivel inicial intuitivo; revisar/ajustar con datos de jugadores.
59,Rascacielos,Nombra un elemento de la categoría «Rascacielos».,Empire State Building,empirestatebuilding,1,🧊 1 · Punta del iceberg,Empire State Building,https://www.ctbuh.org/,Nivel inicial intuitivo; revisar/ajustar con datos de jugadores.
59,Rascacielos,Nombra un elemento de la categoría «Rascacielos».,Shanghai Tower,shanghaitower,1,🧊 1 · Punta del iceberg,Shanghai Tower,https://www.ctbuh.org/,Nivel inicial intuitivo; revisar/ajustar con datos de jugadores.
59,Rascacielos,Nombra un elemento de la categoría «Rascacielos».,Taipei 101,taipei101,1,🧊 1 · Punta del iceberg,Taipei 101,https://www.ctbuh.org/,Nivel inicial intuitivo; revisar/ajustar con datos de jugadores.
59,Rascacielos,Nombra un elemento de la categoría «Rascacielos».,One World Trade Center,oneworldtradecenter,2,2 · Bajo el hielo,One World Trade Center,https://www.ctbuh.org/,Nivel inicial intuitivo; revisar/ajustar con datos de jugadores.
59,Rascacielos,Nombra un elemento de la categoría «Rascacielos».,Burj Al Arab,burjalarab,2,2 · Bajo el hielo,Burj Al Arab,https://www.ctbuh.org/,Nivel inicial intuitivo; revisar/ajustar con datos de jugadores.
59,Rascacielos,Nombra un elemento de la categoría «Rascacielos».,Petronas Towers,petronastowers,2,2 · Bajo el hielo,Petronas Towers,https://www.ctbuh.org/,Nivel inicial intuitivo; revisar/ajustar con datos de jugadores.
59,Rascacielos,Nombra un elemento de la categoría «Rascacielos».,International Commerce Centre,internationalcommercecentre,2,2 · Bajo el hielo,International Commerce Centre,https://www.ctbuh.org/,Nivel inicial intuitivo; revisar/ajustar con datos de jugadores.
59,Rascacielos,Nombra un elemento de la categoría «Rascacielos».,CITIC Tower,citictower,3,3 · Profundo,CITIC Tower,https://www.ctbuh.org/,Nivel inicial intuitivo; revisar/ajustar con datos de jugadores.
59,Rascacielos,Nombra un elemento de la categoría «Rascacielos».,Willis Tower,willistower,3,3 · Profundo,Willis Tower,https://www.ctbuh.org/,Nivel inicial intuitivo; revisar/ajustar con datos de jugadores.
59,Rascacielos,Nombra un elemento de la categoría «Rascacielos».,Guangzhou CTF Finance Centre,guangzhouctffinancecentre,3,3 · Profundo,Guangzhou CTF Finance Centre,https://www.ctbuh.org/,Nivel inicial intuitivo; revisar/ajustar con datos de jugadores.
59,Rascacielos,Nombra un elemento de la categoría «Rascacielos».,Ping An Finance Center,pinganfinancecenter,3,3 · Profundo,Ping An Finance Center,https://www.ctbuh.org/,Nivel inicial intuitivo; revisar/ajustar con datos de jugadores.
59,Rascacielos,Nombra un elemento de la categoría «Rascacielos».,Lotte World Tower,lotteworldtower,3,3 · Profundo,Lotte World Tower,https://www.ctbuh.org/,Nivel inicial intuitivo; revisar/ajustar con datos de jugadores.
59,Rascacielos,Nombra un elemento de la categoría «Rascacielos».,Lakhta Center,lakhtacenter,4,4 · Muy profundo,Lakhta Center,https://www.ctbuh.org/,Nivel inicial intuitivo; revisar/ajustar con datos de jugadores.
59,Rascacielos,Nombra un elemento de la categoría «Rascacielos».,Merdeka 118,merdeka118,4,4 · Muy profundo,Merdeka 118,https://www.ctbuh.org/,Nivel inicial intuitivo; revisar/ajustar con datos de jugadores.
59,Rascacielos,Nombra un elemento de la categoría «Rascacielos».,Canton Tower,cantontower,4,4 · Muy profundo,Canton Tower,https://www.ctbuh.org/,Nivel inicial intuitivo; revisar/ajustar con datos de jugadores.
59,Rascacielos,Nombra un elemento de la categoría «Rascacielos».,Abraj Al Bait,abrajalbait,4,4 · Muy profundo,Abraj Al Bait,https://www.ctbuh.org/,Nivel inicial intuitivo; revisar/ajustar con datos de jugadores.
59,Rascacielos,Nombra un elemento de la categoría «Rascacielos».,Central Park Tower,centralparktower,4,4 · Muy profundo,Central Park Tower,https://www.ctbuh.org/,Nivel inicial intuitivo; revisar/ajustar con datos de jugadores.
59,Rascacielos,Nombra un elemento de la categoría «Rascacielos».,432 Park Avenue,432parkavenue,5,🕳️ 5 · Abismo,432 Park Avenue,https://www.ctbuh.org/,Nivel inicial intuitivo; revisar/ajustar con datos de jugadores.
59,Rascacielos,Nombra un elemento de la categoría «Rascacielos».,Makkah Royal Clock Tower,makkahroyalclocktower,5,🕳️ 5 · Abismo,Makkah Royal Clock Tower,https://www.ctbuh.org/,Nivel inicial intuitivo; revisar/ajustar con datos de jugadores.
59,Rascacielos,Nombra un elemento de la categoría «Rascacielos».,Guangzhou International Finance Center,guangzhouinternationalfinancecenter,5,🕳️ 5 · Abismo,Guangzhou International Finance Center,https://www.ctbuh.org/,Nivel inicial intuitivo; revisar/ajustar con datos de jugadores.
60,Monumentos famosos del mundo,Nombra un elemento de la categoría «Monumentos famosos del mundo».,Torre Eiffel,torreeiffel,1,🧊 1 · Punta del iceberg,Torre Eiffel,https://whc.unesco.org/,Nivel inicial intuitivo; revisar/ajustar con datos de jugadores.
60,Monumentos famosos del mundo,Nombra un elemento de la categoría «Monumentos famosos del mundo».,Estatua de la Libertad,estatuadelalibertad,1,🧊 1 · Punta del iceberg,Estatua de la Libertad,https://whc.unesco.org/,Nivel inicial intuitivo; revisar/ajustar con datos de jugadores.
60,Monumentos famosos del mundo,Nombra un elemento de la categoría «Monumentos famosos del mundo».,Cristo Redentor,cristoredentor,1,🧊 1 · Punta del iceberg,Cristo Redentor,https://whc.unesco.org/,Nivel inicial intuitivo; revisar/ajustar con datos de jugadores.
60,Monumentos famosos del mundo,Nombra un elemento de la categoría «Monumentos famosos del mundo».,Big Ben,bigben,1,🧊 1 · Punta del iceberg,Big Ben,https://whc.unesco.org/,Nivel inicial intuitivo; revisar/ajustar con datos de jugadores.
60,Monumentos famosos del mundo,Nombra un elemento de la categoría «Monumentos famosos del mundo».,Taj Mahal,tajmahal,1,🧊 1 · Punta del iceberg,Taj Mahal,https://whc.unesco.org/,Nivel inicial intuitivo; revisar/ajustar con datos de jugadores.
60,Monumentos famosos del mundo,Nombra un elemento de la categoría «Monumentos famosos del mundo».,Coliseo,coliseo,1,🧊 1 · Punta del iceberg,Coliseo,https://whc.unesco.org/,Nivel inicial intuitivo; revisar/ajustar con datos de jugadores.
60,Monumentos famosos del mundo,Nombra un elemento de la categoría «Monumentos famosos del mundo».,Stonehenge,stonehenge,2,2 · Bajo el hielo,Stonehenge,https://whc.unesco.org/,Nivel inicial intuitivo; revisar/ajustar con datos de jugadores.
60,Monumentos famosos del mundo,Nombra un elemento de la categoría «Monumentos famosos del mundo».,Machu Picchu,machupicchu,2,2 · Bajo el hielo,Machu Picchu,https://whc.unesco.org/,Nivel inicial intuitivo; revisar/ajustar con datos de jugadores.
60,Monumentos famosos del mundo,Nombra un elemento de la categoría «Monumentos famosos del mundo».,Petra,petra,2,2 · Bajo el hielo,Petra,https://whc.unesco.org/,Nivel inicial intuitivo; revisar/ajustar con datos de jugadores.
60,Monumentos famosos del mundo,Nombra un elemento de la categoría «Monumentos famosos del mundo».,Moái,moai,2,2 · Bajo el hielo,Moái,https://whc.unesco.org/,Nivel inicial intuitivo; revisar/ajustar con datos de jugadores.
60,Monumentos famosos del mundo,Nombra un elemento de la categoría «Monumentos famosos del mundo».,Arco del Triunfo,arcodeltriunfo,2,2 · Bajo el hielo,Arco del Triunfo,https://whc.unesco.org/,Nivel inicial intuitivo; revisar/ajustar con datos de jugadores.
60,Monumentos famosos del mundo,Nombra un elemento de la categoría «Monumentos famosos del mundo».,Puerta de Brandeburgo,puertadebrandeburgo,2,2 · Bajo el hielo,Puerta de Brandeburgo,https://whc.unesco.org/,Nivel inicial intuitivo; revisar/ajustar con datos de jugadores.
60,Monumentos famosos del mundo,Nombra un elemento de la categoría «Monumentos famosos del mundo».,Alhambra,alhambra,2,2 · Bajo el hielo,Alhambra,https://whc.unesco.org/,Nivel inicial intuitivo; revisar/ajustar con datos de jugadores.
60,Monumentos famosos del mundo,Nombra un elemento de la categoría «Monumentos famosos del mundo».,Acrópolis de Atenas,acropolisdeatenas,3,3 · Profundo,Acrópolis de Atenas,https://whc.unesco.org/,Nivel inicial intuitivo; revisar/ajustar con datos de jugadores.
60,Monumentos famosos del mundo,Nombra un elemento de la categoría «Monumentos famosos del mundo».,Angkor Wat,angkorwat,3,3 · Profundo,Angkor Wat,https://whc.unesco.org/,Nivel inicial intuitivo; revisar/ajustar con datos de jugadores.
60,Monumentos famosos del mundo,Nombra un elemento de la categoría «Monumentos famosos del mundo».,Moáis de Rapa Nui,moaisderapanui,3,3 · Profundo,Moáis de Rapa Nui,https://whc.unesco.org/,Nivel inicial intuitivo; revisar/ajustar con datos de jugadores.
60,Monumentos famosos del mundo,Nombra un elemento de la categoría «Monumentos famosos del mundo».,Chichén Itzá,chichenitza,3,3 · Profundo,Chichén Itzá,https://whc.unesco.org/,Nivel inicial intuitivo; revisar/ajustar con datos de jugadores.
60,Monumentos famosos del mundo,Nombra un elemento de la categoría «Monumentos famosos del mundo».,Abu Simbel,abusimbel,3,3 · Profundo,Abu Simbel,https://whc.unesco.org/,Nivel inicial intuitivo; revisar/ajustar con datos de jugadores.
60,Monumentos famosos del mundo,Nombra un elemento de la categoría «Monumentos famosos del mundo».,Templo de Karnak,templodekarnak,3,3 · Profundo,Templo de Karnak,https://whc.unesco.org/,Nivel inicial intuitivo; revisar/ajustar con datos de jugadores.
60,Monumentos famosos del mundo,Nombra un elemento de la categoría «Monumentos famosos del mundo».,Monte Rushmore,monterushmore,4,4 · Muy profundo,Monte Rushmore,https://whc.unesco.org/,Nivel inicial intuitivo; revisar/ajustar con datos de jugadores.
60,Monumentos famosos del mundo,Nombra un elemento de la categoría «Monumentos famosos del mundo».,Puerta de Ishtar,puertadeishtar,4,4 · Muy profundo,Puerta de Ishtar,https://whc.unesco.org/,Nivel inicial intuitivo; revisar/ajustar con datos de jugadores.
60,Monumentos famosos del mundo,Nombra un elemento de la categoría «Monumentos famosos del mundo».,Torre de Pisa,torredepisa,4,4 · Muy profundo,Torre de Pisa,https://whc.unesco.org/,Nivel inicial intuitivo; revisar/ajustar con datos de jugadores.
60,Monumentos famosos del mundo,Nombra un elemento de la categoría «Monumentos famosos del mundo».,Borobudur,borobudur,4,4 · Muy profundo,Borobudur,https://whc.unesco.org/,Nivel inicial intuitivo; revisar/ajustar con datos de jugadores.
60,Monumentos famosos del mundo,Nombra un elemento de la categoría «Monumentos famosos del mundo».,Terracota de Xi'an,terracotadexian,5,🕳️ 5 · Abismo,Terracota de Xi'an,https://whc.unesco.org/,Nivel inicial intuitivo; revisar/ajustar con datos de jugadores.
60,Monumentos famosos del mundo,Nombra un elemento de la categoría «Monumentos famosos del mundo».,Göbekli Tepe,gobeklitepe,5,🕳️ 5 · Abismo,Göbekli Tepe,https://whc.unesco.org/,Nivel inicial intuitivo; revisar/ajustar con datos de jugadores.
60,Monumentos famosos del mundo,Nombra un elemento de la categoría «Monumentos famosos del mundo».,Newgrange,newgrange,5,🕳️ 5 · Abismo,Newgrange,https://whc.unesco.org/,Nivel inicial intuitivo; revisar/ajustar con datos de jugadores.
60,Monumentos famosos del mundo,Nombra un elemento de la categoría «Monumentos famosos del mundo».,Hattusa,hattusa,5,🕳️ 5 · Abismo,Hattusa,https://whc.unesco.org/,Nivel inicial intuitivo; revisar/ajustar con datos de jugadores.
61,Redes sociales,Nombra un elemento de la categoría «Redes sociales».,Instagram,instagram,1,🧊 1 · Punta del iceberg,Instagram,https://www.pewresearch.org/internet/,Nivel inicial intuitivo; revisar/ajustar con datos de jugadores.
61,Redes sociales,Nombra un elemento de la categoría «Redes sociales».,TikTok,tiktok,1,🧊 1 · Punta del iceberg,TikTok,https://www.pewresearch.org/internet/,Nivel inicial intuitivo; revisar/ajustar con datos de jugadores.
61,Redes sociales,Nombra un elemento de la categoría «Redes sociales».,Facebook,facebook,1,🧊 1 · Punta del iceberg,Facebook,https://www.pewresearch.org/internet/,Nivel inicial intuitivo; revisar/ajustar con datos de jugadores.
61,Redes sociales,Nombra un elemento de la categoría «Redes sociales».,X,x,1,🧊 1 · Punta del iceberg,X,https://www.pewresearch.org/internet/,Nivel inicial intuitivo; revisar/ajustar con datos de jugadores.
61,Redes sociales,Nombra un elemento de la categoría «Redes sociales».,YouTube,youtube,1,🧊 1 · Punta del iceberg,YouTube,https://www.pewresearch.org/internet/,Nivel inicial intuitivo; revisar/ajustar con datos de jugadores.
61,Redes sociales,Nombra un elemento de la categoría «Redes sociales».,LinkedIn,linkedin,1,🧊 1 · Punta del iceberg,LinkedIn,https://www.pewresearch.org/internet/,Nivel inicial intuitivo; revisar/ajustar con datos de jugadores.
61,Redes sociales,Nombra un elemento de la categoría «Redes sociales».,Snapchat,snapchat,2,2 · Bajo el hielo,Snapchat,https://www.pewresearch.org/internet/,Nivel inicial intuitivo; revisar/ajustar con datos de jugadores.
61,Redes sociales,Nombra un elemento de la categoría «Redes sociales».,Pinterest,pinterest,2,2 · Bajo el hielo,Pinterest,https://www.pewresearch.org/internet/,Nivel inicial intuitivo; revisar/ajustar con datos de jugadores.
61,Redes sociales,Nombra un elemento de la categoría «Redes sociales».,Reddit,reddit,2,2 · Bajo el hielo,Reddit,https://www.pewresearch.org/internet/,Nivel inicial intuitivo; revisar/ajustar con datos de jugadores.
61,Redes sociales,Nombra un elemento de la categoría «Redes sociales».,Twitch,twitch,2,2 · Bajo el hielo,Twitch,https://www.pewresearch.org/internet/,Nivel inicial intuitivo; revisar/ajustar con datos de jugadores.
61,Redes sociales,Nombra un elemento de la categoría «Redes sociales».,Discord,discord,2,2 · Bajo el hielo,Discord,https://www.pewresearch.org/internet/,Nivel inicial intuitivo; revisar/ajustar con datos de jugadores.
61,Redes sociales,Nombra un elemento de la categoría «Redes sociales».,Threads,threads,2,2 · Bajo el hielo,Threads,https://www.pewresearch.org/internet/,Nivel inicial intuitivo; revisar/ajustar con datos de jugadores.
61,Redes sociales,Nombra un elemento de la categoría «Redes sociales».,Telegram,telegram,2,2 · Bajo el hielo,Telegram,https://www.pewresearch.org/internet/,Nivel inicial intuitivo; revisar/ajustar con datos de jugadores.
61,Redes sociales,Nombra un elemento de la categoría «Redes sociales».,WhatsApp,whatsapp,2,2 · Bajo el hielo,WhatsApp,https://www.pewresearch.org/internet/,Nivel inicial intuitivo; revisar/ajustar con datos de jugadores.
61,Redes sociales,Nombra un elemento de la categoría «Redes sociales».,BeReal,bereal,3,3 · Profundo,BeReal,https://www.pewresearch.org/internet/,Nivel inicial intuitivo; revisar/ajustar con datos de jugadores.
61,Redes sociales,Nombra un elemento de la categoría «Redes sociales».,Mastodon,mastodon,3,3 · Profundo,Mastodon,https://www.pewresearch.org/internet/,Nivel inicial intuitivo; revisar/ajustar con datos de jugadores.
61,Redes sociales,Nombra un elemento de la categoría «Redes sociales».,Bluesky,bluesky,3,3 · Profundo,Bluesky,https://www.pewresearch.org/internet/,Nivel inicial intuitivo; revisar/ajustar con datos de jugadores.
61,Redes sociales,Nombra un elemento de la categoría «Redes sociales».,Tumblr,tumblr,3,3 · Profundo,Tumblr,https://www.pewresearch.org/internet/,Nivel inicial intuitivo; revisar/ajustar con datos de jugadores.
61,Redes sociales,Nombra un elemento de la categoría «Redes sociales».,Quora,quora,3,3 · Profundo,Quora,https://www.pewresearch.org/internet/,Nivel inicial intuitivo; revisar/ajustar con datos de jugadores.
61,Redes sociales,Nombra un elemento de la categoría «Redes sociales».,VK,vk,3,3 · Profundo,VK,https://www.pewresearch.org/internet/,Nivel inicial intuitivo; revisar/ajustar con datos de jugadores.
61,Redes sociales,Nombra un elemento de la categoría «Redes sociales».,Weibo,weibo,4,4 · Muy profundo,Weibo,https://www.pewresearch.org/internet/,Nivel inicial intuitivo; revisar/ajustar con datos de jugadores.
61,Redes sociales,Nombra un elemento de la categoría «Redes sociales».,WeChat,wechat,4,4 · Muy profundo,WeChat,https://www.pewresearch.org/internet/,Nivel inicial intuitivo; revisar/ajustar con datos de jugadores.
61,Redes sociales,Nombra un elemento de la categoría «Redes sociales».,LINE,line,4,4 · Muy profundo,LINE,https://www.pewresearch.org/internet/,Nivel inicial intuitivo; revisar/ajustar con datos de jugadores.
61,Redes sociales,Nombra un elemento de la categoría «Redes sociales».,KakaoStory,kakaostory,4,4 · Muy profundo,KakaoStory,https://www.pewresearch.org/internet/,Nivel inicial intuitivo; revisar/ajustar con datos de jugadores.
61,Redes sociales,Nombra un elemento de la categoría «Redes sociales».,Nextdoor,nextdoor,4,4 · Muy profundo,Nextdoor,https://www.pewresearch.org/internet/,Nivel inicial intuitivo; revisar/ajustar con datos de jugadores.
61,Redes sociales,Nombra un elemento de la categoría «Redes sociales».,Clubhouse,clubhouse,5,🕳️ 5 · Abismo,Clubhouse,https://www.pewresearch.org/internet/,Nivel inicial intuitivo; revisar/ajustar con datos de jugadores.
61,Redes sociales,Nombra un elemento de la categoría «Redes sociales».,MeWe,mewe,5,🕳️ 5 · Abismo,MeWe,https://www.pewresearch.org/internet/,Nivel inicial intuitivo; revisar/ajustar con datos de jugadores.
61,Redes sociales,Nombra un elemento de la categoría «Redes sociales».,Diaspora,diaspora,5,🕳️ 5 · Abismo,Diaspora,https://www.pewresearch.org/internet/,Nivel inicial intuitivo; revisar/ajustar con datos de jugadores.
61,Redes sociales,Nombra un elemento de la categoría «Redes sociales».,Minds,minds,5,🕳️ 5 · Abismo,Minds,https://www.pewresearch.org/internet/,Nivel inicial intuitivo; revisar/ajustar con datos de jugadores.
62,Aplicaciones de mensajería,Nombra un elemento de la categoría «Aplicaciones de mensajería».,WhatsApp,whatsapp,1,🧊 1 · Punta del iceberg,WhatsApp,https://www.gsma.com/,Nivel inicial intuitivo; revisar/ajustar con datos de jugadores.
62,Aplicaciones de mensajería,Nombra un elemento de la categoría «Aplicaciones de mensajería».,Telegram,telegram,1,🧊 1 · Punta del iceberg,Telegram,https://www.gsma.com/,Nivel inicial intuitivo; revisar/ajustar con datos de jugadores.
62,Aplicaciones de mensajería,Nombra un elemento de la categoría «Aplicaciones de mensajería».,Messenger,messenger,1,🧊 1 · Punta del iceberg,Messenger,https://www.gsma.com/,Nivel inicial intuitivo; revisar/ajustar con datos de jugadores.
62,Aplicaciones de mensajería,Nombra un elemento de la categoría «Aplicaciones de mensajería».,iMessage,imessage,1,🧊 1 · Punta del iceberg,iMessage,https://www.gsma.com/,Nivel inicial intuitivo; revisar/ajustar con datos de jugadores.
62,Aplicaciones de mensajería,Nombra un elemento de la categoría «Aplicaciones de mensajería».,Instagram Direct,instagramdirect,1,🧊 1 · Punta del iceberg,Instagram Direct,https://www.gsma.com/,Nivel inicial intuitivo; revisar/ajustar con datos de jugadores.
62,Aplicaciones de mensajería,Nombra un elemento de la categoría «Aplicaciones de mensajería».,Signal,signal,2,2 · Bajo el hielo,Signal,https://www.gsma.com/,Nivel inicial intuitivo; revisar/ajustar con datos de jugadores.
62,Aplicaciones de mensajería,Nombra un elemento de la categoría «Aplicaciones de mensajería».,Discord,discord,2,2 · Bajo el hielo,Discord,https://www.gsma.com/,Nivel inicial intuitivo; revisar/ajustar con datos de jugadores.
62,Aplicaciones de mensajería,Nombra un elemento de la categoría «Aplicaciones de mensajería».,Snapchat,snapchat,2,2 · Bajo el hielo,Snapchat,https://www.gsma.com/,Nivel inicial intuitivo; revisar/ajustar con datos de jugadores.
62,Aplicaciones de mensajería,Nombra un elemento de la categoría «Aplicaciones de mensajería».,WeChat,wechat,2,2 · Bajo el hielo,WeChat,https://www.gsma.com/,Nivel inicial intuitivo; revisar/ajustar con datos de jugadores.
62,Aplicaciones de mensajería,Nombra un elemento de la categoría «Aplicaciones de mensajería».,LINE,line,2,2 · Bajo el hielo,LINE,https://www.gsma.com/,Nivel inicial intuitivo; revisar/ajustar con datos de jugadores.
62,Aplicaciones de mensajería,Nombra un elemento de la categoría «Aplicaciones de mensajería».,Skype,skype,3,3 · Profundo,Skype,https://www.gsma.com/,Nivel inicial intuitivo; revisar/ajustar con datos de jugadores.
62,Aplicaciones de mensajería,Nombra un elemento de la categoría «Aplicaciones de mensajería».,Viber,viber,3,3 · Profundo,Viber,https://www.gsma.com/,Nivel inicial intuitivo; revisar/ajustar con datos de jugadores.
62,Aplicaciones de mensajería,Nombra un elemento de la categoría «Aplicaciones de mensajería».,KakaoTalk,kakaotalk,3,3 · Profundo,KakaoTalk,https://www.gsma.com/,Nivel inicial intuitivo; revisar/ajustar con datos de jugadores.
62,Aplicaciones de mensajería,Nombra un elemento de la categoría «Aplicaciones de mensajería».,Google Messages,googlemessages,3,3 · Profundo,Google Messages,https://www.gsma.com/,Nivel inicial intuitivo; revisar/ajustar con datos de jugadores.
62,Aplicaciones de mensajería,Nombra un elemento de la categoría «Aplicaciones de mensajería».,Facebook Messenger,facebookmessenger,3,3 · Profundo,Facebook Messenger,https://www.gsma.com/,Nivel inicial intuitivo; revisar/ajustar con datos de jugadores.
62,Aplicaciones de mensajería,Nombra un elemento de la categoría «Aplicaciones de mensajería».,Threema,threema,4,4 · Muy profundo,Threema,https://www.gsma.com/,Nivel inicial intuitivo; revisar/ajustar con datos de jugadores.
62,Aplicaciones de mensajería,Nombra un elemento de la categoría «Aplicaciones de mensajería».,Session,session,4,4 · Muy profundo,Session,https://www.gsma.com/,Nivel inicial intuitivo; revisar/ajustar con datos de jugadores.
62,Aplicaciones de mensajería,Nombra un elemento de la categoría «Aplicaciones de mensajería».,Element,element,4,4 · Muy profundo,Element,https://www.gsma.com/,Nivel inicial intuitivo; revisar/ajustar con datos de jugadores.
62,Aplicaciones de mensajería,Nombra un elemento de la categoría «Aplicaciones de mensajería».,Wire,wire,4,4 · Muy profundo,Wire,https://www.gsma.com/,Nivel inicial intuitivo; revisar/ajustar con datos de jugadores.
62,Aplicaciones de mensajería,Nombra un elemento de la categoría «Aplicaciones de mensajería».,Zalo,zalo,4,4 · Muy profundo,Zalo,https://www.gsma.com/,Nivel inicial intuitivo; revisar/ajustar con datos de jugadores.
62,Aplicaciones de mensajería,Nombra un elemento de la categoría «Aplicaciones de mensajería».,imo,imo,5,🕳️ 5 · Abismo,imo,https://www.gsma.com/,Nivel inicial intuitivo; revisar/ajustar con datos de jugadores.
62,Aplicaciones de mensajería,Nombra un elemento de la categoría «Aplicaciones de mensajería».,Kik,kik,5,🕳️ 5 · Abismo,Kik,https://www.gsma.com/,Nivel inicial intuitivo; revisar/ajustar con datos de jugadores.
62,Aplicaciones de mensajería,Nombra un elemento de la categoría «Aplicaciones de mensajería».,ICQ,icq,5,🕳️ 5 · Abismo,ICQ,https://www.gsma.com/,Nivel inicial intuitivo; revisar/ajustar con datos de jugadores.
63,Aplicaciones de música,Nombra un elemento de la categoría «Aplicaciones de música».,Spotify,spotify,1,🧊 1 · Punta del iceberg,Spotify,https://www.ifpi.org/,Nivel inicial intuitivo; revisar/ajustar con datos de jugadores.
63,Aplicaciones de música,Nombra un elemento de la categoría «Aplicaciones de música».,YouTube Music,youtubemusic,1,🧊 1 · Punta del iceberg,YouTube Music,https://www.ifpi.org/,Nivel inicial intuitivo; revisar/ajustar con datos de jugadores.
63,Aplicaciones de música,Nombra un elemento de la categoría «Aplicaciones de música».,Apple Music,applemusic,1,🧊 1 · Punta del iceberg,Apple Music,https://www.ifpi.org/,Nivel inicial intuitivo; revisar/ajustar con datos de jugadores.
63,Aplicaciones de música,Nombra un elemento de la categoría «Aplicaciones de música».,Amazon Music,amazonmusic,2,2 · Bajo el hielo,Amazon Music,https://www.ifpi.org/,Nivel inicial intuitivo; revisar/ajustar con datos de jugadores.
63,Aplicaciones de música,Nombra un elemento de la categoría «Aplicaciones de música».,Deezer,deezer,2,2 · Bajo el hielo,Deezer,https://www.ifpi.org/,Nivel inicial intuitivo; revisar/ajustar con datos de jugadores.
63,Aplicaciones de música,Nombra un elemento de la categoría «Aplicaciones de música».,Tidal,tidal,2,2 · Bajo el hielo,Tidal,https://www.ifpi.org/,Nivel inicial intuitivo; revisar/ajustar con datos de jugadores.
63,Aplicaciones de música,Nombra un elemento de la categoría «Aplicaciones de música».,SoundCloud,soundcloud,2,2 · Bajo el hielo,SoundCloud,https://www.ifpi.org/,Nivel inicial intuitivo; revisar/ajustar con datos de jugadores.
63,Aplicaciones de música,Nombra un elemento de la categoría «Aplicaciones de música».,Shazam,shazam,3,3 · Profundo,Shazam,https://www.ifpi.org/,Nivel inicial intuitivo; revisar/ajustar con datos de jugadores.
63,Aplicaciones de música,Nombra un elemento de la categoría «Aplicaciones de música».,Bandcamp,bandcamp,3,3 · Profundo,Bandcamp,https://www.ifpi.org/,Nivel inicial intuitivo; revisar/ajustar con datos de jugadores.
63,Aplicaciones de música,Nombra un elemento de la categoría «Aplicaciones de música».,Audiomack,audiomack,3,3 · Profundo,Audiomack,https://www.ifpi.org/,Nivel inicial intuitivo; revisar/ajustar con datos de jugadores.
63,Aplicaciones de música,Nombra un elemento de la categoría «Aplicaciones de música».,Pandora,pandora,3,3 · Profundo,Pandora,https://www.ifpi.org/,Nivel inicial intuitivo; revisar/ajustar con datos de jugadores.
63,Aplicaciones de música,Nombra un elemento de la categoría «Aplicaciones de música».,iHeartRadio,iheartradio,3,3 · Profundo,iHeartRadio,https://www.ifpi.org/,Nivel inicial intuitivo; revisar/ajustar con datos de jugadores.
63,Aplicaciones de música,Nombra un elemento de la categoría «Aplicaciones de música».,TuneIn,tunein,4,4 · Muy profundo,TuneIn,https://www.ifpi.org/,Nivel inicial intuitivo; revisar/ajustar con datos de jugadores.
63,Aplicaciones de música,Nombra un elemento de la categoría «Aplicaciones de música».,Qobuz,qobuz,4,4 · Muy profundo,Qobuz,https://www.ifpi.org/,Nivel inicial intuitivo; revisar/ajustar con datos de jugadores.
63,Aplicaciones de música,Nombra un elemento de la categoría «Aplicaciones de música».,Napster,napster,4,4 · Muy profundo,Napster,https://www.ifpi.org/,Nivel inicial intuitivo; revisar/ajustar con datos de jugadores.
63,Aplicaciones de música,Nombra un elemento de la categoría «Aplicaciones de música».,Mixcloud,mixcloud,4,4 · Muy profundo,Mixcloud,https://www.ifpi.org/,Nivel inicial intuitivo; revisar/ajustar con datos de jugadores.
63,Aplicaciones de música,Nombra un elemento de la categoría «Aplicaciones de música».,Beatport,beatport,5,🕳️ 5 · Abismo,Beatport,https://www.ifpi.org/,Nivel inicial intuitivo; revisar/ajustar con datos de jugadores.
63,Aplicaciones de música,Nombra un elemento de la categoría «Aplicaciones de música».,Jango,jango,5,🕳️ 5 · Abismo,Jango,https://www.ifpi.org/,Nivel inicial intuitivo; revisar/ajustar con datos de jugadores.
63,Aplicaciones de música,Nombra un elemento de la categoría «Aplicaciones de música».,Idagio,idagio,5,🕳️ 5 · Abismo,Idagio,https://www.ifpi.org/,Nivel inicial intuitivo; revisar/ajustar con datos de jugadores.
64,Marcas de ordenadores,Nombra un elemento de la categoría «Marcas de ordenadores».,Apple,apple,1,🧊 1 · Punta del iceberg,Apple,https://www.gartner.com/,Nivel inicial intuitivo; revisar/ajustar con datos de jugadores.
64,Marcas de ordenadores,Nombra un elemento de la categoría «Marcas de ordenadores».,HP,hp,1,🧊 1 · Punta del iceberg,HP,https://www.gartner.com/,Nivel inicial intuitivo; revisar/ajustar con datos de jugadores.
64,Marcas de ordenadores,Nombra un elemento de la categoría «Marcas de ordenadores».,Dell,dell,1,🧊 1 · Punta del iceberg,Dell,https://www.gartner.com/,Nivel inicial intuitivo; revisar/ajustar con datos de jugadores.
64,Marcas de ordenadores,Nombra un elemento de la categoría «Marcas de ordenadores».,Lenovo,lenovo,1,🧊 1 · Punta del iceberg,Lenovo,https://www.gartner.com/,Nivel inicial intuitivo; revisar/ajustar con datos de jugadores.
64,Marcas de ordenadores,Nombra un elemento de la categoría «Marcas de ordenadores».,Asus,asus,1,🧊 1 · Punta del iceberg,Asus,https://www.gartner.com/,Nivel inicial intuitivo; revisar/ajustar con datos de jugadores.
64,Marcas de ordenadores,Nombra un elemento de la categoría «Marcas de ordenadores».,Acer,acer,1,🧊 1 · Punta del iceberg,Acer,https://www.gartner.com/,Nivel inicial intuitivo; revisar/ajustar con datos de jugadores.
64,Marcas de ordenadores,Nombra un elemento de la categoría «Marcas de ordenadores».,Microsoft,microsoft,2,2 · Bajo el hielo,Microsoft,https://www.gartner.com/,Nivel inicial intuitivo; revisar/ajustar con datos de jugadores.
64,Marcas de ordenadores,Nombra un elemento de la categoría «Marcas de ordenadores».,Samsung,samsung,2,2 · Bajo el hielo,Samsung,https://www.gartner.com/,Nivel inicial intuitivo; revisar/ajustar con datos de jugadores.
64,Marcas de ordenadores,Nombra un elemento de la categoría «Marcas de ordenadores».,MSI,msi,2,2 · Bajo el hielo,MSI,https://www.gartner.com/,Nivel inicial intuitivo; revisar/ajustar con datos de jugadores.
64,Marcas de ordenadores,Nombra un elemento de la categoría «Marcas de ordenadores».,Huawei,huawei,2,2 · Bajo el hielo,Huawei,https://www.gartner.com/,Nivel inicial intuitivo; revisar/ajustar con datos de jugadores.
64,Marcas de ordenadores,Nombra un elemento de la categoría «Marcas de ordenadores».,Razer,razer,2,2 · Bajo el hielo,Razer,https://www.gartner.com/,Nivel inicial intuitivo; revisar/ajustar con datos de jugadores.
64,Marcas de ordenadores,Nombra un elemento de la categoría «Marcas de ordenadores».,Alienware,alienware,3,3 · Profundo,Alienware,https://www.gartner.com/,Nivel inicial intuitivo; revisar/ajustar con datos de jugadores.
64,Marcas de ordenadores,Nombra un elemento de la categoría «Marcas de ordenadores».,LG,lg,3,3 · Profundo,LG,https://www.gartner.com/,Nivel inicial intuitivo; revisar/ajustar con datos de jugadores.
64,Marcas de ordenadores,Nombra un elemento de la categoría «Marcas de ordenadores».,Toshiba,toshiba,3,3 · Profundo,Toshiba,https://www.gartner.com/,Nivel inicial intuitivo; revisar/ajustar con datos de jugadores.
64,Marcas de ordenadores,Nombra un elemento de la categoría «Marcas de ordenadores».,Fujitsu,fujitsu,3,3 · Profundo,Fujitsu,https://www.gartner.com/,Nivel inicial intuitivo; revisar/ajustar con datos de jugadores.
64,Marcas de ordenadores,Nombra un elemento de la categoría «Marcas de ordenadores».,Medion,medion,3,3 · Profundo,Medion,https://www.gartner.com/,Nivel inicial intuitivo; revisar/ajustar con datos de jugadores.
64,Marcas de ordenadores,Nombra un elemento de la categoría «Marcas de ordenadores».,Gigabyte,gigabyte,4,4 · Muy profundo,Gigabyte,https://www.gartner.com/,Nivel inicial intuitivo; revisar/ajustar con datos de jugadores.
64,Marcas de ordenadores,Nombra un elemento de la categoría «Marcas de ordenadores».,Framework,framework,4,4 · Muy profundo,Framework,https://www.gartner.com/,Nivel inicial intuitivo; revisar/ajustar con datos de jugadores.
64,Marcas de ordenadores,Nombra un elemento de la categoría «Marcas de ordenadores».,System76,system76,4,4 · Muy profundo,System76,https://www.gartner.com/,Nivel inicial intuitivo; revisar/ajustar con datos de jugadores.
64,Marcas de ordenadores,Nombra un elemento de la categoría «Marcas de ordenadores».,Dynabook,dynabook,4,4 · Muy profundo,Dynabook,https://www.gartner.com/,Nivel inicial intuitivo; revisar/ajustar con datos de jugadores.
64,Marcas de ordenadores,Nombra un elemento de la categoría «Marcas de ordenadores».,Clevo,clevo,5,🕳️ 5 · Abismo,Clevo,https://www.gartner.com/,Nivel inicial intuitivo; revisar/ajustar con datos de jugadores.
64,Marcas de ordenadores,Nombra un elemento de la categoría «Marcas de ordenadores».,Purism,purism,5,🕳️ 5 · Abismo,Purism,https://www.gartner.com/,Nivel inicial intuitivo; revisar/ajustar con datos de jugadores.
65,Marcas de relojes,Nombra un elemento de la categoría «Marcas de relojes».,Rolex,rolex,1,🧊 1 · Punta del iceberg,Rolex,https://www.fhs.swiss/,Nivel inicial intuitivo; revisar/ajustar con datos de jugadores.
65,Marcas de relojes,Nombra un elemento de la categoría «Marcas de relojes».,Casio,casio,1,🧊 1 · Punta del iceberg,Casio,https://www.fhs.swiss/,Nivel inicial intuitivo; revisar/ajustar con datos de jugadores.
65,Marcas de relojes,Nombra un elemento de la categoría «Marcas de relojes».,Seiko,seiko,1,🧊 1 · Punta del iceberg,Seiko,https://www.fhs.swiss/,Nivel inicial intuitivo; revisar/ajustar con datos de jugadores.
65,Marcas de relojes,Nombra un elemento de la categoría «Marcas de relojes».,Swatch,swatch,1,🧊 1 · Punta del iceberg,Swatch,https://www.fhs.swiss/,Nivel inicial intuitivo; revisar/ajustar con datos de jugadores.
65,Marcas de relojes,Nombra un elemento de la categoría «Marcas de relojes».,Omega,omega,2,2 · Bajo el hielo,Omega,https://www.fhs.swiss/,Nivel inicial intuitivo; revisar/ajustar con datos de jugadores.
65,Marcas de relojes,Nombra un elemento de la categoría «Marcas de relojes».,Tag Heuer,tagheuer,2,2 · Bajo el hielo,Tag Heuer,https://www.fhs.swiss/,Nivel inicial intuitivo; revisar/ajustar con datos de jugadores.
65,Marcas de relojes,Nombra un elemento de la categoría «Marcas de relojes».,Cartier,cartier,2,2 · Bajo el hielo,Cartier,https://www.fhs.swiss/,Nivel inicial intuitivo; revisar/ajustar con datos de jugadores.
65,Marcas de relojes,Nombra un elemento de la categoría «Marcas de relojes».,Tissot,tissot,2,2 · Bajo el hielo,Tissot,https://www.fhs.swiss/,Nivel inicial intuitivo; revisar/ajustar con datos de jugadores.
65,Marcas de relojes,Nombra un elemento de la categoría «Marcas de relojes».,Citizen,citizen,2,2 · Bajo el hielo,Citizen,https://www.fhs.swiss/,Nivel inicial intuitivo; revisar/ajustar con datos de jugadores.
65,Marcas de relojes,Nombra un elemento de la categoría «Marcas de relojes».,Longines,longines,2,2 · Bajo el hielo,Longines,https://www.fhs.swiss/,Nivel inicial intuitivo; revisar/ajustar con datos de jugadores.
65,Marcas de relojes,Nombra un elemento de la categoría «Marcas de relojes».,Patek Philippe,patekphilippe,3,3 · Profundo,Patek Philippe,https://www.fhs.swiss/,Nivel inicial intuitivo; revisar/ajustar con datos de jugadores.
65,Marcas de relojes,Nombra un elemento de la categoría «Marcas de relojes».,Audemars Piguet,audemarspiguet,3,3 · Profundo,Audemars Piguet,https://www.fhs.swiss/,Nivel inicial intuitivo; revisar/ajustar con datos de jugadores.
65,Marcas de relojes,Nombra un elemento de la categoría «Marcas de relojes».,Breitling,breitling,3,3 · Profundo,Breitling,https://www.fhs.swiss/,Nivel inicial intuitivo; revisar/ajustar con datos de jugadores.
65,Marcas de relojes,Nombra un elemento de la categoría «Marcas de relojes».,Hublot,hublot,3,3 · Profundo,Hublot,https://www.fhs.swiss/,Nivel inicial intuitivo; revisar/ajustar con datos de jugadores.
65,Marcas de relojes,Nombra un elemento de la categoría «Marcas de relojes».,Tudor,tudor,3,3 · Profundo,Tudor,https://www.fhs.swiss/,Nivel inicial intuitivo; revisar/ajustar con datos de jugadores.
65,Marcas de relojes,Nombra un elemento de la categoría «Marcas de relojes».,Hamilton,hamilton,3,3 · Profundo,Hamilton,https://www.fhs.swiss/,Nivel inicial intuitivo; revisar/ajustar con datos de jugadores.
65,Marcas de relojes,Nombra un elemento de la categoría «Marcas de relojes».,Rado,rado,3,3 · Profundo,Rado,https://www.fhs.swiss/,Nivel inicial intuitivo; revisar/ajustar con datos de jugadores.
65,Marcas de relojes,Nombra un elemento de la categoría «Marcas de relojes».,Breguet,breguet,4,4 · Muy profundo,Breguet,https://www.fhs.swiss/,Nivel inicial intuitivo; revisar/ajustar con datos de jugadores.
65,Marcas de relojes,Nombra un elemento de la categoría «Marcas de relojes».,Vacheron Constantin,vacheronconstantin,4,4 · Muy profundo,Vacheron Constantin,https://www.fhs.swiss/,Nivel inicial intuitivo; revisar/ajustar con datos de jugadores.
65,Marcas de relojes,Nombra un elemento de la categoría «Marcas de relojes».,IWC,iwc,4,4 · Muy profundo,IWC,https://www.fhs.swiss/,Nivel inicial intuitivo; revisar/ajustar con datos de jugadores.
65,Marcas de relojes,Nombra un elemento de la categoría «Marcas de relojes».,Jaeger-LeCoultre,jaegerlecoultre,4,4 · Muy profundo,Jaeger-LeCoultre,https://www.fhs.swiss/,Nivel inicial intuitivo; revisar/ajustar con datos de jugadores.
65,Marcas de relojes,Nombra un elemento de la categoría «Marcas de relojes».,Panerai,panerai,4,4 · Muy profundo,Panerai,https://www.fhs.swiss/,Nivel inicial intuitivo; revisar/ajustar con datos de jugadores.
65,Marcas de relojes,Nombra un elemento de la categoría «Marcas de relojes».,A. Lange & Söhne,alangesohne,5,🕳️ 5 · Abismo,A. Lange & Söhne,https://www.fhs.swiss/,Nivel inicial intuitivo; revisar/ajustar con datos de jugadores.
65,Marcas de relojes,Nombra un elemento de la categoría «Marcas de relojes».,Richard Mille,richardmille,5,🕳️ 5 · Abismo,Richard Mille,https://www.fhs.swiss/,Nivel inicial intuitivo; revisar/ajustar con datos de jugadores.
65,Marcas de relojes,Nombra un elemento de la categoría «Marcas de relojes».,Blancpain,blancpain,5,🕳️ 5 · Abismo,Blancpain,https://www.fhs.swiss/,Nivel inicial intuitivo; revisar/ajustar con datos de jugadores.
65,Marcas de relojes,Nombra un elemento de la categoría «Marcas de relojes».,Glashütte Original,glashutteoriginal,5,🕳️ 5 · Abismo,Glashütte Original,https://www.fhs.swiss/,Nivel inicial intuitivo; revisar/ajustar con datos de jugadores.
65,Marcas de relojes,Nombra un elemento de la categoría «Marcas de relojes».,F.P. Journe,fpjourne,5,🕳️ 5 · Abismo,F.P. Journe,https://www.fhs.swiss/,Nivel inicial intuitivo; revisar/ajustar con datos de jugadores.
66,Marcas de lujo,Nombra un elemento de la categoría «Marcas de lujo».,Louis Vuitton,louisvuitton,1,🧊 1 · Punta del iceberg,Louis Vuitton,https://www.lvmh.com/,Nivel inicial intuitivo; revisar/ajustar con datos de jugadores.
66,Marcas de lujo,Nombra un elemento de la categoría «Marcas de lujo».,Gucci,gucci,1,🧊 1 · Punta del iceberg,Gucci,https://www.lvmh.com/,Nivel inicial intuitivo; revisar/ajustar con datos de jugadores.
66,Marcas de lujo,Nombra un elemento de la categoría «Marcas de lujo».,Chanel,chanel,1,🧊 1 · Punta del iceberg,Chanel,https://www.lvmh.com/,Nivel inicial intuitivo; revisar/ajustar con datos de jugadores.
66,Marcas de lujo,Nombra un elemento de la categoría «Marcas de lujo».,Prada,prada,1,🧊 1 · Punta del iceberg,Prada,https://www.lvmh.com/,Nivel inicial intuitivo; revisar/ajustar con datos de jugadores.
66,Marcas de lujo,Nombra un elemento de la categoría «Marcas de lujo».,Dior,dior,1,🧊 1 · Punta del iceberg,Dior,https://www.lvmh.com/,Nivel inicial intuitivo; revisar/ajustar con datos de jugadores.
66,Marcas de lujo,Nombra un elemento de la categoría «Marcas de lujo».,Hermès,hermes,1,🧊 1 · Punta del iceberg,Hermès,https://www.lvmh.com/,Nivel inicial intuitivo; revisar/ajustar con datos de jugadores.
66,Marcas de lujo,Nombra un elemento de la categoría «Marcas de lujo».,Burberry,burberry,2,2 · Bajo el hielo,Burberry,https://www.lvmh.com/,Nivel inicial intuitivo; revisar/ajustar con datos de jugadores.
66,Marcas de lujo,Nombra un elemento de la categoría «Marcas de lujo».,Versace,versace,2,2 · Bajo el hielo,Versace,https://www.lvmh.com/,Nivel inicial intuitivo; revisar/ajustar con datos de jugadores.
66,Marcas de lujo,Nombra un elemento de la categoría «Marcas de lujo».,Balenciaga,balenciaga,2,2 · Bajo el hielo,Balenciaga,https://www.lvmh.com/,Nivel inicial intuitivo; revisar/ajustar con datos de jugadores.
66,Marcas de lujo,Nombra un elemento de la categoría «Marcas de lujo».,Armani,armani,2,2 · Bajo el hielo,Armani,https://www.lvmh.com/,Nivel inicial intuitivo; revisar/ajustar con datos de jugadores.
66,Marcas de lujo,Nombra un elemento de la categoría «Marcas de lujo».,Dolce & Gabbana,dolcegabbana,2,2 · Bajo el hielo,Dolce & Gabbana,https://www.lvmh.com/,Nivel inicial intuitivo; revisar/ajustar con datos de jugadores.
66,Marcas de lujo,Nombra un elemento de la categoría «Marcas de lujo».,Fendi,fendi,2,2 · Bajo el hielo,Fendi,https://www.lvmh.com/,Nivel inicial intuitivo; revisar/ajustar con datos de jugadores.
66,Marcas de lujo,Nombra un elemento de la categoría «Marcas de lujo».,Givenchy,givenchy,3,3 · Profundo,Givenchy,https://www.lvmh.com/,Nivel inicial intuitivo; revisar/ajustar con datos de jugadores.
66,Marcas de lujo,Nombra un elemento de la categoría «Marcas de lujo».,Valentino,valentino,3,3 · Profundo,Valentino,https://www.lvmh.com/,Nivel inicial intuitivo; revisar/ajustar con datos de jugadores.
66,Marcas de lujo,Nombra un elemento de la categoría «Marcas de lujo».,Bottega Veneta,bottegaveneta,3,3 · Profundo,Bottega Veneta,https://www.lvmh.com/,Nivel inicial intuitivo; revisar/ajustar con datos de jugadores.
66,Marcas de lujo,Nombra un elemento de la categoría «Marcas de lujo».,Loewe,loewe,3,3 · Profundo,Loewe,https://www.lvmh.com/,Nivel inicial intuitivo; revisar/ajustar con datos de jugadores.
66,Marcas de lujo,Nombra un elemento de la categoría «Marcas de lujo».,Celine,celine,3,3 · Profundo,Celine,https://www.lvmh.com/,Nivel inicial intuitivo; revisar/ajustar con datos de jugadores.
66,Marcas de lujo,Nombra un elemento de la categoría «Marcas de lujo».,Saint Laurent,saintlaurent,3,3 · Profundo,Saint Laurent,https://www.lvmh.com/,Nivel inicial intuitivo; revisar/ajustar con datos de jugadores.
66,Marcas de lujo,Nombra un elemento de la categoría «Marcas de lujo».,Alexander McQueen,alexandermcqueen,3,3 · Profundo,Alexander McQueen,https://www.lvmh.com/,Nivel inicial intuitivo; revisar/ajustar con datos de jugadores.
66,Marcas de lujo,Nombra un elemento de la categoría «Marcas de lujo».,Moncler,moncler,4,4 · Muy profundo,Moncler,https://www.lvmh.com/,Nivel inicial intuitivo; revisar/ajustar con datos de jugadores.
66,Marcas de lujo,Nombra un elemento de la categoría «Marcas de lujo».,Brunello Cucinelli,brunellocucinelli,4,4 · Muy profundo,Brunello Cucinelli,https://www.lvmh.com/,Nivel inicial intuitivo; revisar/ajustar con datos de jugadores.
66,Marcas de lujo,Nombra un elemento de la categoría «Marcas de lujo».,Loro Piana,loropiana,4,4 · Muy profundo,Loro Piana,https://www.lvmh.com/,Nivel inicial intuitivo; revisar/ajustar con datos de jugadores.
66,Marcas de lujo,Nombra un elemento de la categoría «Marcas de lujo».,Miu Miu,miumiu,4,4 · Muy profundo,Miu Miu,https://www.lvmh.com/,Nivel inicial intuitivo; revisar/ajustar con datos de jugadores.
66,Marcas de lujo,Nombra un elemento de la categoría «Marcas de lujo».,Rick Owens,rickowens,5,🕳️ 5 · Abismo,Rick Owens,https://www.lvmh.com/,Nivel inicial intuitivo; revisar/ajustar con datos de jugadores.
66,Marcas de lujo,Nombra un elemento de la categoría «Marcas de lujo».,Maison Margiela,maisonmargiela,5,🕳️ 5 · Abismo,Maison Margiela,https://www.lvmh.com/,Nivel inicial intuitivo; revisar/ajustar con datos de jugadores.
66,Marcas de lujo,Nombra un elemento de la categoría «Marcas de lujo».,Alaïa,alaia,5,🕳️ 5 · Abismo,Alaïa,https://www.lvmh.com/,Nivel inicial intuitivo; revisar/ajustar con datos de jugadores.
66,Marcas de lujo,Nombra un elemento de la categoría «Marcas de lujo».,Jacquemus,jacquemus,5,🕳️ 5 · Abismo,Jacquemus,https://www.lvmh.com/,Nivel inicial intuitivo; revisar/ajustar con datos de jugadores.
66,Marcas de lujo,Nombra un elemento de la categoría «Marcas de lujo».,The Row,therow,5,🕳️ 5 · Abismo,The Row,https://www.lvmh.com/,Nivel inicial intuitivo; revisar/ajustar con datos de jugadores.
67,Marcas de zapatillas,Nombra un elemento de la categoría «Marcas de zapatillas».,Nike,nike,1,🧊 1 · Punta del iceberg,Nike,https://www.worldfootwear.com/,Nivel inicial intuitivo; revisar/ajustar con datos de jugadores.
67,Marcas de zapatillas,Nombra un elemento de la categoría «Marcas de zapatillas».,Adidas,adidas,1,🧊 1 · Punta del iceberg,Adidas,https://www.worldfootwear.com/,Nivel inicial intuitivo; revisar/ajustar con datos de jugadores.
67,Marcas de zapatillas,Nombra un elemento de la categoría «Marcas de zapatillas».,New Balance,newbalance,1,🧊 1 · Punta del iceberg,New Balance,https://www.worldfootwear.com/,Nivel inicial intuitivo; revisar/ajustar con datos de jugadores.
67,Marcas de zapatillas,Nombra un elemento de la categoría «Marcas de zapatillas».,Puma,puma,1,🧊 1 · Punta del iceberg,Puma,https://www.worldfootwear.com/,Nivel inicial intuitivo; revisar/ajustar con datos de jugadores.
67,Marcas de zapatillas,Nombra un elemento de la categoría «Marcas de zapatillas».,Reebok,reebok,2,2 · Bajo el hielo,Reebok,https://www.worldfootwear.com/,Nivel inicial intuitivo; revisar/ajustar con datos de jugadores.
67,Marcas de zapatillas,Nombra un elemento de la categoría «Marcas de zapatillas».,Vans,vans,2,2 · Bajo el hielo,Vans,https://www.worldfootwear.com/,Nivel inicial intuitivo; revisar/ajustar con datos de jugadores.
67,Marcas de zapatillas,Nombra un elemento de la categoría «Marcas de zapatillas».,Converse,converse,2,2 · Bajo el hielo,Converse,https://www.worldfootwear.com/,Nivel inicial intuitivo; revisar/ajustar con datos de jugadores.
67,Marcas de zapatillas,Nombra un elemento de la categoría «Marcas de zapatillas».,Asics,asics,2,2 · Bajo el hielo,Asics,https://www.worldfootwear.com/,Nivel inicial intuitivo; revisar/ajustar con datos de jugadores.
67,Marcas de zapatillas,Nombra un elemento de la categoría «Marcas de zapatillas».,Skechers,skechers,2,2 · Bajo el hielo,Skechers,https://www.worldfootwear.com/,Nivel inicial intuitivo; revisar/ajustar con datos de jugadores.
67,Marcas de zapatillas,Nombra un elemento de la categoría «Marcas de zapatillas».,Jordan,jordan,2,2 · Bajo el hielo,Jordan,https://www.worldfootwear.com/,Nivel inicial intuitivo; revisar/ajustar con datos de jugadores.
67,Marcas de zapatillas,Nombra un elemento de la categoría «Marcas de zapatillas».,Salomon,salomon,3,3 · Profundo,Salomon,https://www.worldfootwear.com/,Nivel inicial intuitivo; revisar/ajustar con datos de jugadores.
67,Marcas de zapatillas,Nombra un elemento de la categoría «Marcas de zapatillas».,Hoka,hoka,3,3 · Profundo,Hoka,https://www.worldfootwear.com/,Nivel inicial intuitivo; revisar/ajustar con datos de jugadores.
67,Marcas de zapatillas,Nombra un elemento de la categoría «Marcas de zapatillas».,On,on,3,3 · Profundo,On,https://www.worldfootwear.com/,Nivel inicial intuitivo; revisar/ajustar con datos de jugadores.
67,Marcas de zapatillas,Nombra un elemento de la categoría «Marcas de zapatillas».,Saucony,saucony,3,3 · Profundo,Saucony,https://www.worldfootwear.com/,Nivel inicial intuitivo; revisar/ajustar con datos de jugadores.
67,Marcas de zapatillas,Nombra un elemento de la categoría «Marcas de zapatillas».,Brooks,brooks,3,3 · Profundo,Brooks,https://www.worldfootwear.com/,Nivel inicial intuitivo; revisar/ajustar con datos de jugadores.
67,Marcas de zapatillas,Nombra un elemento de la categoría «Marcas de zapatillas».,Fila,fila,3,3 · Profundo,Fila,https://www.worldfootwear.com/,Nivel inicial intuitivo; revisar/ajustar con datos de jugadores.
67,Marcas de zapatillas,Nombra un elemento de la categoría «Marcas de zapatillas».,Mizuno,mizuno,3,3 · Profundo,Mizuno,https://www.worldfootwear.com/,Nivel inicial intuitivo; revisar/ajustar con datos de jugadores.
67,Marcas de zapatillas,Nombra un elemento de la categoría «Marcas de zapatillas».,Veja,veja,4,4 · Muy profundo,Veja,https://www.worldfootwear.com/,Nivel inicial intuitivo; revisar/ajustar con datos de jugadores.
67,Marcas de zapatillas,Nombra un elemento de la categoría «Marcas de zapatillas».,Diadora,diadora,4,4 · Muy profundo,Diadora,https://www.worldfootwear.com/,Nivel inicial intuitivo; revisar/ajustar con datos de jugadores.
67,Marcas de zapatillas,Nombra un elemento de la categoría «Marcas de zapatillas».,Karhu,karhu,4,4 · Muy profundo,Karhu,https://www.worldfootwear.com/,Nivel inicial intuitivo; revisar/ajustar con datos de jugadores.
67,Marcas de zapatillas,Nombra un elemento de la categoría «Marcas de zapatillas».,La Sportiva,lasportiva,4,4 · Muy profundo,La Sportiva,https://www.worldfootwear.com/,Nivel inicial intuitivo; revisar/ajustar con datos de jugadores.
67,Marcas de zapatillas,Nombra un elemento de la categoría «Marcas de zapatillas».,Merrell,merrell,4,4 · Muy profundo,Merrell,https://www.worldfootwear.com/,Nivel inicial intuitivo; revisar/ajustar con datos de jugadores.
67,Marcas de zapatillas,Nombra un elemento de la categoría «Marcas de zapatillas».,Autry,autry,5,🕳️ 5 · Abismo,Autry,https://www.worldfootwear.com/,Nivel inicial intuitivo; revisar/ajustar con datos de jugadores.
67,Marcas de zapatillas,Nombra un elemento de la categoría «Marcas de zapatillas».,Common Projects,commonprojects,5,🕳️ 5 · Abismo,Common Projects,https://www.worldfootwear.com/,Nivel inicial intuitivo; revisar/ajustar con datos de jugadores.
67,Marcas de zapatillas,Nombra un elemento de la categoría «Marcas de zapatillas».,Golden Goose,goldengoose,5,🕳️ 5 · Abismo,Golden Goose,https://www.worldfootwear.com/,Nivel inicial intuitivo; revisar/ajustar con datos de jugadores.
67,Marcas de zapatillas,Nombra un elemento de la categoría «Marcas de zapatillas».,Axel Arigato,axelarigato,5,🕳️ 5 · Abismo,Axel Arigato,https://www.worldfootwear.com/,Nivel inicial intuitivo; revisar/ajustar con datos de jugadores.
68,Bancos,Nombra un elemento de la categoría «Bancos».,Santander,santander,1,🧊 1 · Punta del iceberg,Santander,https://www.bde.es/,Nivel inicial intuitivo; revisar/ajustar con datos de jugadores.
68,Bancos,Nombra un elemento de la categoría «Bancos».,BBVA,bbva,1,🧊 1 · Punta del iceberg,BBVA,https://www.bde.es/,Nivel inicial intuitivo; revisar/ajustar con datos de jugadores.
68,Bancos,Nombra un elemento de la categoría «Bancos».,CaixaBank,caixabank,1,🧊 1 · Punta del iceberg,CaixaBank,https://www.bde.es/,Nivel inicial intuitivo; revisar/ajustar con datos de jugadores.
68,Bancos,Nombra un elemento de la categoría «Bancos».,Sabadell,sabadell,1,🧊 1 · Punta del iceberg,Sabadell,https://www.bde.es/,Nivel inicial intuitivo; revisar/ajustar con datos de jugadores.
68,Bancos,Nombra un elemento de la categoría «Bancos».,Bankinter,bankinter,2,2 · Bajo el hielo,Bankinter,https://www.bde.es/,Nivel inicial intuitivo; revisar/ajustar con datos de jugadores.
68,Bancos,Nombra un elemento de la categoría «Bancos».,Unicaja,unicaja,2,2 · Bajo el hielo,Unicaja,https://www.bde.es/,Nivel inicial intuitivo; revisar/ajustar con datos de jugadores.
68,Bancos,Nombra un elemento de la categoría «Bancos».,ING,ing,2,2 · Bajo el hielo,ING,https://www.bde.es/,Nivel inicial intuitivo; revisar/ajustar con datos de jugadores.
68,Bancos,Nombra un elemento de la categoría «Bancos».,Openbank,openbank,2,2 · Bajo el hielo,Openbank,https://www.bde.es/,Nivel inicial intuitivo; revisar/ajustar con datos de jugadores.
68,Bancos,Nombra un elemento de la categoría «Bancos».,Kutxabank,kutxabank,2,2 · Bajo el hielo,Kutxabank,https://www.bde.es/,Nivel inicial intuitivo; revisar/ajustar con datos de jugadores.
68,Bancos,Nombra un elemento de la categoría «Bancos».,Ibercaja,ibercaja,2,2 · Bajo el hielo,Ibercaja,https://www.bde.es/,Nivel inicial intuitivo; revisar/ajustar con datos de jugadores.
68,Bancos,Nombra un elemento de la categoría «Bancos».,Cajamar,cajamar,3,3 · Profundo,Cajamar,https://www.bde.es/,Nivel inicial intuitivo; revisar/ajustar con datos de jugadores.
68,Bancos,Nombra un elemento de la categoría «Bancos».,Abanca,abanca,3,3 · Profundo,Abanca,https://www.bde.es/,Nivel inicial intuitivo; revisar/ajustar con datos de jugadores.
68,Bancos,Nombra un elemento de la categoría «Bancos».,EVO Banco,evobanco,3,3 · Profundo,EVO Banco,https://www.bde.es/,Nivel inicial intuitivo; revisar/ajustar con datos de jugadores.
68,Bancos,Nombra un elemento de la categoría «Bancos».,MyInvestor,myinvestor,3,3 · Profundo,MyInvestor,https://www.bde.es/,Nivel inicial intuitivo; revisar/ajustar con datos de jugadores.
68,Bancos,Nombra un elemento de la categoría «Bancos».,N26,n26,3,3 · Profundo,N26,https://www.bde.es/,Nivel inicial intuitivo; revisar/ajustar con datos de jugadores.
68,Bancos,Nombra un elemento de la categoría «Bancos».,Revolut,revolut,3,3 · Profundo,Revolut,https://www.bde.es/,Nivel inicial intuitivo; revisar/ajustar con datos de jugadores.
68,Bancos,Nombra un elemento de la categoría «Bancos».,Bunq,bunq,4,4 · Muy profundo,Bunq,https://www.bde.es/,Nivel inicial intuitivo; revisar/ajustar con datos de jugadores.
68,Bancos,Nombra un elemento de la categoría «Bancos».,Wise,wise,4,4 · Muy profundo,Wise,https://www.bde.es/,Nivel inicial intuitivo; revisar/ajustar con datos de jugadores.
68,Bancos,Nombra un elemento de la categoría «Bancos».,Trade Republic,traderepublic,4,4 · Muy profundo,Trade Republic,https://www.bde.es/,Nivel inicial intuitivo; revisar/ajustar con datos de jugadores.
68,Bancos,Nombra un elemento de la categoría «Bancos».,Deutsche Bank,deutschebank,4,4 · Muy profundo,Deutsche Bank,https://www.bde.es/,Nivel inicial intuitivo; revisar/ajustar con datos de jugadores.
68,Bancos,Nombra un elemento de la categoría «Bancos».,JPMorgan Chase,jpmorganchase,4,4 · Muy profundo,JPMorgan Chase,https://www.bde.es/,Nivel inicial intuitivo; revisar/ajustar con datos de jugadores.
68,Bancos,Nombra un elemento de la categoría «Bancos».,Goldman Sachs,goldmansachs,5,🕳️ 5 · Abismo,Goldman Sachs,https://www.bde.es/,Nivel inicial intuitivo; revisar/ajustar con datos de jugadores.
68,Bancos,Nombra un elemento de la categoría «Bancos».,Morgan Stanley,morganstanley,5,🕳️ 5 · Abismo,Morgan Stanley,https://www.bde.es/,Nivel inicial intuitivo; revisar/ajustar con datos de jugadores.
68,Bancos,Nombra un elemento de la categoría «Bancos».,Citigroup,citigroup,5,🕳️ 5 · Abismo,Citigroup,https://www.bde.es/,Nivel inicial intuitivo; revisar/ajustar con datos de jugadores.
68,Bancos,Nombra un elemento de la categoría «Bancos».,HSBC,hsbc,5,🕳️ 5 · Abismo,HSBC,https://www.bde.es/,Nivel inicial intuitivo; revisar/ajustar con datos de jugadores.
69,Cadenas de restaurantes,Nombra un elemento de la categoría «Cadenas de restaurantes».,McDonald's,mcdonalds,1,🧊 1 · Punta del iceberg,McDonald's,https://www.restaurantbusinessonline.com/,Nivel inicial intuitivo; revisar/ajustar con datos de jugadores.
69,Cadenas de restaurantes,Nombra un elemento de la categoría «Cadenas de restaurantes».,Burger King,burgerking,1,🧊 1 · Punta del iceberg,Burger King,https://www.restaurantbusinessonline.com/,Nivel inicial intuitivo; revisar/ajustar con datos de jugadores.
69,Cadenas de restaurantes,Nombra un elemento de la categoría «Cadenas de restaurantes».,KFC,kfc,1,🧊 1 · Punta del iceberg,KFC,https://www.restaurantbusinessonline.com/,Nivel inicial intuitivo; revisar/ajustar con datos de jugadores.
69,Cadenas de restaurantes,Nombra un elemento de la categoría «Cadenas de restaurantes».,Telepizza,telepizza,1,🧊 1 · Punta del iceberg,Telepizza,https://www.restaurantbusinessonline.com/,Nivel inicial intuitivo; revisar/ajustar con datos de jugadores.
69,Cadenas de restaurantes,Nombra un elemento de la categoría «Cadenas de restaurantes».,Domino's Pizza,dominospizza,1,🧊 1 · Punta del iceberg,Domino's Pizza,https://www.restaurantbusinessonline.com/,Nivel inicial intuitivo; revisar/ajustar con datos de jugadores.
69,Cadenas de restaurantes,Nombra un elemento de la categoría «Cadenas de restaurantes».,Five Guys,fiveguys,2,2 · Bajo el hielo,Five Guys,https://www.restaurantbusinessonline.com/,Nivel inicial intuitivo; revisar/ajustar con datos de jugadores.
69,Cadenas de restaurantes,Nombra un elemento de la categoría «Cadenas de restaurantes».,Taco Bell,tacobell,2,2 · Bajo el hielo,Taco Bell,https://www.restaurantbusinessonline.com/,Nivel inicial intuitivo; revisar/ajustar con datos de jugadores.
69,Cadenas de restaurantes,Nombra un elemento de la categoría «Cadenas de restaurantes».,VIPS,vips,2,2 · Bajo el hielo,VIPS,https://www.restaurantbusinessonline.com/,Nivel inicial intuitivo; revisar/ajustar con datos de jugadores.
69,Cadenas de restaurantes,Nombra un elemento de la categoría «Cadenas de restaurantes».,Goiko,goiko,2,2 · Bajo el hielo,Goiko,https://www.restaurantbusinessonline.com/,Nivel inicial intuitivo; revisar/ajustar con datos de jugadores.
69,Cadenas de restaurantes,Nombra un elemento de la categoría «Cadenas de restaurantes».,La Tagliatella,latagliatella,2,2 · Bajo el hielo,La Tagliatella,https://www.restaurantbusinessonline.com/,Nivel inicial intuitivo; revisar/ajustar con datos de jugadores.
69,Cadenas de restaurantes,Nombra un elemento de la categoría «Cadenas de restaurantes».,100 Montaditos,100montaditos,2,2 · Bajo el hielo,100 Montaditos,https://www.restaurantbusinessonline.com/,Nivel inicial intuitivo; revisar/ajustar con datos de jugadores.
69,Cadenas de restaurantes,Nombra un elemento de la categoría «Cadenas de restaurantes».,Foster's Hollywood,fostershollywood,2,2 · Bajo el hielo,Foster's Hollywood,https://www.restaurantbusinessonline.com/,Nivel inicial intuitivo; revisar/ajustar con datos de jugadores.
69,Cadenas de restaurantes,Nombra un elemento de la categoría «Cadenas de restaurantes».,Pans & Company,panscompany,2,2 · Bajo el hielo,Pans & Company,https://www.restaurantbusinessonline.com/,Nivel inicial intuitivo; revisar/ajustar con datos de jugadores.
69,Cadenas de restaurantes,Nombra un elemento de la categoría «Cadenas de restaurantes».,Rodilla,rodilla,2,2 · Bajo el hielo,Rodilla,https://www.restaurantbusinessonline.com/,Nivel inicial intuitivo; revisar/ajustar con datos de jugadores.
69,Cadenas de restaurantes,Nombra un elemento de la categoría «Cadenas de restaurantes».,Ginos,ginos,3,3 · Profundo,Ginos,https://www.restaurantbusinessonline.com/,Nivel inicial intuitivo; revisar/ajustar con datos de jugadores.
69,Cadenas de restaurantes,Nombra un elemento de la categoría «Cadenas de restaurantes».,Restalia,restalia,3,3 · Profundo,Restalia,https://www.restaurantbusinessonline.com/,Nivel inicial intuitivo; revisar/ajustar con datos de jugadores.
69,Cadenas de restaurantes,Nombra un elemento de la categoría «Cadenas de restaurantes».,Tony Roma's,tonyromas,3,3 · Profundo,Tony Roma's,https://www.restaurantbusinessonline.com/,Nivel inicial intuitivo; revisar/ajustar con datos de jugadores.
69,Cadenas de restaurantes,Nombra un elemento de la categoría «Cadenas de restaurantes».,Hard Rock Cafe,hardrockcafe,3,3 · Profundo,Hard Rock Cafe,https://www.restaurantbusinessonline.com/,Nivel inicial intuitivo; revisar/ajustar con datos de jugadores.
69,Cadenas de restaurantes,Nombra un elemento de la categoría «Cadenas de restaurantes».,Starbucks,starbucks,3,3 · Profundo,Starbucks,https://www.restaurantbusinessonline.com/,Nivel inicial intuitivo; revisar/ajustar con datos de jugadores.
69,Cadenas de restaurantes,Nombra un elemento de la categoría «Cadenas de restaurantes».,Wagamama,wagamama,3,3 · Profundo,Wagamama,https://www.restaurantbusinessonline.com/,Nivel inicial intuitivo; revisar/ajustar con datos de jugadores.
69,Cadenas de restaurantes,Nombra un elemento de la categoría «Cadenas de restaurantes».,Honest Greens,honestgreens,4,4 · Muy profundo,Honest Greens,https://www.restaurantbusinessonline.com/,Nivel inicial intuitivo; revisar/ajustar con datos de jugadores.
69,Cadenas de restaurantes,Nombra un elemento de la categoría «Cadenas de restaurantes».,Udon,udon,4,4 · Muy profundo,Udon,https://www.restaurantbusinessonline.com/,Nivel inicial intuitivo; revisar/ajustar con datos de jugadores.
69,Cadenas de restaurantes,Nombra un elemento de la categoría «Cadenas de restaurantes».,Sushi Shop,sushishop,4,4 · Muy profundo,Sushi Shop,https://www.restaurantbusinessonline.com/,Nivel inicial intuitivo; revisar/ajustar con datos de jugadores.
69,Cadenas de restaurantes,Nombra un elemento de la categoría «Cadenas de restaurantes».,Lateral,lateral,4,4 · Muy profundo,Lateral,https://www.restaurantbusinessonline.com/,Nivel inicial intuitivo; revisar/ajustar con datos de jugadores.
69,Cadenas de restaurantes,Nombra un elemento de la categoría «Cadenas de restaurantes».,Sagardi,sagardi,5,🕳️ 5 · Abismo,Sagardi,https://www.restaurantbusinessonline.com/,Nivel inicial intuitivo; revisar/ajustar con datos de jugadores.
69,Cadenas de restaurantes,Nombra un elemento de la categoría «Cadenas de restaurantes».,Grupo Alsea,grupoalsea,5,🕳️ 5 · Abismo,Grupo Alsea,https://www.restaurantbusinessonline.com/,Nivel inicial intuitivo; revisar/ajustar con datos de jugadores.
69,Cadenas de restaurantes,Nombra un elemento de la categoría «Cadenas de restaurantes».,Grupo La Mafia,grupolamafia,5,🕳️ 5 · Abismo,Grupo La Mafia,https://www.restaurantbusinessonline.com/,Nivel inicial intuitivo; revisar/ajustar con datos de jugadores.
70,Cadenas hoteleras,Nombra un elemento de la categoría «Cadenas hoteleras».,Meliá,melia,1,🧊 1 · Punta del iceberg,Meliá,https://www.hotelnewsresource.com/,Nivel inicial intuitivo; revisar/ajustar con datos de jugadores.
70,Cadenas hoteleras,Nombra un elemento de la categoría «Cadenas hoteleras».,NH Hotels,nhhotels,1,🧊 1 · Punta del iceberg,NH Hotels,https://www.hotelnewsresource.com/,Nivel inicial intuitivo; revisar/ajustar con datos de jugadores.
70,Cadenas hoteleras,Nombra un elemento de la categoría «Cadenas hoteleras».,Marriott,marriott,1,🧊 1 · Punta del iceberg,Marriott,https://www.hotelnewsresource.com/,Nivel inicial intuitivo; revisar/ajustar con datos de jugadores.
70,Cadenas hoteleras,Nombra un elemento de la categoría «Cadenas hoteleras».,Hilton,hilton,1,🧊 1 · Punta del iceberg,Hilton,https://www.hotelnewsresource.com/,Nivel inicial intuitivo; revisar/ajustar con datos de jugadores.
70,Cadenas hoteleras,Nombra un elemento de la categoría «Cadenas hoteleras».,Barceló,barcelo,2,2 · Bajo el hielo,Barceló,https://www.hotelnewsresource.com/,Nivel inicial intuitivo; revisar/ajustar con datos de jugadores.
70,Cadenas hoteleras,Nombra un elemento de la categoría «Cadenas hoteleras».,Iberostar,iberostar,2,2 · Bajo el hielo,Iberostar,https://www.hotelnewsresource.com/,Nivel inicial intuitivo; revisar/ajustar con datos de jugadores.
70,Cadenas hoteleras,Nombra un elemento de la categoría «Cadenas hoteleras».,RIU,riu,2,2 · Bajo el hielo,RIU,https://www.hotelnewsresource.com/,Nivel inicial intuitivo; revisar/ajustar con datos de jugadores.
70,Cadenas hoteleras,Nombra un elemento de la categoría «Cadenas hoteleras».,Accor,accor,2,2 · Bajo el hielo,Accor,https://www.hotelnewsresource.com/,Nivel inicial intuitivo; revisar/ajustar con datos de jugadores.
70,Cadenas hoteleras,Nombra un elemento de la categoría «Cadenas hoteleras».,Hyatt,hyatt,2,2 · Bajo el hielo,Hyatt,https://www.hotelnewsresource.com/,Nivel inicial intuitivo; revisar/ajustar con datos de jugadores.
70,Cadenas hoteleras,Nombra un elemento de la categoría «Cadenas hoteleras».,IHG,ihg,2,2 · Bajo el hielo,IHG,https://www.hotelnewsresource.com/,Nivel inicial intuitivo; revisar/ajustar con datos de jugadores.
70,Cadenas hoteleras,Nombra un elemento de la categoría «Cadenas hoteleras».,Wyndham,wyndham,3,3 · Profundo,Wyndham,https://www.hotelnewsresource.com/,Nivel inicial intuitivo; revisar/ajustar con datos de jugadores.
70,Cadenas hoteleras,Nombra un elemento de la categoría «Cadenas hoteleras».,Radisson,radisson,3,3 · Profundo,Radisson,https://www.hotelnewsresource.com/,Nivel inicial intuitivo; revisar/ajustar con datos de jugadores.
70,Cadenas hoteleras,Nombra un elemento de la categoría «Cadenas hoteleras».,Four Seasons,fourseasons,3,3 · Profundo,Four Seasons,https://www.hotelnewsresource.com/,Nivel inicial intuitivo; revisar/ajustar con datos de jugadores.
70,Cadenas hoteleras,Nombra un elemento de la categoría «Cadenas hoteleras».,Mandarin Oriental,mandarinoriental,3,3 · Profundo,Mandarin Oriental,https://www.hotelnewsresource.com/,Nivel inicial intuitivo; revisar/ajustar con datos de jugadores.
70,Cadenas hoteleras,Nombra un elemento de la categoría «Cadenas hoteleras».,Minor Hotels,minorhotels,3,3 · Profundo,Minor Hotels,https://www.hotelnewsresource.com/,Nivel inicial intuitivo; revisar/ajustar con datos de jugadores.
70,Cadenas hoteleras,Nombra un elemento de la categoría «Cadenas hoteleras».,Palladium,palladium,3,3 · Profundo,Palladium,https://www.hotelnewsresource.com/,Nivel inicial intuitivo; revisar/ajustar con datos de jugadores.
70,Cadenas hoteleras,Nombra un elemento de la categoría «Cadenas hoteleras».,Paradores,paradores,3,3 · Profundo,Paradores,https://www.hotelnewsresource.com/,Nivel inicial intuitivo; revisar/ajustar con datos de jugadores.
70,Cadenas hoteleras,Nombra un elemento de la categoría «Cadenas hoteleras».,Melia Collection,meliacollection,4,4 · Muy profundo,Melia Collection,https://www.hotelnewsresource.com/,Nivel inicial intuitivo; revisar/ajustar con datos de jugadores.
70,Cadenas hoteleras,Nombra un elemento de la categoría «Cadenas hoteleras».,Aman,aman,4,4 · Muy profundo,Aman,https://www.hotelnewsresource.com/,Nivel inicial intuitivo; revisar/ajustar con datos de jugadores.
70,Cadenas hoteleras,Nombra un elemento de la categoría «Cadenas hoteleras».,Six Senses,sixsenses,4,4 · Muy profundo,Six Senses,https://www.hotelnewsresource.com/,Nivel inicial intuitivo; revisar/ajustar con datos de jugadores.
70,Cadenas hoteleras,Nombra un elemento de la categoría «Cadenas hoteleras».,Rosewood,rosewood,4,4 · Muy profundo,Rosewood,https://www.hotelnewsresource.com/,Nivel inicial intuitivo; revisar/ajustar con datos de jugadores.
70,Cadenas hoteleras,Nombra un elemento de la categoría «Cadenas hoteleras».,Belmond,belmond,4,4 · Muy profundo,Belmond,https://www.hotelnewsresource.com/,Nivel inicial intuitivo; revisar/ajustar con datos de jugadores.
70,Cadenas hoteleras,Nombra un elemento de la categoría «Cadenas hoteleras».,Banyan Tree,banyantree,5,🕳️ 5 · Abismo,Banyan Tree,https://www.hotelnewsresource.com/,Nivel inicial intuitivo; revisar/ajustar con datos de jugadores.
70,Cadenas hoteleras,Nombra un elemento de la categoría «Cadenas hoteleras».,Oetker Collection,oetkercollection,5,🕳️ 5 · Abismo,Oetker Collection,https://www.hotelnewsresource.com/,Nivel inicial intuitivo; revisar/ajustar con datos de jugadores.
70,Cadenas hoteleras,Nombra un elemento de la categoría «Cadenas hoteleras».,Kempinski,kempinski,5,🕳️ 5 · Abismo,Kempinski,https://www.hotelnewsresource.com/,Nivel inicial intuitivo; revisar/ajustar con datos de jugadores.
71,Discotecas famosas,Nombra un elemento de la categoría «Discotecas famosas».,Pacha,pacha,1,🧊 1 · Punta del iceberg,Pacha,https://djmag.com/top100clubs,Nivel inicial intuitivo; revisar/ajustar con datos de jugadores.
71,Discotecas famosas,Nombra un elemento de la categoría «Discotecas famosas».,Amnesia,amnesia,1,🧊 1 · Punta del iceberg,Amnesia,https://djmag.com/top100clubs,Nivel inicial intuitivo; revisar/ajustar con datos de jugadores.
71,Discotecas famosas,Nombra un elemento de la categoría «Discotecas famosas».,Ushuaïa,ushuaia,1,🧊 1 · Punta del iceberg,Ushuaïa,https://djmag.com/top100clubs,Nivel inicial intuitivo; revisar/ajustar con datos de jugadores.
71,Discotecas famosas,Nombra un elemento de la categoría «Discotecas famosas».,Privilege,privilege,1,🧊 1 · Punta del iceberg,Privilege,https://djmag.com/top100clubs,Nivel inicial intuitivo; revisar/ajustar con datos de jugadores.
71,Discotecas famosas,Nombra un elemento de la categoría «Discotecas famosas».,Hï Ibiza,hiibiza,2,2 · Bajo el hielo,Hï Ibiza,https://djmag.com/top100clubs,Nivel inicial intuitivo; revisar/ajustar con datos de jugadores.
71,Discotecas famosas,Nombra un elemento de la categoría «Discotecas famosas».,Opium,opium,2,2 · Bajo el hielo,Opium,https://djmag.com/top100clubs,Nivel inicial intuitivo; revisar/ajustar con datos de jugadores.
71,Discotecas famosas,Nombra un elemento de la categoría «Discotecas famosas».,Razzmatazz,razzmatazz,2,2 · Bajo el hielo,Razzmatazz,https://djmag.com/top100clubs,Nivel inicial intuitivo; revisar/ajustar con datos de jugadores.
71,Discotecas famosas,Nombra un elemento de la categoría «Discotecas famosas».,Kapital,kapital,2,2 · Bajo el hielo,Kapital,https://djmag.com/top100clubs,Nivel inicial intuitivo; revisar/ajustar con datos de jugadores.
71,Discotecas famosas,Nombra un elemento de la categoría «Discotecas famosas».,Joy Eslava,joyeslava,2,2 · Bajo el hielo,Joy Eslava,https://djmag.com/top100clubs,Nivel inicial intuitivo; revisar/ajustar con datos de jugadores.
71,Discotecas famosas,Nombra un elemento de la categoría «Discotecas famosas».,Fabrik,fabrik,2,2 · Bajo el hielo,Fabrik,https://djmag.com/top100clubs,Nivel inicial intuitivo; revisar/ajustar con datos de jugadores.
71,Discotecas famosas,Nombra un elemento de la categoría «Discotecas famosas».,Bling Bling,blingbling,3,3 · Profundo,Bling Bling,https://djmag.com/top100clubs,Nivel inicial intuitivo; revisar/ajustar con datos de jugadores.
71,Discotecas famosas,Nombra un elemento de la categoría «Discotecas famosas».,Sala Apolo,salaapolo,3,3 · Profundo,Sala Apolo,https://djmag.com/top100clubs,Nivel inicial intuitivo; revisar/ajustar con datos de jugadores.
71,Discotecas famosas,Nombra un elemento de la categoría «Discotecas famosas».,Florida 135,florida135,3,3 · Profundo,Florida 135,https://djmag.com/top100clubs,Nivel inicial intuitivo; revisar/ajustar con datos de jugadores.
71,Discotecas famosas,Nombra un elemento de la categoría «Discotecas famosas».,BCM,bcm,3,3 · Profundo,BCM,https://djmag.com/top100clubs,Nivel inicial intuitivo; revisar/ajustar con datos de jugadores.
71,Discotecas famosas,Nombra un elemento de la categoría «Discotecas famosas».,Sala Pelícano,salapelicano,3,3 · Profundo,Sala Pelícano,https://djmag.com/top100clubs,Nivel inicial intuitivo; revisar/ajustar con datos de jugadores.
71,Discotecas famosas,Nombra un elemento de la categoría «Discotecas famosas».,Input,input,4,4 · Muy profundo,Input,https://djmag.com/top100clubs,Nivel inicial intuitivo; revisar/ajustar con datos de jugadores.
71,Discotecas famosas,Nombra un elemento de la categoría «Discotecas famosas».,Elrow,elrow,4,4 · Muy profundo,Elrow,https://djmag.com/top100clubs,Nivel inicial intuitivo; revisar/ajustar con datos de jugadores.
71,Discotecas famosas,Nombra un elemento de la categoría «Discotecas famosas».,Spook,spook,4,4 · Muy profundo,Spook,https://djmag.com/top100clubs,Nivel inicial intuitivo; revisar/ajustar con datos de jugadores.
71,Discotecas famosas,Nombra un elemento de la categoría «Discotecas famosas».,Lío,lio,4,4 · Muy profundo,Lío,https://djmag.com/top100clubs,Nivel inicial intuitivo; revisar/ajustar con datos de jugadores.
71,Discotecas famosas,Nombra un elemento de la categoría «Discotecas famosas».,Cova Santa,covasanta,5,🕳️ 5 · Abismo,Cova Santa,https://djmag.com/top100clubs,Nivel inicial intuitivo; revisar/ajustar con datos de jugadores.
71,Discotecas famosas,Nombra un elemento de la categoría «Discotecas famosas».,DC-10,dc10,5,🕳️ 5 · Abismo,DC-10,https://djmag.com/top100clubs,Nivel inicial intuitivo; revisar/ajustar con datos de jugadores.
71,Discotecas famosas,Nombra un elemento de la categoría «Discotecas famosas».,Afterlife,afterlife,5,🕳️ 5 · Abismo,Afterlife,https://djmag.com/top100clubs,Nivel inicial intuitivo; revisar/ajustar con datos de jugadores.
72,Fiestas de España,Nombra un elemento de la categoría «Fiestas de España».,San Fermín,sanfermin,1,🧊 1 · Punta del iceberg,San Fermín,https://www.spain.info/es/agenda/,Nivel inicial intuitivo; revisar/ajustar con datos de jugadores.
72,Fiestas de España,Nombra un elemento de la categoría «Fiestas de España».,Fallas de Valencia,fallasdevalencia,1,🧊 1 · Punta del iceberg,Fallas de Valencia,https://www.spain.info/es/agenda/,Nivel inicial intuitivo; revisar/ajustar con datos de jugadores.
72,Fiestas de España,Nombra un elemento de la categoría «Fiestas de España».,Feria de Abril,feriadeabril,1,🧊 1 · Punta del iceberg,Feria de Abril,https://www.spain.info/es/agenda/,Nivel inicial intuitivo; revisar/ajustar con datos de jugadores.
72,Fiestas de España,Nombra un elemento de la categoría «Fiestas de España».,Semana Santa,semanasanta,1,🧊 1 · Punta del iceberg,Semana Santa,https://www.spain.info/es/agenda/,Nivel inicial intuitivo; revisar/ajustar con datos de jugadores.
72,Fiestas de España,Nombra un elemento de la categoría «Fiestas de España».,La Tomatina,latomatina,1,🧊 1 · Punta del iceberg,La Tomatina,https://www.spain.info/es/agenda/,Nivel inicial intuitivo; revisar/ajustar con datos de jugadores.
72,Fiestas de España,Nombra un elemento de la categoría «Fiestas de España».,Carnaval de Santa Cruz de Tenerife,carnavaldesantacruzdetenerife,2,2 · Bajo el hielo,Carnaval de Santa Cruz de Tenerife,https://www.spain.info/es/agenda/,Nivel inicial intuitivo; revisar/ajustar con datos de jugadores.
72,Fiestas de España,Nombra un elemento de la categoría «Fiestas de España».,Carnaval de Cádiz,carnavaldecadiz,2,2 · Bajo el hielo,Carnaval de Cádiz,https://www.spain.info/es/agenda/,Nivel inicial intuitivo; revisar/ajustar con datos de jugadores.
72,Fiestas de España,Nombra un elemento de la categoría «Fiestas de España».,Fiestas del Pilar,fiestasdelpilar,2,2 · Bajo el hielo,Fiestas del Pilar,https://www.spain.info/es/agenda/,Nivel inicial intuitivo; revisar/ajustar con datos de jugadores.
72,Fiestas de España,Nombra un elemento de la categoría «Fiestas de España».,San Isidro,sanisidro,2,2 · Bajo el hielo,San Isidro,https://www.spain.info/es/agenda/,Nivel inicial intuitivo; revisar/ajustar con datos de jugadores.
72,Fiestas de España,Nombra un elemento de la categoría «Fiestas de España».,Aste Nagusia,astenagusia,2,2 · Bajo el hielo,Aste Nagusia,https://www.spain.info/es/agenda/,Nivel inicial intuitivo; revisar/ajustar con datos de jugadores.
72,Fiestas de España,Nombra un elemento de la categoría «Fiestas de España».,Moros y Cristianos,morosycristianos,2,2 · Bajo el hielo,Moros y Cristianos,https://www.spain.info/es/agenda/,Nivel inicial intuitivo; revisar/ajustar con datos de jugadores.
72,Fiestas de España,Nombra un elemento de la categoría «Fiestas de España».,Feria de Málaga,feriademalaga,3,3 · Profundo,Feria de Málaga,https://www.spain.info/es/agenda/,Nivel inicial intuitivo; revisar/ajustar con datos de jugadores.
72,Fiestas de España,Nombra un elemento de la categoría «Fiestas de España».,Feria de Albacete,feriadealbacete,3,3 · Profundo,Feria de Albacete,https://www.spain.info/es/agenda/,Nivel inicial intuitivo; revisar/ajustar con datos de jugadores.
72,Fiestas de España,Nombra un elemento de la categoría «Fiestas de España».,Fiestas de Gràcia,fiestasdegracia,3,3 · Profundo,Fiestas de Gràcia,https://www.spain.info/es/agenda/,Nivel inicial intuitivo; revisar/ajustar con datos de jugadores.
72,Fiestas de España,Nombra un elemento de la categoría «Fiestas de España».,Patum de Berga,patumdeberga,3,3 · Profundo,Patum de Berga,https://www.spain.info/es/agenda/,Nivel inicial intuitivo; revisar/ajustar con datos de jugadores.
72,Fiestas de España,Nombra un elemento de la categoría «Fiestas de España».,Tamborrada de San Sebastián,tamborradadesansebastian,3,3 · Profundo,Tamborrada de San Sebastián,https://www.spain.info/es/agenda/,Nivel inicial intuitivo; revisar/ajustar con datos de jugadores.
72,Fiestas de España,Nombra un elemento de la categoría «Fiestas de España».,Descenso del Sella,descensodelsella,3,3 · Profundo,Descenso del Sella,https://www.spain.info/es/agenda/,Nivel inicial intuitivo; revisar/ajustar con datos de jugadores.
72,Fiestas de España,Nombra un elemento de la categoría «Fiestas de España».,Fiestas de la Mercè,fiestasdelamerce,3,3 · Profundo,Fiestas de la Mercè,https://www.spain.info/es/agenda/,Nivel inicial intuitivo; revisar/ajustar con datos de jugadores.
72,Fiestas de España,Nombra un elemento de la categoría «Fiestas de España».,Romería del Rocío,romeriadelrocio,4,4 · Muy profundo,Romería del Rocío,https://www.spain.info/es/agenda/,Nivel inicial intuitivo; revisar/ajustar con datos de jugadores.
72,Fiestas de España,Nombra un elemento de la categoría «Fiestas de España».,Batalla de Flores de Laredo,batalladefloresdelaredo,4,4 · Muy profundo,Batalla de Flores de Laredo,https://www.spain.info/es/agenda/,Nivel inicial intuitivo; revisar/ajustar con datos de jugadores.
72,Fiestas de España,Nombra un elemento de la categoría «Fiestas de España».,Carnaval de Águilas,carnavaldeaguilas,4,4 · Muy profundo,Carnaval de Águilas,https://www.spain.info/es/agenda/,Nivel inicial intuitivo; revisar/ajustar con datos de jugadores.
72,Fiestas de España,Nombra un elemento de la categoría «Fiestas de España».,Fiestas de la Virgen Blanca,fiestasdelavirgenblanca,4,4 · Muy profundo,Fiestas de la Virgen Blanca,https://www.spain.info/es/agenda/,Nivel inicial intuitivo; revisar/ajustar con datos de jugadores.
72,Fiestas de España,Nombra un elemento de la categoría «Fiestas de España».,Día de la Cruz de Granada,diadelacruzdegranada,4,4 · Muy profundo,Día de la Cruz de Granada,https://www.spain.info/es/agenda/,Nivel inicial intuitivo; revisar/ajustar con datos de jugadores.
72,Fiestas de España,Nombra un elemento de la categoría «Fiestas de España».,Fiesta de la Sidra de Nava,fiestadelasidradenava,5,🕳️ 5 · Abismo,Fiesta de la Sidra de Nava,https://www.spain.info/es/agenda/,Nivel inicial intuitivo; revisar/ajustar con datos de jugadores.
72,Fiestas de España,Nombra un elemento de la categoría «Fiestas de España».,Romería Vikinga de Catoira,romeriavikingadecatoira,5,🕳️ 5 · Abismo,Romería Vikinga de Catoira,https://www.spain.info/es/agenda/,Nivel inicial intuitivo; revisar/ajustar con datos de jugadores.
72,Fiestas de España,Nombra un elemento de la categoría «Fiestas de España».,Danza de los Zancos de Anguiano,danzadeloszancosdeanguiano,5,🕳️ 5 · Abismo,Danza de los Zancos de Anguiano,https://www.spain.info/es/agenda/,Nivel inicial intuitivo; revisar/ajustar con datos de jugadores.
73,Enfermedades infecciosas,Nombra un elemento de la categoría «Enfermedades infecciosas».,Gripe,gripe,1,🧊 1 · Punta del iceberg,Gripe,https://www.who.int/health-topics/infectious-diseases,Nivel inicial intuitivo; revisar/ajustar con datos de jugadores.
73,Enfermedades infecciosas,Nombra un elemento de la categoría «Enfermedades infecciosas».,COVID-19,covid19,1,🧊 1 · Punta del iceberg,COVID-19,https://www.who.int/health-topics/infectious-diseases,Nivel inicial intuitivo; revisar/ajustar con datos de jugadores.
73,Enfermedades infecciosas,Nombra un elemento de la categoría «Enfermedades infecciosas».,Resfriado común,resfriadocomun,1,🧊 1 · Punta del iceberg,Resfriado común,https://www.who.int/health-topics/infectious-diseases,Nivel inicial intuitivo; revisar/ajustar con datos de jugadores.
73,Enfermedades infecciosas,Nombra un elemento de la categoría «Enfermedades infecciosas».,Varicela,varicela,1,🧊 1 · Punta del iceberg,Varicela,https://www.who.int/health-topics/infectious-diseases,Nivel inicial intuitivo; revisar/ajustar con datos de jugadores.
73,Enfermedades infecciosas,Nombra un elemento de la categoría «Enfermedades infecciosas».,Sarampión,sarampion,1,🧊 1 · Punta del iceberg,Sarampión,https://www.who.int/health-topics/infectious-diseases,Nivel inicial intuitivo; revisar/ajustar con datos de jugadores.
73,Enfermedades infecciosas,Nombra un elemento de la categoría «Enfermedades infecciosas».,Tuberculosis,tuberculosis,2,2 · Bajo el hielo,Tuberculosis,https://www.who.int/health-topics/infectious-diseases,Nivel inicial intuitivo; revisar/ajustar con datos de jugadores.
73,Enfermedades infecciosas,Nombra un elemento de la categoría «Enfermedades infecciosas».,Neumonía,neumonia,2,2 · Bajo el hielo,Neumonía,https://www.who.int/health-topics/infectious-diseases,Nivel inicial intuitivo; revisar/ajustar con datos de jugadores.
73,Enfermedades infecciosas,Nombra un elemento de la categoría «Enfermedades infecciosas».,Salmonelosis,salmonelosis,2,2 · Bajo el hielo,Salmonelosis,https://www.who.int/health-topics/infectious-diseases,Nivel inicial intuitivo; revisar/ajustar con datos de jugadores.
73,Enfermedades infecciosas,Nombra un elemento de la categoría «Enfermedades infecciosas».,Gastroenteritis,gastroenteritis,2,2 · Bajo el hielo,Gastroenteritis,https://www.who.int/health-topics/infectious-diseases,Nivel inicial intuitivo; revisar/ajustar con datos de jugadores.
73,Enfermedades infecciosas,Nombra un elemento de la categoría «Enfermedades infecciosas».,Hepatitis B,hepatitisb,2,2 · Bajo el hielo,Hepatitis B,https://www.who.int/health-topics/infectious-diseases,Nivel inicial intuitivo; revisar/ajustar con datos de jugadores.
73,Enfermedades infecciosas,Nombra un elemento de la categoría «Enfermedades infecciosas».,Hepatitis C,hepatitisc,2,2 · Bajo el hielo,Hepatitis C,https://www.who.int/health-topics/infectious-diseases,Nivel inicial intuitivo; revisar/ajustar con datos de jugadores.
73,Enfermedades infecciosas,Nombra un elemento de la categoría «Enfermedades infecciosas».,VIH/sida,vihsida,2,2 · Bajo el hielo,VIH/sida,https://www.who.int/health-topics/infectious-diseases,Nivel inicial intuitivo; revisar/ajustar con datos de jugadores.
73,Enfermedades infecciosas,Nombra un elemento de la categoría «Enfermedades infecciosas».,Malaria,malaria,3,3 · Profundo,Malaria,https://www.who.int/health-topics/infectious-diseases,Nivel inicial intuitivo; revisar/ajustar con datos de jugadores.
73,Enfermedades infecciosas,Nombra un elemento de la categoría «Enfermedades infecciosas».,Dengue,dengue,3,3 · Profundo,Dengue,https://www.who.int/health-topics/infectious-diseases,Nivel inicial intuitivo; revisar/ajustar con datos de jugadores.
73,Enfermedades infecciosas,Nombra un elemento de la categoría «Enfermedades infecciosas».,Zika,zika,3,3 · Profundo,Zika,https://www.who.int/health-topics/infectious-diseases,Nivel inicial intuitivo; revisar/ajustar con datos de jugadores.
73,Enfermedades infecciosas,Nombra un elemento de la categoría «Enfermedades infecciosas».,Chikungunya,chikungunya,3,3 · Profundo,Chikungunya,https://www.who.int/health-topics/infectious-diseases,Nivel inicial intuitivo; revisar/ajustar con datos de jugadores.
73,Enfermedades infecciosas,Nombra un elemento de la categoría «Enfermedades infecciosas».,Cólera,colera,3,3 · Profundo,Cólera,https://www.who.int/health-topics/infectious-diseases,Nivel inicial intuitivo; revisar/ajustar con datos de jugadores.
73,Enfermedades infecciosas,Nombra un elemento de la categoría «Enfermedades infecciosas».,Fiebre amarilla,fiebreamarilla,3,3 · Profundo,Fiebre amarilla,https://www.who.int/health-topics/infectious-diseases,Nivel inicial intuitivo; revisar/ajustar con datos de jugadores.
73,Enfermedades infecciosas,Nombra un elemento de la categoría «Enfermedades infecciosas».,Meningitis,meningitis,3,3 · Profundo,Meningitis,https://www.who.int/health-topics/infectious-diseases,Nivel inicial intuitivo; revisar/ajustar con datos de jugadores.
73,Enfermedades infecciosas,Nombra un elemento de la categoría «Enfermedades infecciosas».,Mononucleosis infecciosa,mononucleosisinfecciosa,3,3 · Profundo,Mononucleosis infecciosa,https://www.who.int/health-topics/infectious-diseases,Nivel inicial intuitivo; revisar/ajustar con datos de jugadores.
73,Enfermedades infecciosas,Nombra un elemento de la categoría «Enfermedades infecciosas».,Tosferina,tosferina,4,4 · Muy profundo,Tosferina,https://www.who.int/health-topics/infectious-diseases,Nivel inicial intuitivo; revisar/ajustar con datos de jugadores.
73,Enfermedades infecciosas,Nombra un elemento de la categoría «Enfermedades infecciosas».,Difteria,difteria,4,4 · Muy profundo,Difteria,https://www.who.int/health-topics/infectious-diseases,Nivel inicial intuitivo; revisar/ajustar con datos de jugadores.
73,Enfermedades infecciosas,Nombra un elemento de la categoría «Enfermedades infecciosas».,Tétanos,tetanos,4,4 · Muy profundo,Tétanos,https://www.who.int/health-topics/infectious-diseases,Nivel inicial intuitivo; revisar/ajustar con datos de jugadores.
73,Enfermedades infecciosas,Nombra un elemento de la categoría «Enfermedades infecciosas».,Botulismo,botulismo,4,4 · Muy profundo,Botulismo,https://www.who.int/health-topics/infectious-diseases,Nivel inicial intuitivo; revisar/ajustar con datos de jugadores.
73,Enfermedades infecciosas,Nombra un elemento de la categoría «Enfermedades infecciosas».,Brucelosis,brucelosis,4,4 · Muy profundo,Brucelosis,https://www.who.int/health-topics/infectious-diseases,Nivel inicial intuitivo; revisar/ajustar con datos de jugadores.
73,Enfermedades infecciosas,Nombra un elemento de la categoría «Enfermedades infecciosas».,Leptospirosis,leptospirosis,4,4 · Muy profundo,Leptospirosis,https://www.who.int/health-topics/infectious-diseases,Nivel inicial intuitivo; revisar/ajustar con datos de jugadores.
73,Enfermedades infecciosas,Nombra un elemento de la categoría «Enfermedades infecciosas».,Fiebre tifoidea,fiebretifoidea,4,4 · Muy profundo,Fiebre tifoidea,https://www.who.int/health-topics/infectious-diseases,Nivel inicial intuitivo; revisar/ajustar con datos de jugadores.
73,Enfermedades infecciosas,Nombra un elemento de la categoría «Enfermedades infecciosas».,Encefalitis japonesa,encefalitisjaponesa,5,🕳️ 5 · Abismo,Encefalitis japonesa,https://www.who.int/health-topics/infectious-diseases,Nivel inicial intuitivo; revisar/ajustar con datos de jugadores.
73,Enfermedades infecciosas,Nombra un elemento de la categoría «Enfermedades infecciosas».,Fiebre hemorrágica de Crimea-Congo,fiebrehemorragicadecrimeacongo,5,🕳️ 5 · Abismo,Fiebre hemorrágica de Crimea-Congo,https://www.who.int/health-topics/infectious-diseases,Nivel inicial intuitivo; revisar/ajustar con datos de jugadores.
73,Enfermedades infecciosas,Nombra un elemento de la categoría «Enfermedades infecciosas».,Hantavirus,hantavirus,5,🕳️ 5 · Abismo,Hantavirus,https://www.who.int/health-topics/infectious-diseases,Nivel inicial intuitivo; revisar/ajustar con datos de jugadores.
73,Enfermedades infecciosas,Nombra un elemento de la categoría «Enfermedades infecciosas».,Enfermedad de Lyme,enfermedaddelyme,5,🕳️ 5 · Abismo,Enfermedad de Lyme,https://www.who.int/health-topics/infectious-diseases,Nivel inicial intuitivo; revisar/ajustar con datos de jugadores.
73,Enfermedades infecciosas,Nombra un elemento de la categoría «Enfermedades infecciosas».,Ébola,ebola,5,🕳️ 5 · Abismo,Ébola,https://www.who.int/health-topics/infectious-diseases,Nivel inicial intuitivo; revisar/ajustar con datos de jugadores.
73,Enfermedades infecciosas,Nombra un elemento de la categoría «Enfermedades infecciosas».,Marburgo,marburgo,5,🕳️ 5 · Abismo,Marburgo,https://www.who.int/health-topics/infectious-diseases,Nivel inicial intuitivo; revisar/ajustar con datos de jugadores.
