respuesta;alias;nivel;ediciones_wikipedia_o_fuentes
Pachá;;1;1000000000
Amnesia;;1;999999999
Ushuaïa;;1;999999998
Kapital;Teatro Kapital;1;999999997
Fabrik;;1;999999996
Opium;;1;999999995
Razzmatazz;;1;999999994
Joy Eslava;Joy|Teatro Eslava;1;999999993
Hï Ibiza;;1;999999992
Privilege;;1;999999991
Space;;2;1000000000
DC-10;;2;999999999
Es Paradís;;2;999999998
Eden;;2;999999997
O Beach;;2;999999996
Ibiza Rocks;;2;999999995
Lío;;2;999999994
Sutton;;2;999999993
Bling Bling;;2;999999992
Otto Zutz;;2;999999991
Apolo;Sala Apolo;2;999999990
Input;;2;999999989
Moog;;2;999999988
Shôko;;2;999999987
Pacha Barcelona;;2;999999986
Carpe Diem;CDLC;2;999999985
Mondo;;2;999999984
Goya Social Club;Goya;2;999999983
Gabana;;2;999999982
Tiffany's;;2;999999981
Panda Club;Panda;2;999999980
Barceló;Teatro Barceló;2;999999979
Pirandello;;2;999999978
Macumba;;2;999999977
But;;2;999999976
Florida Park;;2;999999975
Icon;;2;999999974
Vandido;;2;999999973
Oh My Club;;2;999999972
Shoko Madrid;;2;999999971
La Riviera;;2;999999970
Sala El Sol;;2;999999969
Sala But;;2;999999968
Independance;;2;999999967
Ochoymedio;;2;999999966
Tupperware;;2;999999965
El Sol;;2;999999964
Mitsuki;;2;999999963
Marta Cariño;;2;999999962
Blackhaus;;2;999999961
Cha Chá;;2;999999960
Lula Club;Lula;2;999999959
Istar;;2;999999958
Kluster;;2;999999957
Mondo Disko;;2;999999956
Stardust;;2;999999955
Florida 135;;2;999999954
Row 14;;2;999999953
elrow;;2;999999952
Monegros;Monegros Desert Festival;2;999999951
Chocolate;;2;999999950
Barraca;;2;999999949
Spook;Spook Factory;2;999999948
ACTV;;2;999999947
Puzzle;;3;999999946
NOD;;3;999999945
Masía;;3;999999944
Bananas;;3;999999943
The Face;;3;999999942
Penélope;;3;999999941
KU;;3;999999940
Pont Aeri;;3;999999939
Scorpia;;3;999999938
Chasis;;3;999999937
Xque;;3;999999936
Radical;;3;999999935
Central Rock;;3;999999934
Coliseum;;3;999999933
Attica;;3;999999932
New World;;3;999999931
Oh! Madrid;;3;999999930
Mae West;;3;999999929
Aqua;;3;999999928
Sala Mon;;3;999999927
Luz de Gas;;3;999999926
Bikini;;3;999999925
Jamboree;;3;999999924
Sidecar;;3;999999923
Marula;;3;999999922
Titos;;3;999999921
BCM;;3;999999920
Pachá Mallorca;;3;999999919
Mega Park;;3;999999918
Bierkönig;;3;999999917
Olivia Valere;;3;999999916
Opium Marbella;;3;999999915
Tibu;Tibu Banús;3;999999914
Momento;;3;999999913
Kiss;;3;999999912
Liceo;;3;999999911
Indara;;3;999999910
Fever;;3;999999909
Bataplán;;3;999999908
Kafe Antzokia;;3;999999907
Back&Stage;Sonora;3;999999906
Moma;;3;999999905
Budha;;3;999999904
Buddha;;3;999999903
Marmara;;3;999999902
Mya;;3;999999901
Akuarela;;3;999999900
Indiana;;3;999999899
Miniclub;;3;999999897
Play;;3;999999896
La 3;;3;999999895
Mogambo;;3;999999894
Dry Martini;;3;999999893
Gunilla;;3;1
Bardot;;3;1
Nazca;;3;1
Graf;;3;1
Giselle;;3;1
Archy;;3;1
Nuit;;3;1
Space of Sound;;3;1
LL Bar;LL Show Bar;3;1
Toni 2;;3;1
Maravillas Club;Sala Maravillas;3;1
Sala Barco;El Barco;3;1
Thundercat;;3;1
Epoka;;3;1
Fortuny;;3;1
Ramses;;3;1
Serrano 41;;3;1
Green;;3;1
Snobissimo;;3;1
Ohm;Sala Bash|Bash;3;1
Sala Arena;;3;1
La Paqui;Sala Heineken;3;1
Sala Caracol;Caracol;3;1
Xenon;;3;1
Rock-Ola;;3;1
La Vía Láctea;;3;1
El Penta;Pentagrama;3;1
Nasti;;3;1
El Amante;;3;1
Palacio de Gaviria;Gaviria;3;1
Pachá Madrid;;3;1
Bling Bling Madrid;;3;1
Sala Republik;Republik;3;1
Le Boutique;;3;1
Cuenca Club;;3;1
Mau Mau;;3;1
Samsara;;3;1
Delirio;;3;1
Wurlitzer Ballroom;Wurlitzer;3;1
L'Umbracle;Umbracle;3;1
Marina Beach Club;Marina Beach;3;1
Piccadilly;Picca;3;1
Salomé;;3;1
Johann Sebastian Bach;Juan Sebastian Bach|Bach;3;1
Nylon;Nylon Club;3;1
Caribbean's;;3;1
Agenda Club;Agenda;3;1
Las Ánimas;Ánimas Puerto;3;1
Bounty;;3;1
Excuse Me?;;3;1
Xtra Lrge;XL;3;1
Murray Club;Murray;3;1
Fox Congo;;3;1
Apache;;3;1
NPI;;3;1
Arena Auditorium;;3;1
Villa Adelina;;3;1
Don Julio;;3;1
Heaven;;3;1
Woody;;3;1
16 Toneladas;;3;1
Jerusalem;Jerusalem Club;3;1
Vivir sin dormir;;3;1
Guru;;3;1
Pachá Valencia;;3;1
Espiral;;3;1
Dreams Village;;3;1
Distrito 10;;3;1
Calcatta;;3;1
Bacarrá;;3;1
Coco Loco;;3;1
Falkata;;3;1
KM;KM Disco;3;1
Mirror;;3;1
Le Club;;3;1
Zeus;;3;1
Radio City;;3;1
La Fábrica de Hielo;;3;1
Repvblicca;Republicca|Sala Repvblicca;3;1
Berghain;;4;1000000000
Studio 54;;4;999999999
Ministry of Sound;;4;999999998
Fabric;;4;999999997
Tresor;;4;999999996
Watergate;;4;999999995
Bootshaus;;4;999999994
Green Valley;;4;999999993
Hakkasan;;4;999999992
Omnia;;4;999999991
Marquee;;4;999999990
Printworks;;4;999999989
Tomorrowland;;4;999999988
Zouk;;4;999999987
Womb;;4;999999986
LIV;;4;999999985
E11even;;4;999999984
Cavo Paradiso;;4;999999983
Papaya;;4;999999982
Paradise Club;;4;999999981
Lux Frágil;Lux;4;999999980
Rex Club;;4;999999979
Queen;;4;999999978
Cocoricò;;4;999999977
Baia Imperiale;;4;999999976
Echostage;;4;999999975
Warehouse Project;;4;999999974
Sisyphos;;4;999999973
KitKatClub;KitKat;4;999999972
De School;;4;999999971
Shelter;;4;999999970
Culture Club Revelin;;4;999999969
Noa Beach Club;;4;999999968
Sound;;4;999999967
Avalon;;4;999999966
Output;;4;999999965
Pikes;;4;999999964
Heart Ibiza;Heart;4;999999963
Sankeys;;4;999999962
Booom;;4;999999961
Swag;;4;999999960
Destino;;4;999999959
Benimussa Park;;4;999999958
Octan;;4;999999957
Club Chinois;;4;999999956
528 Ibiza;;4;999999955
Akasha;;4;999999954
Underground;;4;999999953
Las Dalias;;4;999999952
Sunset Ashram;;4;999999951
Café del Mar;;4;999999950
Café Mambo;Mambo;4;999999949
Blue Marlin;;4;999999948
Nikki Beach;;4;999999947
Nassau;;4;999999946
Ocean Club;;4;999999945
Purobeach;;4;999999944
Cabaret Voltaire;;4;27
CBGB;;4;25
Teatro Apollo;Teatro Apollo (Nueva York)|Apollo Theater;4;24
Cotton Club;;4;22
Whisky a Go Go;;4;20
Crazy Horse;Andrée Deissenberg;4;19
The Haçienda;Haçienda|Fac 51 Haçienda;4;18
Club Marquee;;4;18
Village Vanguard;;4;14
Blue Note Jazz Club;;4;14
Minton's Playhouse;;4;14
Café de la Nouvelle Athènes;;4;12
Ronnie Scott's;;4;12
The Viper Room;;4;12
Star-Club;;4;12
Sala Villanos;Villanos;4;2
Liberty;Liberty Supper Club|Keeper;4;2
Berlín;;4;2
Dreams;;4;2
Zero;;4;2
The Room;Room;4;2
Fitz Club;Fitz;4;2
Seven;;4;2
Mandala;;4;2
Chica Club;Chica;4;2
Sala Gold;Gold;4;2
Sala Opium;Opium Madrid;4;2
Sala Oasis;Oasis;4;2
Movie Music Club;Movie;4;2
Picca Club;;4;2
Play Club;;4;2
Long Play;;4;2
Velvet;;4;2
Santana 27;;4;2
Macarena Club;Macarena;4;2
Sutton Club;;4;2
La Cala;;4;2
independance Club;Sala Zenith;4;2
Disco Bar Jade;Jade;4;2
Fabrik Madrid;Fabrik Club;4;2
Marula Café;;4;2
Sala Cool;Cool;4;2
Safari Disco Club;Safari Disco;4;2
Pa'lante;;4;2
Luna;;4;2
Marmey;;4;2
Sala Garage;Garage;4;2
El Submarino;;4;2
La mansion;;4;2
TOX;;4;2
Havana Q Club;Havana Q;4;2
Condado;;4;2
La Boite (Disco);La Boite;4;2
Ya'sta;;4;2
Cadavra Club;Cadavra|Costello Club;4;2
Sunset;;4;2
Open Mind;;4;2
Chango;;4;2
Sabana Club;Sabana;4;2
Club Isla Tortuga;Isla Tortuga;4;2
Sala Malandar;Malandar;4;2
Sala Trinchera;Trinchera;4;2
La Terrrazza;;4;2
Sala Planta Baja;Planta Baja;4;2
Maverick;;4;2
Glam Córdoba;Glam|Sala GLAM|GLAM (Discoteca La Farra);4;2
Centuryon;;4;2
Le Boutique Club;;4;2
Sala Infinity;Infinity;4;2
Sala X;;4;2
Chic;;4;2
Sala Lo Intento;Lo Intento;4;2
Tribeca;Tribeca Oviedo;4;2
Molokay;;4;2
Savana;;4;2
Karma;;4;2
Sala Paris 15;Paris 15;4;2
Delirium;;4;2
Insomnio Club;Insomnio;4;2
Siroco;;4;2
Club Oven;Oven;4;2
Sala Marte;Marte;4;2
Club Mutante;Mutante;4;2
Disco Casanova summum;Casanova summum;4;2
Caro Club;Caro;4;2
30 y tantos;;4;2
La Metro;;4;2
11 Art Club;11 Art;4;2
Nitsa Club;Nitsa;4;2
Monkey Club;Monkey;4;2
La Roca;;4;2
Lateral;;4;2
Selva Club;Selva;4;2
Spook Club;;4;2
Roto;;4;2
Los Amantes;;4;2
The Bassement Club;Bassement;4;2
Costa Social Club;Costa;4;2
La Paloma;;4;2
The Club;Club;4;2
Tramps;;4;2
Malvaloca;;4;2
La Que Faltaba;;4;2
Industrial Copera;;4;2
Marbella;;4;2
Sala Doppler;Doppler;4;2
Beach House;;4;2
La Conservera;;4;2
Cosmos;;4;2
Sigma;;4;2
Baloo Club;Baloo;4;2
Sala Beat;Beat|La Escuela;4;2
Les Enfants Brillants;;4;2
Phi Phi Beach;;4;2
Studio Club;Studio;4;2
Guru Dance Club;;4;2
Hangar48;;4;2
LAB theCLUB;;4;2
Aura the Club;Aura;4;2
Sala On;;4;2
Tropicana;;4;2
Sala Univers;Univers;4;2
Discoteca Velice;Velice;4;2
Sala Bikini;;4;2
Teatro Magno;Magno|Cine Bogart;4;2
Puerto Moi;;4;2
Sala Maremagnum;Maremagnum;4;2
Amøk;;4;2
La3;;4;2
es Gremi;;4;2
Discoteca Biloba;Biloba;4;2
R33 Mallorca;;4;2
Lunita;;4;2
La Cabra;;4;2
Family Club Discoteca;Family Club;4;2
Rumbo 144;;4;2
Casa Amante;;4;2
Jowke;;4;2
Achaman;;4;2
Algorithm;;4;2
Magma;;4;2
Groove;;4;2
Santôs Club;Santôs;4;2
Cova Santa;;4;2
Discoteca Penélope;;4;2
Mamajuana;;4;2
Freedom;;4;2
El Casco;;5;1000000000
Hanoi;;5;999999999
Cue;;5;999999998
Batcave;;5;11
Birdland;;5;11
Copacabana;;5;10
So36;;5;10
UFO Club;;5;10
Tavastia Club;;5;10
The Troubadour;;5;10
Savoy Ballroom;;5;10
Space Ibiza;;5;10
Mzoli's;;5;9
G-A-Y;;5;9
Max's Kansas City;;5;9
Jazzhus Montmartre;;5;9
Pulse;;5;9
The Roxy;;5;9
The Bitter End;;5;8
KOKO;;5;8
Eldorado;Eldorado-Diele|Eldorado (Berlin);5;8
Hippodrome;;5;8
Café de Paris;;5;8
UNVRS;;5;8
Café Society;;5;7
Matrix;;5;7
Knitting Factory;;5;7
Den Atelier;;5;7
Warehouse;;5;7
London Astoria;;5;7
Reduta Jazz Club;;5;7
SchwuZ;;5;6
Iridium Jazz Club;;5;6
Paradise Garage;;5;6
Nickelodeon on Sunset;;5;6
Preservation Hall;;5;6
Mudd Club;;5;6
Webster Hall;;5;6
Neues Schauspielhaus;;5;6
Madame Arthur;;5;6
The Baked Potato;;5;5
Le Caveau de la Huchette;;5;5
The Roxy Club;;5;5
Café Opera;;5;5
The Village Gate;;5;5
Five Spot Café;;5;5
Keystone Korner;;5;5
Bijou Theater;;5;5
The Stone Pony;;5;5
Hastings Pier;;5;5
DTM;;5;5
Paramount;;5;5
Avalon Hollywood;;5;5
Condor Club;The Condor;5;4
Palacio Hammersmith;;5;4
August Hall;Regency III|Ruby Skye|Stage Door Theater;5;4
Klub Foot;;5;4
Scala;;5;4
Scores;;5;4
Zanzibar Tavern;;5;4
Sala La Riviera;;5;4
Black Hawk;;5;4
Lenox Lounge;;5;4
Jazzkeller Frankfurt;;5;4
New Morning;;5;4
Ultraschall;;5;4
Grünspan;;5;4
Casa Rosso;;5;4
Smalls Jazz Club;;5;4
Disco Fever;;5;4
Golf-Drouot;;5;4
Irving Plaza;;5;4
Le Duc des Lombards;;5;4
Metropolis;;5;4
Smalls Paradise;;5;4
Blues Alley;;5;4
Ciro's;;5;4
Ealing Jazz Club;;5;4
Groucho Club;;5;4
Klub studenata elektrotehnike;;5;4
Palace Theatre, Swansea;;5;4
Sturecompagniet;;5;4
Latin Quarter;;5;4
Stork Club;;5;4
The George;;5;4
Velfarre;;5;4
Bassiani;;5;4
MMA Club;;5;4
Kozlov Club;;5;4
Club Zanzibar;;5;4
Amerika;Amerika (discoteca)|Amerika (disco);5;4
Ufo;;5;4
El Viejo Almacén;;5;4
Crawdaddy Club;;5;3
Crazy Horse Too;;5;3
Joe's Pub;;5;3
Mikell's;;5;3
Mitchell Brothers O'Farrell Theatre;;5;3
Café Adria;;5;3
Mary's Club;;5;3
Zenith;;5;3
Baker's Keyboard Lounge;;5;3
Budapest Music Center;;5;3
Docks;;5;3
Dorian Gray;;5;3
Klooks Kleek;;5;3
Jazzclub Unterfahrt;;5;3
Friar's Inn;;5;3
Gaskessel;;5;3
Jazzhaus Freiburg;;5;3
Aladin Music Hall;;5;3
hungry i;;5;3
Maria am Ostbahnhof;;5;3
Jazz Standard;;5;3
Knaack-Klub;;5;3
Quasimodo;;5;3
Rock Rendez-Vous;;5;3
U4;;5;3
Yoshi's;;5;3
Boccaccio;;5;3
La Bussola;;5;3
Le Baiser Salé;;5;3
Le Poisson Rouge;;5;3
Les Bains-Douches;;5;3
London Fog;;5;3
Le Queen;;5;3
Sunset/Sunside;;5;3
The Printworks;;5;3
Turnmills;;5;3
The Masque;;5;3
Cream;;5;3
The Leadmill;;5;3
EverJazz;;5;3
Stampen;;5;3
55 Bar;;5;3
9:30 Club;;5;3
Annabel's;;5;3
Arthur's Tavern;;5;3
Blue Angel;;5;3
Blue Note Tokyo;;5;3
Club Fugazi;;5;3
Clwb Ifor Bach;;5;3
Electric Ballroom;;5;3
Erie v. Pap's A. M.;;5;3
First Avenue;;5;3
Juliana's;;5;3
Mocambo;;5;3
Onyx Club;;5;3
Palladium;;5;3
Playboy Club;;5;3
Polson Pier;;5;3
The Matrix;;5;3
Asakusa Rockza;;5;3
Pan Club Copenhagen;;5;3
54 Below;;5;3
Billy Bob's Texas;;5;3
Rockhead's Paradise;;5;3
Herr Nilsen Jazz Club;;5;3
The Atomic Café;;5;3
Dew Drop Inn;;5;3
The Hideout Inn;;5;3
Royal Vauxhall Tavern;;5;3
Snug Harbor;;5;3
Sunee Plaza;;5;3
The Arches;;5;3
The Echo;;5;3
The End;;5;3
Vortex Jazz Club;;5;3
Wally's Cafe;;5;3
Jazz Station;;5;3
Natraj Temple;;5;3
Alte Utting;;5;3
Bahnwärter Thiel;;5;3
Blitz Club;;5;3
Blow Up;;5;3
Yellow Submarine;;5;3
Jolly Joker;;5;3
Hercules;;5;3
Babalu Club;;5;3
"Udruženje za razvoj kulture ""URK""";;5;3
Corsica Studios;;5;3
Bitterzoet;;5;3
Harlem Alhambra;;5;3
Torture Garden;;5;3
Tramp;;5;3
Velvet Lounge;;5;3
Magic City;;5;3
Snctm;;5;3
Le Boy;;5;3
Celebrities Nightclub;;5;3
Theatron;;5;3
The Stud;;5;3
Silverado;;5;3
Casino Central Park;;5;3
Mineshaft;;5;3
Stag PDX;;5;3
Tootsie's Cabaret;;5;3
Connections;;5;3
Nueva Cero;;5;3
Double Door;;5;2
Kelly's Stables;;5;2
Largo;;5;2
Plato's Retreat;;5;2
Jazz Bakery;;5;2
Airport;;5;2
b-flat;;5;2
Blue Bird Inn;;5;2
Bop City;;5;2
Bradley's;;5;2
Alrosa Villa;;5;2
Cafe Au Go Go;;5;2
Clark Monroe's Uptown House;;5;2
Club de Sade;;5;2
Miniscule of Sound;;5;2
Die Eierschale;;5;2
Jazzclub Tonne;;5;2
Flamingo Club;;5;2
Pratersauna;;5;2
The Penthouse;;5;2
Golden Pudel Club;;5;2
Harry Klein;;5;2
Lighthouse Café;;5;2
Sweet Basil Jazz Club;;5;2
Monte;;5;2
Ost Klub;;5;2
Jazz- & Music-Club Porgy & Bess;;5;2
Rhumboogie Café;;5;2
Rote Sonne;;5;2
Royal Roost;;5;2
Slugs' Saloon;;5;2
RoXY;;5;2
Storyville;;5;2
Cherry Moon;;5;2
Jazz Workshop;;5;2
The Jazz Showcase;;5;2
Bal Blomet;;5;2
Aux Trois Mailletz;;5;2
Glazart;;5;2
Le Sept;;5;2
Le Tango;;5;2
Nouveau Casino;;5;2
Pacha Ibiza;;5;2
Astoria 2;;5;2
Boardwalk;;5;2
43 Club;;5;2
Andy's Jazz Club;;5;2
Area;;5;2
Barbarella;;5;2
Bimbo's 365 Club;;5;2
Black Cat;;5;2
Bohemian Caverns;;5;2
Bungalow 8;;5;2
Café Bohemia;;5;2
Cheetah's;;5;2
Clermont Lounge;;5;2
Club DeLisa;;5;2
Club Space;;5;2
Commodore Ballroom;;5;2
Cruz 101;;5;2
DNA Lounge;;5;2
Dante's;;5;2
Dirty Water Club;;5;2
The Circus;;5;2
Farmers and Mechanics Savings Bank;;5;2
Fly by Night Musicians Club;;5;2
Forbidden City;;5;2
Funny Girls;;5;2
George IV, Brixton;;5;2
Granary, Bristol;;5;2
Haoman 17;;5;2
Kensington Roof Gardens;;5;2
Krazy Kat Klub;;5;2
Le Chat Qui Pêche;;5;2
Allenby 58;;5;2
Mabuhay Gardens;;5;2
Madam's Organ Blues Bar;;5;2
Mahiki;;5;2
Manray;;5;2
Matter;;5;2
Mayan Theater;;5;2
Metropole Cafe;;5;2
Milk & Honey;;5;2
Nambucca;;5;2
Nation;;5;2
Notting Hill Arts Club;;5;2
O2 ABC Glasgow;;5;2
O2 Academy Oxford;;5;2
Orjuwan;;5;2
Palomino Club;;5;2
Phoenix Theater;;5;2
PizzaExpress Jazz Club;;5;2
Pyramid Club;;5;2
Hangar 110;;5;2
Nefertiti;;5;2
Masago-za;;5;2
Live Theater Kurihashi;;5;2
Hiroshima Daiichi Gekijo;;5;2
Toyo Show Theater;;5;2
Fukuyama Daiich Theater;;5;2
Dotonbori Theater;;5;2
Photos taken in Mega Club Katowice;;5;2
Muzeum Motoryzacji Adam i Zygmunt Grządziel;;5;2
Club Teatria;;5;2
Highline Ballroom;;5;2
Smoke;;5;2
Theaterfabrik;;5;2
Caley Picture House;;5;2
Kinoteatris;;5;2
California Institute of Abnormalarts;;5;2
Fez;;5;2
U Street Music Hall;;5;2
Eddie Condon's;;5;2
Gullifty's;;5;2
Embers Avenue;;5;2
Regal Cinema;;5;2
Barnas Jazzhus;;5;2
Tiffany Club;;5;2
Jazzatelier Ulrichsberg;;5;2
Roxy Cinema;;5;2
Klosteret;;5;2
Paris Theatre;;5;2
La Locomotive;;5;2
Parliament House;;5;2
Cuff Complex;;5;2
Tin Palace;;5;2
Corn Exchange;;5;2
The Rampant Lion;;5;2
Connaught Drill Hall;;5;2
Scala Cinema;;5;2
Bognor Regis Pier;;5;2
Majestic Cinema;;5;2
Grace's Little Belmont;;5;2
Seventh Avenue South;;5;2
Raymond Revuebar;;5;2
The Regal Theater;;5;2
Santos Party House;;5;2
SeOne;;5;2
Spaceland;;5;2
Victory Theatre;;5;2
Stereo nightclub;;5;2
Studio One;;5;2
The Bag O'Nails;;5;2
The Box Soho;;5;2
The Brass Rail;;5;2
The Cellar Door;;5;2
The Concorde Club;;5;2
Coronet Theatre;;5;2
The Fridge;;5;2
The Kashmir Klub;;5;2
The Shelter;;5;2
The Waterfront, Norwich;;5;2
The Week International;;5;2
Theatre Royal, Manchester;;5;2
Tiger Tiger;;5;2
Trannyshack;;5;2
Tunnel;;5;2
Tuxedo floating nightclubs;;5;2
Vulcan Gas Company;;5;2
Wigan Casino;;5;2
XXL;;5;2
Yost Theater;;5;2
Velvet Underground;;5;2
Café Cléopâtre;;5;2
Wytwórnia;;5;2
Seven Club;;5;2
Reina;;5;2
Chin Tiki;;5;2
Palladium Theatre, Edinburgh;;5;2
Henkelmann;;5;2
Roxy Prague;;5;2
MOGRA;;5;2
Folies-Pigalle;;5;2
Adria cinema;;5;2
Sala Nasa;;5;2
Ocean;;5;2
La Fistinière;;5;2
Aquarium;;5;2
Bach Dancing and Dynamite Society;;5;2
Gesellschaftshaus zur Kaufleuten;;5;2
The Cross;;5;2
A-Kyu Kokura Gekijo;;5;2
Kompass Klub;;5;2
DC9 Nightclub;;5;2
Queer Bar;;5;2
Copper Face Jacks;;5;2
Kinolibre;;5;2
Industry Bar;;5;2
Club Cumming;;5;2
Paradise;;5;2
Trem de Cavalaria de Lagos;;5;2
Sun Trapp;;5;2
The Q;;5;2
Laroc Club;;5;2
DX Tohji;;5;2
Pimpernel;;5;2
The New Cross House;;5;2
Capriccio's;;5;2
Neighbours Nightclub;;5;2
The Comeback Seattle;;5;2
Central Bar jazz club;;5;2
Calypso Cabaret;;5;2
Café Hopper;;5;2
BIRD;;5;2
The Cause;;5;2
Tao Asian Bistro;;5;2
Privilege Ibiza;;5;2
Marquee New York;;5;2
Cinemas Sloga;;5;2
The Zone;;5;2
Twilo;;5;2
El Patio;Centro Nocturno El Patio;5;2
La Java;;5;2
Baar Fun Fun;;5;2
Three Sisters Tavern;;5;2
Passapoga;;5;2
Fausto;Fausto Discotheque;5;2
Clementina's Baybrick;;5;2
Bigudi Club;;5;2
Europa Latina;;5;1
La Ventura;;5;1
Skau;;5;1
La Florita;;5;1
Divine Soul;;5;1
El Gato Negro;;5;1
la Font del Balç;;5;1
Club Bacos;Bacos;5;1
Café Variedades;;5;1
Kilometro 0;;5;1
Sala Nasdaq;Nasdaq;5;1
Terraza Johnnie Walker;;5;1
Salsoteca La Pequeña Habana;;5;1
Terraza Budweiser;;5;1
Achaman I;;5;1
Kaluna Beach Club;Kaluna Beach;5;1
Doka;;5;1
Urban Rock Concept;;5;1
Le Coup;;5;1
Concept;;5;1
Tropical;;5;1
Friends;;5;1
Dos Pasos;;5;1
Discoteca Le Grand;Le Grand;5;1
Itaca;;5;1
Época;;5;1
Hamilton;;5;1
Sunset Jazzclub;;5;1
El Pati del Rabí;;5;1
Amarras;;5;1
Verònica;;5;1
"Cocteleria ""Skiros""";;5;1
Burriac Café;;5;1
Kandavia;;5;1
Cubic Club;Cubic;5;1
Posada de las Ánimas;;5;1
Bisú;;5;1
Anderson Gay Pub & Show Bar;;5;1
Blancobar;;5;1
xit;;5;1
Txanela;;5;1
Kumbala;;5;1
Refugio;;5;1
Tubulart;;5;1
Eurodisco 2008;;5;1
Millenium Bar;;5;1
Gymare;;5;1
La Casona;;5;1
Dicken's Club;Dicken's;5;1
Hello The Club;Hello;5;1
Sargantana;;5;1
Confetti Barrio;;5;1
Pub Canario;Canario;5;1
Sala Acapulco;Acapulco;5;1
Di-Pop;;5;1
Bolero;;5;1
Subway the Pop;;5;1
La Chica de Ayer;Siglo I;5;1
Var 22;Destilería;5;1
Carmen;;5;1
De Laval Genovés (Submarino);De Laval Genovés;5;1
Capitolium;;5;1
Paki Pallá;;5;1
La Maraca;Hippopotamus;5;1
Donovant´s;;5;1
Flowers;;5;1
Gatsby;;5;1
the One;One;5;1
Amara;;5;1
Sala Salamandra;Salamandra;5;1
Discoteca Buda;Buda;5;1
Trevenque;;5;1
Chupitería Daniel´s;;5;1
Sueca;;5;1
Caprichos club;Caprichos;5;1
Draco;;5;1
Antigua discoteca Teatre;;5;1
Discoteca Mogay;Mogay;5;1
Dekada;;5;1
Soho;;5;1
Noha Sancti Petri;;5;1
Embrujo Chiclana;;5;1
Disco Bar Noche;Noche;5;1
Oberbayern;;5;1
Sala Copérnico;Copérnico;5;1
Disco Boney M;Boney M;5;1
Disco-Bar El Patio;;5;1
Disco-Bar Matiz;Matiz;5;1
Badhú;;5;1
Disco Tonos;Tonos;5;1
Khatarsis;;5;1
Circus;;5;1
Obenque;;5;1
La Chupitería;;5;1
Garamond;;5;1
Music Factory;;5;1
Callejón;;5;1
Garden New Fussion;;5;1
Bar Javier;;5;1
Capote O'Donnell;;5;1
Paraiso;;5;1
Afro Nation;;5;1
El Karma La Vera;Osiris;5;1
Discoteca Yare;Yare;5;1
Sala El Cau;El Cau;5;1
Totem;;5;1
Movies;;5;1
Discoteca Uvas;Uvas;5;1
Fraggle Rock;;5;1
Malafama;;5;1
Sala Wengé;Wengé|Wengé Privè;5;1
Andén;;5;1
La Belle Epoque;;5;1
Sasakus;;5;1
La Gata Parda;;5;1
Faktoria d'Arts;;5;1
Maambo;;5;1
Hell awaits;;5;1
Bonker;;5;1
Elanuet;;5;1
Desastre;;5;1
Atrio;;5;1
Posturas;;5;1
Bar-Club Viana;;5;1
Elitedisc Cumbres Mayores;;5;1
Akupe - Bar ( Aoiz - Agoitz );Akupe;5;1
Discoteca La Muralla;La Muralla;5;1
Discopub Rodman;Rodman;5;1
Caseta municipal;;5;1
Enjoy Río;Tapa2;5;1
Pecados;;5;1
Privée;;5;1
Culture Club;Culture;5;1
Hookah lounge;;5;1
Palmira;;5;1
Taböa Club;Taböa;5;1
Club Aladin;Aladin;5;1
Be Cool;;5;1
New Steel;;5;1
Club Astoria;Astoria;5;1
Antilla Latin Club;Antilla Latin;5;1
Boulevard Culture Club;Boulevard Culture;5;1
Zulo;;5;1
Katu bar;;5;1
Bar Zuhaitza;;5;1
Bar Ciudadela;;5;1
Bar Atxiki;;5;1
RKO;;5;1
XL XtraLrge Playground;;5;1
Pepes;;5;1
el Sielu;;5;1
Twenty;;5;1
Beduinos;;5;1
Década 60;;5;1
Kharma;Bariloche;5;1
Sala Japan;Japan;5;1
Classix;;5;1
La Fábrica;;5;1
Sala Estilo;Estilo;5;1
Canelas;;5;1
Baly Club;Baly;5;1
Varazú;;5;1
Albades;;5;1
Patrick's;;5;1
Club el Basot;el Basot;5;1
Los Milagros;;5;1
Cova d'en Xoroi;;5;1
Country;;5;1
Potemkin;;5;1
Piano;;5;1
Harlem Jazz Club;Harlem Jazz;5;1
Maruja;;5;1
Heba 44;;5;1
Akachi Bar de copas;;5;1
Black Box;;5;1
Sala de Fiestas Tango;de Fiestas Tango;5;1
Sala Tam;Tam|Painting The Monkey;5;1
Azucar;;5;1
Juglar;;5;1
Organic Disco;Organic;5;1
Bukkake;;5;1
Trailer Disco;Trailer;5;1
La Palestra;;5;1
Malaba Club;Malaba;5;1
Cerrado;;5;1
Ross Mary La Chupiteria;;5;1
Studio 57;;5;1
Joyce;;5;1
Sugareef Terrace & Club;Sugareef Terrace &;5;1
Jumping Jack Cocktail Bar;;5;1
Sound of Cream;;5;1
O'Neill's;;5;1
Papagayo Beach Club;Papagayo Beach;5;1
Diamond Club Tenerife;;5;1
Fuego Fuego;;5;1
El Intruso;;5;1
Que Guay;;5;1
Golden;;5;1
Zrrcus;;5;1
Pub A Noite;A Noite;5;1
Sala Vesta;Vesta|Bogui Jazz;5;1
Contraclub;;5;1
Lucy In The Sky;Supersonic Club;5;1
Rocksde;Evaristo Club;5;1
Master Plató;;5;1
Moby Dick;;5;1
Discoteca Marius;Marius;5;1
Big Family Room (Talego);Big Family Room;5;1
Metropol;;5;1
Discoteca Samoa;Samoa;5;1
Discoteca Menfilla;Menfilla;5;1
Disco Las Sánchez;Las Sánchez;5;1
Downtown Barcelona;Downtown;5;1
La Taberna del Jazz;;5;1
Popstars;;5;1
Karamba;;5;1
Sans Música i Copes;;5;1
Sala de festas Nova Zeus;de festas Nova Zeus;5;1
Discoteca de verano;de verano;5;1
Pub;- Discoteca Petronilla;5;1
Clup Eclipse;;5;1
Garfanta;;5;1
Kroker;;5;1
Discoteca New Spook;New Spook;5;1
Terraza Moon;;5;1
Secret Garden;;5;1
V Pino;;5;1
Caramelo;;5;1
Saroia;;5;1
SÖKO Club;SÖKO;5;1
Calle 54;;5;1
Almo2bar;;5;1
Mama Rumba;;5;1
Play Woman;;5;1
New Garamond;;5;1
Safari;;5;1
Bolero Angels;;5;1
Atenea;;5;1
Blanca;;5;1
Discoteca Podium;Podium;5;1
kupula discoteca;kupula;5;1
Biltoki;;5;1
Martin's;;5;1
Pub La Dama;La Dama;5;1
Rooms - Le Club;Rooms|Rooms - Le;5;1
Portal;;5;1
Discoteca Posada;Posada;5;1
Sala Saoko;Saoko;5;1
Mar i Vent;;5;1
Blow;;5;1
Discoteca M1;;5;1
Darling Music Club;Darling;5;1
Deseo 54;;5;1
Guayabita;;5;1
Alambique;;5;1
El Bicho;;5;1
Kutre;;5;1
Sala Tentación;Tentación;5;1
Sala New Zeus;New Zeus;5;1
El Pirulí;;5;1
Oh! Coruña;;5;1
Sala Budokan;Budokan;5;1
CLS Arena Disco;CLS Arena;5;1
Latin Palace;;5;1
Disco-Pub El Montecarlo;El Montecarlo;5;1
Discoteca Topas;Topas;5;1
Tempus Palace;;5;1
Darkablar;;5;1
El Potro;;5;1
El Palmar de Troya;;5;1
Extasis;;5;1
ECU;;5;1
Eventos Changó Club;Eventos Changó|Changó Club;5;1
Le Poupée;;5;1
Pashion;;5;1
Nueva Época;;5;1
Cabo Palos Club;Cabo Palos;5;1
Moroder Sound Club;Moroder Sound;5;1
Gu;;5;1
Ozone;Reverendos;5;1
Funky Buddha Beach;;5;1
Cavalli Club;Cavalli;5;1
El Pardo;;5;1
Pirámide;;5;1
El Cortijo;;5;1
Ícaro;;5;1
The Green Irish Pub;Green Irish Pub;5;1
Discoteca Josfer;Josfer;5;1
Ágata;;5;1
Torre 79;;5;1
Whattsap;;5;1
Sala Pirandello;;5;1
El Mirador del Ferry´s;;5;1
Happy Day;;5;1
Oxygen;;5;1
Bob's Bar;;5;1
The Frog;Frog;5;1
Disco Julián;Julián;5;1
Orosco;;5;1
Azahara;;5;1
Nexoo;;5;1
El Puerto de Chus;;5;1
Discoteca Euro;Euro;5;1
Blue Bay;;5;1
Disco Bar Puzzle;;5;1
BB Lounge;;5;1
ACR Sancho IV;;5;1
Sala Moon;Moon;5;1
Peña Zippotrón;;5;1
The Club Summersound;Club Summersound;5;1
La Biblioteca;;5;1
Sala Divino;Divino;5;1
Museum;;5;1
Sala 101;101|Tántalo;5;1
la Movida;;5;1
Bonaparte;;5;1
Isabella;;5;1
Oro Viejo;;5;1
Templo;;5;1
Agua;;5;1
Disco Pub Corazón Latino;Corazón Latino;5;1
Discoteca La Risca;La Risca;5;1
Sala Live;Live;5;1
La Tóxica;;5;1
Pelícano;;5;1
Underland;;5;1
Paso A Paso;;5;1
bling bling modern club;bling bling modern;5;1
Disco Love;Love;5;1
Banana;;5;1
Commo;;5;1
Agora Salsa;;5;1
Discoteca Maldiva Meliana;Maldiva Meliana;5;1
Madam's;;5;1
Anekara;;5;1
Bender;BNDR;5;1
Caravan;;5;1
Sabotage;;5;1
Banloo;;5;1
Holiday;;5;1
The Paper Club;Paper;5;1
New Serpens;;5;1
La Dueña;;5;1
Atrevete;;5;1
Eugenio's;;5;1
Baila Morena;;5;1
One way;;5;1
jazzbah;;5;1
Sounders;;5;1
Paraninfo Generación X;;5;1
Villa Martini;Menfis;5;1
Sala López;López;5;1
Manomar Gata;;5;1
La Cueva;;5;1
Gabanna;;5;1
Kenbo;El Plata;5;1
Edison Estudio;;5;1
Marlyn;;5;1
PK2;;5;1
Màgic;;5;1
La Térmica;;5;1
cbc;;5;1
My way;;5;1
Sala Corleone;Corleone;5;1
Nicolette;;5;1
Brisa del Caribe;;5;1
Guarapo;;5;1
Qué movida!;;5;1
Arena Negra;;5;1
El Cucu;;5;1
Salón Jai-Alai;;5;1
Zoe;;5;1
Venus;;5;1
Cadillac;;5;1
Club San Paubli II;San Paubli II;5;1
Tom Kitty;;5;1
Mima Clubs;;5;1
The Big Bang Ocean Club;Big Bang Ocean;5;1
Sala Spectrum;Spectrum;5;1
Garaje Beat Club;Garaje Beat;5;1
Loco Club;Loco;5;1
16 Toneladas Rock Club;16 Toneladas Rock;5;1
Disco Bar Doble R;Doble R;5;1
Planet Mercury;;5;1
Discoteca Pingos;Pingos;5;1
Stars 45;;5;1
The Host;Host;5;1
Vanity;;5;1
Boite Alfonso;;5;1
Undeadarkclub;;5;1
Shisha Rock;;5;1
Crystal;;5;1
Paguera Tanztereff;;5;1
RockNRolla;;5;1
Rocket;;5;1
Pub Discoteca Distrito;Discoteca Distrito;5;1
Terra.Rock;;5;1
Beluga Superclub;;5;1
Claudine;;5;1
Katios;;5;1
Lorea;;5;1
Melac;;5;1
Rainbow Dragon;;5;1
Muby;;5;1
Discoteca Arena Blanes;Arena Blanes|Arena;5;1
DLRO Live;;5;1
At Substation;;5;1
Naked Bar Madrid;;5;1
Disco Pub Melé;Melé;5;1
Leather Club (gay);Leather Club|Leather;5;1
Astrozombie;Zaska Club (gay);5;1
Hierro's;;5;1
Finca Molina;;5;1
Bubbles Lounge Club;Bubbles Lounge;5;1
Sky Vigo;;5;1
Randstad;;5;1
Starlight;;5;1
Coppola;;5;1
kiss-salou;;5;1
Friends&Friends;;5;1
Panama Jack;;5;1
Anubis;;5;1
Sala Número 8;Número 8;5;1
La Esquina;;5;1
Onda;;5;1
Night Barcelona;;5;1
Berlin Dark;;5;1
The Black Room;Black Room;5;1
Almonte;;5;1
Zona cero;;5;1
Achill;;5;1
Sparkles;;5;1
The Cavern Club;Cavern;5;1
Soul City Ibiza;;5;1
Ground zero;;5;1
Continental;;5;1
Stage Live;;5;1
Pub La Bien Pagá;La Bien Pagá;5;1
Level Club;Level;5;1
Parthenon;;5;1
Disco-Pub Milenium;Milenium;5;1
Mi madre era una groupie;;5;1
Duplex;;5;1
Cuba Mía Disco;Cuba Mía;5;1
La Casa Inquieta;;5;1
Caribe Caliente;;5;1
Pilu;;5;1
Peña Alegría de Iruña;;5;1
Coco Bongo;;5;1
La Divina;;5;1
Jimmy Jazz;;5;1
Stylo;;5;1
Buganvilla Rock;;5;1
Radar;;5;1
Tarumba;;5;1
Tintín;;5;1
Mombasa;;5;1
El Garito;;5;1
Trashcan Music Club;Trashcan;5;1
Bicicleteria;;5;1
1987;;5;1
Uthopia Sevilla;;5;1
Karaoke Tropical;;5;1
Sala Bara;Bara;5;1
Capricho;;5;1
Discoteca Vogues;Vogues;5;1
Zahara Cocktail Club;Zahara Cocktail;5;1
Razzmatazz sales 2 & 3;;5;1
Diskothek Annapurna;Annapurna;5;1
Discoteca Scala;;5;1
Theatre;;5;1
La Locura;;5;1
Rock & Blues;;5;1
Granada 10;;5;1
Julieta;;5;1
In-Situ;;5;1
Latitud 42;;5;1
NOX;;5;1
Red Diamond;;5;1
Zaperoco;;5;1
Logia;;5;1
Murcia Hot Rally;;5;1
R33;;5;1
Sala Madalar;Madalar;5;1
Camelot;;5;1
L'Hangar;;5;1
La Nuit de Reus;;5;1
Discoteca de Torrenueva;de Torrenueva;5;1
Jumpin Jaks;;5;1
Cruise Bar;;5;1
Mantrix;;5;1
Tentamax;;5;1
H2;;5;1
Ancá Fede;;5;1
T.A.C;;5;1
La Cabaña del Tucán;;5;1
El Arcón;;5;1
Bongó;;5;1
Bambola;;5;1
La Habanera;;5;1
MCP - Banana's;MCP;5;1
carwash;;5;1
Wyld;;5;1
Dies3L;;5;1
Casablanca;;5;1
Viking;;5;1
Stereo Temple;;5;1
Stereo Bar;;5;1
La llama;;5;1
La Terrassa;;5;1
Els Pagessos;;5;1
Mint Salou;;5;1
Cats;;5;1
Knave;;5;1
¡Plaff!;;5;1
Glass;;5;1
Razza Clubbing;;5;1
Gabriel's;;5;1
Brooklyn Club;Brooklyn;5;1
Sucesos;;5;1
Club Olimpo;Olimpo;5;1
The Canalla Club;Canalla|Marengo;5;1
MoonBack The Club;MoonBack;5;1
Blau;;5;1
Sky Club;Sky;5;1
Disco Revolution;Revolution;5;1
Disco Hollywood;Hollywood;5;1
Almodobar;;5;1
Angelo;;5;1
Morocco;;5;1
Plataforma;;5;1
"Disco Bar ""Herbel""";"""Herbel""";5;1
Cafetería Pub Cactus S.L;;5;1
Dixi 724;;5;1
Scorpio;;5;1
Medias Puri;;5;1
Disco Spins;Spins;5;1
Anka la Mati;Ankalamati;5;1
La Abadia;;5;1
Sala de Fiestas La Concha;de Fiestas La Concha;5;1
Tralalá;;5;1
Greenwich;;5;1
Idem;;5;1
Jango XL;;5;1
Gloob;;5;1
Grietax;;5;1
Cien por cien;;5;1
Big Mama Ballroom;;5;1
My by Dux;;5;1
DQ;;5;1
Bacanal;;5;1
Ritmo;;5;1
La Zona;;5;1
Diamond;;5;1
Garibaldi;;5;1
Claro Boba!;;5;1
Lolita;;5;1
Sala de Fiesta;de Fiesta;5;1
Rock'N'Trini;;5;1
Imágenes Club;Imágenes;5;1
Discoteca Gnomos;Gnomos;5;1
Sala Revólver;Revólver;5;1
Sala Gamma;Gamma;5;1
Bearbie Madrid;Bearbie;5;1
Pub Gay Tabú;Gay Tabú;5;1
Broadway Bar Musical;;5;1
Nautica Sutton;;5;1
La Comedia;;5;1
The Big Red Bus;Big Red Bus;5;1
Karma Huelva;;5;1
Rush Club;Rush;5;1
Free Eeagle;;5;1
Tiki Tiki Copas;;5;1
G-Bar Lleida;;5;1
Smiles;;5;1
El Charro;;5;1
Discoteca La Pista;La Pista;5;1
Discoteca Costamar;Costamar;5;1
O Brebaxe;;5;1
Area Chill Out;;5;1
Keaton;;5;1
Londoner;;5;1
St.Trop';;5;1
Concejo de Figarol;Concejo de;5;1
abc;;5;1
Discoteca la Masia;;5;1
Chez Funny Boy's;;5;1
Tubos;;5;1
Chester;;5;1
Tango;;5;1
Joker;;5;1
Capitol;;5;1
Champions;;5;1
Colonial Norte;;5;1
Garufa Club;Garufa;5;1
Imperator;;5;1
Atope / Vangelis;Atope;5;1
Pub Terra;Terra;5;1
Ernesto's Vieja Banda;;5;1
Memphis;;5;1
Disco Xenon;;5;1
Sala Santissimo;Santissimo;5;1
Discoteca Tumbao;Tumbao;5;1
Rosso;;5;1
Espai Titus;;5;1
Gatzara;;5;1
Zar;;5;1
Matinée Barcelona Events;;5;1
Alameda 47;;5;1
Mardi Gras;;5;1
Rutschbahn;;5;1
Oh My God;;5;1
Qué Sabor;;5;1
El Altar;;5;1
Sala Totem Aretoa;Totem Aretoa;5;1
Flanagans;;5;1
Hache;;5;1
Mambo Club;Jaleo;5;1
Dondiavolo;;5;1
Rock Museum;;5;1
Ocean León;;5;1
Krater Rock City;;5;1
Filomatic;;5;1
Ático Pub;;5;1
Da-Yes Club;Da-Yes;5;1
Sala Malavida;Malavida|Leclub Sala;5;1
Sarcus;;5;1
Hell Dorado;;5;1
Coocon Club;Coocon;5;1
bambú;;5;1
Imprenta;;5;1
Discoteca Bahía San Vicente;Bahía San Vicente;5;1
Kindin Kandan;;5;1
La Daurada;;5;1
la guinda ii;;5;1
El 5º Pino;;5;1
Beach Club;;5;1
West Theatre;;5;1
Roxel;;5;1
Valentines;;5;1
Sunlux;;5;1
Mi Tierra;;5;1
Jet Set Music Club;Jet Set;5;1
Sarao;;5;1
Plié;;5;1
Borinquen;;5;1
La Guarida del Ángel;;5;1
Barroko's;;5;1
Costa Breve;;5;1
Parabarap;;5;1
RockStar;;5;1
Astaroth;;5;1
El Infierno;;5;1
Templum Vera;;5;1
The Capital Latin Bar;Capital Latin Bar;5;1
Blaster;;5;1
Macera Club;Macera;5;1
Las Palmeras;;5;1
Tsunami;;5;1
Discoteca Plató;Plató;5;1
Valhalla;;5;1
Sarau 08911;;5;1
Eurofiestas;;5;1
Sala Sümmum;Sümmum;5;1
Copper;;5;1
Discobar La Fortaleza;La Fortaleza;5;1
Candela Disco Pub;;5;1
Sala Enter;Enter|Vaivén;5;1
Set Disco SDR;;5;1
Nana;;5;1
Zooilógico Music;;5;1
Black Pearl;;5;1
Taok;;5;1
Disco Pab Amnesia;Pab Amnesia;5;1
La Gacela Club;La Gacela;5;1
Erótika;;5;1
Asklepios;;5;1
Terraza de verano Manhattan;;5;1
Chaston;;5;1
CLAP Mataró;CLAP;5;1
Tajator;;5;1
Regine's;;5;1
Salsa Rosa;;5;1
Sala Cientocero;Cientocero;5;1
Yambu;;5;1
Tropikana Disco;Tropikana;5;1
Stigmata Vampire & Gothic Club;Stigmata Vampire & Gothic;5;1
Ilusion;;5;1
Entença 214 Skylab;;5;1
Liberty Private Club;Liberty Private;5;1
Icon Bar;;5;1
Rags Nightclub Tenerife;;5;1
Discoteca El Son;El Son;5;1
El Cafetal;;5;1
Level disco pub;;5;1
La Picaresca;;5;1
Maxy;;5;1
Tokio Joe's;;5;1
Sala Manolita;Manolita;5;1
Black & White;;5;1
Vanitas;;5;1
Manitú;;5;1
Merecumbe;;5;1
Riu Palace;;5;1
Roma;;5;1
Gaudí;;5;1
Joker Deluxe;;5;1
Nunca Jamás;;5;1
La Biblio;;5;1
Music Park;;5;1
Decapolis;;5;1
Zentral;;5;1
Subsuelo;;5;1
Sala M100;M100;5;1
Sala Impala;Impala;5;1
Manolo La Nuit;;5;1
Moondance;;5;1
Don Vito;;5;1
Gavana;;5;1
Johnnie Gunilla;;5;1
Smile;;5;1
Zona Zero;;5;1
Tortilla Madrid;;5;1
Pop and Roll;;5;1
Arena Xperience;;5;1
Convento;;5;1
A Quién le Importa;;5;1
La Ducha;;5;1
Oceanic;;5;1
Lombok;;5;1
Zambra;;5;1
La Trocola;;5;1
Discoteca Olympo;Olympo;5;1
Discoteca La Moncloa;La Moncloa;5;1
Lowe;;5;1
Punta Cana Murcia y Cachimbas;;5;1
Penturbia;;5;1
Pub Cabana;Cabana;5;1
Taurus;;5;1
Cristal Disco Pub;;5;1
Music Bar Siles;;5;1
Heroe Bar de los 80;;5;1
Bar Candy (disco-pub);Bar Candy;5;1
Saoco;;5;1
Arcs Music Club;Arcs;5;1
Aguafer;;5;1
The;The Cazbah Live Lounge;5;1
Nits;;5;1
Music Eclipse;;5;1
The Explorers Cafe;Explorers Cafe;5;1
Carribean's;;5;1
BoB’s Disco & Bar;;5;1
disco phoenix;phoenix;5;1
Discoteca Kauai;Kauai;5;1
Discoteca Metamorfosis;Metamorfosis;5;1
Pub Deluxe;Deluxe;5;1
Pub Principal;Principal;5;1
Discoteca Cirius;Cirius;5;1
Encuentros VIP Madrid;;5;1
Dolce;;5;1
Barracuda Rock Bar;;5;1
Sala La 2;;5;1
Sala Even;Even;5;1
O'hala Lounge & Disco;O'hala Lounge &;5;1
Sala de festes Yaya;de festes Yaya;5;1
Bembé Club;Bembé;5;1
Aruba;;5;1
Alma;;5;1
Club De Padel Sto.;De Padel Sto.;5;1
Canteo;;5;1
Sala Leblón;Leblón;5;1
Elefante Blanco;;5;1
Discoteca Shératon;Shératon;5;1
SWAG Ibiza;;5;1
Plastik;;5;1
Disco Pub Mamangú;Mamangú;5;1
Stardust Club;;5;1
MK Arena Tanzpalast;Münchner Kindl Arena;5;1
Sala Mytho;Mytho;5;1
La Casa del Loco;;5;1
Capitolio;;5;1
Pompeya;;5;1
L'Fresh;;5;1
Babilonia;;5;1
L'Frehs;;5;1
Pub Bassico;Bassico;5;1
Amsterdam Club;Amsterdam;5;1
Bávaro Lounge disco;Bávaro Lounge;5;1
Pub La Jaula;La Jaula;5;1
Pub Night Club Soul;Night Club Soul;5;1
Bendito Club;Bendito;5;1
Discoteca Kopas Club;Kopas;5;1
Epoka the Club;;5;1
Ozono Discoteca;Ozono;5;1
Big One;;5;1
Punto Y Aparte;;5;1
Budha Social Club;;5;1
Club NL Mallorca;NL Mallorca;5;1
Discoteca Caney;Caney;5;1
Kaótico Alternative Disco Bar;;5;1
Sala Red Star;Red Star;5;1
Macan Lounge Club;Macan Lounge;5;1
Rumba Latina;;5;1
Séptimo Cielo;La Santa;5;1
Pub Rolling;Rolling;5;1
Wolf;;5;1
K-nalla;;5;1
P3;;5;1
Silvers;;5;1
Non the Club;Non;5;1
Dady;;5;1
The Time Club;Time;5;1
Tennessee;;5;1
Cassette;;5;1
ZZ Pub;;5;1
Tekendama;;5;1
Coboo;;5;1
Blue Sea;;5;1
Menta Microclub;;5;1
Luminata;;5;1
Stop;;5;1
New Eagle Pass;;5;1
Boss;;5;1
Bellaco Club;Bellaco;5;1
Latino Pub;;5;1
Discoteca Chris;Chris;5;1
Código 78;;5;1
Bunker;;5;1
Peluche's;;5;1
Disco Pub Algayda;Algayda;5;1
El Bulevar;;5;1
K-Ché;;5;1
Uñas Chung Lee;;5;1
Chiri Club;Chiri;5;1
Groiter;;5;1
Bravia;;5;1
Calle 365;;5;1
Vanité Exclusive Club;Vanité Exclusive;5;1
Euforia 504;;5;1
MaKumba;;5;1
tipic Club Formentera;tipic;5;1
Góngora Gran Café;;5;1
Sala Cleopatra;Cleopatra;5;1
Calentito;;5;1
Tussa;;5;1
La Muss;;5;1
Black Note;;5;1
El Fogón Rojo;;5;1
Monkey Bar;;5;1
Club Shooters Mallorca;Shooters Mallorca;5;1
Sala Kominsky;Kominsky;5;1
Disco Bar 538;538;5;1
Koppas;;5;1
Tontea;;5;1
Taboo;;5;1
Límite;;5;1
Latinos;;5;1
Discoteca London;London;5;1
Myths;;5;1
Believe Club;Believe;5;1
Sala 2piR;2piR;5;1
Beracay;;5;1
Discoteca Maracaibo;Maracaibo;5;1
Night flight;;5;1
El Molino;;5;1
Diagonal;;5;1
fomo;;5;1
Pícaro;;5;1
La Q' Manda;;5;1
Quién La Invitó?;;5;1
Maruja Limón;;5;1
Boom Boom Boom;;5;1
La radio;;5;1
La Iguana Club;La Iguana;5;1
Red Club Cielo;;5;1
Discoteca Blue Dolfin;Blue Dolfin;5;1
DLC Kultur;;5;1
Maraquita;;5;1
Tuyo & Mío;;5;1
¡Hola! Canteras Club;¡Hola! Canteras;5;1
Repalay sala multiusos;;5;1
Kudeta Santander;;5;1
Harbour Vilagarcía;;5;1
La Fábrica de Chocolate Club;La Fábrica de Chocolate;5;1
Inn Club;Inn;5;1
Sala Urania;Urania;5;1
The Trooper;Trooper;5;1
El Pueblo Café Cultural;;5;1
Vibra;;5;1
Sideral;;5;1
Borgia;;5;1
Aguacate Club La Gomera;;5;1
Clandestino;;5;1
D'Level;;5;1
Luna Nueva;;5;1
Supersonic;;5;1
Rosales;;5;1
Eclipse;;5;1
Más que copas;;5;1
Iguana Port;;5;1
Barsovia Club;Barsovia;5;1
Brutal Club;Brutal;5;1
Tomodachi;;5;1
Gong Galaxy Club;Gong Galaxy;5;1
Cathedral Club;Cathedral;5;1
Moonlight;;5;1
Weed Park Barcelona;;5;1
Badamola;;5;1
Pub The Garden;The Garden;5;1
El Patio Disco-Bar;;5;1
Sa Mostra;;5;1
The Suite;Suite;5;1
Le Club Déjàvu;;5;1
L’Ou;;5;1
Discoteca Brisa;Brisa;5;1
Refugio Patagonia;;5;1
Monn's;;5;1
Cotton Pub;;5;1
Tekila;;5;1
555 Disco Milico Pub;;5;1
Disco Cristal;Cristal;5;1
Fluid;;5;1
A pasarela;;5;1
Ritmo Latino;;5;1
Mango's;;5;1
Terry's Show Bar;;5;1
Noxon;;5;1
La Claxe;;5;1
(moments);;5;1
Macarella;;5;1
George Best Rock Club;George Best Rock;5;1
Salaero;;5;1
Terraza New Shapire;;5;1
New shapire;;5;1
Sala Vivaldi;Vivaldi;5;1
Maricon Ghetto LGBT+ bar;;5;1
Aire Chicas;;5;1
Momento Marbella;;5;1
Disco VIP’S Calafell;VIP’S Calafell|VIP’S;5;1
BGB;;5;1
Tizón;;5;1
Dilema Indie Club;Dilema Indie;5;1
Aipol;;5;1
Discoteca NouSet;NouSet;5;1
Manama;;5;1
Gargol;;5;1
The Jungle Gay Bar Fuerteventura;Jungle Gay Bar Fuerteventura;5;1
Nudo Beach Club;Nudo Beach;5;1
Syldavia;;5;1
BRØ Malaga;;5;1
TC Castellana;;5;1
Four Roses;;5;1
Panda Club Madrid;;5;1
Euphoria Club;Euphoria;5;1
Sala Lux;;5;1
Sala Evening;Evening;5;1
Discoteca 32;;5;1
Nocta Granada;Nocta;5;1
Essenzia;;5;1
Bereber;;5;1
Hoyo;;5;1
Blue Monkey;;5;1
Louie Louie;;5;1
Bonboniere;;5;1
Bless Club;Bless;5;1
Lemmon;;5;1
Coltán;;5;1
Heaven's Gate;;5;1
Magnifique;;5;1
Otra Noche;;5;1
Iguanna Club;Iguanna;5;1
Kinza;;5;1
Vizzio;;5;1
Occo;;5;1
Elysium;;5;1
La Bombolla / Sala La Mirona;La Bombolla;5;1
Pigmalyon;;5;1
Big Ben;;5;1
Urbn;;5;1
Moss Club;Moss;5;1
Albacara Baeza;Albacara;5;1
Taxara;;5;1
EBS Bar Musical;;5;1
La Kamba;;5;1
Sala Custom;Custom;5;1
Discoteca Rock Dur;Rock Dur;5;1
Pub El Paso;El Paso;5;1
Pub JL21;JL21;5;1
Clandestino Silentium Club;Clandestino Silentium;5;1
El Ranxo;;5;1
Spook Multiespacio;;5;1
Cocoa Mataró;Cocoa;5;1
Discoteca Vogue;Vogue;5;1
Blue Marlin Ibiza;;5;1
Discoteca Élite;Élite;5;1
Norma;;5;1
La Flor de Montouto;;5;1
Farah's;;5;1
Sala Stroika;Stroika;5;1
Gambolio Music Club;Gambolio;5;1
Nova Exágono;;5;1
Sa Màquina;;5;1
Discoteca de Verano Noviembre;de Verano Noviembre;5;1
A MAravilla;;5;1
Bonannara;;5;1
Sethi;;5;1
Kalymnos disco;Kalymnos;5;1
Sala Silikona;Silikona;5;1
Discoteca Gares;Gares;5;1
Feeling;;5;1
High Cube;;5;1
Ginger;;5;1
El Tejar;;5;1
Que de Que;;5;1
Molly Malone's;;5;1
Dn7;;5;1
Physical;;5;1
Keops;;5;1
Club Saturday;Saturday;5;1
l'Era del Sot;;5;1
Born Vic;Born;5;1
Complejo Vértigo;;5;1
Malasanta;;5;1
Discoteca Holyday;Holyday;5;1
Pub RPM;RPM;5;1
Disco-bar Quality;Quality;5;1
Eleven;;5;1
Flash Back;;5;1
La Cage Salou;La Cage;5;1
Fata Morgana;;5;1
Millennium Cosmic Club;Millennium Cosmic;5;1
Trips Summer Club;Trips Summer;5;1
Gizeh;;5;1
La Isla;;5;1
Covers;;5;1
Fònica;;5;1
Paddock;;5;1
Discoteca El Peral;El Peral;5;1
Verbena El Peral;;5;1
Sala Kaya;Kaya;5;1
Disco Athena;Athena;5;1
7 Rosas;;5;1
Sala Olvido;Olvido;5;1
Mil·leni;;5;1
El Cid;Harlem;5;1
Amazonia;;5;1
Discoteca Pampol's;Pampol's;5;1
Discoteca Coloors;Coloors;5;1
Lola's;;5;1
Fedra;;5;1
Zona cinco;;5;1
Menta;;5;1
Txitxarro;;5;1
Laos;;5;1
Avyca Ibiza;;5;1
Pearl Lounge Cafe;;5;1
Eros;;5;1
Discoteca ZUL;ZUL|Hospital minero de las compañías de Dícido y Setares;5;1
Disco Pub Ohana;Ohana;5;1
Coliseo;;5;1
Jumanji;;5;1
Feelings;;5;1
Universo;;5;1
Dona Dana;;5;1
El Molino de Utiel;;5;1
Sala Castillo;Castillo;5;1
Discoteka La Bamba;;5;1
Discoteca Quattro;Quattro;5;1
Sala New;New;5;1
La Molineta;;5;1
Discoteca Candy;Candy;5;1
Sala Ventorillo;Ventorillo;5;1
Disco Pub Wood;Wood;5;1
Discoteca El Olivar;El Olivar;5;1
Discoteca Saxo Moraira;Saxo Moraira|Saxo;5;1
Dunna;;5;1
La Terraza;;5;1
Be disco;;5;1
Bass;;5;1
Muévete;;5;1
Polivalente;;5;1
Antigua Discoteca;Antigua;5;1
Pub Transylvania;Transylvania|Sala Transylvania;5;1
Litmar;;5;1
Circoloco at DC-10;;5;1
Flippy;;5;1
Sala Bóveda;Bóveda;5;1
"Discoteca ""La Palapa""";"""La Palapa""";5;1
Sempa;;5;1
Café Cultural Auriense;;5;1
Nou club;Nou;5;1
Bora Bora;;5;1
Sala Vol;Vol;5;1
Magazine Club;Magazine;5;1
Iris Night Club;Iris;5;1
Sabinas Club;Sabinas;5;1
Carpes Vig;;5;1
Ambibú;;5;1
Malaspina;;5;1
Nightclub Copas;Copas;5;1
Costa Latina;;5;1
Club EVA;EVA;5;1
La Pepa Fest;;5;1
La Nube;;5;1
Lit;;5;1
Titus Carpa;;5;1
Turini Club;Turini;5;1
Magina Summer;;5;1
Charko´s;;5;1
Disco lares;lares;5;1
Disparate;;5;1
Luna Loca;;5;1
BClub;;5;1
La Almendra Dorada;;5;1
Sala Kèfem;Kèfem;5;1
Discoteca Oms Club;Oms;5;1
"Disco-pub "" El diablo""";""" El diablo""";5;1
2046;;5;1
Buddha Benicàssim;;5;1
Teatre Sant Cugat · Night Scene;;5;1
ONA;;5;1
Malalts de Festa;;5;1
Bar-discoteca Chronos;;5;1
Kfè Olé;;5;1
Nooba Igualada;Nooba|Èpic Disco;5;1
Complejo Jaleo;;5;1
Horus;;5;1
Disco Maxim;Maxim;5;1
Sala de Fiestas-Discoteca Paulino;de Fiestas-Discoteca Paulino;5;1
Sommerland;;5;1
El Colp;;5;1
Playa Varadero;;5;1
Vernissage;;5;1
Tigre;;5;1
Discoteca Juanchito;Juanchito;5;1
B3;;5;1
El Molino Rock;;5;1
Kubik;;5;1
MaKumba Priveé Calafell;MaKumba Priveé;5;1
Pub Wallaby's Creek;Wallaby's Creek;5;1
Sala Chocolatte;Chocolatte;5;1
Lima Limon Terraza;;5;1
Biento;;5;1
Mumbaï Club;Mumbaï;5;1
La Nave Disco;La Nave;5;1
Teteo;;5;1
El Pilarejo;;5;1
D8 Sorkuntza Faktoria;;5;1
Sala KS;;5;1
Coliseum Sala;;5;1
Omaha Chic;;5;1
Disco Mary's;Mary's;5;1
Cum Laude;;5;1
Winter;;5;1
El Duende;;5;1
Pub Whisky;Whisky;5;1
Sala DeVizio;DeVizio;5;1
Sala Tango Noches;Tango Noches;5;1
Aire / Arena Clàssic;Aire;5;1
Metro Disco BCN;;5;1
Candy Warhol;;5;1
Veto Social Club;Veto;5;1
Wamba;;5;1
Zurich;;5;1
Sala Héroe;Héroe;5;1
Mediterrania Disco L'Ampolla;;5;1
Charlot;;5;1
Campvs;Campus;5;1
Golden Box;;5;1
Antiga Discoteca Supernova;;5;1
Hill Lleida;;5;1
Discoteca Lingunde;Lingunde;5;1
Karibú;;5;1
Discoteca Louie Vega;Louie Vega;5;1
Waikiki;;5;1
Antiga Discoteca Chrysalis;Discoteca Chrysalis|Chrysalis|Chrysalis Discotheque Valls;5;1
XtraLrge Playground;;5;1
Unic Daily Goodness;;5;1
Marmarela;;5;1
Reset Club;Reset;5;1
Ku Barcelona;;5;1
City Hall;;5;1
W Barcelona - Noxe;W Barcelona;5;1
CDLC - Carpe Diem;;5;1
Pikes Ibiza;;5;1
INPUT High Fidelity Dance Club;INPUT High Fidelity;5;1
Poble Espanyol Barcelona;Poble Espanyol;5;1
Slow Club;Slow;5;1
Latex Club;Latex;5;1
BSD - Thäo;BSD;5;1
Pirandello I - II - III;Pirandello I;5;1
Upload;;5;1
Sol House Mallorca Mixed By Ibiza Rocks;;5;1
Marina Norte;;5;1
Esferic BCN;;5;1
Nazca Events Club;Nazca Events;5;1
Ballesta club;Ballesta;5;1
Atlantic Club Barcelona;Atlantic Club;5;1
Committee Valencia;Committee;5;1
Electro Time Machine;;5;1
Círculo de Bellas Artes;;5;1
Rouge Sound Club;Rouge Sound;5;1
Carnaval de Terra Endins;;5;1
Ultraclub Millennium;;5;1
Red58;;5;1
Garage 442;;5;1
El Moscou;;5;1
Club Ágora;Ágora;5;1
Sala La Calle;La Calle;5;1
Solar Sounds;;5;1
Destino Pacha Ibiza;Destino Pacha;5;1
Sala La Mirona;La Mirona;5;1
Bosc Tancat / Diverbosc;Bosc Tancat;5;1
Jauja Port;;5;1
Catamaran Sensation;;5;1
Aquatic Paradise Sitges;Aquatic Paradise;5;1
Stella;;5;1
The Lenovo GARAGE - Autocine Madrid;The Lenovo GARAGE|Lenovo GARAGE - Autocine Madrid|Lenovo GARAGE - Autocine|Lenovo GARAGE;5;1
Sidecar Factory Club;Sidecar Factory;5;1
Mucho;;5;1
Maluka Clubbing;;5;1
Zenith Club;;5;1
Casa Suecia;;5;1
Sala Dresden;Dresden;5;1
Cocoa Beach Club;Cocoa Beach;5;1
Veles e Vents;;5;1
Teatro El Principito;El Principito;5;1
LANNA Club;LANNA;5;1
Platform7;;5;1
Papagayo Tenerife;Papagayo;5;1
Matrix Torremolinos;;5;1
The Jungle Dance Floor;Jungle Dance Floor;5;1
Golf Serres de Pals;;5;1
The Hive;Hive;5;1
Teatro Gran Maestre;Gran Maestre;5;1
Social Club Mallorca;;5;1
M7 The Club;;5;1
Los Ángeles de San Rafael;;5;1
Peter Rock;;5;1
Papillon Platja D'Aro;;5;1
Dreamers Marbella;Dreamers;5;1
Cuartel General Luque - INCA;Cuartel General Luque;5;1
Sky Bar Barcelona;Sky Bar;5;1
Boulevard Club | Sala WAVE;Boulevard Club|Boulevard;5;1
El Fabuloso Club Ibiza en COVA SANTA;;5;1
San Miguel de Abona;;5;1
Lost Ranxx;;5;1
Wateke;;5;1
Tántalo Cartagena;;5;1
Sala 0;;5;1
Tao Tenerife;Tao;5;1
Flash;;5;1
Maspalomas Pride;;5;1
Titus Carpa Badalona;;5;1
Moli Javea;;5;1
Montanejos;;5;1
Jagger Club;Jagger;5;1
Alive Club;Alive;5;1
Ikibana Sarrià;;5;1
Azza Club;Azza;5;1
Live Las Ventas;;5;1
Auditori La Mercè;;5;1
Funky Buddha Puerto Banús;;5;1
Detroit Club;Detroit;5;1
Carpas Costa Este;;5;1
Opium Beach Club Marbella;Opium Beach Club;5;1
Seaseaclub;;5;1
Intime Club Prive;;5;1
Torreluna;;5;1
OPE Moraira;;5;1
Meraki Beach Sky Bar;;5;1
Sala Las Vegas;Las Vegas;5;1
berlinClub;;5;1
Tabú Terraza;;5;1
Upper Club Madrid;Upper Club;5;1
Monocle Club;Monocle;5;1
AlteratE Club;AlteratE;5;1
Havana Beach Club;Havana Beach;5;1
WAX;;5;1
Zona El Parking;;5;1
Kafka Club;Kafka;5;1
Rachdingue;;5;1
Glitch Club;Glitch;5;1
MIO Club;MIO;5;1
Viso Social Club;Viso;5;1
Palau Alameda;;5;1
Navû Granollers;;5;1
La Perla Club;La Perla;5;1
True Club Torremolinos;;5;1
Barber Club;Barber;5;1
V de Vegas;;5;1
Sala Prince;Prince;5;1
Anvil Live Pub;;5;1
Snowdaze;;5;1
Goteo Club;Goteo;5;1
Sens Night Club;Sens;5;1
Fulanita Vip Club;Fulanita Vip;5;1
Twenties Barcelona;Twenties;5;1
Muviment;;5;1
THE ACADEMY Urban Music;ACADEMY Urban Music;5;1
Electrona Club;Electrona;5;1
Octan Ibiza;;5;1
Palmetum Santa Cruz;;5;1
Craws Nest;;5;1
Seven Club Manresa;;5;1
Flaherty's;;5;1
Queen Vic;;5;1
SandDance Pool Club;SandDance Pool;5;1
AutoCine Manilva;;5;1
La Isla Summer Club by El Vagon;La Isla Summer Club|La Isla Summer;5;1
Velvet Victory Beach Club;Velvet Victory Beach;5;1
Mas Sorrer;;5;1
Sala Canal;Canal;5;1
Macrobiotic Zen Barcelona;Macrobiotic Zen;5;1
Saravà;;5;1
Sala Specka;Specka;5;1
Ten10 Laseda;;5;1
Mas Viladevall;;5;1
Tanqueray Room;;5;1
Alma Beach Ibiza;;5;1
DFONT Lounge Club;DFONT Lounge;5;1
Bizkaia Arena Bec;;5;1
Mamva;;5;1
Sala Cuatro;Cuatro;5;1
ICE BAR Barcelona;ICE BAR;5;1
Veridis.co;;5;1
Romeo’s Motel & Diner;;5;1
Playa Opium;;5;1
JazzWorld Congress;;5;1
Mooma;;5;1
Nösha The Klub;;5;1
BANDO Arts Club;BANDO Arts;5;1
Son Amar;;5;1
Santa María Polo Club Sotogrande;Santa María Polo Club;5;1
Eurohotel Diagonal Port;;5;1
Mogli Marbella;Mogli;5;1
Café del Mar Torre del Mar;;5;1
Masía de Lacy;;5;1
Downtown Club Barcelona;Downtown Club;5;1
Recinte Firal de Terrassa;Recinte Firal de;5;1
Llit del Túria;;5;1
Manhattan Benidorm;Manhattan;5;1
Loudclub;;5;1
Buena Onda Social Club;Buena Onda;5;1
La Odisea Disco Club;La Odisea Disco;5;1
Sala Starving;Starving;5;1
Nou Platea Girona;Nou Platea;5;1
El Caño;;5;1
Poligono Altura (CS);Poligono Altura;5;1
Kumarah;;5;1
Hi Castle;;5;1
BLVD;;5;1
Le Lounge;;5;1
Hyde Club Barcelona;Hyde Club;5;1
Sala 0 Madrid;0 Madrid;5;1
WOW Club Manresa;;5;1
Tunnel Barcelona;;5;1
Panthera;;5;1
Fan Club;Fan;5;1
BADIU Cerdanya;;5;1
Bedroom Music Hall;;5;1
Salón Socio - Cultural de Altura;Salón Socio;5;1
Terraza 360º;;5;1
Rothus;;5;1
COCOBONGO,s MAGALUF;COCOBONGO,s;5;1
El Rancho;;5;1
Sala Kue;Kue;5;1
Bianco Shisha Lounge Club;Bianco Shisha Lounge;5;1
Soniquete Matinal;;5;1
Kiss Dance Club;;5;1
Carnaval Sitges;Carnaval;5;1
Sound Factory;;5;1
Space Cowboy;;5;1
Strong;;5;1
La Que Se Lía;;5;1
Muy Bendito;;5;1
Hood Dogs Planet;;5;1
Sotto;;5;1
Bisou;;5;1
EGO;;5;1
Ykebana;;5;1
Boicot BCN;;5;1
MYMO Madrid;MYMO;5;1
Ego Confidential Club;Ego Confidential;5;1
Zulú Klub;;5;1
Enbabia Library;;5;1
Tanker;;5;1
Hyatt Regency Barcelona Tower;;5;1
Colors Club Barcelona;Colors Club;5;1
Furia Beach Barcelona;Furia Beach;5;1
Blue Garden;;5;1
La Central;;5;1
Salinas de Chiclana;;5;1
Marbella Arena;;5;1
Sun Ray;;5;1
Casino La Floresta;;5;1
Toy House;;5;1
Aqua Ocean Club;Aqua Ocean;5;1
Ocean Club Maspalomas;;5;1
Mirage House;;5;1
Cabalgata Carnaval Maspalomas;Cabalgata Carnaval;5;1
Bahama Beach Club;Bahama Beach;5;1
Alboroto Las Palmas;;5;1
Fosforito Madrid;Fosforito;5;1
Gatsby Gran Canaria;;5;1
Lolas Club Eivissa;;5;1
El Junco;;5;1
Wave;;5;1
Terraza Bambú Lounge Bar;;5;1
Tantra Ibiza;Tantra;5;1
Old Glass Factory;;5;1
Villa Panthera;;5;1
La Ritmica Club;La Ritmica;5;1
Tuk Tuk Ibiza;Tuk Tuk;5;1
Chevy's Bar Barcelona;Chevy's Bar;5;1
Sala 360;360;5;1
Agua Bendita;;5;1
Masía de San Antonio;;5;1
Chester Club Las Palmas;;5;1
Chester Club Meloneras;;5;1
Chester Beach Club;Chester Beach;5;1
Forum Station;;5;1
The Loft Fuerteventura;Loft Fuerteventura|Loft;5;1
Florida Mijas Beach;;5;1
Blu Puerto Sherry;;5;1
Underground Group;;5;1
NAÔ Pool Club;NAÔ Pool;5;1
Pelikano Unusual Club;Pelikano Unusual;5;1
Open Club;Open;5;1
Festigrao;;5;1
Liberata Madrid;Liberata;5;1
Marusha Society;;5;1
Bocanegra;;5;1
Grand Paradiso Ibiza;Grand Paradiso;5;1
Finca San Isidro;;5;1
Unlimited Barcelona;Unlimited;5;1
Puerto Bahía Club de Mar;;5;1
Can Viver De La Serra;;5;1
Toy Room;;5;1
Sala Bravatta;Bravatta;5;1
TAO Club & Garden;;5;1
La Pinada Fun;;5;1
B-Side Club // Corralejo · Fuerteventura;B-Side Club // Corralejo ·;5;1
Baccus Night Club;Baccus;5;1
Supernova Club;Supernova;5;1
Secret Warehouse;;5;1
Formato Club;Formato;5;1
Sala Atelier;Atelier;5;1
Sweet Pacha;;5;1
Salones President;;5;1
Insomnia Móstoles;;5;1
M Club;;5;1
Tropical Palace;;5;1
Techno Room Club;Techno Room;5;1
El Cortijo de San Ignacio;;5;1
Upikum Club;Upikum;5;1
Coctelería Cerveceria Triángulo;;5;1
Moreira Beach;;5;1
Premier Bilbao;Premier;5;1
Club MiraBlau;MiraBlau;5;1
NUI Ibiza;NUI;5;1
Bendita Palma;;5;1
Sa Cova de S' Embat;;5;1
Skyfall Cocktail Club;Skyfall Cocktail;5;1
Scarlett Girona;Scarlett;5;1
Salón Multiusos de Bejís;Salón Multiusos de;5;1
Jacqueline Barcelona;Jacqueline;5;1
Tresaeme Club;Tresaeme;5;1
Club Jaleo;;5;1
Intruso Bar;;5;1
PULSE - Isla Tortuga;;5;1
Imposible Club;Imposible;5;1
Zenith Club 360º (Skyfall);Zenith Club 360º;5;1
Carroza Oriental Events;;5;1
Sala Secta;Secta;5;1
La Biblioteca Vegueta;;5;1
Nica (Casa Bonay);Nica;5;1
Sala Cavally;Cavally;5;1
Duvet Barcelona;Duvet;5;1
Sala MUV;MUV;5;1
Opus Discoteca;Opus;5;1
Lío Mallorca;;5;1
Hemingway Cocktail Bar;;5;1
Kotaho;;5;1
La Cantina Deluxe;;5;1
Blue Marlin Ibiza Sky Lounge;;5;1
Atenea Sky;;5;1
Margarita Puerto Sherry;;5;1
Venice Bay;;5;1
Off Pulse;;5;1
Wall Street 55;;5;1
theCampamento - Llosa de Ranes;theCampamento;5;1
POSH Club;POSH;5;1
Salafònica;;5;1
404 Not Found Club;404 Not Found;5;1
Bosc de Can Ginebreda;;5;1
Ermita el Collet;;5;1
CCCC;;5;1
La Vermutante;;5;1
El Bosc;;5;1
WNOT Panorama Village;;5;1
Sitges Cala Vallcarca;;5;1
Stop in Brasil;;5;1
Terraza Kopa Las Palmas;;5;1
Magic Lounge Club;Magic Lounge;5;1
Rio Ibiza;Rio;5;1
The Penthouse by WOW;Penthouse by WOW|Penthouse;5;1
HOLA Club Sitges;;5;1
Monaco Club by Oriental;Monaco Club|Monaco;5;1
Castillo San Jose - Arrecife;Castillo San Jose;5;1
Palacio de Atocha;;5;1
Sala Bukan Málaga;Bukan Málaga|Bukan;5;1
Finca Los Angeles;;5;1
Boat Party Gran Canaria;;5;1
Beout;;5;1
El Cielo Pacha;;5;1
Wonder HIFI Cocktail Studio;;5;1
Faro De Moncloa;;5;1
Club Carola Morena;Carola Morena;5;1
La Roca Mallorca;;5;1
Aqua Emporio;;5;1
Macarella Mediterranean Club;Macarella Mediterranean;5;1
La Textil;;5;1
Sala Enfinite;Enfinite;5;1
The Cbdpowers X Games;Cbdpowers X Games;5;1
Huerto De Bonet;;5;1
FLUX;;5;1
Wakaya Lounge;;5;1
Playa Soleil Ibiza;Playa Soleil;5;1
Port Olímpic;;5;1
Killing Time;;5;1
Turo Fest;;5;1
Canalla Port D’Aro;;5;1
RoomTo Studios;;5;1
Selva Club Bilbao;;5;1
OUT Ibiza;OUT;5;1
Real Club Náutico de Gran Canaria;;5;1
Forever La Terraza;;5;1
Lost in Beats;;5;1
El Beach Estepona;;5;1
Marea Beach Club;Marea Beach;5;1
Wakanda Music Club;Wakanda;5;1
Vogue22;;5;1
Karibu Beach;;5;1
Somnium Techno fest;;5;1
Playa de San Antonio;;5;1
Complejo Multiespacio Colosseo;;5;1
Times Square, International Music Club;Times Square, International;5;1
Broken Shaker Rooftop;;5;1
Can Darder Soul Events;;5;1
Pineda Fosca;;5;1
Marea Beach House;;5;1
La Nit de l'Auba;;5;1
AxelBeach Maspalomas;AxelBeach;5;1
La Costa Ametlla de Mar;;5;1
Venue de Prueba;;5;1
Lighthouse;;5;1
Jamboree Jazz Club;Jamboree Jazz;5;1
El Caserio;;5;1
Sonno Club;Sonno;5;1
Brufols Beach Club;Brufols Beach;5;1
Surkos;;5;1
Edden;;5;1
Karting Ten Kartpetania;;5;1
Hemisferic;;5;1
Autocines Málaga;Autocines;5;1
Tierra Brava;;5;1
Santa y Diabla;;5;1
Uribe Productions;;5;1
Azotea de Benito;;5;1
Katos Disco;Katos;5;1
Gabinete Literario;;5;1
Bridge_48;;5;1
Clandestino Cocktail & Music;;5;1
Finca La Concepción;;5;1
G69 Concept Store;;5;1
Imperial Meeting Point;;5;1
Hot Spot;;5;1
Kandinsky Lounge Club;Kandinsky Lounge;5;1
The Social Hub Bar;Social Hub Bar;5;1
The Garage of Bass Valley;Garage of Bass Valley;5;1
Pure Club;Pure;5;1
Momo Club La Pinilla;;5;1
Soho Club Palma de Mallorca;Soho Club;5;1
Fever Bilbao;;5;1
Teatro Ibiza;Ibiza;5;1
NegroRojo;;5;1
Enredo;;5;1
Anaya Bistró;;5;1
Fitclub Collective Madrid;Fitclub Collective;5;1
Punto Caliente;;5;1
Club Marítimo Varadero;Marítimo Varadero;5;1
Mítics Club;Mítics;5;1
Oblicuo Hi-Fi Bar;;5;1
Proyektx;;5;1
La Baranda Masái;;5;1
Junk Club;Junk;5;1
Bribón del Puerto;;5;1
303 Audiophile Bar;;5;1
Anfiteatro de Siam Park;;5;1
Nommad;;5;1
ParcArt;;5;1
Alquimista;;5;1
Tulum Valencia Art of Wild;;5;1
Teatro Albeniz;Albeniz;5;1
Sala Potemkim;Potemkim;5;1
Sala Fanatic Sevilla;Fanatic Sevilla;5;1
Castillo de Montjuïc;;5;1
Casa Barré;;5;1
Onoé Lebanese Bistrot;;5;1
Espai Vallbona;;5;1
Carrer Puigmarti;;5;1
Over Club Alicante;Over Club;5;1
X Private Club;X Private;5;1
Cavas Vilarnau;;5;1
HIFI Valencia;HIFI;5;1
Barraca Bus;;5;1
Terraza Miramar;;5;1
Rubicon;;5;1
Nómada;;5;1
EsBirra;;5;1
Melao 2.0;;5;1
Lasociaciøn;;5;1
Atlantic Events;;5;1
ART Madrid Club;ART Madrid|ART;5;1
Upper Room Liberty Supper Club;Upper Room Liberty Supper;5;1
Secret Villa Cerdanyola;;5;1
La Nau de Barcelona;La Nau de;5;1
Opposite;;5;1
Roller Center Madrid;Roller Center;5;1
Satélite;;5;1
Playa s'Arenal;;5;1
Hard Lab;;5;1
Monkey Garage;;5;1
Málaga Forum;;5;1
ONIX;;5;1
MOSS CLUB Valladolid;;5;1
Club 85 (Budha);Club 85|85 (Budha);5;1
Yimby Street;;5;1
Venuë Xperience;;5;1
Motel Particulier;;5;1
Masia Cordellas;;5;1
78|33;;5;1
Garden;;5;1
Multispook;;5;1
Sundara Club;Sundara;5;1
Hadley’s Club Mallorca;;5;1
Mumbai Xátiva;;5;1
Beach Tennis El Masnou;Beach Tennis;5;1
Fundació Festa Major De Gràcia;;5;1
Bombon Club;Bombon;5;1
Dunes;;5;1
El Sitio De Jaifa;;5;1
Club Socco;Socco;5;1
DiverBosc;;5;1
Villa Susi;;5;1
DEJA VÚ Mallorca;;5;1
Micolet vintage Max Center;;5;1
Es Jardí Mallorca;;5;1
Il Segreto di Pulcinella;;5;1
Ibiza Underground Club;Ibiza Underground;5;1
Carrer Fraternitat;;5;1
Gaudí Golf;;5;1
Silencio Beach;;5;1
Dancing Vinyl Record Shop;;5;1
Los Felices;;5;1
New One;;5;1
Mokai Beach Club;Mokai Beach;5;1
Casa Fataga;;5;1
The Jungle Club;Jungle;5;1
Nativa Disco;Nativa;5;1
Horno Beach Club;Horno Beach;5;1
Mesón Can Paco;;5;1
Castell de Fels;;5;1
Micolet vintage María Diaz de Haro;;5;1
Sunwaves;;5;1
Amano East Side;;5;1
Quinta Real de Pinares;;5;1
Riela Social Club;Riela;5;1
Goja Rooftop;;5;1
Micolet vintage Gijon;;5;1
Victoria;;5;1
INN Mallorca;;5;1
Alaire Rooftop Bar;;5;1
Bastian Beach Club;Bastian Beach;5;1
Alcorcón;;5;1
L´Estació Espai Gastrònomic;;5;1
Teatro Pavón;Pavón;5;1
Jaleo Village Zaragoza;Jaleo Village;5;1
Danza Club;Danza;5;1
Comissió de Festes Fraternitat de Dalt;;5;1
OA Beach Club;OA Beach;5;1
Mosty Cocktail Club;Mosty Cocktail;5;1
7Pines Resort Ibiza;7Pines Resort;5;1
Casa Bonafé Ibiza;Casa Bonafé;5;1
La Flaca Tardeo;;5;1
Club Sauvage;Sauvage;5;1
Casa de la Juventud;;5;1
Room The Only Club;Room The Only;5;1
Golden's;;5;1
Pueblo Español Palma de Mallorca;Pueblo Español;5;1
Tebas Disco Pub;;5;1
Secret Rancho;;5;1
Vraba Terraza;;5;1
Banana Beach Club;Banana Beach;5;1
Old Town Fuengirola;Old Town;5;1
Moonshine Club;Moonshine;5;1
Sala Vigo;Vigo;5;1
Sala Sevilla;Sevilla;5;1
Palacio de Congresos de Ibiza;Palacio de Congresos de;5;1
Bulan Social club;Bulan;5;1
Cafe Lisboa Music Bar;;5;1
Primera Dymension;;5;1
El Internacional;;5;1
Teatre Casal Francesc Macià de Centelles;Teatre Casal Francesc Macià de;5;1
Palau Olímpic de Badalona;;5;1
Salvaora Brown;;5;1
DOT;;5;1
Fade Club Barcelona;Fade Club;5;1
Sb Ramps;;5;1
Z_Klub;;5;1
Maldita Barra;;5;1
Next Clubbing;;5;1
La Carioca;;5;1
KINK Week End;;5;1
Beachcomber;;5;1
Pandora;;5;1
Zubiarte;;5;1
TATEL Valencia;TATEL;5;1
Sercotel;;5;1
Espacio La Biznaga;;5;1
Disco Q Pedralbes;Q Pedralbes;5;1
Antigua Fábrica ENMASA Mercedes-Benz;;5;1
Kinyxx Warehouse;;5;1
Atlantic Sound Barcelona;Atlantic Sound;5;1
Fórum Evolución;;5;1
Omnïa Global Music;;5;1
Limbo Barcelona;Limbo;5;1
Atzaró Ibiza;Atzaró;5;1
ATR café pub;;5;1
La Troya;;5;1
La Escuela de Ruzafa;;5;1
Eleven Rooftop;;5;1
Cohete: G Spot / Disco Bar;Cohete: G Spot;5;1
Viaje En Marruecos;;5;1
Iluzione Diagonal;;5;1
Origen el Valle;;5;1
Cupra City Garage Madrid;Cupra City Garage;5;1
Beso Pedralbes;;5;1
Fiskebar;;5;1
Subcero;;5;1
La Barberia;;5;1
Salas Puertosur Huelva;Salas Puertosur;5;1
AZUL Rooftop;;5;1
Castillo de Cartellá;;5;1
Teatro Pereyra;Pereyra;5;1
Muki Beach;;5;1
The Standard Ibiza;Standard Ibiza|Standard;5;1
The Play Room;Play Room;5;1
Ragnarok;;5;1
Tempo Club;Tempo;5;1
Inferno;;5;1
Mahaya Sunset Club;Mahaya Sunset;5;1
Bodegas José L. Ferrer;;5;1
Boca Chica Tenerife;Boca Chica;5;1
Sala Roka;Roka;5;1
Sublim Beach Club;Sublim Beach;5;1
Sercotel Amistad Murcia;Sercotel Amistad;5;1
Paradiso Time Out Market;;5;1
EuroHotel Castelló Estació;;5;1
Bechengue;;5;1
Nàutic;;5;1
LA GUINDA Rooftop;;5;1
TardeAR by Filial Argentina;TardeAR;5;1
Ocaña Club;Ocaña;5;1
Casal Marià;;5;1
Casino l’Aliança del Poblenou;;5;1
Dsoko Club Granada;Dsoko Club;5;1
Circo Raluy;;5;1
Square;;5;1
Terraza Lumiere;;5;1
90s Baby Tenerife;90s Baby;5;1
NRG Tenerife;NRG;5;1
WOLV;;5;1
Jaiba MX;;5;1
Tclub Alicante;Tclub;5;1
ROOM TO sessions;;5;1
Etnia Club;Etnia;5;1
Valhalla Beach Club;Valhalla Beach;5;1
San Telmo;;5;1
Sala Meteoro;Meteoro;5;1
Pagano Barcelona;Pagano;5;1
Casa Seat;;5;1
Madriz Eventos Embajadores;;5;1
Torre Busquet Manresa;;5;1
Condal CrossFit Barcelona;Condal CrossFit;5;1
Cohete;;5;1
Sal Negra;;5;1
Mykonos Huelva;Mykonos;5;1
Love Death Techno;;5;1
Perfect Host;;5;1
The Supermercat (Raval);The Supermercat|Supermercat (Raval)|Supermercat|Supermercat (Gotic);5;1
Matisse Club;Matisse;5;1
Los Roques - Cadaqués;Los Roques;5;1
Mir Racing Circuit Villena;;5;1
Hoyo10;;5;1
Botánic Miramar;;5;1
Jägermeister Night Embassy Madrid;Jägermeister Night Embassy;5;1
Can Tarranc;;5;1
Masebba Cocktail Bar;;5;1
Gato Nomada Sky Bar;;5;1
Sala Paral·lel 62;Paral·lel 62;5;1
Sottocosta Boat Barcelona;Sottocosta Boat;5;1
Munay Club;Munay;5;1
Café Teatro Llantiol;;5;1
Marina Sur;;5;1
Canavan’s Theatre - Irish;Canavan’s Theatre;5;1
Pangea Puerto Banus;;5;1
High Club Room;;5;1
La Flaca Taberna;;5;1
Bahama Beach House;;5;1
Hacienda 1676;;5;1
Sala Cactus;Cactus;5;1
Kiki;;5;1
Todos los Santos;;5;1
The 27 club;;5;1
Barrio Do Piñeiriño;;5;1
Casa de cultura Sant Francesc;;5;1
Insomnia Tenerife;Insomnia;5;1
Sotano Club;Sotano;5;1
Phase Club Madrid;Phase Club;5;1
Sway Soul;;5;1
MultiEspai Canal;;5;1
Sala la Milonga;la Milonga;5;1
Magerit;;5;1
Mandhala Club;Mandhala;5;1
Barceló León Conde Luna;;5;1
Casa Tata;;5;1
Miama Dance Club;Miama;5;1
Bloome by Sasha;Bloome;5;1
Eurostars Málaga;Eurostars;5;1
La Granja Farmhouse;;5;1
La Biblio BCN;;5;1
CopaCabana Aribau;;5;1
Seminari de Vic;;5;1
Lunita Can Pastilla;;5;1
Playland Gran Canaria;;5;1
Es Moli Club;Es Moli;5;1
SOMNIA Magic Bar;;5;1
MAMBO Sushi, Ramen & Cocktails;;5;1
CORE;;5;1
Club Malasaña;Malasaña;5;1
El 48 Club;;5;1
Thecirclevlc;;5;1
Alegal;;5;1
Sala The One;;5;1
La Cripta;;5;1
9D9;;5;1
Instituto Europeo Campus Stellae;;5;1
Boris Club;Boris;5;1
Novotel;;5;1
Merlin Disco Club;Merlin Disco;5;1
La Tajea;;5;1
BRO Malaga;;5;1
El Molí de Calvià;;5;1
Ciento y Pico;;5;1
Sercotel Guadiana;;5;1
Magic Rock Club;Magic Rock;5;1
Teatro Raval Gandía;Raval Gandía;5;1
LaFACT-Factoria Cultural de Terrassa;;5;1
Charlzz;;5;1
La Rítmica Espacio;;5;1
Vincci Zaragoza Zentro;;5;1
Mamá y Papá se van de Tardeo;;5;1
Alter Ego Murcia;Alter Ego;5;1
Superlocal;;5;1
Clerik;;5;1
Eurostars Coruña;;5;1
Ocean Drive Ibiza;Ocean Drive;5;1
Parador de Cadiz;;5;1
Soho Farmhouse Ibiza;Soho Farmhouse;5;1
Maloa Club;Maloa;5;1
Elysium Sevilla;;5;1
Petit Hipica;;5;1
La Red;;5;1
Parador de Ferrol;Parador de;5;1
Motorworld Mallorca;;5;1
Nikki Beach Mallorca;;5;1
Vermont Baqueira;Vermont;5;1
Dance Nation;;5;1
Brasa Bus - Carnaval De Cádiz;Brasa Bus;5;1
Amalurino;;5;1
Santal;;5;1
Sala Panorama;Panorama;5;1
Bonavista Rooftop;;5;1
Defecto Bar;;5;1
Exe Reina Isabel;;5;1
Bluesman;;5;1
Sercotel AB Rivas;;5;1
Laietana Cultural;;5;1
Vols Festa;;5;1
Sala New York;New York;5;1
Hardbus;;5;1
Micampus Leganés;;5;1
Crazy Zoco Sagunto;Crazy Zoco;5;1
Jardins Gala;;5;1
Autocine Madrid;Autocine;5;1
Mirror Malaga;;5;1
Dimare Club Disco;Dimare Club;5;1
Teatro HOT;HOT;5;1
Art Home;;5;1
Xixili Festibala;;5;1
Espacio Hollywood;;5;1
elbus Barcelona;elbus;5;1
Fortuna Tonino;;5;1
Labtwentytwo;;5;1
C.R.A.F.T. Ibiza | Boat;C.R.A.F.T. Ibiza|C.R.A.F.T.;5;1
Vudu Marbella;Vudu;5;1
MILES Cocktail Lounge;;5;1
Padel CB;;5;1
Benidorm Celebration Music Resort;;5;1
Keli;;5;1
Azotea 37º;;5;1
Sercotel Tudela Bardenas;;5;1
Le Club Beach Club;Le Club Beach;5;1
Roots Audiophile Café;;5;1
Cristo Social Club;Cristo;5;1
Danzamos Escuela De Baile;;5;1
El Secreto;;5;1
Nomad House;;5;1
Pobla de Vallbona;;5;1
The Dance Studio;Dance Studio;5;1
La Meva Sala Manresa;La Meva Sala;5;1
Eurostars Madrid Congress;;5;1
Amai Puerto;;5;1
Marabú Ponzano;;5;1
Konvent Zero;;5;1
Madre;;5;1
Alevoso Bar;;5;1
Unplug;;5;1
Sercotel Palacio de Tudemir;;5;1
Playa Palapa;;5;1
Espacio Levi;;5;1
Lobster Club;Lobster;5;1
Ca Revolta;;5;1
Sip By Sip | Sip Coffee Roasters;Sip By Sip;5;1
Family&Friends Eventos y ocio;;5;1
Antiguo Aquapark Calvià;Antiguo Aquapark;5;1
Rocco's Ranch;;5;1
JUBY;;5;1
Oven Garden;;5;1
Es Secret Costa Brava;;5;1
Okume;;5;1
K Alicante;;5;1
Sofre Dayma Picnic;;5;1
Ohana 360;;5;1
Blue Club;Blue;5;1
Chicki Chicki Club;Chicki Chicki;5;1
Homies Showcase - Boat Party;Homies Showcase;5;1
Cristianos puerto (Ragnarok Boat);Cristianos puerto;5;1
Attraction Party;;5;1
Barco Sound House;;5;1
Padel Barcelona El Prat;;5;1
Bodegas Beronia;;5;1
Sunseabar;;5;1
Cooper Club;Cooper;5;1
Guíxols Arena;;5;1
STATION ZERO Dance Club;STATION ZERO;5;1
Real Castillo de Santa Catalina;;5;1
Sugar Las Palmas;;5;1
Finca Baba Cool;;5;1
Blue Summer Ibiza Boat;;5;1
The House;House;5;1
Tech Barcelona - Pier 01;Tech Barcelona|Tech;5;1
4 latas Beethoven;;5;1
Pitch&Putt Can Mascaró;;5;1
33 / 45;;5;1
Hidropark Alcudia;;5;1
Roig Arena;;5;1
Sanamente Ser;;5;1
El Paseo;;5;1
SILO;;5;1
Thiaghito Disco Club;Thiaghito Disco;5;1
Espacio Moona;;5;1
Proyecto/;;5;1
Cap Roig Auditorium;;5;1
Túnel Las Brujas;;5;1
Los Airos;;5;1
Salvaje;;5;1
Born 2B Music Bar;;5;1
Joy Valencia;;5;1
BIGG Barcelona;BIGG;5;1
Tomorrowland Rooftop Terrace;;5;1
Prima Salvaje;;5;1
Gasteiz Baila;;5;1
Rem Sdc;;5;1
Les Tres Xemeneies;;5;1
Port de Sitges;;5;1
Twin Fin;;5;1
Orxata i Fartons;;5;1
Gomorra;;5;1
Technocata;;5;1
Artilugio Estudio Salamanca;Artilugio Estudio;5;1
Kulture Pop;;5;1
Disco Crawl;Crawl;5;1
New Destino;;5;1
La Catorce Sky Line Gran Via;;5;1
La Terapia;;5;1
Rocktop la peregrina;;5;1
Yeguada Senillosa;;5;1
Occidental Vigo;Occidental;5;1
Bodegas Diez Del Corral;;5;1
CEM Tennis L'Hospitalet;;5;1
Crisol Almirante Bonifaz;;5;1
Cloud.9;;5;1
La Gata del Born;;5;1
Nexxo Club;Nexxo;5;1
El Faro;;5;1
Bismark;;5;0
Stereogun;;5;0
Discoteca Lagar's;Lagar's;5;0
Palace Kiay;;5;0
Hard Club;Hard|Mercado Ferreira Borges;5;0
Lagar;;5;0
Chez Manu;;5;0
Fim do Mundo;;5;0
5Club;;5;0
Biba Ofir;;5;0
Mome;;5;0
Kremlin;;5;0
Eskada;;5;0
Solar da Paz;;5;0
Discoteca Sudwest;Sudwest;5;0
Medusa Beach Club;Medusa Beach;5;0
Kompanhia;;5;0
Imperial;;5;0
Marginal;;5;0
MUST;;5;0
Jam;;5;0
Vespas;;5;0
La Barca;;5;0
Sal;;5;0
Concha;;5;0
Discoteca Rasputine;Rasputine;5;0
Feira Belha;;5;0
Twins Club;Twins;5;0
Império Romano;;5;0
Blá Blá;;5;0
Seven Vilamoura;;5;0
Taj Club Cascais;;5;0
Fiori Spot;;5;0
Lustre;;5;0
Discoteca Olimpica;Olimpica;5;0
Pitch Club;Pitch;5;0
Gare Club;Gare;5;0
Bergantim;;5;0
Discoteca Psidónio;Psidónio;5;0
Malibu;;5;0
Canastro;;5;0
Finalmente Clube;;5;0
B'leza;;5;0
Titanic;;5;0
Fontória;;5;0
Tamila Clube;;5;0
Black Tie Club;Black Tie;5;0
Passerelle;;5;0
Musicbox;;5;0
More Club;More;5;0
Sol da Noite;;5;0
Karma Privé;;5;0
Lit Coimbra;;5;0
Pedra do Couto;;5;0
Böate Disco Club;Böate Disco;5;0
5ª Dimensão;;5;0
Hôtel musique boutique;;5;0
Maravilhas Café;;5;0
Noites Longas;;5;0
Malibu Disco Club;Malibu Disco;5;0
Discoteca Sunset;;5;0
Moínho Club;Moínho;5;0
Doop Club;Doop;5;0
Danceteria Aviário;;5;0
Cervannis;;5;0
Model's Café;;5;0
Wild-West;;5;0
Plateau disco;Plateau;5;0
Station;;5;0
Club Postilhão;Postilhão;5;0
Divinus Club;Divinus;5;0
Silk Club;Silk;5;0
Indústria Club;Indústria;5;0
Ondeando;;5;0
Jukebox Club;Jukebox;5;0
Margem Sul Bar;;5;0
Ria Dreams;;5;0
BOXX;;5;0
Discoteca Teia;Teia;5;0
Pharmácia;;5;0
Eskada Porto;;5;0
Crystal Club;;5;0
New Caffe Gin Club;New Caffe Gin;5;0
Club Alfândega;Alfândega;5;0
Vintage4500;;5;0
Espiritos Club;Espiritos;5;0
FIGA Club;FIGA;5;0
Amazing Club;Amazing;5;0
Traquinas;;5;0
NB Club;;5;0
Club 80;;5;0
Sala 8;;5;0
Babel Diskool;;5;0
Queens Club;Queens;5;0
Giannini;;5;0
Prestige;;5;0
InClub;;5;0
Club Champagne;Champagne;5;0
Sindicato Club;Sindicato;5;0
Coiote;;5;0
KimiKa Klub;;5;0
FRA Club;FRA;5;0
Under;;5;0
4Ever Club;4Ever;5;0
Real Feitorya;;5;0
Hot Five Jazz & Blues Club;Hot Five Jazz & Blues;5;0
NYX;;5;0
Kwaz Bar;;5;0
Posh Club Lisbon;;5;0
Hot Club Portugal;;5;0
Top Ten;;5;0
Clube Náutico AlFoz;;5;0
Lust in Rio;;5;0
Villa Mariazinha;;5;0
Oceans Club;Oceans;5;0
Gasolinas Dancing;;5;0
The pink street;pink street;5;0
Ibiza Club Portas do Mar;;5;0
BestClub;;5;0
Santa Loucura;;5;0
Barrio Latino;;5;0
Big P;;5;0
Património;;5;0
A Metalúrgica;;5;0
Guilt;;5;0
A Mina;;5;0
Riverside;;5;0
Twice;;5;0
First Floor;;5;0
Prestige Dance Club;;5;0
Echo;;5;0
Mistura Sertaneja;;5;0
Bb Club;;5;0
Ámiça Bar;;5;0
Elefante Branco;;5;0
LAV;;5;0
Discoteca Alexander's;Alexander's;5;0
Bar Disco Spot;;5;0
Tentações;;5;0
Call In;;5;0
Triunfo Klub;;5;0
Katedral;;5;0
Mask - Porto;Mask;5;0
Discoteca Number 1;Number 1;5;0
Palha Club Viseu;;5;0
Mixx;;5;0
Teacher's Pub;;5;0
Ouriço;;5;0
Shisha bar;;5;0
Tuareg - Morrocan Shisha Bar;Tuareg;5;0
Music Bar;;5;0
Amnésia Club;Bar Pegadas;5;0
Quilate Lounge;;5;0
Discoteca Flamer;Flamer;5;0
Sunset Disco Bar;;5;0
Hype;;5;0
MauMau Social Club;;5;0
Maria chic;;5;0
Maomaria;;5;0
ministérium club;ministérium;5;0
Andrómeda Superclub;;5;0
Zoom;;5;0
Twelve;;5;0
Decibel;;5;0
Nada Temple;;5;0
Mirage Lounge;;5;0
Danceteria Doble;;5;0
Auditório;;5;0
Cento e Dezasseis;;5;0
Wblack;;5;0
Baixa;;5;0
Hora Extra Club;Hora Extra;5;0
Mezzanine;;5;0
Muda;;5;0
Wall;;5;0
Maria Pistolas;;5;0
KUBO;;5;0
JD Bar;;5;0
Duplex Club;;5;0
A Primorosa de Alvalade;;5;0
Pérola Negra;;5;0
Pink Dance;;5;0
Danceteria Sttore Café;;5;0
Mercado Club;Mercado;5;0
Ideal Club de Fado;;5;0
Noir;;5;0
Boîte Porto;;5;0
The Loft;;5;0
Pitanga Discos;;5;0
Barracuda clube de roque;;5;0
Mami Dance;;5;0
Antiga Discoteca Das Lameiras;;5;0
Outra Cena;;5;0
Clube Atlântico;;5;0
Discoteca Absoluta;Absoluta;5;0
Mascive Club Bar;;5;0
Lick;;5;0
Challenger;;5;0
Sardinha Biba;;5;0
Zona T;;5;0
Memories;;5;0
kiss disco club;kiss disco;5;0
Dancetaria Paraíso;;5;0
Exotic Club;Exotic;5;0
Stress Less;;5;0
Dancetaria Latinas;;5;0
Estação da Luz;;5;0
Discoteca Fénix;Fénix;5;0
Pacha Ofir;;5;0
Kool Bar;;5;0
Broadway Danceteria;;5;0
Danceteria Glamour;;5;0
3 Chaminés Danceteria;;5;0
Red Night;;5;0
NEXT - NightClub & Lounge;NEXT;5;0
Big Cansil (desativada);Big Cansil;5;0
Discoteca Fim do Mundo;;5;0
Fábrika;;5;0
Século XIX;;5;0
Pagode;;5;0
Danceteria Havanna;;5;0
Kuovadis Club Spot;;5;0
Danceteria D. Pirata;;5;0
COOL Disco;;5;0
Pildrinha Club;Pildrinha;5;0
Danceteria Mamma Mia;;5;0
Dancemania;;5;0
Komplexo;;5;0
Alternativa;;5;0
Medusis Club;Medusis;5;0
Semáforo;;5;0
Quinta das Tílias - Valverde;Quinta das Tílias;5;0
Cisne Branco;;5;0
Mandarim Leiria;;5;0
Beladonna Dancetaria;;5;0
Discoteca Mau Maria;Mau Maria;5;0
Honi Beach;;5;0
NB Coimbra;;5;0
Grafonola - Dancing;Grafonola;5;0
"Antiga discoteca ""César Palace""";;5;0
Dancetereia Mil Anças;;5;0
Discoteca ETC;ETC;5;0
Zé dos Cães;Discoteca Speed;5;0
Estudio Arroz;;5;0
Boite Pigale;;5;0
Discoteca A Calua;A Calua;5;0
Fly Club;Fly;5;0
Le Kalinka;;5;0
Fiesta Loca;;5;0
Loft Club;;5;0
Le Loup Garou / La Guinguette;Le Loup Garou;5;0
La Goguette;;5;0
Le Glam;;5;0
OMA;;5;0
Le Templier;;5;0
Cavo Club;Cavo;5;0
Moda;;5;0
Le Moulin de Toulouse;;5;0
Le White;;5;0
Chez Mathu;;5;0
L'Étrier;;5;0
Les Écluses;;5;0
Le Moulin;;5;0
High Club;High;5;0
Le Grisy;;5;0
La Siesta;;5;0
La Place;;5;0
Le Blue;;5;0
Moov Club;Moov;5;0
Montpellier Redline;;5;0
Malaysia;;5;0
Le Fizz;;5;0
L'Oceana;;5;0
Bodega;;5;0
Node Club;Node;5;0
Nocta Club;;5;0
Lamartine;;5;0
Le Xobam;;5;0
Le Rancho;;5;0
Le Tropicana;;5;0
Stendhal club;Stendhal;5;0
Baroombar;;5;0
La Chamade;;5;0
Les Tritons;;5;0
Clint;;5;0
Le Ranch'o;;5;0
Lrc Le Prive;;5;0
Bar Dancing;;5;0
Le Phoenix;;5;0
Le Retro;;5;0
Caveau de la Huchette;;5;0
Discothèque Le Privilège;Le Privilège;5;0
Lua Vista;;5;0
Pym's;;5;0
L'Hilarios;;5;0
Le Menphis / Casino de la Plage;Le Menphis;5;0
Tahiti Fenua;;5;0
La Kasa Musik;;5;0
Le Recif;;5;0
Bat Café;;5;0
Les Bacchantes;;5;0
La Grand'Goule;;5;0
Pacha Club;;5;0
Le Paradise;;5;0
Le Palace;;5;0
Let It Be;;5;0
Downtown Factory;;5;0
Antirouille;;5;0
MV Lounge;;5;0
Gwladys Dance Studio;;5;0
La Gargouille;;5;0
George Sandre;;5;0
Polina;;5;0
Le Gibus;;5;0
Le Club Saint-Germain;;5;0
Levrette Cafe;;5;0
Los Activos;;5;0
Le Kalypso;;5;0
White House;;5;0
MixClub;;5;0
Au Vieux Manoir;;5;0
Les ambassadeurs;;5;0
Bogota;;5;0
Le Carré;;5;0
Le Delta Club;Le Delta;5;0
Le Blackout;;5;0
Le glow;;5;0
La Pachanga;;5;0
Apollon;;5;0
Le Stax;;5;0
Le Comptoir;;5;0
Pop Plage;;5;0
Bombonera à la Tanguedia;;5;0
BAM Karaoke Box Etoile;;5;0
MilOnda 1905;;5;0
Le Savannah Club;Le Savannah;5;0
Le Klub;;5;0
Barrio Roberto;;5;0
Espace Djéli;;5;0
Retro Club;Retro;5;0
Le Nauvia;;5;0
Le Manhattan;;5;0
Les Salons du NH;;5;0
Le Mylord;;5;0
Le Pavillon Noir;;5;0
Hyper Santon;;5;0
La Loge;;5;0
R-Volt club;R-Volt;5;0
Klub 80;;5;0
Le Diam's;;5;0
Red Zone;;5;0
Bokaos;;5;0
Le Cercle;;5;0
Magic Mirrors;;5;0
Desperados;;5;0
Le Chamboul'tou;;5;0
Saxo Club;;5;0
L'Esclave;;5;0
Le Vieux Montmartre;;5;0
Le Cheval de Fer;;5;0
L'Endroit;;5;0
911;;5;0
Le 55;;5;0
Les Caves de l’Alpe;;5;0
L'Orient Club;L'Orient|L'Orient Express;5;0
Vertige X;;5;0
Le Boléro;;5;0
Le Babylon;;5;0
Le Loft;;5;0
Sunset Club;;5;0
Le Cercle Club Bordeaux;Le Cercle Club;5;0
Le Petit Bedon;;5;0
Le City Side;;5;0
Night Fever;;5;0
Le K-Pao;;5;0
Klub;;5;0
VIP Club;VIP|Le VIP;5;0
BORA;;5;0
New Kings;;5;0
New Pop;;5;0
Piano-Bar;;5;0
Cell Club;Cell;5;0
Le moulin de la Chaume;;5;0
Le 7;;5;0
La Rosa Negra;;5;0
Le Senso;;5;0
L'Opéra;;5;0
B-Routh Lounge;;5;0
L'Escargot;;5;0
Le Bazar Club;Le Bazar;5;0
Le Smart;;5;0
Le Melkior;;5;0
Bal'tazar;;5;0
Le Frog;;5;0
Le Paparrazzi;;5;0
L'Amphy;;5;0
La Cour des Grands;;5;0
Mango;;5;0
Le Chaplin;;5;0
Le Cercle Rhumerie Jamaïque;;5;0
It Pub Bar;;5;0
Le Fox Club Latino;;5;0
Le Marlowe;;5;0
Le Must;;5;0
Le One's;;5;0
One Club Expériences;;5;0
Café Face;;5;0
L’Apogée;;5;0
L'Avenue 45;;5;0
Secret Square;;5;0
Moom;;5;0
Le Cyrnos;;5;0
Times Club;Times;5;0
L'Arkange;;5;0
Le Lady's Night;;5;0
Le Chat Noir;;5;0
Le Vanity;;5;0
Le Nitro Club;Le Nitro;5;0
Le Buck;;5;0
Le Speakeasy;;5;0
Le Set;;5;0
Club New Beach;New Beach;5;0
Le Philadelphia;;5;0
Le Monseigneur;;5;0
L'Étoile;;5;0
La Galère;;5;0
L'Omnia Club;L'Omnia;5;0
Cœur Samba;;5;0
Le Glamour;;5;0
Le Charleston;;5;0
Le Chacha;;5;0
Styx;;5;0
Le Frigo Club;Le Frigo;5;0
Le Bubble;;5;0
La Villa Kirov;;5;0
Chicago Music Hall;;5;0
R.D.C;;5;0
Le midway;;5;0
La Salamandre;;5;0
White Rabbit;;5;0
Le Balajo;;5;0
Triolet Club;Triolet;5;0
Cohiba Son Latinos;;5;0
Les Caves;;5;0
Badaboum;;5;0
Zigzag Club;Zigzag;5;0
Le Phénix;;5;0
Happy days;;5;0
Le Cocktail Club;Le Cocktail;5;0
Onõ Club;Onõ;5;0
Delight;;5;0
La Chaumière;;5;0
Panic Room;;5;0
La Pampa;;5;0
Licorne;;5;0
L´Exess;;5;0
SeaSon;;5;0
La Pharmacy;;5;0
Blue Girl;;5;0
Master;;5;0
La Dame de Coeur;;5;0
L'Impact;;5;0
Le Q;;5;0
New80;;5;0
studio 49;;5;0
Reserve;;5;0
La Guinguette;;5;0
Club 400;400;5;0
L'Oxford;;5;0
L'Absolue;;5;0
Escobar Club;Escobar;5;0
L'Amnésia;;5;0
Le Playa;;5;0
Crazy Doll's;;5;0
Club Haussman;Haussman;5;0
Taken-Club;;5;0
Le Bug';;5;0
Nox Club;Golden Wave;5;0
Chérie Chérie;;5;0
Le Panama;;5;0
Le Rempart;;5;0
Le Sucre;;5;0
Sun Club;Sun;5;0
L'Ice Club;L'Ice;5;0
Le Room;;5;0
Le Black Pearl;;5;0
Ice Club;Ice;5;0
Le Cube;;5;0
The Penthouse club Paris;Penthouse club Paris;5;0
Le New-Yorkais;;5;0
La Fabrique;;5;0
Le Globo;;5;0
Kosma Piano Bar;;5;0
Le five;;5;0
Black jack;;5;0
Le Vegas;;5;0
La Guinguette du Lac;;5;0
Chez Papy's;;5;0
Espace Poisson Rouge;;5;0
Le Bossuet;;5;0
Club 15 48;15 48;5;0
Live Club;;5;0
Le New Monocle;;5;0
L'Univers;;5;0
Le Pacha;;5;0
Tsar Club;Tsar;5;0
Le Sub';;5;0
Le Moulin Enchanté;;5;0
Le club du Roy;;5;0
Le Nyx Club;Le Nyx;5;0
Astrolabe;;5;0
Redbox;;5;0
Xtreme;;5;0
Le QG;;5;0
Bakoua;;5;0
Le Mémo;;5;0
Top 80;;5;0
Le Market Club;Le Market;5;0
BB25;;5;0
L'Hermitage;;5;0
ManoCoco;;5;0
Starman;;5;0
Underground Bar CLub;Underground Bar;5;0
La Terrazza;;5;0
Le Nine;Nine Club;5;0
F&K Discoclub;;5;0
Villa Rouge;;5;0
Mundo;;5;0
La Boucherie;;5;0
Trading Club;Trading;5;0
La Relève;;5;0
Coco;;5;0
La Dame Noir Dancing;;5;0
Chez Moune;;5;0
Discothèque Le Galaxy;Le Galaxy;5;0
L'Octopus;;5;0
Delicatessen;;5;0
Complexe Le Nautilus;;5;0
La Belle Electrique;;5;0
Chez Régine;;5;0
L'Arc;;5;0
Le 33;;5;0
La Féria;;5;0
Défi-night;;5;0
Castel;;5;0
Le Boho;;5;0
Mood Club;Mood;5;0
Urban Lab;;5;0
Fayha Club;Fayha;5;0
Le Pharaon;;5;0
Guss;;5;0
La Villa Club;La Villa;5;0
Le Moulin Du Tango;;5;0
L'As De Pique;;5;0
Bougnat Bohème;;5;0
La Grotte du Yeti;;5;0
L'Echo du Lac;;5;0
Secret Dream;;5;0
L’Alexander’s;;5;0
Boite de nuit;;5;0
Ambiance café;;5;0
Les Loges;;5;0
Cap'Club;;5;0
L'Espace Club;L'Espace;5;0
Bombshell Club;Bombshell;5;0
Le Mélomane;;5;0
OMG;;5;0
Le Titty Twister;;5;0
Le Cubana;;5;0
Le Jungle Village;;5;0
Caly Klub;;5;0
La Peña;;5;0
Le 57;;5;0
Roc'Land;;5;0
Le Passport;;5;0
Le Cavo;;5;0
Le Coup d'État;;5;0
L'Eclipse;;5;0
L'Excalibur;;5;0
Le Saint-Gelais;;5;0
Middle Night;;5;0
Ultra Klubs;;5;0
Hiboo;;5;0
Pampa Club;;5;0
Hype Club;;5;0
Rumba Café;;5;0
Angie;;5;0
Accueil Froid Nuke;;5;0
L'Albizia;;5;0
igloo;;5;0
Domaine de l'Oasis;;5;0
Le Brummell;;5;0
Le Kiss CLub;Le Kiss;5;0
Macadam;;5;0
l'eden;;5;0
Cubana;;5;0
Le Trendy;;5;0
Raspoutine;;5;0
Le Red;;5;0
Connemara Irish Pub;;5;0
Le Baby;;5;0
Le 9 3/4;;5;0
Barta;;5;0
La Charrette;;5;0
Azùl Club;Azùl;5;0
Purple;;5;0
Prosper Club;Prosper;5;0
Oxxo;;5;0
La Voga;;5;0
Discothèque Seven;;5;0
Apolo Night;;5;0
Rex;;5;0
Discothèque Le Manoir;Le Manoir;5;0
Le Duplex;;5;0
Coco's;;5;0
Le Sprak;;5;0
Eden Port;;5;0
Salle de boum;;5;0
Manu Beach;;5;0
Les Caves de Vaufrèges;;5;0
Piscine des Caves;;5;0
Autour de Minuit;;5;0
L'Élixir;;5;0
Le Scénario;;5;0
Le Madison;;5;0
Riva Club;Riva;5;0
Trolleybus;;5;0
Le Soft;;5;0
Rock'n Eat Live;;5;0
The Act;Act;5;0
Night Club;Night;5;0
Opéra;;5;0
Amaya;;5;0
L'Avalanche;;5;0
Le Studio;;5;0
Gotha;;5;0
Le Moonlight;;5;0
Le Sax;;5;0
Le Mad';;5;0
L’Empire;;5;0
Sound Pub & Club;Sound Pub &;5;0
Dock Circus;;5;0
Le Platinium Club;Le Platinium;5;0
Bela Danceteria;;5;0
Zodiac Club;Zodiac;5;0
Balthazar;;5;0
Styl;;5;0
Le Privé;;5;0
Pré Milonga de la Passerelle;;5;0
Le Sous-Sol;;5;0
Atrium Club & Events;;5;0
KK Mouton Club;KK Mouton;5;0
Slalom;;5;0
Le Snooze;;5;0
L'Arq;;5;0
Le Petit Salon;;5;0
Le Marcellin;;5;0
T dansant;;5;0
Cara Club;Cara;5;0
L'Octogone;;5;0
Le Tropico;;5;0
Debonair Café;;5;0
Le Quennezil;;5;0
Les Caves du Roi Soleil;;5;0
Jazzclub Lormes;;5;0
Le MOS;;5;0
Club Azur;Azur;5;0
Blacksheep Pub;;5;0
Crystal Danse;;5;0
Drungly;;5;0
Honey Club;Honey;5;0
Nirvana;;5;0
Caméléon;;5;0
Le Privilège du Damier;;5;0
Black out;;5;0
100% Latino;;5;0
Le Teasing;;5;0
Le Brystol;;5;0
Nova Club;Nova;5;0
La Boîte à Sel;;5;0
Le Zodiac;;5;0
IPN Club;IPN;5;0
Maj;;5;0
La Chistera;;5;0
SPOT;;5;0
Play Boy;;5;0
La guinguette-Le palais du rêve;;5;0
Pop Art;;5;0
Fitzgerald Club;Fitzgerald;5;0
Les guinguettes;;5;0
Les Marches;;5;0
Vip55;;5;0
Le Saône Night;;5;0
L'Osasuna;;5;0
Theatro;;5;0
The Base;Base;5;0
Entrepôt Club;Entrepôt;5;0
L'Opale;;5;0
Le 21;;5;0
Black Diamond;;5;0
La Chaloupe;;5;0
L'Eclypse Discothèque;L'Eclypse;5;0
La Palmeraie;;5;0
Point Bar;;5;0
L'usine;;5;0
Le 555;;5;0
Le Téléphone Rose;;5;0
OKLM chicha;;5;0
Jive Club;Jive;5;0
Le Garage;;5;0
Gipsy Club;Gipsy;5;0
Drop Zone;;5;0
Avant Garde Club;Avant Garde;5;0
One percent;Le Taratata;5;0
Eden club;;5;0
Les Coulisses;;5;0
La Première;;5;0
Satori;;5;0
Ubu;;5;0
Ô Lili Pop;;5;0
Le Valentino;;5;0
La Salsa;;5;0
Métropolitain;;5;0
La Loge Club Discothèque Rhumerie;;5;0
Le Joke Club;Le Joke;5;0
Club 73;;5;0
Légend Prosper Club;Légend Prosper;5;0
Ambassade;;5;0
Le Saphir;;5;0
Larizonya;;5;0
Le Closer;;5;0
Show Case;;5;0
No Limit Night Club;No Limit;5;0
La Grange au Bouc;;5;0
Ava Club;Ava;5;0
Parci Parla;;5;0
Why Not Club;Why Not;5;0
La Churascaia;;5;0
Le Cotton Club;Le Cotton;5;0
ODB Club;ODB;5;0
La Marquise;;5;0
Le Rich club;Le Rich;5;0
Discothèque Maxi Club Landerrouat;Maxi Club Landerrouat;5;0
L'Étoile Tropicale;;5;0
Cris et Chuchotements;;5;0
SG Club;Show Girl;5;0
Le 30-40 Club;Le 30-40;5;0
1999;;5;0
Le X;;5;0
Maggy's Club;Maggy's;5;0
Le Passage Club;Le Passage;5;0
Les Studios Du Cours;;5;0
Gotha Club;;5;0
L'Entracte;;5;0
Les Folies;;5;0
Club La Scatola Revival;La Scatola Revival;5;0
Discothèque La Grange;La Grange;5;0
Le Wall Club;Le Wall;5;0
Le Silverstar;;5;0
Le Caveau de l'Alma;C2A;5;0
Kalt;;5;0
WË Club;;5;0
La Loca;;5;0
Bellanight;;5;0
Urban Club;Urban;5;0
Qg Complexe Discothèque;Qg Complexe;5;0
Petit Bain;;5;0
La Palmeraie - Le Bazar;;5;0
Le QG Club;;5;0
Blow club;;5;0
Life;;5;0
Le Schiva;;5;0
Le Babylone;;5;0
La Casa Club;La Casa;5;0
Le Rexy;;5;0
O'Chaud;;5;0
Chez Auguste La Nuit;;5;0
Temptation;;5;0
Le Plazza;;5;0
Le Welcome;;5;0
Club Paradisio;Paradisio;5;0
Copa Klub;Le Copacabana;5;0
Le New Cancan;;5;0
L'Îlot4;;5;0
L'Escale du Port Arthur;;5;0
Au Piaf du Loiret;;5;0
La Guinguette de l’Écluse;;5;0
VIP 21 Club;VIP 21;5;0
Le Club 50;;5;0
Eden Pub;;5;0
La Suite 34;;5;0
2+2;;5;0
Le Secteur;;5;0
Le chic;;5;0
Pigalle Country Club;Pigalle Country;5;0
La Digue;;5;0
Silver Night Pub;;5;0
Le casting;;5;0
Nexus;;5;0
Pamela;;5;0
Silver Palace;;5;0
Chapelle XV;Chapelle 15;5;0
La Pomme d'Ève;;5;0
2M;;5;0
Le Diapason;;5;0
Monte Cristo Club;Monte Cristo;5;0
Le Nimporte Koi;;5;0
Le Dakota;;5;0
Le Village;;5;0
Le 64;;5;0
Dionysos;;5;0
Les Bontemps;;5;0
Millénium club;Millénium;5;0
Au Joli Pont du Coudray;;5;0
Jangal;;5;0
Nuits Blanches;;5;0
Next Club;;5;0
Merry;;5;0
La Petite Halle;;5;0
Le Blue & White;;5;0
Pink palace;;5;0
Salle de danse;;5;0
Complexe Cedrus;;5;0
L’Insolite;;5;0
145 Live Music;;5;0
Mamy Rose;;5;0
Bul Club;Bul;5;0
Au bout du Monde;;5;0
Karibu Club;;5;0
Sambahia;;5;0
La Kwai;;5;0
B19;;5;0
Géki' Bar;;5;0
Azar Club;Azar;5;0
L'Omega;;5;0
La Maison (Club);La Maison;5;0
L'élixir lounge club;L'élixir lounge;5;0
Cosy;;5;0
Igloo Chalet Club;Igloo Chalet;5;0
Le Missyl;;5;0
Le feeling club;Le feeling;5;0
Le Kiss French;;5;0
Le Flash Sarl;;5;0
Le Pacio;;5;0
Le Luna;;5;0
Le Farniente;;5;0
Le St Martin;;5;0
HB Club;;5;0
Limelight;;5;0
Le Georges;;5;0
3è Monde;;5;0
30/40;;5;0
Le Durango;;5;0
Le Noty;;5;0
Le Balsero;;5;0
Le Maze;;5;0
K2A Club;K2A;5;0
M Beach;;5;0
Virage;;5;0
La Bamboche;;5;0
YOYO;;5;0
Le Goat Club;Le Goat;5;0
Le Donjon;;5;0
305 Vice Club;305 Vice;5;0
Le Eighty's;;5;0
Sing or die;;5;0
El Che Guevara Cafe;;5;0
Amanita Muscaria;;5;0
La Cave Poésie;;5;0
L'Ambiance;;5;0
Formentera Gruissan;;5;0
Magnum Club;Magnum;5;0
Roméo;;5;0
Crazy Night Club;Crazy;5;0
CR Lounge;;5;0
Le vintage club;Le vintage;5;0
Le Milord;;5;0
Silencio Club;Silencio;5;0
Gossip Club;Gossip;5;0
VIP Ice;;5;0
Dièze Warehouse;;5;0
Le Carré Club;;5;0
Essaim;;5;0
Eclipse klub;;5;0
Le Marysa;;5;0
Hope Club Discothèque;Hope Club;5;0
Le Lagon;;5;0
Apsara;;5;0
Mamacita;;5;0
Au Son des Guitares;;5;0
Future;;5;0
Casita;;5;0
Ariston;;5;0
Dancing la Bamba;;5;0
Kindal;;5;0
Tape;;5;0
Les Chandelles;;5;0
Studio 56;;5;0
Baby;;5;0
lysytéa;;5;0
Mia Mao;;5;0
Le Tropical;;5;0
La Guinguette des Bords de l'Indre;;5;0
Discopoly’s;;5;0
Club Le 32;Le 32;5;0
Le France;;5;0
Fvtvr;;5;0
Le Marquee;;5;0
La Canopée;;5;0
Le Repère;;5;0
Via Notte;;5;0
No Stresss;;5;0
L'Acropolis;;5;0
Shakespeare Club;Shakespeare;5;0
La Chapelle;;5;0
Cocoon club Montélimar;;5;0
Scat Club;Scat;5;0
District Club Underground;;5;0
Karmen Camina;;5;0
Le moderne;;5;0
Les Baleresses;;5;0
Victoire;;5;0
Le Klubb;;5;0
Club Le Baroque;Le Baroque;5;0
Les 5 Rues;;5;0
Le Kub;;5;0
Queen Club;;5;0
Novo Local;;5;0
El Coco Bar & Club;El Coco Bar &;5;0
Le Velvet;;5;0
Le Complexe;;5;0
Le Pulp;;5;0
Le Cristal;;5;0
Stardeche;;5;0
MarcoBay;;5;0
Boy's Paradise;;5;0
Hide Club;Hide;5;0
Ollys;;5;0
Le Studio Saglio;;5;0
Modjo;;5;0
Kodz;;5;0
Les Nuits Blanches;;5;0
Le Mix Club;Le Mix;5;0
Klub Summit;;5;0
ARIA;;5;0
Les Cocotiers;;5;0
Le Purple;;5;0
L'Enjoy Club - Corte;L'Enjoy Club|L'Enjoy;5;0
Chris club;;5;0
La Croule;;5;0
Stromboli;;5;0
JASS CLUB Paris;;5;0
Joia Club;Joia;5;0
Mistral Palace;;5;0
La Butte;;5;0
Le Replay;;5;0
Vibes;;5;0
Boom Boom Club;Boom Boom;5;0
Les Voûtes;;5;0
Place d'Albanie;;5;0
Le Kissing Club;Le Kissing;5;0
L'AmbasSade;;5;0
Club Vertigo;Vertigo;5;0
L'Oyat;;5;0
T7;;5;0
Le Koya;;5;0
Curt'N;;5;0
L'Helios;;5;0
Le Mensch;;5;0
Le 110;;5;0
Medellin;;5;0
Le Mythic Klub;;5;0
Nokto;;5;0
Naho club;Naho;5;0
Le Tropic club;Le Tropic;5;0
Illu;;5;0
La Tomate Blanche;;5;0
Le Duke's;;5;0
Le B-Floor;;5;0
Le Joy;;5;0
Le Papillon;;5;0
Le Lutecia;;5;0
L'Amoxis;;5;0
Manoir Du Curru;;5;0
Le Starlight;;5;0
Les Terrasses de l'Aber-Benoît;;5;0
La Potinière;;5;0
CO2 Club Origin;;5;0
Sono Music;;5;0
La Marina;;5;0
Le gotta;;5;0
Complexe la Luna;;5;0
L'Éléphant;;5;0
L'Alpha;;5;0
Titan;;5;0
Pan Piper;;5;0
Soa;;5;0
Le Nocturne;;5;0
American Blue's;;5;0
Le Stella;;5;0
Le spot club;Le spot;5;0
Lina-Tendu;;5;0
Le Cottage;L’Archange K’fé;5;0
Jukebox Bar;;5;0
La Dune Club;La Dune;5;0
Café del sol;;5;0
Them’s;;5;0
La 25e avenue;;5;0
Bodega Estabar;;5;0
Le Hamac 37;;5;0
Bistro régent;;5;0
La Bamba;;5;0
Le Bao;;5;0
RED Club;;5;0
Le Chinch;;5;0
Komplex Discothèque;Komplex;5;0
Soleil Levant;Chez Nana;5;0
Le Boucanier;;5;0
La Rhapsodie;;5;0
Blue Note;;5;0
Le JAM;;5;0
La villa 41 Discothèque;La villa 41;5;0
Le Pirate;;5;0
L'Albatros;;5;0
MK Club;;5;0
Le César's;;5;0
Le Zénith;;5;0
La Clef de Sol;;5;0
Lido Dancing;;5;0
Le Mango;;5;0
Bellagio;Le B;5;0
Trabendo;;5;0
Complexe l'entrepot;;5;0
Osmose - Espace Latipolia;Osmose;5;0
Le Bataclan;;5;0
La Vague Bleue;;5;0
Castel Club;;5;0
Discothèque Le Privé;;5;0
La Fabrick;;5;0
Shine Club;Shine;5;0
Discotheque - Le Whizzz club;Discotheque|- Le Whizzz;5;0
Le Prince's;Casino des officiers;5;0
La Makina;;5;0
Le Vogue;;5;0
Le Paso Doble;;5;0
Stirwen;;5;0
Le Majestic;;5;0
XO;;5;0
L'Escalier;;5;0
Le Backardy;;5;0
Maximus;;5;0
Le Dan's;;5;0
Le Drakkar;;5;0
Le Céleste;;5;0
La Mouette;;5;0
L'Arche Club;L'Arche;5;0
Les Cercles;;5;0
Le Studio 21;;5;0
Crétins bruyants;;5;0
Bobo Club;Bobo;5;0
Le Gotha Club;Le Gotha;5;0
Le Marina;;5;0
Bip-Bip;;5;0
Le Tremplin;;5;0
Le Prestige Club;Le Prestige;5;0
Glam'Club;;5;0
New Windsor;;5;0
Loft Métropolis;;5;0
Mid'Star;;5;0
Le Link Club;Le Link;5;0
Goa;;5;0
L'Eden Club;;5;0
L'usine à gaz;;5;0
Costa Do Sol;;5;0
Le Set Famous Club;Le Set Famous;5;0
Le Honey;;5;0
Le Looping;;5;0
Imperio Club;Imperio;5;0
La Singerie;;5;0
Wins' Field;;5;0
B Klub;;5;0
Silver Kriss;;5;0
Le Millenium;;5;0
TNT;;5;0
Alegra;;5;0
Le Flibustier;;5;0
Les 12 Chènes;;5;0
Pub-Bowling-Pizeria;;5;0
Le Disco-Teck;;5;0
Le Sphinx;;5;0
Blueberry's;;5;0
Au Bois de l'Or;;5;0
Le Privilège Club Discothèque;Le Privilège Club;5;0
La Dame;;5;0
Club 81;;5;0
La Campagnette;;5;0
Le Moulin Rose;;5;0
Le Mexx;;5;0
Acropole;;5;0
BE Club - La Belle Epoque;BE Club;5;0
Valero;;5;0
Club Manhattan;;5;0
Chrysalide;;5;0
Le Joker;L'Étoile Klubb;5;0
Sun 7 Club;Sun 7|Le BLR;5;0
Le Moov;;5;0
Full House;;5;0
Premium Night;;5;0
Bikini Beach;;5;0
Podium 2000;;5;0
L'Hacienda;;5;0
Le Vert Galant;;5;0
Belambra clubs;;5;0
Le Kee Club;Le Kee;5;0
Le Diamant Bleu;;5;0
Bar American;;5;0
La Cave du Roi;;5;0
Le Milton;;5;0
Le Mas;;5;0
Kiff Club;Kiff;5;0
Boka Club;Boka;5;0
Le Lux Notorious Club;Le Lux Notorious;5;0
Le Pablos;;5;0
Le Domaine;;5;0
New Look;;5;0
L'Ozone Club;L'Ozone;5;0
La Belle Équipe;;5;0
Le Kes West;;5;0
L’EG Discothèque;L’EG;5;0
Discothèque Le Must;;5;0
Le Bahia;;5;0
3D Dancing;;5;0
L'Insomnia;;5;0
Le Tiffany;;5;0
Le Bilb'ok;;5;0
Mazagran;;5;0
Le Flamingo;;5;0
La P'tite Bouze;;5;0
Night-Club Carbone;;5;0
La Fonderie;;5;0
Le Point de Vue;;5;0
Dancing;;5;0
Le Taly's;;5;0
Concept club;;5;0
La Nouba;;5;0
La Soucoupe Volante;;5;0
Ipséité Club;Ipséité;5;0
Planète Tilt;;5;0
Le Maya;;5;0
Le Bateau phare;Batofar;5;0
Claude Mini Club;Claude Mini;5;0
La Winery;;5;0
Palais Maillot;;5;0
Le Milliardaire;;5;0
L'Imprévu;;5;0
Discothèque Hashtag Club;Hashtag;5;0
Salle Carolin's;;5;0
Le Galion;;5;0
L'Arlequin;;5;0
Hélios Club;Hélios;5;0
Discothèque Les Roches Noires;Les Roches Noires;5;0
Discothèque L'Esmeralda;L'Esmeralda;5;0
Le Boucanier Discotheque;;5;0
Lodge 13;;5;0
L'ouvre boite;;5;0
La Brocherie;;5;0
Atrium;;5;0
Le Cellier Saint-Vincent;;5;0
Café Dancing de Maison Rouge;;5;0
L'étage;;5;0
Le Cinquième Élément;;5;0
Le Strike;;5;0
New Factory;;5;0
Auberge du Petit Savoyard;Le Petit Savoyard;5;0
Kilomètre25;;5;0
La Yatch Club;La Yatch;5;0
Discothèque Le Saloon;Le Saloon;5;0
Terrasse de la Bodega Estebar;;5;0
Chez Totor;Café Bouvet;5;0
Le Bef4re;;5;0
Joya Club;Joya;5;0
Le Traouc;;5;0
La Danse des Anges;;5;0
The Strand;Strand;5;0
Mandracchio;;5;0
Louisiana Jazz Club;Louisiana Jazz;5;0
Belli e Pettinati;;5;0
Divinae Follie;;5;0
"Dancing-Discoteca ""La Peschiera""";;5;0
Lampara;;5;0
Il vecchio e il mare;;5;0
Pietra di Luna;;5;0
Tabarca Night Club;Tabarca;5;0
Disco;;5;0
Tabacchi Jazz;;5;0
Diva;;5;0
Cult After Dinner;;5;0
Discoteca Cezanne;Cezanne;5;0
Fanum;;5;0
Portulaca;;5;0
Lucrezia social bar;;5;0
Mako;;5;0
Krystal;;5;0
Il Gattopardo;;5;0
Lupo Bianco;;5;0
Discoteca Abacab;Abacab;5;0
Pineta;;5;0
Discoteca Time;;5;0
Kama Kama;;5;0
La Capannina;;5;0
Life'85;;5;0
Discoteca Black Sun;Black Sun;5;0
Try;;5;0
Tangram;;5;0
Ostras Beach;;5;0
Maki maki;;5;0
Seven Apples;;5;0
Il Mondo Night Pub;;5;0
Sapo Club;Sapo;5;0
London Club;;5;0
Club Mediterranee;Mediterranee;5;0
La Rotonda;;5;0
Trilly Girl;;5;0
Rouge&Noir;;5;0
Shuttle La Flaca;;5;0
Cobà;;5;0
261;;5;0
Quaalude;;5;0
Rubik club;Rubik;5;0
Juliette 96;;5;0
Adelayde;;5;0
Sinatra;;5;0
Nyx Club;;5;0
Top Music Hall Night Club;Top Music Hall;5;0
Blanco;;5;0
Terrazza Martini;;5;0
Discoteca Rosalpina;Rosalpina;5;0
Discovillage;;5;0
Baluba priveè;;5;0
Lido Tevere;;5;0
909;;5;0
Fishmarket Disco pub;;5;0
Odissea Fun City;;5;0
Barracuda;;5;0
Disco dancing Full Stop;dancing Full Stop;5;0
Vida Loca;;5;0
Disco bar Windsurf;Windsurf;5;0
Alibi Dance;;5;0
Giostrà;;5;0
Komedia;;5;0
Shack;;5;0
Vizi e Stravizi;;5;0
Trenta Formiche;;5;0
Bolero Discoteca;Bolero Dancing;5;0
Babylon;;5;0
Discoteca New Line;New Line;5;0
Discoteca Opera;;5;0
NUMA club;NUMA;5;0
Pepeverde NightClub;Pepeverde;5;0
Controsenso;;5;0
Piscine Pincardini Discoteca;Piscine Pincardini;5;0
Duma Discoclub;;5;0
Formula Disco;Formula;5;0
La Belle Epoque NightClub;;5;0
Joy NightClub;;5;0
Disco dancing La Pergola;dancing La Pergola;5;0
Dancing Megà;;5;0
Touch;;5;0
Interzona;;5;0
Capanno Blackout;;5;0
Disco Okay;Okay;5;0
Touch Summer Club;Touch Summer;5;0
Pura Vida;;5;0
flo';;5;0
Bnn Fashion Club;Bnn Fashion;5;0
Top Down Nightclub;Top Down;5;0
Exenzia;;5;0
Kalypso club;Kalypso|Da qualche parte;5;0
Naïf Discoteque;Naïf;5;0
Arya's;;5;0
Garage Club;;5;0
Auditorium FLOG;;5;0
La Venere;;5;0
Masnada;;5;0
Tao Sushi and Disco;Tao Sushi and;5;0
Epoca Tango;Comuna Baires;5;0
Discoteca Picasso;Picasso;5;0
Kocò Music Club;Kocò;5;0
Alcatraz;;5;0
Nuovo Club;Nuovo;5;0
Big Bang Karaoke;;5;0
"Discoteca ""Giardini Sonori""";"""Giardini Sonori""";5;0
Lattepiù;;5;0
Rione rosso;;5;0
The Cage;;5;0
Gate;;5;0
Escopazzo;;5;0
The Cotton Club;Cotton;5;0
Gilda;;5;0
Venice Jazz Club;Venice Jazz;5;0
Long Coast Bay;;5;0
Sergent Club;Sergent;5;0
Le Acacie;;5;0
Tocqueville;;5;0
11 Clubroom;;5;0
Sushisound Vip Club;Sushisound Vip;5;0
Zero Village;;5;0
Discoteca Soul Kitchen;Soul Kitchen;5;0
College;;5;0
Narabay;;5;0
Miró;;5;0
YAB;;5;0
NoF Club;NoF;5;0
Space Club;;5;0
Martini;;5;0
chez vous;;5;0
Pappafico Beach & Club;Pappafico Beach &;5;0
Unoise Club;Unoise;5;0
Qube;;5;0
Pianobar La Torre;;5;0
Diamantik Disco;Diamantik;5;0
City Disco;City;5;0
Country Club disco;Country Club;5;0
Cafè Latino;;5;0
Dancing La Buca;;5;0
Praja Gallipoli;;5;0
Amame Gallipoli;;5;0
Gibò;;5;0
Discoteca Club House;Club House;5;0
Momà Club;;5;0
La Spiaggia;;5;0
Myo Club;Myo;5;0
Supermarket;;5;0
Tweet;;5;0
Fashion Rio Disco Village;;5;0
Badhaus 14;;5;0
Evolution;;5;0
La Vie en Rose;;5;0
Mad' in Italy;;5;0
Belleville;;5;0
28DiVino Jazz;;5;0
Bulldog Pub;;5;0
Druso Circus;;5;0
Carnaby Club;Carnaby;5;0
LoolaPaloosa;;5;0
Pia Para Ti;;5;0
Coyote;;5;0
Saponeria;;5;0
Melody Night Club;Melody;5;0
Capannina Beach Club;Capannina Beach;5;0
Estasi's Disco;Estasi's;5;0
Club Italia;Italia;5;0
Discoteca La Grotta;La Grotta;5;0
Land of Live;;5;0
K2;;5;0
Exotica;;5;0
La Tavolozza Dancing;;5;0
Imperiale;;5;0
Armani Privè;;5;0
Holiday Night club;;5;0
Brown Moon Braceria;;5;0
Il Principe;;5;0
Ruderi Discoteca;Ruderi;5;0
Lido di Bellagio;Lido di;5;0
Madison Music Hall;;5;0
Ex Rive Gauche;;5;0
BarRocco;;5;0
"Discoteca ""Il Pioppo""";"""Il Pioppo""";5;0
Neope;;5;0
Dancing Lido Po;;5;0
Origami;;5;0
Exwide;;5;0
Cheope Disco Club;Cheope Disco;5;0
Arengo;;5;0
Charlie discoclub;;5;0
New Age Club;New Age;5;0
Neo Geo;;5;0
Coccinella NightClub;Coccinella;5;0
Discoteca Il Giardinetto;Il Giardinetto;5;0
Molo 95;;5;0
Tucson - DiscoPub;Tucson;5;0
Dancing Il Boschetto;;5;0
Movida dancing;;5;0
Dancing Tiberina;;5;0
TILT;;5;0
Rilago;;5;0
Le B Club;;5;0
Tenax;tnx;5;0
Zoom Music Club;;5;0
Cab41;;5;0
Discoteca;;5;0
Soda Pops;;5;0
Casa Mia Club;Casa Mia;5;0
Terme Club Disco;Terme Club;5;0
Taverna Pub;;5;0
La Fontana del Boschetto;;5;0
Le Terrazze;;5;0
Kovo;;5;0
Onda Sonora;;5;0
Roncaccio - Tiempio Latino;Roncaccio;5;0
Fullshade;;5;0
Shed Club;Shed;5;0
262;;5;0
Lumiere;;5;0
Night Club Babilonia;;5;0
Astro Club;Astro;5;0
Circolo Colony;;5;0
Subway Club;Subway;5;0
Dissonanze;;5;0
Discoteca Milleluci;Milleluci;5;0
Jux Tap;;5;0
Club Pascha;Pascha;5;0
Oronero;;5;0
Caribe Club;Caribe;5;0
Arté;;5;0
Elysee Club;Elysee;5;0
No. 1 Club;No. 1;5;0
Okay Club;;5;0
Paul's Pub;;5;0
La Merangola;;5;0
Afterlife Live Club;Afterlife Live;5;0
Club Haus 80's Courmayeur;Haus 80's Courmayeur;5;0
Tiffany;;5;0
Circolo Sociale Metropoli;;5;0
FAQ live music club;FAQ live;5;0
Baia de Punta;;5;0
Oplonti Beachclub;;5;0
Parco della Musica;;5;0
Porta d'Oro;;5;0
Shilling's;;5;0
Venus Night Club;;5;0
I Candelai;;5;0
The wall;;5;0
Coco Beach;;5;0
Killtime;;5;0
Cycas Latino;;5;0
Pineta Milano;;5;0
Sottovento Di Zielinska Monika Elzbieta;;5;0
club Linea Notturna;Linea Notturna;5;0
Sala Feste Oplà;Feste Oplà;5;0
Hölle;;5;0
Milonga Circolo Zoo;;5;0
L'Arcobaleno;;5;0
Bar Discoteca Snoopy;;5;0
Real Beach;;5;0
Blow Up disco;;5;0
Pattol Club;Pattol;5;0
Shada;;5;0
Club 21;;5;0
BBC;;5;0
Movida Monza;;5;0
Fantasy Dance Line;;5;0
Lanificio;;5;0
Discoteca Cavalluccio Marino;Cavalluccio Marino;5;0
Bivio Club;Bivio;5;0
Glue Alternative Concept Space;;5;0
Living Club;Living;5;0
BMC;;5;0
Tortuga Dance Garden;Penny;5;0
Charly Max;;5;0
Astragalo;;5;0
Discoteca Madame Butterfly;Madame Butterfly;5;0
Manarin;;5;0
Raspoutine Rome;;5;0
MASHAD disco beach;;5;0
Studio7 Roma;Studio7;5;0
Block;;5;0
Fanfulla;;5;0
Arya Club;Arya;5;0
Club Cristal;;5;0
Azimut;;5;0
Re Sole;;5;0
TheBeach;;5;0
Centralino;;5;0
JAB;;5;0
Baccara Disco;Baccara;5;0
Bronson Club;Bronson;5;0
Cubo;;5;0
Bebop;;5;0
Bilbao San Polo;;5;0
Galleria 19 Disco Club;Galleria 19 Disco;5;0
LE CHATEAU club;LE CHATEAU;5;0
Ca' de Mandorli;;5;0
Wishlist Club;Wishlist;5;0
LOL Disco;LOL;5;0
Rocchettaland;;5;0
Vanilla Club;Vanilla;5;0
Deposito Pontecorvo;;5;0
Hirsh;;5;0
Riobo;;5;0
Premiere Lounge;;5;0
La Zattera;;5;0
Night and Day;;5;0
Akab Club;Akab;5;0
Malè Costa del Sud;;5;0
Vanilla Summer Club;Vanilla Summer;5;0
La Kambusa;;5;0
Discoteca Orizzonte;Orizzonte;5;0
La Suerte;;5;0
Essaouira Club;Essaouira;5;0
Rocce di Pinamare;;5;0
Ritual Club;Ritual;5;0
Tartaruga Live Music Pub;;5;0
L'Alibi;;5;0
Bellaciao Club;Bellaciao;5;0
Urban Live Music Club;Urban Live;5;0
Cantiere 21;;5;0
Discoteca Gradisca;Gradisca;5;0
Kat discoclub;;5;0
Masseria La Penna;;5;0
Piper Club;Piper;5;0
Il Bosco delle Fragole;;5;0
Chalet nel Bosco;;5;0
Project Roma;;5;0
Too Club;Too;5;0
Exe Roma;Exe;5;0
Room 26;;5;0
Circolo Degli Illuminati;;5;0
Rashõmon Club;Rashõmon;5;0
Neo Club Roma;Neo Club;5;0
Ex pista da ballo;;5;0
Cattleya Disco Club;Cattleya Disco;5;0
Campus Music Industry;;5;0
Spazio Novecento;;5;0
Baia Disco Club;Baia Disco;5;0
Kabuki;;5;0
Duplè;;5;0
River piscina e discoteca;River piscina e;5;0
Dadamaino;;5;0
Parioli Dancing;;5;0
Timeless;;5;0
Palco 19;;5;0
Ligh Lime;Lime;5;0
Discoteca Andromeda;Andromeda;5;0
Shabba club;Shabba;5;0
La Nueva Amanecer;;5;0
Land Of Freedom;;5;0
Freakout Club;Freakout;5;0
Benicio live gigs;;5;0
R.Mutt1917;;5;0
Dancing Happy Day;;5;0
Night Club Zeus;;5;0
Saletta Delle Arti;;5;0
Caraibe;;5;0
Kalimba Club;Kalimba;5;0
Il Battello di Arona;;5;0
Tunnel Club;;5;0
Caffè Latino;;5;0
Coconut;;5;0
Pin Up;;5;0
Avila Discodinner;;5;0
la Mulata;;5;0
Baroo;;5;0
Ganesh Garden;;5;0
Ambra Night Club;Ambra;5;0
Moscabianca;;5;0
Snoopy;;5;0
SottoSopra;;5;0
Studio 1051;;5;0
La Terza;;5;0
Zettel;;5;0
Extasià;;5;0
Corallo;;5;0
District 272;;5;0
Officina 7;;5;0
Club Epoque;Epoque;5;0
Toy RoOm Rome;;5;0
Life Club;;5;0
Le Le Bahia;;5;0
Pikklub;;5;0
Studio 1 Entertainment Clubbing;;5;0
Volt Club;Volt;5;0
Magic Fly;;5;0
Pocoloco;;5;0
Pink Street Club;;5;0
Enzo;;5;0
Ladum;;5;0
Metrò Discoteque;;5;0
Tucano;;5;0
Traffic Live;;5;0
Legend Club;Legend;5;0
Sox;;5;0
Laguna Beach;;5;0
Marula beach & chic;;5;0
lanificio25;;5;0
Moses club;Moses;5;0
The blob club;blob;5;0
La Mayimba;;5;0
Cotriero Beach Club;Cotriero Beach;5;0
Guendalina;;5;0
Nevada;;5;0
Mondial Club;Mondial;5;0
Qubba;;5;0
Circolo Arci Biko;;5;0
Colibrì disco;Colibrì;5;0
Orion;;5;0
Apollo;;5;0
Club Incanto;Incanto;5;0
Verve;;5;0
Estoril;;5;0
Ca' Margherita;;5;0
Cabiria discoteca;Cabiria;5;0
Bar fly;;5;0
Club Plastic;Plastic;5;0
Zanardi;;5;0
Covo Club;Covo;5;0
Malecón Roma;Malecón;5;0
Q77 Milonga La boca;;5;0
Planet Kart Romagna;;5;0
Mood Social Club;;5;0
Club House - Salice Terme;House - Salice Terme;5;0
Foca Loca;;5;0
Kindergarten;;5;0
Paradise privè Night club;Paradise privè;5;0
Moulin Rouge;;5;0
Cometa dancing hall;;5;0
Music On The Rocks;;5;0
Oxidiana Disco;Oxidiana;5;0
Civico7;;5;0
Impero Primo;;5;0
Angelo Azzurro Night Club;Angelo Azzurro;5;0
Club Modà;;5;0
Miramare;;5;0
La B della P;;5;0
Night Park Club;Night Park;5;0
Castigo;;5;0
Globe;;5;0
Nirvana Discoteca;;5;0
Flair House;;5;0
Discoteca L'Altro mondo;L'Altro mondo;5;0
Klik;;5;0
Empyre;;5;0
Magika 2.0 Disco Dinner;;5;0
Natura Club;Natura;5;0
Kalima Beach Club;Kalima Beach;5;0
Discoteca P1;;5;0
Bambù club;;5;0
Emerald Klubb;;5;0
El Mawal;;5;0
Villa delle Rose;;5;0
747;;5;0
Zanussi;;5;0
Moyto;;5;0
Barga Jazz Club;Barga Jazz;5;0
Discoteca ShocK!;ShocK!;5;0
Discoteca Vivi Le Grotte;Vivi Le Grotte;5;0
Nevermind;;5;0
Terraza Flegrea;;5;0
L'isola di Zeta;;5;0
Discoteca La Storia;La Storia;5;0
Veniceberg;;5;0
Discoteca Love Verona;Love Verona;5;0
Berfi's Club;Berfi's;5;0
Maggie's Park;Maggie's;5;0
Colorificio Kroen;;5;0
The Factory;Factory;5;0
Tabata;;5;0
La Barcaccina;;5;0
Social Club;Social;5;0
ArlecchinoDisco;;5;0
Nausicaa New Experience;;5;0
Spleen 2.0;;5;0
Ciao Ciao;;5;0
Fauno Notte Club;Fauno Notte;5;0
Sunset Garden;;5;0
Ipanema Club;Ipanema;5;0
Fabriq;;5;0
Back & White;;5;0
Ari's Club;Ari's;5;0
Milk;;5;0
BananaMia;;5;0
Q Club;;5;0
Gianca Murazzi;;5;0
Anima Underground;;5;0
Il Clubbino;;5;0
Off Topic;;5;0
Slaughter Club;Slaughter;5;0
Circolo Red;;5;0
Subsolo;;5;0
Incoho;;5;0
Alchemica Music Club;Alchemica;5;0
Giradischi Club;Giradischi;5;0
Pinocchio Music Hall;;5;0
Dancing Black Panther;;5;0
Cap10100;;5;0
Pascià;;5;0
Elite 2;;5;0
L'arlecchino;;5;0
Indie Club;Indie;5;0
River Piper Discoteca;River Piper;5;0
Discoteca Piano Terra;Piano Terra;5;0
Megà Disco Dinner;;5;0
Megà Summer Disco Dinner;;5;0
Apophis Club;Apophis;5;0
Entaló;;5;0
Violet Club;Violet;5;0
Luxy Club Milano;;5;0
Circolo Dong;;5;0
Terminal Venezia;;5;0
Poker Disco Club;Poker Disco;5;0
Spettro;;5;0
Circus Rock Club;Circus Rock;5;0
Privilege Club;;5;0
Narciso Club;Narciso;5;0
Jungle Club;;5;0
River Houseclub;;5;0
Bolgia;;5;0
I Am... Summer;;5;0
OTEL;;5;0
Locomotiv Club;Locomotiv;5;0
Figaroe Club;Figaroe;5;0
SottoSopra Club;;5;0
Bhash;;5;0
Contro corrente;;5;0
Miami Club;Miami;5;0
Noir Club;;5;0
Melaluna;;5;0
Il Ruscello;;5;0
Maden Events;;5;0
Club 70;;5;0
Mulino Club;Mulino;5;0
Zero Club;;5;0
Meraki;;5;0
35 Millimetri;;5;0
BRIO Music Bar;;5;0
The Mush Room;Mush Room;5;0
Miraya Beach Park;;5;0
Thunder Music Village;;5;0
Fico ricco Cuban cult club;Fico ricco Cuban cult;5;0
Papillon;;5;0
Eden Ponza;;5;0
Mandarino Club;Mandarino;5;0
Central Club;;5;0
ONEWAY discoclub;;5;0
Kauffman Klub;;5;0
MOVIE Club;;5;0
Srndpt Club;Srndpt;5;0
Hangar Club;Hangar;5;0
Flexo Club;Flexo;5;0
Cieloterra;;5;0
Grindhouse;;5;0
Il Pipistrello;;5;0
Gems;;5;0
Lizard Club;Lizard;5;0
Kabana Castellaneta Marina;;5;0
Caino;;5;0
VIBE;VIBE music zone;5;0
Masseria Wave;;5;0
Babilonia Lounge;;5;0
Live 75;;5;0
OFF Modena;;5;0
H2O Club;H2O;5;0
THIS;;5;0
Terminal Club;Terminal;5;0
Le Panteraie;;5;0
Domus;;5;0
Spazio Franco;;5;0
MOLO;;5;0
Tsunami Club;;5;0
Heaven The Club;;5;0
Vidia Club;Vidia;5;0
Viper;;5;0
Eremo Club;Eremo;5;0
Magazzino sul Po;;5;0
I AM;;5;0
Oz disco club;Oz disco;5;0
La Parranda;;5;0
Much More;;5;0
Byblos Club;Byblos;5;0
Bohémia;;5;0
Cyborg;;5;0
Blanco Summer Club;Blanco Summer;5;0
Drop Club;Drop;5;0
Paradise Piacenza;;5;0
Area City;;5;0
Biblo Club;Biblo;5;0
Bamboo Summer Club;Bamboo Summer;5;0
Nice;;5;0
Villa Pascià;;5;0
La Via delle Spezie;;5;0
Bissò;;5;0
Dolcevita;;5;0
Bobadilla Feeling Club;Bobadilla Feeling;5;0
La Terrazza Club;;5;0
Akua Club;Akua;5;0
Legall;;5;0
Roof Club;Roof;5;0
Supporter Beach;;5;0
Naxos Arena;;5;0
Nafoura;;5;0
Freaky;;5;0
Jambo Summer Space;;5;0
Sound Music Club;;5;0
Reset Dinner Club;Reset Dinner;5;0
Pagoda Club;Pagoda;5;0
Opificio Club;Opificio;5;0
Fashion;;5;0
Nautilus Club;Nautilus;5;0
Mirage Disco Club;Mirage Disco;5;0
Histoire Discoteque;Histoire;5;0
Centrum Club;Centrum;5;0
Discoteca Point;Point;5;0
Hyper maxi disco;Hyper maxi;5;0
Bylla Bong;;5;0
After Caposile;;5;0
Club della musica;della musica;5;0
Why Not Disco;;5;0
Fonderie musicali;;5;0
Rosetta Jazz Club;Rosetta Jazz;5;0
Jungle Disco;;5;0
Let's Go Now;;5;0
Dolceverde;;5;0
BB Disco;;5;0
Eleven Lounge;;5;0
Planet Lequile;;5;0
CoolBay Resort;;5;0
Magazzini Generali;;5;0
Il Giardino 2.0;;5;0
Spazio Webo;;5;0
Eden Night Club;;5;0
Aphelion Club;Aphelion;5;0
Mito;;5;0
Easy Pavia;;5;0
Whitemoon;;5;0
Kratos;;5;0
Audiodrome;;5;0
Streaming Club Trieste;Streaming Club|Streaming Discoteca;5;0
Manhattan Music & Dance;;5;0
Deus;;5;0
Cave Club;Cave;5;0
DRK Milano;DRK;5;0
Room 33;;5;0
Woodpecker;;5;0
The Vibe Art Attitude;Vibe Art Attitude;5;0
Piñacolada Disco Club;Piñacolada Disco;5;0
Hemingway Club;Hemingway;5;0
La galleria delle arti;;5;0
Astrolabio;;5;0
Habana;;5;0
Santa Libbirata- La Carretteria;;5;0
AZUL - The Club;;5;0
Boogaloo - La Casita Della Salsa;Boogaloo;5;0
CLORO cocktail bar and pizza;;5;0
La Clave;;5;0
Facola Fun;;5;0
MONACÒ - Campomarino;;5;0
Havana;;5;0
Cube;;5;0
Nova Club (Ex Gatto e la Volpe);;5;0
La Gramaccia;;5;0
Timida;;5;0
Argo 16;;5;0
The Beach Milano;Beach Milano;5;0
Round Midnight;;5;0
Ailanto Park;;5;0
Carpenterie Musicali;;5;0
Shatush;;5;0
Das Klub;;5;0
SantHouse;;5;0
Club Del Diavolo;Del Diavolo;5;0
Le Terrazze di Virgilio;;5;0
20 Passi;;5;0
Emoji;;5;0
Europa;;5;0
Koveed Disco Club;Koveed Disco;5;0
Cuttysark;;5;0
New Angolo di Paradiso;;5;0
Appendaun;;5;0
Circolo Nadir;;5;0
Super Club;Super;5;0
Siwa Club;Siwa;5;0
KINA Associazione culturale;;5;0
Fico's;;5;0
Exit;;5;0
Qubò Club;Qubò;5;0
SANTAMVSICA - Temporary Club;SANTAMVSICA|SANTAMVSICA - Temporary;5;0
Cliff;;5;0
Estragon;;5;0
La Vispa Teresa;;5;0
Night Club Poker Disco;Poker;5;0
Lucky Star Karaoke;;5;0
Toda Gioia 2.0;;5;0
Pianeta Sonoro;;5;0
The Random Club;Random;5;0
Discoteca Hollywood;;5;0
Divina Music Bar;;5;0
Piccolo Bar Club;Piccolo Bar;5;0
Justme Milano;;5;0
La Cripta Club;;5;0
Club Cut;Cut;5;0
Sambhe Music Club;Sambhe;5;0
Millennium;;5;0
Click Club;Click;5;0
Cloud;;5;0
EUR Social Club;EUR;5;0
Blue Moon;;5;0
cova beach club;cova beach;5;0
Black Queen Disco;Black Queen;5;0
Bärenhöhle;;5;0
Iride Disco Club;Iride Disco;5;0
Nomad - The Colonial;Nomad;5;0
Capogiro;;5;0
Good Vibes;;5;0
Saitta Dancing;;5;0
Acque Minerali;;5;0
Onyx;;5;0
Patatina cafè;;5;0
Royal;;5;0
Tio Disco;Tio;5;0
Discoteca Dalí;Dalí;5;0
Dancing Paradiso;;5;0
Base Club;Cantera;5;0
Mr. Charlie;;5;0
Club Max;Max;5;0
Hangar 22;;5;0
Symbol;;5;0
Jubliee Disco Club;Jubliee Disco;5;0
Sofia Club;Sofia;5;0
Discoteca Saint Louis;Saint Louis;5;0
Olimpo Club;;5;0
Nikita;;5;0
Costa Ovest Club;Costa Ovest;5;0
Baila Club;Baila;5;0
Scalea Club;Scalea;5;0
Bilbò Club;Bilbò;5;0
Discoteca Il Globo;Il Globo;5;0
Sugar Reef;;5;0
New Melody Club;New Melody;5;0
Matis Club;Matis;5;0
La Darsena;;5;0
Dancing Faliero;;5;0
Dancing 007;;5;0
Maxi Dancing Tris;;5;0
Settimo Cielo Maxi Dancing;;5;0
Dancing Valle Verde;;5;0
Magika Disco Club;Magika Disco;5;0
Shakabrà;;5;0
Vinile;;5;0
J'Adore;;5;0
Don Chisciotte;Donky;5;0
Dancing Le Terrazze;;5;0
Charlys Night Club;Charlys;5;0
Sghetto;;5;0
Tank serbatoio culturale;;5;0
Albert Club;Albert;5;0
Discoteca Le Cupole;Le Cupole;5;0
Gate Showclub;;5;0
Ca' del Liscio;;5;0
"Dancing ""IL Gabbiano""";;5;0
Apres Club;Apres;5;0
Rendez Vous;;5;0
Number one;;5;0
Club 99;;5;0
Maracuja;;5;0
Playa;;5;0
Dancing Exclusiv;;5;0
Dancing La Vigna;;5;0
Frozen;;5;0
Crepapelle;;5;0
Tube Club;Tube;5;0
Vox Club;Vox;5;0
Il Patio;;5;0
Italghisa;;5;0
Tempo Rock;;5;0
Cuore Matto;;5;0
New Sesak;;5;0
Estasi;;5;0
Discoteca Paradiso;Paradiso;5;0
La Rosa dei Venti;;5;0
Sound Beach - Disco Beach Club;Sound Beach|Sound Beach - Disco Beach;5;0
Sole Nero;;5;0
il Muretto;;5;0
Tortuga;;5;0
Piteco Club;Piteco;5;0
Target Club;Target;5;0
Circus Beat Club;Circus Beat;5;0
Casale;;5;0
24 Twenty Four;24 mila baci;5;0
Florida;;5;0
Belvedere Disco Club;Belvedere Disco;5;0
Kursaal;;5;0
La Kava;;5;0
Discoteca Aegua;Aegua;5;0
Covo di Nord-Est;;5;0
Black Hole Milano;;5;0
Skaletta;;5;0
Shake club;Shake;5;0
Ryan's Club;Ryan's;5;0
Etoile Club;Etoile;5;0
Luna Rossa;;5;0
Club 42;;5;0
Zen;;5;0
Bikini Disco Dinner;;5;0
Peter Pan;;5;0
Altromondo Studios;;5;0
Mercati Generali;;5;0
Club Partenopeo;Partenopeo;5;0
Discoteca Atmosfera;Atmosfera;5;0
Blu Bay;;5;0
Bollicine;;5;0
La kascia;;5;0
Tartana discoteca;Tartana;5;0
Miu Disco Dinner;;5;0
Tam Tam;;5;0
Planet Fun - Opium;Planet Fun;5;0
Santner's;;5;0
Discoteca Fellini;Fellini;5;0
Beach bar;;5;0
Walky Cup;;5;0
Dancing Isolotto;;5;0
Villa Stelvio;;5;0
Disco Fix;Fix;5;0
Discoteca Impero;Impero;5;0
Life Lido Po Boretto;Life Lido Po;5;0
MamboKing;;5;0
Country Discoclub;;5;0
Koko Beach;;5;0
"Dancing ""John Lennon""";;5;0
Biggest;;5;0
Discoteca Don Carlos;Don Carlos;5;0
Borderline Club;Borderline;5;0
Mitho;;5;0
K-Klass;;5;0
Cycle Club;Cycle;5;0
The New King;New King;5;0
Art Club;;5;0
Druso;;5;0
Mamamia Alternative Music Club;Mamamia Alternative;5;0
Masai;;5;0
Duel Club;Duel;5;0
Sol Levante;;5;0
Corte degli Angeli;;5;0
Polaris Studios;;5;0
Amaranta Club;Amaranta;5;0
Discoteca Megà;Megà;5;0
prins;;5;0
Trocadero;;5;0
Disco Club Bajda;Club Bajda;5;0
Storya;;5;0
Jasmine;;5;0
Tanguera Village Club;Tanguera Village;5;0
Discoteca Palà;Palà;5;0
Pepe d'oro;;5;0
Pinar Club;Pinar;5;0
Black Rose;;5;0
Le Rotonde;;5;0
Discoteca Baja Village;Baja Village;5;0
Nörder's Musikantenstadl;;5;0
Viper Theatre;;5;0
Billions;;5;0
Atlantico;;5;0
Dietro Le Quinte;;5;0
Fico club;Fico;5;0
Brusco Wine & Audio Room;;5;0
Chiringuito;;5;0
Mascara;;5;0
Blue del Mar;;5;0
Dopolavoro;;5;0
Clorophilla Clib;;5;0
Cromie Disco;Cromie;5;0
Demodè Club;Demodè;5;0
Area 51;;5;0
Village;;5;0
Sayonara Luxury Disco;Sayonara Luxury;5;0
Red Clubbing;;5;0
Medusa;;5;0
LatinGold Disco Club;LatinGold Disco;5;0
Mia Clubbing;;5;0
ex Archivolto;;5;0
Complesso La Baita;;5;0
Dancing Malandrone;;5;0
Phenomenon Palaclub;;5;0
Sala Eden;;5;0
DeNiro;;5;0
La Capannina di Franceschi;;5;0
Alegria;;5;0
Kamà Music Maison;;5;0
Il Pirata Club;Il Pirata;5;0
Tnt Kamasutra;;5;0
Il Ruvido;;5;0
Old Fashion;;5;0
Subway Viterbo;;5;0
Viper Deluxe Club;Viper Deluxe;5;0
Evita;;5;0
PalaCavicchi Ciampino;;5;0
Mediterraneo;;5;0
Zoo Club;Zoo;5;0
Satyricon;;5;0
Open Bar;;5;0
Tonga;;5;0
Koala;;5;0
Lab Disco;Lab;5;0
MATRIOSKA discoteca;MATRIOSKA;5;0
Celebrità;;5;0
Ballalinda;;5;0
Movi&Dance;;5;0
Oriente discoteca;Oriente;5;0
Caveau club;Caveau;5;0
Glob Trotter;;5;0
Première Club;;5;0
UB4;;5;0
Noa Club;Noa;5;0
Mama's Beach Club;Mama's Beach;5;0
Boars Nest;;5;0
Discoteca Athenee;Athenee;5;0
La Capannina di Viareggio;;5;0
Bike Village;;5;0
Piramidi Dancing;;5;0
Vanilla Disco Club Siena;;5;0
Tinì Soundgarden;;5;0
Opera Beach Club;Opera Beach;5;0
Discoteca Papillon 78;Papillon 78|Discoteca Papillon;5;0
Musicol Club;Musicol;5;0
Nightclub Capriccio;Capriccio;5;0
Agaji Ville;;5;0
Sciuscia' Club;Sciuscia';5;0
Stappo! the enogustoclub;;5;0
Sottoaceto;;5;0
LOOX - The Alpine Club;LOOX|LOOX - The Alpine;5;0
Le Vele;;5;0
Venus Exclusive Night Club;Venus Exclusive;5;0
La Serra;;5;0
La Trottola;;5;0
Dancing Jambo;;5;0
Sali & Tabacchi;;5;0
Jolly;;5;0
Nafoura Disco;;5;0
Zfreedom;;5;0
La Venere Dance;;5;0
Largo Venue;;5;0
sPAZIO211;;5;0
Nasty Club;Nasty;5;0
Alpen Rose;;5;0
Molo 28;;5;0
ex Le Club;ex Le;5;0
Ti Connetto;;5;0
New Fantasy Club;New Fantasy;5;0
Brahma;;5;0
Sonido Latino;;5;0
La Capannina sul Lago;;5;0
Dylan Club;Dylan;5;0
C'era Una Volta in America;;5;0
Dhome;;5;0
King's Club;King's;5;0
Coconuts;;5;0
Link;;5;0
Kai Disco Club;Kai Disco;5;0
Sabir;;5;0
Beky Bay;;5;0
NOVA Club Culture;;5;0
Acadie Club;Acadie;5;0
Donoma;;5;0
Tower Town;;5;0
Armony;;5;0
Zanzibar;;5;0
Madera;;5;0
Tiberio Club;Tiberio;5;0
Circolove;;5;0
Village Summer Disco;Village Summer;5;0
Paranà;;5;0
Discoteca Palmariva;Palmariva;5;0
Cala Felice beach club;Cala Felice beach;5;0
Sciarra Party Festivita;;5;0
Il Dollaro;;5;0
Real Dance;;5;0
"Circolo Tunnel ""Bombon3ra""";;5;0
Club Calypso;Calypso;5;0
CC-Club;;5;0
Real;;5;0
Eden Bar;;5;0
Sachs;;5;0
Stanglbar;;5;0
Club Blue;;5;0
Club Roxy;;5;0
Partymaus;;5;0
Bricks;;5;0
"""O"" die Tanzbar";;5;0
Bergwerk;;5;0
B10;;5;0
DonauTechno;;5;0
Why Not - Clubdiskothek;;5;0
Prometheus;;5;0
Viper Room Vienna;The Monastery;5;0
AZTEC Club;AZTEC|Plan B;5;0
Fifty Five Club;Fifty Five|55 Club;5;0
C2;;5;0
Ballegro;;5;0
V-Club;;5;0
Camera Club;Camera;5;0
fritz! Club;fritz!;5;0
Blue Chip;;5;0
Easy-Bacchus;;5;0
Club 1019;1019;5;0
Sensation;;5;0
Jimmy's Krems;;5;0
P2;;5;0
Disco Joy;;5;0
Villa Ostende;;5;0
Le Billard;;5;0
Balboa;;5;0
Casanova;;5;0
Livestage;;5;0
Mon Cherie;;5;0
El Dorado;;5;0
Empire St. Martin;;5;0
Disco P3;;5;0
The Box;Box;5;0
Volcano;;5;0
Club Take 5;Take 5;5;0
Heuboda;;5;0
Mühle;;5;0
Kulturhauskeller;;5;0
Mausefalle Linz;;5;0
Hanglbar und Angels' Club;Hanglbar und Angels';5;0
Club V2;;5;0
Discothek APOLLON;;5;0
Club Fly 2.0;Fly 2.0;5;0
A Danceclub;;5;0
Wellness Club by La Coccotte;Wellness Club|Wellness;5;0
Grelle Forelle;;5;0
Mausefalle;;5;0
Music-House;;5;0
Postgarage;;5;0
Bar Carmen;;5;0
Casino Joker;;5;0
Mauerwerk;;5;0
Discothek;;5;0
Club Motion;Motion;5;0
CellaVie Aviation Club;CellaVie Aviation|Ride Club, Buddha Club, Kaiko;5;0
COCO Discostadl;;5;0
Café Niveau - Nachtclub;Café Niveau;5;0
Diskothek Blow Up;;5;0
Melibar Tanzcafe;Pendl's Tanzbar;5;0
Passage Vanity;;5;0
Deja-Vu;;5;0
Hohenhaustenne;;5;0
Studio 24;;5;0
Tollhaus;;5;0
Barbarossa the Club;Barbarossa;5;0
Hailife;LA Noisette;5;0
Tante Emma;;5;0
Tanzcafe Jenseits;;5;0
La Noche - Disco;;5;0
NiteFlight - Cocktailbar, Disco, Lounge;NiteFlight;5;0
N1 - Disco;;5;0
Diskothek Volksgarten;Volksgarten;5;0
Das Otto;Dachsbau;5;0
Lifestyle;;5;0
Poschi Bar;;5;0
Palmenstadl;;5;0
Greens XL;;5;0
Wührers;;5;0
Rauch Club;Rauch;5;0
Club Village;;5;0
El Profesor Night Club;El Profesor;5;0
baseMENt 2.0;;5;0
K3;;5;0
Discostadl Auer;;5;0
U4 Discothek;;5;0
Kathi's World;;5;0
jederzeit;;5;0
Johnny's Disco;Johnny's|Mairoll;5;0
Party Box;;5;0
Säulenhalle;;5;0
Circle Thalia;;5;0
Café Carina;;5;0
IMSÜDEN Club;IMSÜDEN;5;0
K1;;5;0
Treffpunkt;;5;0
Mammamia;;5;0
Diskothek Tanzbar;Tanzbar;5;0
Lions Bar;;5;0
James Bar;;5;0
Platzhirsch;;5;0
Kaktus Club;Kaktus;5;0
Live Music Club Replugged;;5;0
Nachtkastl;;5;0
SENDER Club;SENDER;5;0
Club Escape;Escape;5;0
Das Werk;;5;0
Kum Eina;;5;0
Club U;;5;0
Kanne Disco;Kanne;5;0
Showbar Highland;;5;0
Maurer's;;5;0
Take Five;;5;0
Estrada;;5;0
Studio 37;;5;0
Eventstage;;5;0
Katapult;;5;0
Stadtkeller Disco - Bar;Stadtkeller Disco|Stadtkeller;5;0
Bolleros;;5;0
Die Rote Villa;;5;0
Tollhaus Weiz;;5;0
Kokomo;;5;0
Prysma;Club Cube, Spielplatz;5;0
Club UTOPIA;UTOPIA;5;0
Der kleine Tiroler;;5;0
Eisbar;;5;0
Fuchslöchl;Servus Bar;5;0
Mirage;;5;0
Pulverfass;;5;0
Das Brauhaus;;5;0
Ilzer Tenne;;5;0
Las Palmas Latin Club;Las Palmas Latin;5;0
Max & Moritz Bar & Disco;Max & Moritz Bar &;5;0
Danzon;;5;0
Vogelnest;;5;0
Bettel-Alm am Lugeck;;5;0
fashiontv;;5;0
Club Analog;Analog;5;0
Loco Bar;Soho-Vienna 2.;5;0
Club Alice;Alice|Palffy Club;5;0
Goodman;;5;0
VIE i PEE;;5;0
No. 99;;5;0
Easy Bar;;5;0
Horst;;5;0
Party Stadl - Luech Keller;Party Stadl;5;0
Tanzcafe Schindler;;5;0
Slab Kitz;;5;0
Feeling club;;5;0
Dinos Partyhaus;;5;0
Filou;;5;0
Sega Bar;;5;0
all in;;5;0
Dorfalm;;5;0
Drop In;;5;0
Taggerwerk;;5;0
Confetti Bar;;5;0
SASS Music Club;SASS;5;0
Porto;;5;0
Karat;;5;0
FOX - Die Tanzbar;FOX;5;0
Remembar;;5;0
SFRJ;;5;0
Trofana Tenne;;5;0
Club Salsa Libre;Salsa Libre;5;0
Love House;;5;0
Tanzbar Nachtigall;;5;0
Nachtschicht;Löwengrube;5;0
PostHorndl;;5;0
Proberaum Scheibbs;Proberaum;5;0
Saint Tropez;;5;0
Tanzcafe Wenzel;;5;0
KaiserDisco Ellmau;;5;0
Frühbar04;;5;0
BallCanCan;;5;0
FACE;;5;0
Gleis 9;;5;0
cultclub;;5;0
minki;;5;0
Club Nero;Nero;5;0
Schwips Ladies Dancing;;5;0
Nachtclub Nineteen:four;;5;0
The Lux;;5;0
elite Club Linz;;5;0
Kottulinsky;;5;0
Bloom;;5;0
Phantom Club;Phantom;5;0
Vino en Paso;;5;0
Südsee;;5;0
Tschin Dancefloor;;5;0
Bar Madame;;5;0
Club Bunker;;5;0
Der Klub;;5;0
Westernsaloon Buffalo;;5;0
Kleine Tenne;;5;0
Grngr;;5;0
Up&Down;;5;0
Market33;;5;0
Exil;;5;0
Saustall Hadersdorf;;5;0
p.p.c;;5;0
Bar 1900;;5;0
Disco Excalibur - Hartberg;Disco Excalibur|Excalibur - Hartberg|Excalibur;5;0
Nachtclub Stadt Wien;;5;0
Zone 21;Villa Aichelburg;5;0
Imperial Club;;5;0
Poolhall Linz;Poolhall;5;0
Celeste;;5;0
Vabrik;;5;0
Ypsilon Eventhall;;5;0
Almrausch;;5;0
Flex;;5;0
""" Back to the Roots""";;5;0
Disko Haleluja;;5;0
Spessart;;5;0
Discothek Villa;;5;0
G&D Grande Dame Music Club;G&D Grande Dame;5;0
Die Burg;;5;0
Nightclub Valentina;Valentina;5;0
Discothek Schistadl;;5;0
Partyhaus Cabrio;;5;0
Disco Concorde;Concorde;5;0
G'spusi - dein Tanz & Flirtlokal;G'spusi;5;0
Herrenhaus;;5;0
Flucc;Fluc;5;0
Explosiv;;5;0
Wyborowa;;5;0
Frankies Musik-Treff;;5;0
Lusthouse;;5;0
Tanzcafé La Bamba;;5;0
Brooklyn-Disco;;5;0
N-Joy;;5;0
FH Gastro GmbH;;5;0
Tanzbar Schiwago;;5;0
Tanzcafé Erni;Erni;5;0
Alte Molkerei;;5;0
Jaguar;;5;0
Club Werkstatt Ternberg;Werkstatt Ternberg|Werkstatt;5;0
Diskothek Till Eulenspiegel;Till Eulenspiegel;5;0
Maurer;;5;0
Hühnerstall;;5;0
Night Club Dolce Vita;;5;0
Erotik Laufhaus Leibnitz;;5;0
Diskothek be HAPPY;be HAPPY;5;0
Diskothek Erika;Erika;5;0
Jackson Club;Jackson;5;0
Das Günter's;;5;0
Highlife;;5;0
Disco Bull;Bull;5;0
The G-Club;G-Club;5;0
Room Forty;;5;0
Fuzzy;;5;0
Lady O;;5;0
Wigo;;5;0
Bermuda;;5;0
Melkerkeller;;5;0
Apres Ski Spieljochstadl;;5;0
Art of Night;;5;0
Babenberger Passage;;5;0
Salzhaus;;5;0
Kammgarn;;5;0
Livingroom;;5;0
Bierhübeli;;5;0
Labor5 Bar;;5;0
Heimat;;5;0
Das Zimmer;Silo-Bar;5;0
Palais Mascotte;;5;0
Kaufleuten Klubsaal;;5;0
Courage Club;Courage;5;0
Bolgenschanze;;5;0
Kauz;;5;0
Werk 21;Kaufleuten Dynamo;5;0
Night Bird;;5;0
Club number one;;5;0
Le Quai;;5;0
unerge;;5;0
Bronx;;5;0
Vegas Club Luzern;;5;0
Sherpa;;5;0
Sherlock Club;Sherlock;5;0
Arrasta o pé;;5;0
Z1;;5;0
Peer 56;;5;0
Cube Club;Cube.Club.Bern|Shakira;5;0
ISC Club;ISC|ISC Club Bern;5;0
Dachstock;;5;0
provitreff;;5;0
Downtown K;;5;0
Blue Lagoon;;5;0
Athena Club;;5;0
New Port;;5;0
Cafete;;5;0
Le Prive Club;;5;0
Aktionshalle;;5;0
The Grail;Grail;5;0
Heaven Club;Gayclub Oz;5;0
Move Club;Move;5;0
Orient;;5;0
Einspruch Diskothek;;5;0
Belmondo;Belmondo Club Events Bar;5;0
Night bar Chiquita;;5;0
Dead End;;5;0
Stellwerk;;5;0
L'Amalgame;;5;0
Privé;;5;0
Jagger's;;5;0
LE7 Club / Seven Club;LE7 Club|LE7 Club / Seven;5;0
Firehouse;;5;0
D! Club;;5;0
Rondel;Club Rondel|Liquid;5;0
Locarno 2000;;5;0
kerri;;5;0
Princesse;;5;0
Club Mundwerk;Mundwerk|Mundwerk Kulturbiotop;5;0
Farm club;Farm;5;0
Casbah;;5;0
Disco L'Underground;L'Underground;5;0
Das Viertel;;5;0
Giada Night Club;Giada;5;0
Amadeus;;5;0
Das schwarze Schaf;;5;0
Chorus;;5;0
Globull;;5;0
Galaxy;;5;0
Hidén Harlekin;;5;0
iPub night;;5;0
Jugendkulturhaus OXIL;;5;0
Jenny's;;5;0
Club 3000;3000;5;0
Schönbrunnen;;5;0
Apéro & Weinbar Wyva;;5;0
LWB Löschwasserbecken;;5;0
Löwen;;5;0
G's;;5;0
Club Atlantic;Atlantic;5;0
Five Roses;;5;0
Chäller;;5;0
i45 (industrie 45);i45;5;0
Club Goldwand;Goldwand;5;0
Studio Club Bern;;5;0
Octopussy;;5;0
Roadhouse;;5;0
Liquors;;5;0
Mica Club Ze Code;;5;0
Le Ciel;Le Ciel Bar Lounge Club;5;0
B-Side;;5;0
Zuma Disco Pub;;5;0
Turinotte;;5;0
Mauz Music-Club;;5;0
Marians Jazzroom;;5;0
BeJazz;;5;0
Silo Lounge;;5;0
Perosa;;5;0
Le Zoo;;5;0
AMR;;5;0
Five Night Club;Five;5;0
Utopia Club;;5;0
Les Prisons;;5;0
Morandi Club;Morandi;5;0
Le Romandie;Le Romandie Club;5;0
UMBO;;5;0
Elfida;;5;0
Club Obsession;Obsession;5;0
New Crazy Horse;;5;0
TapTab;;5;0
A2 - The Club;;5;0
Jade Club;;5;0
Le Rez;;5;0
Java Club;;5;0
Le Palladium;;5;0
Prime;;5;0
Rinora Events AG;;5;0
Club Bar Aura;Bar Aura;5;0
Heile Welt;;5;0
Sabor Latino;;5;0
Gonzo;;5;0
Kulturfabrik Kofmehl;;5;0
Village du Soir;;5;0
Triebwerk;;5;0
Kulturspinnerei;;5;0
L'After;;5;0
Jaja;;5;0
Pöstli Club;Pöstli;5;0
modus;;5;0
Palazzo Beat Club (Livemusik);Palazzo Beat Club|Palazzo Beat;5;0
Frieda's Büxe;;5;0
Wild Hogs;;5;0
Alte Landi;;5;0
Weetamix;;5;0
Gleiswerk - Die Eventfabrik;Gleiswerk;5;0
Club Wunderbox;Wunderbox|Perle;5;0
Léo's Bar;;5;0
Caverne;;5;0
Kulturzentrum Holästei;;5;0
Alte Kaserne;;5;0
Audio Club;Audio;5;0
Schlosskeller;;5;0
Balz;;5;0
Eventhalle Bülach;Eventhalle;5;0
Elysia;;5;0
Fantasio Recada;;5;0
Café des Arts;;5;0
Kaschemme;;5;0
Citrons Masqués;;5;0
Duo Club;Duo;5;0
Décal'Quai;;5;0
Petit Prince;;5;0
Saxophon Bar;;5;0
Hall of Fame;;5;0
Widder Garage;;5;0
Helsinki;;5;0
Bogen F;;5;0
Floor Club;Floor;5;0
Flora;;5;0
Döner Bude;;5;0
CHIC Latino club;CHIC Latino;5;0
Motel Campo;;5;0
Trischli Club;Trischli;5;0
By-pass;;5;0
Dilaila;;5;0
Pipe Cafè - Salone Massage Delicious;Pipe Cafè;5;0
WOODSTOCK Music Pub;;5;0
Undertown;;5;0
Chauderon 18 / No Name;Chauderon 18;5;0
Gletscherspalte;;5;0
El Presidente;;5;0
B&B Sportsbar;;5;0
BlueBox;;5;0
CULT;;5;0
Club Paradiso;;5;0
Taxi;Taxi Bar & Club;5;0
Club Joy;;5;0
Ryva Dancing;;5;0
Salle des fêtes;;5;0
The Roots Club;Roots;5;0
Le Singe;;5;0
Mythic Club;Mythic;5;0
Darling Club;;5;0
Tante Pinte;;5;0
El Secreto Club;;5;0
Mazazique;;5;0
Dancing Moonlight - Axxon;Dancing Moonlight;5;0
Cinema Music Club;Cinema;5;0
Club Skenderbeu;Skenderbeu;5;0
Face Club;;5;0
Riders Club;Riders;5;0
Club Palace;Palace;5;0
Discoteca Ermellino;Ermellino;5;0
Folklor club;Folklor;5;0
Tellenbar;;5;0
Heldenbar;;5;0
La Cave du Bleu Lézard;;5;0
Mansion Club;;5;0
Les Jumeaux Jazz Club;Les Jumeaux Jazz|Jumeaux Jazz Club;5;0
Salle du Cercle du Mail;;5;0
Rampe 52;;5;0
Auberge Lugano;Auberge;5;0
Case-à-chocs;;5;0
Sektor 11 | Eventhalle Zürich Nord;Sektor 11;5;0
VIVA Club;VIVA;5;0
Mad Club;Mad;5;0
Chez Maxime;;5;0
Tunnel Glarus;;5;0
La Gravière;;5;0
La Brèche;;5;0
Kuppel;;5;0
Nest;;5;0
J Club;;5;0
Jugi Simplon;;5;0
Moshpit;;5;0
Millésime Club;Millésime;5;0
Chupito;;5;0
Schneiderei;Schneiderei Club;5;0
Club Bellevue;Bellevue;5;0
Dezent Club;Dezent;5;0
Klain;;5;0
Sous Soul;;5;0
Miam;;5;0
Story Club Dancing Vevey;Story Club Dancing;5;0
Caprizzi Sportsbar;;5;0
Décor Penché;;5;0
La Kave;;5;0
Miami Latin Club;Miami Latin;5;0
Enjoy;;5;0
Gaswerk;;5;0
Les Docks;;5;0
Komplex 457;;5;0
Kanzlei Turnhalle;Kanzlei;5;0
Studio INSOMNIA;;5;0
Jugendhaus Flösserplatz;;5;0
Konzerthaus Schüür;;5;0
Bikini Test;;5;0
Fri-Son;;5;0
En Scred;;5;0
Nordstern;;5;0
Galvanik;;5;0
Dilaila Club;;5;0
Rocking Chair;;5;0
Senkel;;5;0
Treize Etoiles;;5;0
Sphinx (ex-Kheops);Sphinx;5;0
Ema Spielparadies / AWESO AG;Ema Spielparadies;5;0
New Goggeien;;5;0
Penthouse 9;;5;0
Club Borderline;;5;0
Isla Club;;5;0
Le Groove;;5;0
Ziggy's;;5;0
Tap 'n' Tin;;5;0
NYT;;5;0
Central Station Venue;;5;0
The Shack;;5;0
Orange Rooms;;5;0
Flares;;5;0
Aaron P Stone's Casino Rooms;;5;0
The Irish;Irish|Golden Shamrock Club;5;0
Digital;;5;0
World Headquarters;;5;0
Gorgeous;;5;0
Ivory;The Devonshire;5;0
Popworld;;5;0
Labyrinth;;5;0
Y Bar;;5;0
Vauxhall Sports and Social Club;Vauxhall Sports and;5;0
Club Aquarium;;5;0
Spiders Nightclub;Spiders;5;0
The Garage;;5;0
Thursdays;;5;0
Chelmsley and District Conservative Club;Chelmsley and District Conservative;5;0
Parker McMillan;;5;0
Lakota;;5;0
Bar Monsta;;5;0
Broadway Boulevard;;5;0
Mint XL;Pryzm;5;0
Rubix;;5;0
Polly Esthers;;5;0
Superstar Boudoir;;5;0
ATIK;;5;0
Club Retro;;5;0
100 Club;100;5;0
Camel Club;Camel;5;0
101 Nightclub;;5;0
Scarlets;;5;0
Barnt Green Social Club;Barnt Green;5;0
Scene;;5;0
Fever & Boutique Macclesfield;Fever & Boutique;5;0
Mariscos;;5;0
Lucky Voice;;5;0
The Famous Cocktail Bar;Famous Cocktail Bar;5;0
42nd Street;;5;0
Springfield Social Club;Springfield;5;0
Rowley & Blackheath Labour Club Ltd;;5;0
Venue;;5;0
King VN;;5;0
Wave Bar;;5;0
The Purple Door;Purple Door;5;0
Brick Works Nightclub;Brick Works;5;0
Hill & Cakemore Conservative Club;Hill & Cakemore Conservative;5;0
Lightbox;;5;0
Copper Ceylon;;5;0
Surya;;5;0
Esquires;;5;0
The Underworld;Underworld;5;0
Stone Chair Variety Club;Stone Chair Variety;5;0
Millfields Social Club;Millfields;5;0
The Copper Rooms;Copper Rooms;5;0
The Boardwalk;;5;0
The Cove;Cove;5;0
Second Bridge;;5;0
Alcester Unionist Club;Alcester Unionist;5;0
Legends;;5;0
Sneaky Pete's;;5;0
The Rec Rooms;Rec Rooms|Shelley's;5;0
Demons;;5;0
Spirit;;5;0
Hangar 5;;5;0
Club Lomah;Lomah;5;0
Cradley Heath Labour Club;Cradley Heath Labour;5;0
Spring Meadow Social Club;Spring Meadow;5;0
Applejax;;5;0
Viennas;;5;0
O2 Academy Islington;;5;0
Level Two;;5;0
The Triangle;Triangle;5;0
Hasbury Conservative Club;Hasbury Conservative;5;0
Charlie's Angels and Club Oops!;;5;0
Quarry Bank Labour Club;Quarry Bank Labour;5;0
The Treehouse;Treehouse|Fusion;5;0
The Basement;Basement|Room 1;5;0
The Pigalle Club;Pigalle;5;0
Ansty Club;Ansty;5;0
Troy 22;;5;0
Brandon Club 1885;;5;0
Toy Room Club;;5;0
Echos;;5;0
CoCo bar & lounge;;5;0
The Warehouse;;5;0
Elbow Room;;5;0
Ghost Nightclub;Ghost;5;0
Ikonic;;5;0
Cameo;;5;0
Trilogy;;5;0
Casablanca Jazz Club;Casablanca Jazz;5;0
Assembly Rooms;;5;0
Squares;;5;0
The Ark Nightclub;Ark;5;0
Warehouse Night Club;;5;0
Six's;;5;0
The Core;;5;0
Club Tropicana;;5;0
Wedgewood Rooms;;5;0
Savoy;;5;0
Astons;;5;0
The Classic Grand;Classic Grand;5;0
Cathouse;;5;0
Royal Cellar Nightclub;Royal Cellar;5;0
Level 4;Flamingo;5;0
The Pearl Nightclub;Pearl;5;0
The Assembly;Assembly;5;0
The Blue Note Club;;5;0
Metric;;5;0
Coalition;;5;0
Oculist;;5;0
Polo Lounge;Polo;5;0
The Lounge;Lounge;5;0
Ivory Blacks;;5;0
Club Salvation;Salvation;5;0
Arizona Lounge;;5;0
anjo;;5;0
Hamilton Palace;;5;0
K1 Metal Club;K1 Metal;5;0
The Hatch Club;Hatch;5;0
The Welly Club;Welly;5;0
Buff Club;Buff;5;0
The Steel Yard;Steel Yard;5;0
Sky Bar Nightclub;;5;0
Lynroys;;5;0
Zinc;;5;0
Purple Turtle;;5;0
Summerhall;;5;0
Shooshh;;5;0
Rumba;;5;0
Garibaldi's;;5;0
Energy;;5;0
Soulful Cellar;;5;0
2one2;;5;0
Great Barr Conservative Club;Great Barr Conservative;5;0
The HiFi Club;;5;0
Amber Bar;;5;0
Rafters;;5;0
Unit 13;Pom Pom;5;0
Fusion Sports Bar & Night Club;Fusion Sports Bar &;5;0
The Agincourt;Agincourt|Agincourt Lodge;5;0
District;;5;0
Blush;;5;0
The Model;Model;5;0
Apartment 58;;5;0
Smokey Joe's;;5;0
funkymojoe;;5;0
Mash;;5;0
Vinyl;;5;0
Kioki;;5;0
Regency Room;;5;0
Labyrith;;5;0
Bedbury Hall;;5;0
Bushwackers;Bush Birmingham;5;0
Tabu Lounge;;5;0
King Tut's Wah Wah Hut;;5;0
Glamorous;;5;0
Woo Woo;;5;0
TFM Soundworks;;5;0
West Kirby Social Club;West Kirby;5;0
Tru;;5;0
Kolis;;5;0
The Essex Lounge;Essex Lounge|ESX Lounge|King Du Noodle Bar;5;0
Cargo;;5;0
Union;;5;0
Paradise London;;5;0
Fat Cats Night Club And Bar;;5;0
Regis Hall and Resturant;;5;0
Promarco Promotions;;5;0
The Revolution;;5;0
The Mask and Magma;Mask and Magma;5;0
Venue 229;229;5;0
Chasers;;5;0
Saint Patricks Private Members Club;Saint Patricks Private Members;5;0
Donzai sports bar & cuisine;;5;0
The Bowery;Bowery;5;0
The Mill;Mill|The Mill Digbeth;5;0
Jazzy Kex;;5;0
The Liquid Room;Liquid Room;5;0
Kasi Lounge;;5;0
NUX;;5;0
Snobs;Snobs Birmingham;5;0
The Venue;;5;0
Studio 1 Nightclub;Studio 1;5;0
El Barrio;;5;0
The Tunnels;Tunnels;5;0
OGV Podium;;5;0
Subway Cowgate;Movement;5;0
Home Botanic;;5;0
Fat Sams;;5;0
The Vaults;Vaults;5;0
The Mash House;Mash House;5;0
La Belle Angèle;;5;0
The Bridge London;Bridge London|Bridge;5;0
Mosh;;5;0
Club Unique;Unique;5;0
Q's Entertainment;;5;0
Love 2 Love;;5;0
Yardbirds Rockclub;;5;0
SophistiCats;;5;0
The Duke Box;Duke Box;5;0
Venue 38;;5;0
Panacea;;5;0
Club 601;601;5;0
University Pitt Club;University Pitt;5;0
Bacchus;;5;0
Bedrocks;;5;0
Holy Diver;;5;0
The Road House;;5;0
Villa Mercedes;;5;0
sleight;;5;0
The Key Club;Key;5;0
Stramash;;5;0
Sub Club;Sub;5;0
7even;;5;0
Jako London;Jako;5;0
Soho Rooms;;5;0
Chambers;;5;0
Club Rock;Rock;5;0
The Tache;Tache;5;0
Live at Hoots;;5;0
Decadence;;5;0
Rascals;;5;0
The Music Room;Music Room;5;0
The Level;;5;0
The Trades;Trades;5;0
Steph's;;5;0
Bridge House 2;;5;0
QI;;5;0
The Bongo Club;;5;0
Bodo's Schloss;;5;0
Flame;;5;0
Diamond Club;;5;0
Jps Pat Testing;;5;0
Nubu;;5;0
Sixxis;;5;0
Alpine;;5;0
Wiggle;;5;0
The Ranch;Ranch;5;0
The Astoria;;5;0
Nocturno;Kooky;5;0
Golden Bee;Golden Bee Shoreditch;5;0
The Marcus Garvey Ballroom;Marcus Garvey Ballroom|MG Ballroom;5;0
Powerhouse;;5;0
Cavern Club;;5;0
The Kremlin;;5;0
Howlers;Madame Koo Hidden Bar;5;0
Tonteria;;5;0
Dreadnought Rock;;5;0
Nu Blu;;5;0
The Vault;Vault;5;0
Rendezvous Nightclub;;5;0
Armstrongs Social Club;Armstrongs;5;0
The Late Bar;Late Bar;5;0
Emma's;;5;0
Studio 9294;;5;0
Mr Kyps;;5;0
VFD;;5;0
0° North;;5;0
Chichester Jazz Club;Chichester Jazz;5;0
Milligans Cavern Club;Milligans Cavern;5;0
The SU;;5;0
Circuit;Kuda;5;0
Unit Nine;;5;0
JD's Nightclub;JD's;5;0
The Curzon Club;Curzon;5;0
Piccadilly Institute;;5;0
Slim Jim's;;5;0
EVA's;;5;0
Canvas;;5;0
Venue Dumfries;;5;0
Phonox;;5;0
The Wheelhouse;Wheelhouse;5;0
Firewater;;5;0
Beat Generator Live!;;5;0
Empire;;5;0
Ko-ko Lounge;;5;0
Grand Central;;5;0
Frank & Stein;;5;0
The Red Room;Red Room|The Ealing club;5;0
Love and Death Inc;;5;0
The Dome;Dome;5;0
Republic;;5;0
AXM;;5;0
Truth;;5;0
Fiction;;5;0
Envy;;5;0
Plush;;5;0
Loco Klub;;5;0
Always 21;21 Club;5;0
Club Reina;;5;0
Vicky Show Bar;;5;0
The Cuckoo Club;Cuckoo;5;0
MooMoo;;5;0
Mint Warehouse;;5;0
Rosies;Rosies Birmingham;5;0
Cirque Le Soir;;5;0
Lennon's Bar;;5;0
Blackheath Coronation Social Club;Blackheath Coronation;5;0
Tape London;;5;0
Trilogy Nightclub;;5;0
No4 Mayfair;;5;0
Sugarmill;;5;0
Reflex;;5;0
JNX;;5;0
Pink!;;5;0
Pulse51;;5;0
Mirage Club;St James Nightclub;5;0
Kadie's Club;Kadie's;5;0
La Vida;;5;0
Charlie;;5;0
Queens Hall;;5;0
V Bar;;5;0
Brasshouse;;5;0
Treble;;5;0
Tup Tup Palace;;5;0
LRV;;5;0
Little Buildings;;5;0
Eastside Jazz Club;Eastside Jazz;5;0
BEAT London;;5;0
The Vine;Vine;5;0
Lola Lo;;5;0
Solstice;;5;0
Claptrap;;5;0
Mama Roux’s;;5;0
Wulfrun Hall;;5;0
Blossoms Jungle;;5;0
The Berkeley Suite;Berkeley Suite;5;0
La Cheetah Club;La Cheetah;5;0
2 Pigs;;5;0
Room 2;;5;0
Shades;;5;0
Joe's;;5;0
Glitter Ball;;5;0
Cococure;;5;0
The Fickle Pickle Club;Fickle Pickle;5;0
The Bridge;;5;0
Egg London Nightclub;Egg London|Egg;5;0
Winkers Nightclub;Winkers;5;0
Y Plas;;5;0
Legacy Lounge;Greyhound Nightclub;5;0
200bar;;5;0
Night Tales;;5;0
The Ice Factory;Ice Factory;5;0
Brighton Music Hall;;5;0
Ma Dame;;5;0
Tazmental Promotions;;5;0
The Brickworks;;5;0
The Exchange;Exchange;5;0
After 8 Entertainments;;5;0
The Globe;;5;0
The Deck;Deck;5;0
Venue Central;;5;0
Switch;;5;0
The View;View;5;0
Pirana Nightclub;Pirana;5;0
blagclub Kensington;;5;0
Halo;;5;0
Zoo Bar & Club;Zoo Bar &;5;0
The Engine Shed;Engine Shed;5;0
LA1;;5;0
Afrobeats;;5;0
Dolce Kensington Club;Dolce Kensington;5;0
Pearl Banqueting Suite;;5;0
Quarters;;5;0
Planet;;5;0
Your Union;;5;0
Little Civic;;5;0
Voxa;;5;0
Pier Pressure;;5;0
Jimmy Allens;;5;0
The Hub;Hub;5;0
FM Karaoke and Disco Club;FM Karaoke and Disco;5;0
Greys Club;Greys;5;0
The Foundry;Foundry;5;0
Le Fez;;5;0
The Waiting Room;Waiting Room;5;0
Club Replay;Replay;5;0
MOTH Club;MOTH;5;0
Mandarin;;5;0
Village Later;;5;0
Samuels Nightclub;Samuels;5;0
Carbon Nightclub;Carbon;5;0
Konig;;5;0
The Roof Club;Bloc;5;0
YES;;5;0
Satan's Hollow;;5;0
The Brink;Brink;5;0
Roller Nation;;5;0
Jak's;;5;0
Void;;5;0
Baby Platinum;;5;0
D2;;5;0
Unit 51;;5;0
Thirty3Hz;;5;0
Night Tales Loft;NT's Loft;5;0
o2 Academy;;5;0
NME;;5;0
The Office Nightclub;Office;5;0
491 Union Street;;5;0
HMV Empire;;5;0
Mexborough Civic Hall;;5;0
Hush Silent Disco;Hush Silent;5;0
Lafayette;;5;0
Slay;;5;0
The Social Club;La Fée;5;0
Digz;;5;0
Jungle Nightclub;;5;0
The Crypt;Crypt;5;0
One Hundred;;5;0
ReVA;;5;0
Stereo;;5;0
Hazy Club;Hazy|Code;5;0
Club 701;701|MDM Club;5;0
Smade Lounge;;5;0
Diamonds Nightclub;Diamonds;5;0
54 Liverpool;;5;0
The Bunker;;5;0
Arch 12;;5;0
Ignite Darlington;;5;0
Jaloux;;5;0
Dorothy's Showbar;;5;0
Vybe Bar & Nightclub;Vybe Bar &;5;0
She Soho;;5;0
Yokos Nightclub;Yokos;5;0
Shanghai Club;Shanghai;5;0
Cocktail Academia;;5;0
Club Ice Lounge;Ice Lounge;5;0
Clb Blk;;5;0
Tide Club;Tide;5;0
ORB;;5;0
Hero's Sports Bar & Grill;;5;0
Venga;;5;0
Ocean House;;5;0
baroque bar and nightclub;baroque bar and;5;0
G82 The Club;G82;5;0
Project House;;5;0
Club Era;Era;5;0
Venue MOT;;5;0
Firefly;;5;0
Purple Nightclub;;5;0
Bistro Live;;5;0
Alaska - Waterloo;Alaska;5;0
Chancer's;;5;0
Club 66;;5;0
Hush;;5;0
The Embankment;Embankment;5;0
Club International;International;5;0
The Cornish Bank;Cornish Bank;5;0
Secrets Nightclub;Secrets;5;0
FOLD;;5;0
The Poetry Club;Poetry;5;0
Minds Eye;;5;0
Green House;;5;0
La Pollera Colora;;5;0
The Grace;Grace;5;0
The Flag;Flag;5;0
Doncaster Warehouse;;5;0
Ego Nightclub;;5;0
Rewind;;5;0
The Grove;Grove;5;0
Mojo’s;;5;0
AK;Above Kerry's;5;0
Top Secret Comedy Club (23 Kingsway);Top Secret Comedy Club|Top Secret Comedy;5;0
Talk;;5;0
Partyland;;5;0
Sheiks;;5;0
The Pulpit;Pulpit;5;0
Bomba;;5;0
Downstairs at The Dome;;5;0
Off the Square;;5;0
Hidden;;5;0
1520 Studios;;5;0
Aatma;;5;0
Beaver Works;;5;0
Low Profile Studios;;5;0
Club KA;;5;0
Freedom Mills;;5;0
E1;;5;0
404 Club Not Found;;5;0
Liquid Club & Lava Lounge;;5;0
Club ZarZar;ZarZar;5;0
Houston's Pool Party Pizza;;5;0
N/OM;;5;0
Wilton Fields;;5;0
De Vito’s;;5;0
Kudos;;5;0
Zues;;5;0
The Attic;Attic;5;0
People's Leisure Club;People's Leisure;5;0
The Blue Note;;5;0
Club 49;;5;0
Fire London;;5;0
idra;;5;0
Prism;;5;0
Pasha;;5;0
Under the Prom;;5;0
Mainstreet Nightclub;Mainstreet;5;0
Borondo;;5;0
Orangutan Bunker;;5;0
Palais;;5;0
Angel;;5;0
Casa Ultima;;5;0
Home;;5;0
Quarter25;;5;0
Ronnie Scott's Jazz Club;Ronnie Scott's Jazz;5;0
Milk and Honey;;5;0
The Jazz Cafe;Jazz Cafe;5;0
Chicago's;;5;0
Club 051;051;5;0
Venom;;5;0
Bournbrook and Selly Oak Social Club;Bournbrook and Selly Oak;5;0
Langley Hall Social Club;Langley Hall;5;0
Grange Social Club;;5;0
Lea Hall Sports and Social Club;Lea Hall Sports and;5;0
Pussycat Nightclub;Pussycat;5;0
Network;;5;0
Moseley All Services Club;Moseley All Services;5;0
Ivy Leaf Sports & Social Club;Ivy Leaf Sports &;5;0
The Embassy;Embassy;5;0
The Laurels;Laurels;5;0
53 Degrees;;5;0
Air;;5;0
The Night Owl;Night Owl;5;0
Maitland Hall;;5;0
Playhouse Gentlmens Club;Playhouse Gentlmens;5;0
Kings Heath Cricket and Sports Club;Kings Heath Cricket and Sports;5;0
Bordesley Labour Club;Bordesley Labour;5;0
Circus Tavern;;5;0
Genting Casino;;5;0
HGCC Social Club;HGCC;5;0
Vaughan's Private Members Club;Vaughan's Private Members;5;0
Station Inn;;5;0
Royal British Legion;;5;0
Thekla;;5;0
Corporation;Corp;5;0
The Jam House;Jam House;5;0
The Wobbly Goblin;Wobbly Goblin;5;0
Ku Bar;;5;0
Rock City;;5;0
Suede;;5;0
Dempsey's;;5;0
Electric Studios;;5;0
Klute;;5;0
Viper Rooms;;5;0
Crystal Bar;CNTRL;5;0
E57 Social Club;E57;5;0
Capones;;5;0
Kings Norton Ex-Servicemens Club;Kings Norton Ex-Servicemens;5;0
Cotteridge Social Club;Cotteridge;5;0
Status Party Rooms;;5;0
Shirley Royal British Legion Club;Shirley Royal British Legion;5;0
Jynx Bar & Nightclub;Jynx Bar &;5;0
Gemini;;5;0
Stirchley United;;5;0
Harborne Village Social Club;Harborne Village;5;0
Albany Social Club Ltd;;5;0
Unit 7;;5;0
Astons Late Bar;;5;0
Ng-One;;5;0
XOXO;;5;0
Nine;Revolución de Cuba;5;0
Shard End No 1 Royal British Legion Club;Shard End No 1 Royal British Legion;5;0
Fiddlers Club;Fiddlers;5;0
Shard End Social Club;Shard End;5;0
BLISS Bridgwater;BLISS;5;0
The Palace;;5;0
The Emperors Lounge;Emperors Lounge;5;0
The Platform (UoN Student Union);The Platform|Platform (UoN Student Union)|Platform;5;0
Golf Fang;;5;0
Club Revenge;Revenge;5;0
Avenue Members Club;Avenue Members;5;0
Hay Mills Social Club;Hay Mills;5;0
Maniqui;;5;0
Club Chemistry;Chemistry;5;0
Coton & Hopwas Social Club;Coton & Hopwas;5;0
Brannigans;;5;0
Manhattans;;5;0
Jacks Club;Jacks;5;0
Kooky Nightclub;;5;0
XOYO;;5;0
Bartley Green Social Club;Bartley Green;5;0
Basement Club;;5;0
5 Rivers;;5;0
West Heath Snooker Club;West Heath Snooker;5;0
The Remembrance Club Ltd;Remembrance Club Ltd;5;0
York Road Sport & Social Club;York Road Sport &;5;0
The Firs Members Club;Firs Members;5;0
Bromford Residents Club;Bromford Residents;5;0
Bromford Bridge Members Club;Bromford Bridge Members;5;0
Club Veeda;Veeda;5;0
Basing House;;5;0
Wunderbar;Wunderbar West End|The Sanctuary;5;0
Jesters;;5;0
Warehouse 34;;5;0
Cafe Parfait;;5;0
Budda Lounge;;5;0
Ink;;5;0
Bar & Beyond;;5;0
Gibsons;;5;0
Shoreditch Townhouse;;5;0
Coleshill & District Social Club;Coleshill & District;5;0
Brookvale Social Club;Brookvale;5;0
Desire Nightclub;Desire;5;0
Reel Nightclub;Reel;5;0
Suburbia;;5;0
Victory Club;Victory;5;0
The White Swan;White Swan;5;0
Troxy;;5;0
Timepiece;;5;0
Deco;;5;0
Chelmsley Wood Royal British Legion Club;Chelmsley Wood Royal British Legion;5;0
Camp and Furnace;;5;0
The Granaries;Granaries;5;0
Palm Beach Club;Palm Beach;5;0
The Buttermarket;Buttermarket;5;0
Village Underground;;5;0
Living Room (At the Chiswick);;5;0
Kasbah;;5;0
Stealth;;5;0
Club 147;147;5;0
Alvechurch Sports & Social Club;Alvechurch Sports &;5;0
The Arcadia;Arcadia;5;0
Moka and Shack;;5;0
The Hanbury;Hanbury|Sassoon Mausoleum;5;0
Old School House;;5;0
Shakers;;5;0
Level 33;;5;0
The Depo;Depo;5;0
Warwick Conservative Club;Warwick Conservative;5;0
Fillongley Social Club;Fillongley;5;0
La Rocca;;5;0
Club LQD;LQD;5;0
Sense Nightclub;Sense;5;0
The Limelight;;5;0
WS1;;5;0
Lizard Lounge;;5;0
Pink Toothbrush;;5;0
24 Kitchen Street;;5;0
Café 1001;;5;0
Redland Club;Redland;5;0
Independence;;5;0
Moochers;;5;0
Red Door;Cruise Chester;5;0
PST;;5;0
The Mayfair Club;Mayfair;5;0
Blame Gloria;;5;0
Marilyns;Crown Hotel;5;0
The Chapel;Chapel;5;0
Basement 45;;5;0
The Music Box;;5;0
The Electric Club;Electric;5;0
Jones Road WMC;;5;0
Kayote Bar;;5;0
The Finkle;Finkle;5;0
Club Atomic;Atomic;5;0
Machen Workingmen's Club;Machen Workingmen's;5;0
kukui;;5;0
North Shore;;5;0
Level 2 Nightclub;Level 2;5;0
Vivaz;;5;0
Lexis;;5;0
The Asylum;Asylum;5;0
Priory;;5;0
Pavilion;;5;0
The Knights;Knights;5;0
Townsend Social Club;Townsend;5;0
Bar Boujie;;5;0
CoCo Che Bar;;5;0
Obsession Club;;5;0
Sandy Cove Club;Sandy Cove;5;0
Natitude;;5;0
Tudor Rose;;5;0
La Sureña;;5;0
Ski Bar;;5;0
Fire;;5;0
Elegance;;5;0
The Glasshouse;Glasshouse;5;0
The Waterfront;Waterfront;5;0
The Portland Club;Portland;5;0
Middlesbrough Empire;;5;0
Illuminati;Mauretania;5;0
industry;;5;0
The Association;Association;5;0
Alibi;;5;0
Parkes Hall Social Club;Parkes Hall;5;0
The Emporium;Emporium;5;0
Tubes;;5;0
The Sugarhouse;Sugarhouse;5;0
Labyrinth Nightclub;;5;0
Queenshilling;The Shilling;5;0
Wootton Wawen Social Club;Wootton Wawen;5;0
Clock Factory;;5;0
Decades Bar & Club;Decades Bar &;5;0
Dalston Superstore;;5;0
Ruby's Bar and Nightclub;Ruby's Bar and|Ruby's;5;0
Engine Rooms;;5;0
Apollo Bingo;;5;0
Patterns;;5;0
The Foxy;Foxy;5;0
West Indian Club;West Indian;5;0
The Broadway;Broadway;5;0
Chalk;;5;0
Studio 338;;5;0
Scholars;;5;0
Boom Box;;5;0
United Services Club;United Services;5;0
Afterdark;;5;0
Delaney's;;5;0
Strange Brew;;5;0
CMYK;;5;0
Molto;;5;0
Dare To;;5;0
TIME Bar & Venue;;5;0
Toyko Lincoln;Toyko;5;0
Gabs;;5;0
Zed Alley;;5;0
Twilight;;5;0
Redon;;5;0
The Glove That Fits;Glove That Fits;5;0
Adam's Lounge;;5;0
Skinandi's;;5;0
Rivals;;5;0
ViViD Nightclub;ViViD;5;0
Harbury Village Club;Harbury Village;5;0
Bar Diva;;5;0
The Boogie Lounge;Boogie Lounge;5;0
Sugarcubes;;5;0
Club Cassius;Cassius;5;0
Trebles;;5;0
Afrobeats Bar Nightclub;Afrobeats Bar;5;0
Tabu;;5;0
The Scene;;5;0
Mojito;;5;0
Bigfellas;;5;0
Ocean Rooms;;5;0
Arts Club;Arts;5;0
The Pheasantry;Pheasantry;5;0
Raffles Chelsea;;5;0
Sync Nghtclub;;5;0
Temptations;;5;0
Aria's Nightclub;Aria's;5;0
Images;;5;0
Nightingale Club;Nightingale;5;0
Boltz;Amusement 13;5;0
Pure Lounge Club;Pure Lounge;5;0
PJ's;DV8;5;0
Studio 27;;5;0
The Kings;;5;0
Hooley's;;5;0
Club Inferno;;5;0
The Association Nightclub;Cock Hotel/Association;5;0
Platform 11;;5;0
The Closet;Closet;5;0
Sound Circus Alternative Bar;;5;0
Lexx Jerkz Bar & Grill;;5;0
Plot 22;;5;0
Havanna Club;Havanna;5;0
Joanna's Nightclub;Joanna's;5;0
Downtown USA;;5;0
GBar;;5;0
Sin City;;5;0
Zambezi Lounge;;5;0
Renoirs;Renoirs & Rouge;5;0
Eric's;;5;0
Yellow Arch Studios;;5;0
Red Buddha;;5;0
Flares / Popworld;;5;0
Club XS;;5;0
Lagos Lounge;;5;0
Lemonshed;;5;0
Fuel;;5;0
Discoteca No Problem;No Problem;5;0
Birdies;;5;0
Roxy Ballroom Digbeth;;5;0
Palace Nightclub;;5;0
Ebgbs;;5;0
Ink Bar;;5;0
Haus;;5;0
Club Mambo;;5;0
Kellys Complex;;5;0
Power Lounge;;5;0
Reids;;5;0
Club Eden;;5;0
West Street Live;;5;0
Sage;;5;0
Out out Ibiza;;5;0
Gloves Off;;5;0
Sky Lounge;;5;0
Bar Republiq;;5;0
Camel Bar;;5;0
Sonny's Speakeasy;;5;0
Disgraceland;;5;0
The Academy;Academy;5;0
Electrik Warehouse;;5;0
Crafty Cove;;5;0
The Tivoli;Tivoli;5;0
The Bear Club;Bear;5;0
Ruby Lounge;;5;0
The Foyer;Foyer;5;0
Liberty Club (Grill & Bistro);Liberty Club|648;5;0
Villa Nightclub;;5;0
Party Bar;;5;0
Sugar Hut;;5;0
The Keys Nightclub;Keys;5;0
Cheekiez;;5;0
Suki10c;;5;0
Club M;;5;0
Secrets Lapdancing;;5;0
Angels Lapdancing;;5;0
The Claremount;Claremount;5;0
Creation;;5;0
Toffs;;5;0
HMV Soundgarden;;5;0
D-Two;;5;0
Rain;;5;0
Tamango;;5;0
Vibe The Courtyard;;5;0
Nightowls;;5;0
Molly's;;5;0
Sixth;;5;0
Jumpin' Jacks;;5;0
Cartown;;5;0
Sinnotts;;5;0
Angel Lane Night Club;Angel Lane;5;0
The Purty Loft;Purty Loft;5;0
Benedicts;;5;0
The Avenue;Avenue;5;0
Everleigh Garden;;5;0
The Factory Nightclub;;5;0
Masons;;5;0
SG1 Nightclub;SG1;5;0
Smyth’s Bar;;5;0
House Dublin;;5;0
Switch Nightclub;;5;0
Queens NightClub;;5;0
Voodoo Rooms;;5;0
The Phoenix;;5;0
Fitzsimons;;5;0
The Clubhouse;;5;0
DNA;;5;0
Fitzgerald's;;5;0
Paddy Sheehan's Bar;;5;0
Project;;5;0
The Tower and Foundry;Tower and Foundry;5;0
Rev Discos;;5;0
Glow;;5;0
The Beacon;Beacon;5;0
Melba's Nightclub;Melba's;5;0
Spy;;5;0
Angel's;;5;0
Keanes Music Venue;;5;0
Cyprus Avenue;;5;0
Wilde;;5;0
The Secret Garden;;5;0
Index Dublin;;5;0
Yamamori Tengu;;5;0
Tul na Rí;;5;0
Social15;Sºcial15;5;0
McSorleys;;5;0
The Grill Nightclub;Grill;5;0
The Pulse Niteclub;Pulse Niteclub;5;0
Planxty Maguires;;5;0
Silent;;5;0
The Lane Club;Lane;5;0
Tabu Nightclub and Venue;;5;0
Smugglers;;5;0
The Farnham Venue;Farnham Venue;5;0
Panama;;5;0
Club Gossip;;5;0
Lorre;;5;0
Winston;;5;0
Café 't Centrum - van Melzen;Café 't Centrum;5;0
De Hut van Ome Henne;;5;0
Campo Alegre;;5;0
Callisto;;5;0
K-Sjot;;5;0
Heeren van Aemstel;;5;0
De Carrousel;;5;0
Babbels;;5;0
G-Spot;;5;0
Club 24;;5;0
El Punto Latino;;5;0
Suprise Bar;;5;0
Brasil Music Bar;;5;0
Cooldown Cafe Rembrandtplein;;5;0
Jantjes Verjaardag;;5;0
Club Bordeaux;Bordeaux;5;0
History;;5;0
De Trut;;5;0
Club Church;Church;5;0
Studentendiscotheek Bikini;;5;0
Jimmy Woo;;5;0
The Pilot;Pilot;5;0
Club Candela;Candela;5;0
Kafe Domburg;Kafe;5;0
Amused;;5;0
Club Poema;Poema;5;0
Club Puck;Puck;5;0
Still Desire;;5;0
Club Clare;Clare;5;0
Munch;;5;0
The VIP Room;VIP Room;5;0
zaax;;5;0
After Nine;;5;0
Lucky The Feel Good Provider;;5;0
22-24 Club & Event;;5;0
The Old Irish Pub;Old Irish Pub;5;0
Partypub 'De Albatros';;5;0
Basis;;5;0
De Vriendenclub;;5;0
Woolloomooloo;;5;0
De Overkant;;5;0
Lounge Li;;5;0
Club Gewoon;Gewoon;5;0
Danzig;;5;0
Paard;;5;0
Kabul à GoGo;;5;0
Magistrat;;5;0
27;;5;0
Willemeen;;5;0
Club Reeperbahn;Reeperbahn;5;0
Poppodium WPC Nederland Drie;;5;0
Club Westwood;Westwood;5;0
Club Baron Breda;Baron Breda|Baron;5;0
Flavours Lounge;;5;0
Toekomstmuziek;;5;0
De Speye;;5;0
Poppodium De Beuk;;5;0
Poppodium Simplon;;5;0
FIXY;;5;0
Donovan's;;5;0
Pitchers Bar;;5;0
Wyb;;5;0
Club Famous;Famous;5;0
Petticoat;;5;0
Thomas;;5;0
Club Blush;;5;0
Sgt Peppers;;5;0
Club Xi;;5;0
Antia;;5;0
Danscafé High5 Enschede;Danscafé High5;5;0
So What!;;5;0
Radio Radio;;5;0
Dieka;;5;0
De Nul;;5;0
Club dancing Karma;dancing Karma;5;0
Studio Gonz;;5;0
Lunenburg;;5;0
Café Cliniq;;5;0
La Costera;;5;0
Pinky;;5;0
Complex Maastricht;;5;0
Elsom;;5;0
D'n Bonn;;5;0
The Saloon;Saloon;5;0
El Corazon;;5;0
Dancing Housmans;;5;0
Club LV;;5;0
Jeugdsociëteit Meddle;;5;0
Bon Bini;;5;0
Cul de Sac;;5;0
The Dance Factory;Dance Factory;5;0
Club Smederij;Smederij;5;0
Club Jack;Jack;5;0
De Mona;;5;0
't Honk;;5;0
Club The Safe;The Safe;5;0
The Spot;;5;0
Partycentrum De Ster;;5;0
Discotheek Oscarson;Oscarson;5;0
Cafe 't Schuttershof;;5;0
Casino Sassenheim;Casino;5;0
Fissa Uden;Fissa;5;0
International Club;;5;0
Time Out;;5;0
Club Adam en Eva;Adam en Eva;5;0
SHOTS Hilversum;;5;0
Disco Xinix;Xinix;5;0
Club Façade;Façade;5;0
Spetters;;5;0
Arcade;;5;0
Storm;;5;0
Club Lustig;Lustig;5;0
Annabel;;5;0
Excelsior;;5;0
Club Bright;Bright;5;0
The Pleasure Zone;Pleasure Zone;5;0
Oka 18;;5;0
Radion;;5;0
Champino;;5;0
Feu;;5;0
De Swetser;;5;0
De Olde Beth;;5;0
Cage Night Club;;5;0
De Lantaarn;;5;0
Iduna Poppodium;;5;0
Club NYX;;5;0
Mahogany Hall;;5;0
Odessa;;5;0
Club Dims;Dims;5;0
Wolter Wolthers;;5;0
De Peppel;;5;0
Sur;;5;0
PIP Den Haag;;5;0
Ruby;;5;0
Sissi's Amsterdam;Sissi's;5;0
Bruins;;5;0
Club Hifi;;5;0
Fluor;;5;0
EM2;;5;0
Villa Thalia;;5;0
Theater 97;;5;0
The Underground;;5;0
ClubNL;;5;0
tuftuf;;5;0
Garage Noord;;5;0
Danscafé Molly's;;5;0
Kaya Kaya Latin Bodega;;5;0
Super Disco;;5;0
Ferry;;5;0
Doma Club;Doma;5;0
Dnice;;5;0
Za;;5;0
Hoop;;5;0
Party Centrum Rendering;;5;0
Golden Dolls;;5;0
Club Up;;5;0
John Doe;;5;0
Roto Maastricht;;5;0
Chin Chin Club;Chin Chin;5;0
Club Laak;Laak;5;0
Let's Play Live;;5;0
Parallel;;5;0
The Other Side;Other Side;5;0
The All Out;All Out;5;0
Club RAUM;RAUM;5;0
Aspen Valley;;5;0
5th Avenue;;5;0
Freaky Pianobar;;5;0
RGB Bar Enschede;;5;0
Gusto;;5;0
Club Silva;Silva;5;0
Metropool;;5;0
Discotheek El Toro;El Toro;5;0
Bada Bing Adult Entertainment;;5;0
Son Latino;;5;0
Club Carolina Adult Entertainment;Carolina Adult Entertainment;5;0
El Capitan Adult Entertainment;;5;0
Latin Caribbean Night;;5;0
Tumazu;;5;0
Tituana;;5;0
Kiss Me Nightclub;Kiss Me;5;0
Caracas Medellin Cali;;5;0
Bimbo Place;;5;0
Sabor y Rumba;;5;0
Café Capri;;5;0
Club Double Play;Double Play;5;0
TMF Music Cafe;;5;0
Club Elevate;Elevate;5;0
Hofi Bill;;5;0
Bananas Nightclub;;5;0
Shofo Pet House;;5;0
Club de Leglo;de Leglo;5;0
Gimmy's Place;;5;0
Casablanca / Mirage;;5;0
Emporio Curaçao;;5;0
Mirano Brussels;;5;0
Oud België;;5;0
Star;;5;0
Jimmy's Club;Jimmy's;5;0
Willy's Moustache;;5;0
Discotheek Millenium;;5;0
L'Edel, lounge bar;;5;0
Doktor Jack;;5;0
Napoleon Games;;5;0
Club Donna;Donna;5;0
Club Royal;;5;0
Boccaccio East;;5;0
Exxit;;5;0
Flight 90;;5;0
Club Riba;Riba;5;0
JH Zenith;;5;0
Cercle Industriel;CI;5;0
Danscentrum Salsa Azúcar;;5;0
Budha Beach;;5;0
White Cat;;5;0
Cap'tain;;5;0
Rumba & Co;;5;0
Carrément Lounge;;5;0
The Boys;Boys;5;0
Fuifzaal Albatros;;5;0
Lindbergh Club;Lindbergh;5;0
Premium;;5;0
Club Montreal;Montreal;5;0
't Archief;;5;0
Nostalgia;;5;0
Cargo Club;Red&Blue;5;0
Dancing Alphorn;;5;0
Bunker (UNamur);;5;0
The Villa;The Villa Antwerp;5;0
Cercle Agro;Agro;5;0
Maison des Sciences;MdS;5;0
Club Vaag;Vaag;5;0
Jeugdhuis Opsenter;;5;0
Birdy;Le Birdy Brussel;5;0
The UpClub;UpClub;5;0
't Nivo;;5;0
Cuba Bella;;5;0
Oude Vismijn Feestzalen;;5;0
Club Central;;5;0
La Loco Discothèque;;5;0
Bunker 98;;5;0
The Boots;Boots;5;0
Ampere Antwerpen;Ampere;5;0
Le 144;;5;0
Enfin;;5;0
Club 40 Antwerp;40 Antwerp;5;0
Le You;;5;0
Hells Angels Mc Ghent;;5;0
Le Come-Back;;5;0
The Possé;Possé;5;0
Tipsy's;;5;0
Club 69;;5;0
B-Bar;;5;0
Circosia;;5;0
Cercle FLTR;Philo et Lettres;5;0
Cercle Mémé;Royal Cercle Médical Saint-Luc|Mémé;5;0
Cercle Pharma;Pharma;5;0
Cercle Spix;Spix;5;0
Scoop;;5;0
L'Interdit;;5;0
Bloody Louis;;5;0
Di Borgia;;5;0
Jome;;5;0
Stelplaats;;5;0
C12;;5;0
Mani;;5;0
Chez Adèle;Adèle;5;0
Cesec;;5;0
Coq Hardy;Petite Casa;5;0
Cercle Carolo;Carolo;5;0
Grand-Ducale;;5;0
Cercle Psycho;Psycho;5;0
Vanity Club Lounge;;5;0
Marmite;;5;0
UMI;;5;0
After Room;;5;0
Twilight Cafe;;5;0
Bazaar;;5;0
Blu Bruxelles;;5;0
Fuse;;5;0
Dulci;;5;0
Bar Linni;;5;0
Society Boiler Club;Society Boiler;5;0
Rotana Club;Rotana;5;0
Decadance;;5;0
D'Olierave;;5;0
Cactus Club;;5;0
Claridge;Chez Jonny;5;0
Le Grand Mambo;;5;0
B21;;5;0
Comme ça;;5;0
LIFT;;5;0
Les Jeux d'Hiver;;5;0
Mac Queen;;5;0
Club Xendo;Xendo;5;0
Fabriekspand;;5;0
Cosmo;;5;0
Nijdrop;;5;0
Flagrant Delire;;5;0
Cap30;;5;0
Club Lautrec;Lautrec;5;0
Acte 6;;5;0
Dancehall Diest;Dancehall;5;0
Le Rockerill;;5;0
Kress Club;Kress;5;0
Cobra-deluxe;;5;0
Het Veerhuis;;5;0
Dancing Grand prix;;5;0
Dancing Astrid;;5;0
Madame Moustache;;5;0
D-Clic;;5;0
Discotheek De Kroon;De Kroon;5;0
Futur;;5;0
Only 4 You;;5;0
Sotto's;;5;0
Quinta-Club;;5;0
Hoeve Bornedries Parenclub;;5;0
Carré;;5;0
Kokorico;;5;0
Discotheek t Raedtshof;t Raedtshof;5;0
Club Amai;Amai;5;0
't Fortuin;;5;0
The missing link;missing link;5;0
The Legend;;5;0
De Chardon;;5;0
Casa 32;;5;0
Mabuhay Privaat Club;Mabuhay Privaat;5;0
Le Blé d'Or;;5;0
Ikona;;5;0
Le Trébuchet;;5;0
Chapter 4;;5;0
Dancing Le Rianfra;;5;0
Dancing Karrewiel;;5;0
Melusina;;5;0
New Oldie;;5;0
Gotham;;5;0
Le Mouton Noir;;5;0
El Chapito;;5;0
Lenox;;5;0
Joya Club & Restaurznt;;5;0
Les Bains Luxembourg;Les Bains;5;0
Verso;;5;0
Jacob's;;5;0
Encore;;5;0
Apoteca;;5;0
Zulu;;5;0
Terrassen;;5;0
Hits For You;;5;0
Bilagan;;5;0
Cinco;;5;0
Rose;;5;0
Berns;;5;0
Spy Bar;;5;0
Fasching;;5;0
Arbis;;5;0
Hummelgrund;;5;0
Kulturbolaget;;5;0
Golden Hits;;5;0
Nivå 22;;5;0
Södra Bar;;5;0
Guldapan;;5;0
Wallmans Golden Hits;;5;0
Klubb Blå;;5;0
Olivia;;5;0
Sandra;;5;0
Patricia;;5;0
Lotus;;5;0
Slakthuset;;5;0
Baras ställe;;5;0
Puls;Otten;5;0
Solo;;5;0
Staybar;;5;0
T-Bar;;5;0
Bar á Bar;;5;0
Niteclub Oscar;;5;0
Kolingen;;5;0
Trädgården;;5;0
Fou;;5;0
The Parlour;Parlour;5;0
8Ight;;5;0
Excet;;5;0
Valand;;5;0
Etage Kök & Bar;;5;0
Stuk;;5;0
Babel;;5;0
Insikten;;5;0
Ritz;;5;0
Karlssons salonger;;5;0
Breeze bar & nightclub;Breeze bar &;5;0
Sigges loge;;5;0
SLM Stockholm;;5;0
Plantis;;5;0
Inkonst;;5;0
Solidaritet Arema;;5;0
Publik;;5;0
Strandpaviljongen;;5;0
Halmstad Live;;5;0
Push;;5;0
Millners;;5;0
Lounge(s);;5;0
Vävaren;;5;0
Rouge;;5;0
Verandan;;5;0
Backdoor;;5;0
Debaser;;5;0
Zatine;;5;0
Kullaberg;;5;0
Nefertiti Jazz Club;Nefertiti Jazz;5;0
Slaktkyrkan;;5;0
Boom Boom Room;;5;0
babar;;5;0
Stage;;5;0
Smålands Nation;;5;0
Mr French;;5;0
Club Deluxe;;5;0
Hus 7;;5;0
Moriska Paviljongen;;5;0
S2;;5;0
Kårhuset Boulogner;;5;0
Etage;;5;0
Balders Hage Nöje;;5;0
House of Q;;5;0
Nya Vall;;5;0
Trädgår'n;;5;0
Birger Jarl;;5;0
Jägersbo;;5;0
Slottsstallarna;;5;0
Sivans Studentpub;;5;0
Flustret;Flurran;5;0
Göteborgs nation nattklubb nummer femton;;5;0
Stavkroa;;5;0
Rebell;;5;0
Heidi’s Bier Bar;;5;0
Me nightclub;;5;0
Hexagon;;5;0
Bytunet Nattklubb;;5;0
Feliz;;5;0
Heidi's Bier Bar Bergen;;5;0
Hippo Social;;5;0
Mabou;Mabou Café & Bar;5;0
Public;;5;0
Norlænningen;;5;0
Studio 26;;5;0
Dreams Showbar Trondheim;;5;0
Wildside;;5;0
Central Scene;;5;0
Fire Fine;;5;0
Lille;;5;0
Bryggen Nightclub;Bryggen;5;0
Østre;;5;0
Lille Ole Bull;;5;0
Blå;;5;0
Ingensteds;;5;0
Foynhagen;;5;0
Kava Roofgarden;;5;0
Lokalet;;5;0
Villa 22 - Bar Negroni;Villa 22;5;0
Villa 22 - Nattbar;;5;0
Dama di;;5;0
Lou Lou;;5;0
Galeien;;5;0
sub.scene;;5;0
Ellies;;5;0
Club Kaos;Kaos;5;0
Faksen Bar;;5;0
IVY;;5;0
Lawo;;5;0
Club Infinity;;5;0
ElgElg;;5;0
Rockeklubben I Porsgrunn;;5;0
Rebel;;5;0
Justisen;;5;0
Oslo BDSM - Nonna;Oslo BDSM;5;0
Elsker;;5;0
Kakadu Bar;;5;0
Maxims;;5;0
Boogie Dance Cafe;;5;0
Club Treasure;Treasure;5;0
Månen;;5;0
Tordenskjold Kolding;Tordenskiold Kolding;5;0
Andelen;;5;0
Crazy Daisy;;5;0
Loppen;;5;0
Ideal bar;;5;0
Rust;;5;0
Den Røde Baron;;5;0
Duke;;5;0
Buddy Holly;;5;0
Submarina;;5;0
Copenhagen Coyote Club;Copenhagen Coyote;5;0
Karel van Mander;;5;0
Copenhagen Redlight;;5;0
Café Paradis;Den Sidste;5;0
Baggen;;5;0
Box54;Cocktail Box;5;0
Amager Bio;;5;0
Pigen og Trompeten;;5;0
Zwei Grosse;Zwei Große;5;0
Gårdhave;;5;0
Damhus Kroen;;5;0
Rustik - Bar & Natklub;Rustik;5;0
Jolene;;5;0
SOHO Food Lounge Music;SOHO Roskilde;5;0
CasaV58;;5;0
Beta House;;5;0
Gl havn;Restaurant Gl. Havn;5;0
Chateau Motel;;5;0
Cph Deep;;5;0
Sigurdsgade;;5;0
Dansebar Roskilde;;5;0
Chateau Motel Natclub;;5;0
Haze Nightclub;Haze;5;0
Garbos;;5;0
Gammel Torv;;5;0
Club Zanzi;Zanzi;5;0
Dorsia;;5;0
Shakespeare Nightclub;;5;0
Sölibat Horsens Diskotek & Bar;;5;0
Pioner Bar;;5;0
M6 cocktailbar;;5;0
Slagteriet Nat;;5;0
HeadQuarters;;5;0
Havana Skive;;5;0
Culture Box;;5;0
Diskotek Nattergalen;Nattergalen Hadsund;5;0
Alexandra;;5;0
Storm P;;5;0
Musikklubben Jazzværket;;5;0
High Voltage Copenhagen;;5;0
Kælderen;;5;0
Butchers;;5;0
Posten;;5;0
Kansas City;;5;0
Infinity Club;;5;0
Proud Mary Pub;;5;0
Motopol;;5;0
Rocken;Musikkælderen;5;0
HomeRun;;5;0
Kalas;Kalas Nightclub;5;0
Club K52;K52;5;0
Zebra Bar;;5;0
Under Buret;;5;0
Freddies;;5;0
Hemingways Svendborg;;5;0
Mantra Club&Bar;;5;0
Module;;5;0
Hangaren;;5;0
A R C H Copenhagen;;5;0
The Bank;Bank|The Bank Entertainment;5;0
Camp Idiot;;5;0
Zwei Grosse Bier Bar;;5;0
BarMix;;5;0
mBAR;;5;0
Dødsmaskinen;;5;0
Buddy Holly Hjørring;;5;0
Doktor Emil Laboratorium;Dr. Emil's Laboratorium;5;0
The Rock;;5;0
Marilyn;;5;0
Dynamo;;5;0
Yo-talo;;5;0
Socis;;5;0
Alcatraz Club;;5;0
Fontanaclub;;5;0
Tulenliekki;;5;0
Hullu Poro;;5;0
Hipun kellari;;5;0
Vastavirta;;5;0
Viihdemaailma Ilona;;5;0
Kaarlenholvi;;5;0
West Coast;;5;0
Ilona;;5;0
Lumo Nightclub;Lumo|Nightclub Lumo;5;0
Apollo Live Club;Apollo Live;5;0
Domino Nightclub;Domino;5;0
Roy Club;Roy|Roippari;5;0
Luck Lady;;5;0
Onnela;;5;0
Armas;;5;0
Lahden Seurahuone;;5;0
DOM Mikkeli;DOM;5;0
Night Club Pirtukellari;Pirtukellari;5;0
Moody Music & Dancing;;5;0
Karaoke Nighclub Swengi;;5;0
Crocodile bar;;5;0
Kuudes linja;;5;0
Siltanen;;5;0
Doris;;5;0
Kaarle XII;;5;0
Karaoke Bar;;5;0
Yökerho Iisoppi;;5;0
Status;;5;0
Charlotta;;5;0
Semifinal;;5;0
Tavastia Klubi;;5;0
El Patron;;5;0
Panama Bar & K-Night Club;Panama Bar & K-Night;5;0
Heidi’s Bier Bar Helsinki;LeBonk;5;0
Punainen Lyhty;;5;0
Kaiku;;5;0
Lammin Hovi;;5;0
Taika;;5;0
Kino;;5;0
Forte;;5;0
Bar Ihku;;5;0
Ääniwalli;;5;0
Yökerho Bluesmoon;;5;0
Nightclub Mixei;Mixei;5;0
Club Venla;Venla;5;0
Kerubi;;5;0
Bepop;;5;0
Marks Rock Club;Marks Rock;5;0
Cella Nova;;5;0
Tulisuudelma;;5;0
G Livelab;;5;0
Le Bloom;;5;0
Olympia Kortteli;;5;0
Teatro;;5;0
Aulanko Areena;;5;0
Club 96;;5;0
Emilia Klubi;;5;0
Iskelmäbaari;Crème Bar & Nightclub;5;0
The Black Hole;Black Hole|Club Tequila Sunrise;5;0
Maxine;;5;0
Oliver's Corner;;5;0
Disco Paradise;;5;0
Duetto;;5;0
NightCat;;5;0
Jatkoaika;;5;0
Z-one;;5;0
O'harrys;;5;0
Lola Club;;5;0
Arena Club Karkkila;Arena Club;5;0
Ravintola Fennia;;5;0
SunTown Night Club;SunTown;5;0
Club Labra;Labra;5;0
Las Palmas;;5;0
Kukonkulma Laila nightclub;Kukonkulma Laila;5;0
Beats Club;Beats;5;0
Apteekkari;;5;0
Circus Live;;5;0
Lift Après Ski & Night Club;Lift Après Ski &;5;0
Yölento;;5;0
Hotelli Alavus, Yökerho;;5;0
Valta;;5;0
Nightclub Rosanne;Rosanne;5;0
Fame Club;Fame;5;0
Kult;;5;0
Noname Bar & Nightclub;Noname Bar &;5;0
Muovitehdas;;5;0
Mummotunneli;;5;0
ALE klubi;;5;0
Club May Day;May Day;5;0
Rammari;;5;0
Höyry Co;;5;0
Club Stadion;Stadion;5;0
Club Cosmopoli;Cosmopoli;5;0
Lepuski bar & nightclub;Lepuski bar &;5;0
Charm;;5;0
Fuusio;;5;0
Club Visitors;Visitors;5;0
Linna Club;Linna;5;0
Kaivohuone;;5;0
Tornion vapaapalokunta;Tornion VPK;5;0
Punainen Kukko;PK;5;0
Himos Areena;;5;0
Hullu Poro Areena;;5;0
Sound Factory Nightclub;;5;0
Yökerho Club B52;Viihteen Tähden Ry|Club B52;5;0
Vamos;;5;0
Sjallinn;;5;0
Hvítahúsið sportbar;;5;0
HAX;;5;0
Mengi;;5;0
Radar Reykjavik;;5;0
Auto;;5;0
Sviðið;;5;0
Top of the Rock;;5;0
Frón;;5;0
Remont;;5;0
Hormon;;5;0
Hybrydy;;5;0
Pinokio;;5;0
Sfinks700;;5;0
Klub Atelier;;5;0
Soho Klubogaleria;;5;0
Klub Medyka;Medyk;5;0
Van Diesel;;5;0
Club Havana;;5;0
Czekolada;;5;0
Cuba Libre;;5;0
Neferetete;;5;0
Gorzko Gorzko;;5;0
The Legends;;5;0
Piwnice Gorywodów;;5;0
Społem Deluxe;;5;0
Jazz Club U Muniaka;;5;0
Stalowe Magnolie;;5;0
Balzac;;5;0
Blueberry Bar;;5;0
Museum Music Republic;;5;0
Regres Club;Regres;5;0
"Night Club ""Stara Kotłownia""";"""Stara Kotłownia""";5;0
Allure Club;Allure;5;0
Just!;;5;0
Kotwica;;5;0
Grandial;;5;0
High Heels;;5;0
Lokomotywa;;5;0
Klub Rokoko 2.0 Białystok;Klub Rokoko 2.0;5;0
"Dyskoteka ""Holidays""";;5;0
Indeks;;5;0
Kabaret Rewia & Show;;5;0
Klub Laguna;;5;0
4 Rano;;5;0
Klub Nevada;;5;0
Tama;;5;0
Club Mango;;5;0
Klub Muzyczny Faust;;5;0
Cherry Club;Cherry;5;0
Disco Club;;5;0
Randewu;;5;0
Bahia Club;Bahia;5;0
Strych;;5;0
Explosion;;5;0
Hasta la Vista;;5;0
Energy 2000 Katowice;Energy 2000;5;0
Klub Garage;;5;0
Sens Club;Metro Express Bydgoszcz;5;0
Stara Platforma;;5;0
Rokoko 2.0;;5;0
Klub SPATiF;;5;0
Lordi's Club & FooFoo Bar;;5;0
Bowling Bilard Kręgielnia;;5;0
"Dom Weselny ""Belweder""";;5;0
Klub Kwadrat;;5;0
Alternatywa;;5;0
Klub Kometa;;5;0
DSO Projekt;;5;0
24h <3;;5;0
Kamienica Klub & Bar;;5;0
Chacharnia;;5;0
Lulu Club;Lulu;5;0
Rocker Club;Rocker;5;0
Awocado Dance Club;Awocado;5;0
Hades;;5;0
Rutyna Art;;5;0
Klub Ambasador;;5;0
Aqarium;;5;0
U Papy Musioła;;5;0
Wściekły Pies;;5;0
Mundo 71;;5;0
Single Scena Music Bar;;5;0
Vehikuł Czasu;;5;0
ATVA;;5;0
Bosco;;5;0
Tina;;5;0
Sfinks;;5;0
MarinGo;;5;0
"Sala bankietowa ""Nova""";"bankietowa ""Nova""";5;0
Klub Pomarańcza Katowice;Klub Pomarańcza;5;0
The Q Club;;5;0
Iguana Music Club;;5;0
Nikodem Club;Nikodem;5;0
Joker Club;;5;0
Coyote Club;;5;0
Dobra Nocka;;5;0
Broadway18;;5;0
Klub Vinyl;;5;0
PLR;;5;0
Blue Berry;;5;0
Mienta Klub;;5;0
Klub HAH;;5;0
Klubogaleria Bunkier;;5;0
Parlament;Klub muzyczny Parlament;5;0
Antidotum;;5;0
Centrala;;5;0
Kitsch;;5;0
OFF Centrum;;5;0
Królik;;5;0
Rokoko Club;Rokoko;5;0
Love Club;;5;0
Skład Butelek;;5;0
Klub30;;5;0
"Jazz Klub ""Pod Filarami""";;5;0
Pralnia;;5;0
Klubogaleria PlanBe;;5;0
Japa bowling club;Japa bowling;5;0
Afera. Klub muzyczny;;5;0
YOYO bowling & club;YOYO bowling &;5;0
Venus Club;;5;0
Witches;;5;0
Avatar;;5;0
Energy 2000 Przytkowice;;5;0
Tygmont;;5;0
Club 94;;5;0
Sztygarka Hetmańska;;5;0
Klub DOM;;5;0
Klub Na Fali;;5;0
Delta Pieruchy;;5;0
Club Heaven;;5;0
Pacha Poznań;;5;0
Roxi;;5;0
Hot Shots;;5;0
Ucho;;5;0
Zagłoba;;5;0
Klub u Bazyla;U Bazyla;5;0
Stereo Live Music Club;Stereo Live;5;0
Klub Studencki Cicibór;;5;0
Helium Club;Helium;5;0
One Love;;5;0
Harem Club;Harem;5;0
"Klub ""Gorzelnia""";;5;0
Club 27;;5;0
Senso Beach;;5;0
Elefunk The Club;Elefunk;5;0
Arsenał Centrum Rozrywki;;5;0
Relax;;5;0
Gospoda Głogowska;;5;0
Pandemia;;5;0
Bajka;;5;0
Lips;;5;0
Enklawa;;5;0
Bank Club;;5;0
Sketch Nite;;5;0
Next Club Wiele;;5;0
La Bodega Del Ron;;5;0
Red Pub;;5;0
VooDoo Club;VooDoo;5;0
Street 23;;5;0
Komitet;;5;0
Rotunda Północna;;5;0
Abracadabra Da Club;Abracadabra Da;5;0
Soda Underground Stage;;5;0
Baker Street;;5;0
Crackhouse;;5;0
B90;;5;0
Extravagance;;5;0
Progresja Music Zone;;5;0
Champion;;5;0
Coco Club;;5;0
Protector Prestige Club;Protector Prestige;5;0
Faktoria;Restauracja Fabryka;5;0
Fregata;;5;0
Brand Music Club;Brand;5;0
Zilion Club Wrzelowiec;Zilion Club;5;0
Kolorowa Club;Kolorowa;5;0
Czekolada Club;;5;0
Villa Royal;;5;0
Largo Club Toruń;;5;0
Zakład;;5;0
Crime Story;;5;0
Herkulesy;;5;0
Fanaberia;;5;0
Twenty Club Bydgoszcz;Twenty Club;5;0
Pod 13;;5;0
Zmiana Klimatu;;5;0
CodeRED;;5;0
Poziom 1;;5;0
Forty Kraków;;5;0
Prozak 2.0;;5;0
2Be Club;2Be;5;0
Dom Kultury;;5;0
Koyot;;5;0
Grey Club;Grey;5;0
Chicas;;5;0
U Bulka;;5;0
Cooltura;;5;0
Bracka 4;;5;0
Piec Art;;5;0
Grand Club;Grand;5;0
Teatro Cubano;Cubano;5;0
City Club & Bowling;;5;0
Klub Dołek;;5;0
Mięta;;5;0
"Klub Studencki ""Bajer""";;5;0
Amnezja;;5;0
Disco na deptaku;na deptaku;5;0
Coraz Lepiej;;5;0
Czarna Owca;;5;0
Hydrozagadka;Klub Hydrozagadka;5;0
Club 13.13;13.13;5;0
Labirynt;;5;0
Emporium Music Club;;5;0
Club Magic;;5;0
Stacja 1 Night Club;Stacja 1;5;0
Riviera, Klub Plażowy;;5;0
The Moon;;5;0
Klub NOC;;5;0
Klub Muzyczny B17;;5;0
Jamaica;;5;0
Campari;;5;0
Bunuba Klub;;5;0
Frame;;5;0
Lambert Music Club;Lambert;5;0
Gryfna Lama;;5;0
RO;;5;0
Stara Gazownia;;5;0
Arena Korsze;;5;0
Arena Club Mielno;;5;0
Prywatka Poznań;Prywatka;5;0
Eclipse Club;;5;0
Club Teatr;Teatr;5;0
Piwnica;;5;0
Extazy;;5;0
Mañana 2.0;;5;0
Club Pralnia88;Pralnia88;5;0
Klub Kino;;5;0
Klub Nadzieja;;5;0
Arka;;5;0
Trops;;5;0
Mango Music Club;;5;0
Night Club Galactica;Galactica;5;0
Sizar;;5;0
Tka;;5;0
Viva Disco;;5;0
Protector Dobramyśl;;5;0
Awaria;;5;0
Bada bing;;5;0
Four Music Club;Four;5;0
Guapo;;5;0
Świstak;;5;0
The Whiskey Jar;Whiskey Jar;5;0
Explosion Club Borkowo;;5;0
Czuła jest noc;Uczulenie;5;0
Klub Mechanik;;5;0
Dragon;;5;0
Dram Whisky Explorers Bar;;5;0
Skeleton MC Poznań;;5;0
Kiosk Events;;5;0
Schron;;5;0
Hyćka Klub;;5;0
Ciało;;5;0
Room 13;;5;0
Klub Muzyczny Scena;;5;0
SPATiF;;5;0
Elektrownia;;5;0
Pub no 9;no 9;5;0
Pasaż Club&Food;;5;0
Zajezdnia;;5;0
Klub Studencki Żaczek;;5;0
Arkady;;5;0
Sassy;Sassy Prive;5;0
Maska;;5;0
Prorock;;5;0
The Queen;;5;0
Obiekt;;5;0
Muzyka na nowo;Muchos;5;0
Niebo;;5;0
Klub Czekolada Łódź;Klub Czekolada;5;0
Runway club;Runway;5;0
Transformator;;5;0
DON Kichot;;5;0
2Progi Club;2Progi|klub 2Progi;5;0
Finezja;;5;0
LUKR club;LUKR;5;0
Mirage Music Club;;5;0
Tusa;;5;0
Dark Angels;;5;0
HAH Poznań;HAH;5;0
Piętro;;5;0
Prywatka Dance Club;;5;0
The Mist Club;Mist;5;0
Rin;;5;0
The Club No 1;Club No 1;5;0
Golden Moon;;5;0
X-Demon Poznań;X-Demon;5;0
Karova;;5;0
Drukarnia Jazz Pub;;5;0
Gorzko Gorzko Szczecin;;5;0
Gold Night Club;;5;0
Luzztro;;5;0
Casablanka;;5;0
Klub muzyczny Trokadero;;5;0
Easy;;5;0
Papuga;;5;0
Melina;;5;0
Czerwony Fortepian;;5;0
Astra - Słubice;Astra;5;0
Smolna;;5;0
Podwórko Sezam;;5;0
Skylab;;5;0
Sen;Sen Events;5;0
Villa Rosa;;5;0
Bukszpryt;;5;0
Dancing Club Remis;;5;0
Venus Planet;;5;0
Gomola;;5;0
Drugie Dno;;5;0
Beyond;;5;0
TAN;;5;0
Klub Próżność;;5;0
Projekt LAB;;5;0
Wesele;;5;0
Kosmos;;5;0
Tawerna Pod Różą Wiatrów;;5;0
Klub Gramofon;;5;0
NOC;;5;0
Szepty;;5;0
Klub Alternatywy;;5;0
Hocki Klocki w Lunaparku;;5;0
Magnes;;5;0
Rokoko Cubano;;5;0
Piekiełko;;5;0
Havana CLUB;;5;0
Blu Club;Blu;5;0
La Pose;;5;0
Chillin;;5;0
Klub Kancelaria;;5;0
Sydney;;5;0
Choice;;5;0
Black Club Bytów;Black Club;5;0
Sekta Selekta;;5;0
Zoo Klub;;5;0
Arena Bierzwnica;;5;0
Klub Studencki Spirala;;5;0
Mięta disco;;5;0
Grawitacja;;5;0
SkrClub;Skr;5;0
Show Music Club;Show;5;0
Jassmine;;5;0
Gościniec;;5;0
na językach;;5;0
Klub Rogate Serce;;5;0
Story Sopot;Story|Disco Club Story;5;0
Fantasy Club;Fantasy;5;0
Jasna 1;;5;0
Szalony kapelusznik;;5;0
Cool Club;;5;0
Zazen;;5;0
DoSopotu;;5;0
Bavitto;;5;0
STK 47 Warehouse;;5;0
Bardzo Bardzo;;5;0
Princesa;;5;0
UltraViolet Exclusive Club;UltraViolet Exclusive;5;0
Klub Euforia;;5;0
Alibi Club;;5;0
Rura;;5;0
Sikalafą Freaky Neon Bar;;5;0
Balance Klub;;5;0
Beatka;;5;0
BlueXL;;5;0
Alisa;;5;0
Disco-Bar 5;;5;0
Elixir;;5;0
Pieprz Club;Pieprz;5;0
Club Disco Jama;Disco Jama;5;0
7th Heaven;;5;0
House Tęczowa;;5;0
Scena54 by Feiim;Scena54;5;0
Disco Shot's;Shot's;5;0
Gatsby Warsaw;;5;0
Chaton;;5;0
Club Underground;;5;0
Magiczna Plaża - Buków;Magiczna Plaża;5;0
Face 2 Face;;5;0
Klub Stars;;5;0
Mojitos Casa Latina;;5;0
Club N°51;N°51;5;0
Laguna;;5;0
Inna Kultura;;5;0
G38;;5;0
Pod Muzami;;5;0
Villa Incognito;;5;0
Mario;;5;0
Royal Night Club Katowice;Royal Night Club;5;0
Halo Lola;;5;0
Łącznik;Klub Łącznik;5;0
Chicago;;5;0
Królestwo;;5;0
Level 27;;5;0
Viva Dance Club;;5;0
Klub Rewiry;;5;0
Mercedess;;5;0
Glow Club;;5;0
Blue Velvet Club;Blue Velvet;5;0
Klub Akumulatory;;5;0
Mewa Towarzyska;;5;0
Monroe Club;Monroe;5;0
KOT art bar;;5;0
Kalejdoskop;;5;0
Odyseja;;5;0
Plot Social Club;Plot;5;0
Vegas Piaskowa Góra;;5;0
Głębia;;5;0
Vegas Stara Piwnica;;5;0
Klub Studio;;5;0
Fahrenheit Music Club;Fahrenheit;5;0
Ślina;;5;0
Posen Club;Posen;5;0
MagnetOffOn;;5;0
Klub Plastelina;;5;0
Svera;;5;0
Pub & Club Nafta;& Club Nafta;5;0
Wartownia - Błonia nadwarciańskie;Wartownia;5;0
Noce & Dnie;;5;0
Party.Hub;;5;0
Momenty;;5;0
Scity;;5;0
Trzy Gie;;5;0
Narraganset;;5;0
Club Amsterdam;;5;0
Proxima;;5;0
Młyn;;5;0
Bohema;;5;0
klub Casino;;5;0
Limonka;;5;0
XOXO Music & Cocktail Bar;;5;0
Ava 3.0;;5;0
Point Club;;5;0
Ramzes Club Pro Fusion;;5;0
Czarna pantera;;5;0
Night Club Riviera;;5;0
Klub Pod Palmą;;5;0
Klub Gatsby;;5;0
Alfa Club;Alfa;5;0
Night Club Play+;;5;0
Club Kenzo Czeladź;Kenzo Czeladź|Kenzo;5;0
Żaklin - Klub nocny;Żaklin;5;0
Nitro;;5;0
Kamienna 12;;5;0
Night Club Exit;;5;0
Milano;;5;0
Ekwador Manieczki;Ekwador;5;0
Klub Stara Przepompownia;;5;0
Afterek;;5;0
NEXUS Music Club;;5;0
Nurt;;5;0
Marion;;5;0
Euforia;;5;0
Stylowa;;5;0
Bajlando;;5;0
Klub Black&White;;5;0
Music Club Blue Star;;5;0
Eden. PHU. Karaś H;;5;0
Magnum CLUB Wachów;;5;0
Club Insomnia;;5;0
139 multi club;139 multi;5;0
Mono Club;Mono;5;0
Stary grant;;5;0
Piąta Klepka;;5;0
Klub Cafe-Del-Mar;;5;0
Klub Muzyczny Lawa;;5;0
Księżyc;;5;0
Discoplex A4;;5;0
Imprezy Patelnia;;5;0
Club Viva Truskolasy;Viva Truskolasy;5;0
Klub Scorpio;;5;0
Palma de Mirette;;5;0
Magnes Club;;5;0
Klub A1;;5;0
Stodoła;;5;0
Klub Angello;Angello;5;0
Manhattan Club;;5;0
IGLOO Club;;5;0
BelAmi 2;;5;0
Oaza;;5;0
La Palma;;5;0
LOFT Music Club;;5;0
S klub;;5;0
7. nebe;;5;0
Our Place Music Club;Our Place;5;0
Jazz Republic;;5;0
Two Faces Music Club;Two Faces;5;0
Metro music club;;5;0
Pantheon Music Club;Pantheon;5;0
Maka bar;;5;0
U Rafa;;5;0
Klub lávka;;5;0
Klub Újezd;;5;0
U Živce;;5;0
Znojemka;;5;0
Disko Kavárna;;5;0
Labelle;;5;0
Golem;;5;0
Cross Club;Cross;5;0
Futurum;;5;0
R3 Bar;;5;0
ZIP;;5;0
Továrna;;5;0
Ignis Club;Ignis;5;0
Dělňák;;5;0
Ponorka;;5;0
Disco Split;Split;5;0
Semafor;;5;0
Flip;;5;0
Bílý Kámen;;5;0
Shaker Bar;;5;0
AghaRTA Jazz Centrum;;5;0
Aloha Wave Lounge;Aloha Bar;5;0
Harley's bar;;5;0
Chapeau Rouge;;5;0
Popocafepetl;;5;0
Baronka;;5;0
La Fuente;;5;0
Music Club V.I.P;;5;0
Klub 007 Strahov;;5;0
Karlovy lázně;;5;0
Rock Café;;5;0
Club Roxy Prague;;5;0
Kamenný most music club;Kamenný most;5;0
Občanská plovárna;;5;0
Cafe - Cafe;Cafe;5;0
Club Sabotage;;5;0
Le Clan;;5;0
Radost Fx;;5;0
Jampa Dampa;;5;0
Le Mirage;;5;0
La Pantera;;5;0
MATRIX club;;5;0
El Mágico;;5;0
Dogs Bollocks;;5;0
Misch Masch;;5;0
Mecca;;5;0
Prostor Abaton;;5;0
Modrá Vopice;;5;0
Crazy Club;;5;0
Dance Klub U Kolji;;5;0
La Habaňero;;5;0
Roxbury;;5;0
Hudební Club Nautilus;;5;0
Klub Luxor;;5;0
Retro music Club;;5;0
Bat. Music Space;;5;0
Rampa;;5;0
Staré lázně;;5;0
Klub Mlýn;;5;0
Lifestyle Karaoke;;5;0
Roxet;;5;0
TA-BU music club;;5;0
Tropic Club;Tropic;5;0
DukuDuku;;5;0
Nightclub Music;Music;5;0
Matahari night club;Matahari;5;0
AMD;;5;0
Typos;;5;0
Abajo;;5;0
Cabras;;5;0
Lenfer sound club;Lenfer sound;5;0
Hrad;;5;0
Pražanka;;5;0
Shabo;;5;0
Nigth Club Luna - Diskrete Zone;Nigth Club Luna;5;0
KC Jitka;;5;0
Dejavu Music Club Prague;;5;0
Fine club;Fine;5;0
Jupík;;5;0
Xanadu;;5;0
Oldies disco Club;Oldies disco;5;0
Klub Šatlava;;5;0
Majnl Dance Hall;;5;0
Theremin;;5;0
Jízdárna;;5;0
DCM;;5;0
Music Bar Kravín;;5;0
Nightclub Piranha;Piranha;5;0
Nightclub Paris;Paris;5;0
Disco Chihuahua;Chihuahua;5;0
Lucerna Music Bar;Kino Lucerna Praha;5;0
Klub Oko;;5;0
Roxor;;5;0
Kontrast Bar;;5;0
WATT Club;WATT;5;0
Mersey Music Club;Mersey;5;0
Vagon Music Club;Vagon|Vagon Music Pub Club;5;0
Milenium Tábor;;5;0
Kotnov;;5;0
Zlatý strom;;5;0
Disco Safari Jince;Safari Jince;5;0
Klub Netopýr;;5;0
Light Music Club;Light;5;0
Jazzová zahrada;;5;0
Dance bar PARADOX;;5;0
Rokáč;;5;0
Disco Era;;5;0
Barrák;;5;0
Euphoria Music Club;;5;0
OX Club;OX club Prague;5;0
Kavárna;;5;0
Heaven-gay cinema bar;;5;0
Alexandria Loď;;5;0
Night Club Na Zámečku;Na Zámečku;5;0
Tančák club;Tančák;5;0
RICCO bar;;5;0
Gogoklub;;5;0
Blues sklep;;5;0
Palác Akropolis;;5;0
Maddox;;5;0
Typos cz;;5;0
Dance Pivovar;;5;0
Balkan Bar;;5;0
Night Gym;;5;0
Bella Vista;;5;0
Vibe Club;;5;0
Repro bar & music club;Repro bar &;5;0
Winx;;5;0
Moo;;5;0
Factory Club;;5;0
Lemon Music Club;Lemon;5;0
Noční bar Dallas;;5;0
Hudební klub Altán;;5;0
Music Club No. 1;;5;0
Club No.6;No.6;5;0
Nová Chmelnice;;5;0
Fleapit;;5;0
URBEX Club;URBEX;5;0
Music Club Jižák;;5;0
Disco Porto;;5;0
Dance bar Hvězda;;5;0
Moštárna club;Moštárna;5;0
Klub Alternativa;;5;0
Anděl Music Bar;;5;0
Mabuhay;;5;0
Elektra;;5;0
Heligonka;;5;0
KlonDike music club;KlonDike;5;0
Alibaba;;5;0
Club Museum Czech underground;Museum Czech underground;5;0
Tresor club;;5;0
Jáma Music Club;Jáma;5;0
Vanesa;;5;0
K2 Music Club;;5;0
Bar Broukárna;;5;0
Marley;;5;0
Kravín;;5;0
Havana Club Aš;;5;0
Music Club U Bubáka;;5;0
Disco Rock Club Merklín;Rock Club Merklín;5;0
retro 69;;5;0
Salsita Club;Salsita;5;0
night club AMBRA;;5;0
Multižánrový Klub Živák;;5;0
Retro CENTO Music Club;Retro CENTO;5;0
Turbo Music Club;Turbo;5;0
Music club eMko;;5;0
exit2;;5;0
Cobra;;5;0
Klub ART;;5;0
U Vočka;;5;0
ÁČKO;;5;0
Club Náves;Náves;5;0
Rock Club Barák;;5;0
EPIC;;5;0
SaSaZu club;SaSaZu;5;0
Varna Club;Varna;5;0
Retro Club Fénix;;5;0
Watt Music Club;;5;0
Urbex Cafe;;5;0
Lípa;;5;0
La Rutika;;5;0
Mefisto;;5;0
Lobby hifi bar;;5;0
Patro;;5;0
JammClub;;5;0
Hoodbar;;5;0
Mko After Club & Lounge;;5;0
Kleopatra;;5;0
Club88;;5;0
Jameson Rock Club;Jameson Rock;5;0
Le Valmont;;5;0
Marlboro club;Marlboro|Klub Máčko;5;0
Moon club;;5;0
Lady Marion;;5;0
Kiss club;;5;0
Belvedere;;5;0
Absolut;;5;0
Music club Severka;;5;0
FreeClub;;5;0
Mad Music Hall;;5;0
Zenith Lounge & Bar;;5;0
X Bar Prague;;5;0
Red devil;;5;0
Diskotéka Cabras;;5;0
DON;;5;0
Roxy Club;;5;0
Buena Vista Club;Buena Vista;5;0
Nová Melodka;;5;0
Divadlo pod Lampou;;5;0
Klub Dlouhé Záhony;;5;0
Disco Forum;Forum;5;0
Aura Club;;5;0
music club Inferno;;5;0
Refresh Music Bar;;5;0
Stew Club Vimperk;Stew Club;5;0
Porto Rico;;5;0
La Corte;;5;0
Vila;;5;0
Kulturní dům;;5;0
Fuchs 2 / Bike Jesus;Fuchs 2;5;0
Admirál;;5;0
Club Bonver;Bonver;5;0
Disco Veset;Veset;5;0
Klub Kravín;;5;0
Collosseum;;5;0
trafo;;5;0
Radosť;;5;0
Devil's Pub;;5;0
Herňa FP club;Herňa FP;5;0
MANGO Music Club & Lounge Bar;;5;0
Royal herňa;;5;0
Herňa Vabank;;5;0
Jolly club;;5;0
Herňa Admiral café;;5;0
V-Klub;;5;0
Slopper;;5;0
Mysterium club;Mysterium;5;0
MMC;Majestic Music Club;5;0
Klub 89;;5;0
Biliard;;5;0
Mexiko;;5;0
Eros Night Club;;5;0
Kotva;;5;0
Groove club;;5;0
Baracuda disco bar;;5;0
Centauri;;5;0
Surprise;;5;0
W Club;;5;0
Retro bar;;5;0
Stará ponorka;;5;0
Disco club Perla;club Perla;5;0
Ipon;;5;0
Ladanza;;5;0
Jamajka;;5;0
Ihrisko;;5;0
Žalár;;5;0
Kumelka;;5;0
Šafko;UHU Club;5;0
Fuga;;5;0
Enjoy Music Club;;5;0
Magic club;;5;0
Ministry of Fun;;5;0
Metropola;;5;0
Hviezda Cocktail & Shisha Bar;;5;0
Clip Bar;;5;0
Apollon Gay Club;Apollon Gay;5;0
Luna bar;;5;0
RR Club;;5;0
Sabrina;;5;0
Visteria club;Visteria;5;0
AS Club;;5;0
Club 333;333;5;0
JN Club;;5;0
Steps club;Steps;5;0
Kriváň;;5;0
Life Music Club;;5;0
KC Ilúzia;;5;0
Archa Pub;;5;0
ENCORE the Club;;5;0
Bar Kalambur;;5;0
Salsa by Norika;;5;0
LaStriga;;5;0
Icon Club;;5;0
R2 Music Club;;5;0
Encore Lounge Bar;;5;0
Infinity Bar - Live poker & Billiard;Infinity Bar;5;0
Ponorka Music Pub;;5;0
Continental Club;;5;0
Café Club Caracas;;5;0
Moment club;Moment;5;0
EnjoyClub;;5;0
Maňana pub - nalíváreň;Maňana pub;5;0
100Karaoke;;5;0
Boba Bar;;5;0
ENCORE the Game Club;ENCORE the Game;5;0
we_Ganek;;5;0
Klub Lúč - otvorený kultúrny priestor;Klub Lúč;5;0
Bakatu;;5;0
Great;;5;0
Secret Night Club;Secret;5;0
Club Krym;Krym;5;0
WAX2;;5;0
UniK Mlyny;;5;0
Casting Club;Casting;5;0
CITY music club;;5;0
Meduza;;5;0
Srdiečko;;5;0
Club History;;5;0
Bar Cowboy;;5;0
Ponorka Disco Bar;;5;0
Klub 39;;5;0
263 Pub;;5;0
Casey;;5;0
Divokí anjeli;;5;0
SWAY;;5;0
Peaches and Cream;;5;0
Relax Club;;5;0
Fezen Klub;;5;0
Stone Club;Stone;5;0
Instant;Fogasház;5;0
Doboz;;5;0
Est café;;5;0
Remix;;5;0
Morrison's 2;;5;0
Cat;;5;0
Retro Klub;;5;0
Ifjúsági Ház;IH;5;0
UV;;5;0
Casino Étterem és Music Pub;;5;0
Petőfi Kultúrtanszék;;5;0
Playa Dance Club;Nomád Travelers' Bar;5;0
Ötkert;;5;0
Glob Royal Club;Glob Royal;5;0
JATE Klub;;5;0
B9 Club;;5;0
Hangár Music Garden;;5;0
Absollult 2.0;;5;0
Club Mirage;;5;0
Club Hollywood;;5;0
Mama Mia;;5;0
Club 41;;5;0
Hell Music X-Cafe;;5;0
Delta;;5;0
Trafik Lokál;;5;0
Casino Bellami;;5;0
DF Klub;;5;0
Viadukt Center (kávézó);Viadukt Center;5;0
Butterfly Night Club;Butterfly;5;0
Graft-et Dance Club;Graft-et;5;0
Aladin diszkó;;5;0
Glass House Disco;;5;0
Sakáltanya;;5;0
El Toro pub;;5;0
Cabana Garden;;5;0
Hemo;;5;0
Akvárium Klub;;5;0
101 Klub;;5;0
Toldi Klub;;5;0
Fogas;Fogaskert;5;0
Aether Club;Aether;5;0
Mamma Africa Club;Mamma Africa;5;0
Trió bár;;5;0
Tisza River;;5;0
Udvarrom;;5;0
Füge Udvar;;5;0
Fosters Udvar;;5;0
Vadorzó club;Vadorzó;5;0
Party Zóna;;5;0
Erdélyi Udvarház;;5;0
Duna Fitt;;5;0
Robot;;5;0
Cege Parti Étterem;;5;0
S-Club;;5;0
Mandarin Bár;;5;0
Dolce Vita Night Club;;5;0
Chameleon Music Club;Chameleon;5;0
Penna;;5;0
Albabar;;5;0
Xoxo Extra;;5;0
Santa Fé Music Club & Hajóclub;;5;0
Central Palace;;5;0
Casablanca Night Club;;5;0
Diamond Night Club;;5;0
Sárkány udvar;;5;0
Kis Színpad;;5;0
Pirate Dance Club;Pirate;5;0
Turbina Kulturális Központ;;5;0
Retro2;;5;0
Gödör Klub;;5;0
The Vajas Club;Vajas;5;0
Underground Zone;;5;0
Ápoló Klub;;5;0
Black Magic;;5;0
Sörház;;5;0
Flow;;5;0
The Print;Print;5;0
Ambyss;;5;0
Sparty;;5;0
SPOTx Club;SPOTx;5;0
Lock;;5;0
Unterwelt;;5;0
Füge Play;;5;0
Rom-Bar;;5;0
Palazzo Permanens;;5;0
Bazaar klub;;5;0
Vörös Neon;;5;0
Kispál Életmód és Borház;;5;0
after 6 lounge;;5;0
Mámor Bár (Night Club);Mámor Bár;5;0
A38 Hajó;A38;5;0
Sing Sing Music Hall;;5;0
DC;;5;0
Club Nova;;5;0
Dürer Kert;;5;0
Romkert;;5;0
Kobuci Kert;;5;0
Dream's Cafe;Bár-Mi;5;0
Club M47 Hungary;M47 Hungary;5;0
Analog Music Hall;;5;0
Nagyszínpad;;5;0
Brickhouse;;5;0
Mediterran Club Disco;Mediterran Club;5;0
Mambo Club & Cafe;;5;0
Inside Fashion Club;Inside Fashion;5;0
Highlander;;5;0
Cinema Hall;;5;0
Kanizsa Klub;;5;0
Arzenál;;5;0
Kazánház;;5;0
Club Bastille;Bastille;5;0
Club Neo;Neo;5;0
Panzio Music Club;Panzio;5;0
Agárdi Popstrand;;5;0
Monster Beach;;5;0
Club 1001;1001;5;0
Rózsa Disco;Rózsa;5;0
Kassa;;5;0
Budapest Park;;5;0
Barba Negra;;5;0
Las Vegas Discotech;Róna;5;0
Zsiráf Pest;;5;0
Instant-Fogas Komplexum;;5;0
Discoteka Nicșeni;;5;0
Discoteca Ring;Ring;5;0
After 8;After Eight - Cocktail Club;5;0
Ursus Cotton Pub;;5;0
Jazz & Blues Club;Jazz & Blues;5;0
St. Patrick;;5;0
Luv Constanța;Luv;5;0
Club NOA (Nest of Angels);Club NOA|NOA (Nest of Angels);5;0
Control Club;Control;5;0
Fratelli;;5;0
Million Dollars Club;Million Dollars;5;0
Enigma;;5;0
Club Amnesia;;5;0
Club Keops;;5;0
Oxigen Club;Oxigen;5;0
Club Sandro;Sandro;5;0
Bamboo by OXYA;Bamboo;5;0
Exotic Cigars Club The Buddhist;;5;0
Fratelli Social Club;;5;0
True Social Club;True;5;0
Ice Cube;;5;0
Club Bamboo;;5;0
Club Daimon;Daimon;5;0
Urbana;;5;0
Taverna Music-Pub;;5;0
La bază;;5;0
Dovinot;;5;0
Disco la Rudaru din Olt;la Rudaru din Olt;5;0
Club 300;300;5;0
Club de noapte;de noapte;5;0
Club Agronomia;Agronomia;5;0
Queens Bucharest Club;Queens Bucharest;5;0
El Comandante Grande;;5;0
Club Paradis;Paradis;5;0
Club Flamingo;;5;0
Club Ambasador Saes;Ambasador Saes;5;0
Yoyo's Irish Pub;;5;0
Astera;;5;0
Club Andu;Andu;5;0
Club Angy;Angy;5;0
Club Crush;Crush;5;0
Club Stephany;Stephany;5;0
Crema Summer Club Mamaia;Crema Summer Club;5;0
J'adore Mamaia;;5;0
Megalos Club;Megalos;5;0
Colonial club Cernica;Colonial club;5;0
La Pescărie;;5;0
La Feroviari;;5;0
OZN Club;OZN;5;0
Fratelli Lounge & Club;Fratelli Lounge &;5;0
Fratelli Beach & Club;Fratelli Beach &;5;0
Monarch;;5;0
Alexander;;5;0
The Queens;;5;0
Disco Latino Ring;Latino Ring;5;0
Atmosphere the CLUB;Atmosphere;5;0
Joy Club;;5;0
Plaja H2O;;5;0
Crazy Beach;;5;0
IpaNera;;5;0
Club EGO;;5;0
Princess Summer Club;Princess Summer;5;0
La Lăutarii;;5;0
Coyote Ugli;;5;0
Princess Summer Club & Beach;;5;0
Nefertiti Club;;5;0
Podz Musicpub;;5;0
L'Exces Simeria;;5;0
Insieme Club;Insieme;5;0
Insieme Bar;;5;0
Zion;;5;0
Club Miorița;Miorița;5;0
Club Edi;Edi|Clubo Edi;5;0
/Form Space;;5;0
Club King;King;5;0
Picnic;;5;0
Clubul Fetelor;;5;0
Salon Onix;;5;0
Club R;;5;0
Retro- Bistro;;5;0
Baha Club & Lounge;;5;0
Liquid The Club;;5;0
database;;5;0
Club-Come;;5;0
Fratelli Studios;;5;0
Club Spartacus;Spartacus;5;0
Aqua Club Elatis;;5;0
Club Forest;Forest;5;0
Studio 80;;5;0
Night Club Pussy Cat;;5;0
Imperium Society Club;Imperium Society;5;0
Tao Masaj;;5;0
Escape Underground Hub;;5;0
Regal Manele;;5;0
Time's Live Music;;5;0
Club Quatro;Quatro;5;0
Disco Evrika;Evrika;5;0
Club Trakia;Trakia;5;0
El Passo Club;El Passo;5;0
Disco bar No Limit;;5;0
Play Club Beceni;;5;0
Revival;;5;0
Park Place;;5;0
Beluga Music & Cocktails;;5;0
El Comandante Junior;;5;0
El Dictador;;5;0
Nuba Summervibes;;5;0
Mega Discoteca Tineretului;;5;0
Vox Maris Disco;Vox Maris;5;0
Disco Club Max;;5;0
Cluj Arena VIP Lounge;;5;0
KAYO Club;KAYO;5;0
The Wild Garden by After Eight;The Wild Garden|Wild Garden by After Eight|Wild Garden;5;0
Flying Circus;Flying Circus Cluj;5;0
Club Mono;;5;0
Comics Club;Comics;5;0
Club Diamond;;5;0
Ramatuelle by MRS;Ramatuelle;5;0
Agartha Club;Agartha;5;0
Limoncello Club;Limoncello;5;0
Club Topaz;Topaz;5;0
ERA Club;;5;0
Victoriei Ballroom;;5;0
Bar&Club Perla Nopții;;5;0
ANT;;5;0
Aftăr Hours;;5;0
Kruhnen Musik Halle;;5;0
Revolution Club;;5;0
Amazonic Club;Amazonic;5;0
Marianes's Club;Marianes's;5;0
Kristal Glam Club;Kristal Glam;5;0
Club DAF;DAF;5;0
Chandelier Bamboo;;5;0
One Club;;5;0
Maxi Club;Maxi;5;0
Nu-mă-uita;;5;0
Blanquita Club;Blanquita;5;0
Club Crazybeach;;5;0
SAGA;;5;0
D.F.N;;5;0
exxod;;5;0
Club Viena;Viena;5;0
Clubul Iclod;Clubul;5;0
LeGaga;;5;0
La Academie;;5;0
Clubul Keops;;5;0
Boa Club;Boa|Club Boa;5;0
Crazy Bubble;;5;0
Nuba Beach Club;Nuba Beach;5;0
Bamboo Beach;;5;0
Daso Cado;;5;0
La Vella Yachting Club;La Vella Yachting;5;0
Cucaracha;Bar Caracatița;5;0
Season Club;;5;0
Club OK;;5;0
Zen Club & Pool;;5;0
Fellas;;5;0
Emma;;5;0
City Club;;5;0
Red Lion;;5;0
Nai Klub;;5;0
Zangador;;5;0
Karibi;Caribbean;5;0
Phoenix Bar Club;Phoenix Bar;5;0
Piano Bar Bacardi;;5;0
Silouet;;5;0
Rock Bar Download;;5;0
"Disco Club ""LUXOR""";"Club ""LUXOR""";5;0
Galaktika;;5;0
Silicone;;5;0
Bar 911;;5;0
Provocateur;;5;0
Night Club Masquarade;Masquarade;5;0
Café Club Paradise;;5;0
Bedroom Premium Club;Bedroom Premium;5;0
The Hole;Hole;5;0
iONYX Nightclub;iONYX;5;0
Saxa beach summer club;Saxa beach summer;5;0
Bla-Bla Beach Club;Bla-Bla Beach;5;0
Taboo club;;5;0
Underground Club;;5;0
Megami;;5;0
Mixtape 5;;5;0
Bushido;;5;0
Palms;;5;0
Ilit;;5;0
Live and Loud;;5;0
Intriga Night Club;Intriga;5;0
SM live cub;;5;0
PLANET Club;;5;0
Blitz;;5;0
Dance club Iceberg;;5;0
Deep;;5;0
One To One;;5;0
Destiny;;5;0
EXE Club;;5;0
Vice City;;5;0
Gramophone;;5;0
The Hoot;Hoot;5;0
Plazza;;5;0
The Bounce;Bounce;5;0
Planeta Payner Targovishte;;5;0
Bunker Club;;5;0
Tarantino;;5;0
FOMO the club;;5;0
Sofia Live Club;Sofia Live;5;0
Kama Sutra;;5;0
Mesmeric;;5;0
Ego Resto Club;Ego Resto;5;0
Isteria;;5;0
MAZE;;5;0
Etage 8;;5;0
ZOKI’s Warehouse;;5;0
C’est la Vie;;5;0
Modera;;5;0
Viral Club;Viral;5;0
Illuzion;;5;0
Club 33;;5;0
Lazur;;5;0
Variety theatre;;5;0
Eleven Club;;5;0
Versai;;5;0
Pr. Club;;5;0
DGV;;5;0
Tundzha;;5;0
Bedroom;;5;0
TheLine;;5;0
Scirocco Club;Scirocco;5;0
Gagarin 205;;5;0
Nostos;;5;0
Downtown Rock Bar;;5;0
Monastiri Tou Karolou;;5;0
Mods;;5;0
Mamoynia;;5;0
Porto Akri;;5;0
Nuevo;;5;0
Sting-Fabric Club;Sting-Fabric;5;0
Sueno;;5;0
Cafe-Bar Depo;;5;0
My Club;;5;0
Destil;;5;0
Music Boxx;;5;0
La Rosa Negre;;5;0
Nicopolis Club;Nicopolis;5;0
Colorado;;5;0
Atlantis;;5;0
Lido;;5;0
Smash;;5;0
Anodos;;5;0
Posidonio Music Hall;;5;0
Kinky;;5;0
Motel;;5;0
Mesanyxta;;5;0
The apartment;apartment;5;0
Whispers;;5;0
Mylos Club;Mylos;5;0
eightball;;5;0
Matala;;5;0
Club Loca;;5;0
7 times;;5;0
Mamounia;;5;0
HUBU Summer Club;HUBU Summer;5;0
Loco stage;;5;0
Barato;;5;0
Koursaros;;5;0
Oltre;;5;0
Trust Club;Trust;5;0
Angels Club;;5;0
Ahoy Night Club Kallithea;;5;0
Town Club;Town;5;0
Folie;;5;0
Magas cafe bar;;5;0
Gazi Music Hall;;5;0
Astraia;;5;0
KAVOURAS Rempetika Laika;;5;0
Casper;;5;0
"""Logos Dancing Bar""";;5;0
Actus;;5;0
Hamam;;5;0
Crazy Town;;5;0
Minibar;;5;0
Metropolis club;;5;0
Prison Club;Prison;5;0
Lagoon;;5;0
YTON the music show;;5;0
Estate;;5;0
BOX Athens;;5;0
Like Music Club;Like;5;0
Apla kai ellinika;;5;0
Venti;;5;0
Death Disco;Death;5;0
Bokan;;5;0
Tokyo;;5;0
Lohan;;5;0
Blast;;5;0
@54;;5;0
JackieO';;5;0
Island of Desire;;5;0
Enigma Club;;5;0
Popeye;;5;0
Koo Club;Koo;5;0
Acro;;5;0
Kouros club;Kouros;5;0
Alabasyron (jazz, latino...);Alabasyron;5;0
Capone;;5;0
Europa club;;5;0
LT;;5;0
Boutique;;5;0
Edem Beach Club;Edem Beach;5;0
Paradise Beach Club Mykonos;;5;0
Shamone;;5;0
Nuba;;5;0
Size;;5;0
Appartment;;5;0
The Residents;Residents;5;0
Red Sea Reggae House;;5;0
Market Night Club;Market;5;0
Gazi Club;Gazi;5;0
Rainbow Metal Club;Rainbow Metal;5;0
Gazziview;;5;0
Eiffel Nightclub;Eiffel;5;0
Magenta;;5;0
Blaze night club;Blaze;5;0
Arxaion;;5;0
K105K Club Oriental;;5;0
Ghetto;;5;0
Karabo;;5;0
IT Athens;;5;0
Vidi Vici;;5;0
Athens Stage;;5;0
Dimitra;;5;0
Ape nightclub;Ape;5;0
The Platform Athens;Platform Athens;5;0
Kabos club Athens;;5;0
Astra Live;;5;0
Nite Club;Nite;5;0
Dark Sun;;5;0
Apollo Club;;5;0
Candy Club;;5;0
Lux Club;;5;0
Eden Of Shaka;;5;0
ID Club;;5;0
Kinky night club;;5;0
Nhaos;;5;0
Barbarella Live;;5;0
Fix Factory Of sound;;5;0
Sixty Six Crew;;5;0
Barrelledakio;;5;0
Ciroc;;5;0
Bequeer;;5;0
Bo Nightclub;;5;0
Bagallan Club;Bagallan;5;0
Statues Club Cocktail & Shisha Bar;;5;0
Comple pub;;5;0
Cozmo;;5;0
D.a.d.a. nightclub;;5;0
Azael;;5;0
Soul;;5;0
Block 33;;5;0
Vitrine;;5;0
Jacky.O;;5;0
Can can;;5;0
D Side;;5;0
Rumours;;5;0
90 Music Point;;5;0
Cabal;;5;0
Ariana;;5;0
Cenário;;5;0
Opa Opa;;5;0
Blender Bar;;5;0
Club Sensation;;5;0
Club IVI;IVI;5;0
Mamounia live;;5;0
Mylos 1927;;5;0
LIDO Paradise club;LIDO Paradise;5;0
Karnagio Club;Karnagio;5;0
Mezzo;;5;0
Bed Club;Bed;5;0
VOG Vlub;;5;0
Athens Center;;5;0
Event Club;Event;5;0
Sizzle;;5;0
Fishbowl;;5;0
Zeros;;5;0
Icons;;5;0
IDOL;;5;0
Amphitheatre Night Club;Amphitheatre;5;0
Teatro Music Hall;Music Hall;5;0
Cavo Paradiso Club Mykonos;Cavo Paradiso Club;5;0
Kismet;;5;0
Maison Crystal;;5;0
Disco & Bar;;5;0
Sarai;;5;0
Off the chain;;5;0
Temple;;5;0
2nd skin;;5;0
Odyssey;;5;0
Axum;;5;0
Island;;5;0
Taboo Cocktail Club;Taboo Cocktail;5;0
Mostar Cafe;;5;0
Markiz Night Club;Markiz;5;0
Lab Art;;5;0
Animal;;5;0
Omilos;;5;0
Cocus;;5;0
Idol Club;;5;0
Bluesky;;5;0
Caesars Club;Caesars;5;0
54 Dreamy Nights;;5;0
Akrotiri summer club;Akrotiri summer;5;0
Disco La Luna;;5;0
Fiji Island;;5;0
Pearl Night Club;;5;0
No Name Club;No Name;5;0
Oddity Club;Oddity;5;0
College Club;;5;0
Scorpios;;5;0
Dubioza rent a bar;;5;0
Stara hiža;;5;0
Dom kulture;;5;0
INFINITY Club Bjelovar;;5;0
Plus;;5;0
The Red Apple Pub;Red Apple Pub|Crvena Jabuka;5;0
Pocco Locco cocktail bar;;5;0
Queen bar;;5;0
Aquarius;;5;0
Regenerator;;5;0
Dolls;;5;0
Sax;;5;0
Klub Kocka;;5;0
Club Quasimodo;;5;0
Hemingway Bar;;5;0
Vetro bar & bites;;5;0
Kontesa music & cabare;;5;0
Jedinica;;5;0
Pub na kraju svijeta;na kraju svijeta;5;0
Stereo (club);;5;0
Palach;;5;0
Aurora;;5;0
Elyx;;5;0
Salvador Dali;;5;0
Cezar;;5;0
Disco Club Monaco;Club Monaco;5;0
Thriller;;5;0
BBS;;5;0
Club H2O;;5;0
Dioniz;;5;0
Automat Club;Automat;5;0
Sokol klub Zagreb;;5;0
Colapis;;5;0
Paparazzo;;5;0
Svarog Bar;;5;0
Big Mama;;5;0
Beertija;;5;0
News;;5;0
Madhouse;;5;0
Noćni Club M7;;5;0
San Marco;;5;0
Night club BOSS;;5;0
Disco Bar Jungle;;5;0
Klub Uljanik;;5;0
El ron de Cuba;;5;0
Judino drvo;;5;0
Disco Summer Club;Summer;5;0
Temple Night Club;;5;0
Boogie Jungle Night Club;Boogie Jungle;5;0
River Pub;;5;0
Banana Club;;5;0
Night Club Montana;Montana;5;0
Malex;;5;0
BlueOne;;5;0
American Bar;;5;0
Crkva;;5;0
Masters Klub;;5;0
Noštromo;;5;0
Ritam Grada;;5;0
Adris Old Tobacco Factory;;5;0
The Beat Beach Club;Beat Beach;5;0
Admiral Club;;5;0
Marvil;;5;0
Vintage Industrial Bar;;5;0
Revelin;;5;0
Močvara;;5;0
Feniks;;5;0
Bench;;5;0
Museum Katran;Katran;5;0
Palazzo;;5;0
Limb;;5;0
Tower;;5;0
Barbarella's Discotheque;Barbarella's;5;0
Lord of the Pubs;;5;0
Podrum;;5;0
Magnus;;5;0
Konoba;;5;0
Horti;;5;0
"Noćni klub ""M""";;5;0
Platinum Bar & Discotheque;Platinum Bar &;5;0
Inside;;5;0
Element;;5;0
Club EXIT Osijek;EXIT Osijek;5;0
Makarana;;5;0
Tunel;;5;0
Diamont Club;Diamont;5;0
Ilir Bar;;5;0
Jack Daniels;;5;0
Lost and found;LAF - Lost & Found nightclub;5;0
Nord;;5;0
Kuka;;5;0
Ludnica;;5;0
Allegro;;5;0
Caffe & Night Barr Šampion;;5;0
Ledana;;5;0
By the way;;5;0
Mint club & more;;5;0
Central The Club;;5;0
Boiler Club & Dining;;5;0
Modesto;;5;0
Bang night club and caffe bar;;5;0
EPIC - Alternativni klub Osijek;;5;0
Disco klub 69 INTIM;klub 69 INTIM;5;0
Kuglana;;5;0
Rock Beer Club Alcatraz;;5;0
Deep Makarska (Cave Bar);Deep Makarska;5;0
X Night Club;;5;0
Brodway;;5;0
Sagapo bar;;5;0
Veliki Arsenal;;5;0
Luda Koka;;5;0
Veneranda;;5;0
Disco Saturnus;Saturnus;5;0
Discoteque Planet;;5;0
Teens Club;Teens;5;0
Armus;;5;0
Vagabundo;;5;0
Porta Salina;;5;0
Best life;;5;0
Život;;5;0
Petar Pan;;5;0
Disco bar Zelendvor;Zelendvor;5;0
Drago Club;Drago;5;0
Dva osam;;5;0
KMŠ;;5;0
xTime;;5;0
Klub KGB Maribor;Klub KGB;5;0
Balkan club Podroom;;5;0
nočni klub Spartacus;;5;0
Night Club Mamut;Mamut;5;0
Planet Party diskoteka;;5;0
Club Pergola;Pergola;5;0
MKNŽ (Mladinski Klub Nade Žagar);MKNŽ;5;0
Monaliza;;5;0
Cirkus;;5;0
Monokel;;5;0
Publika bar;;5;0
K4;;5;0
Cvetličarna Mediapark;;5;0
Channel Zero;;5;0
Gala Hala;;5;0
Klub Gromka;;5;0
Jalla Jalla;;5;0
Menza pri koritu;;5;0
Casino Belvedere;;5;0
Bar M-NITE klub;;5;0
Klub Bazen Kranj;Klub Bazen;5;0
Diskoteka Oxygen;;5;0
Yucatan;;5;0
Nočni lokal erotik;;5;0
Club Sky Light;Sky Light;5;0
Otard;;5;0
Lazino tele;;5;0
Diskoooo;;5;0
Kućerak;;5;0
Super Bistrica;;5;0
Klub Anki;;5;0
Paradigma Night Club;Paradigma;5;0
Club Cinema;;5;0
Mr Stefan Braun;;5;0
Haaï;;5;0
Klub studenata tehnike;;5;0
Rock Club Revolution;;5;0
Kućerda BalkanBeatBar;;5;0
Tarapana;;5;0
Feedback;;5;0
Half;;5;0
Gradska Kafana Beograd;;5;0
Cvetković;;5;0
Hangar 3;;5;0
Dionis Club;Dionis;5;0
Level night Club;;5;0
Drugstore;;5;0
Hugo's;;5;0
Ambar;;5;0
NanaCubana;;5;0
Kruzer;;5;0
Barutana;;5;0
Brodarac;;5;0
Nexus Club;;5;0
Lazin Sokak;;5;0
Djava;;5;0
Etiko;;5;0
Secer;;5;0
Jazbina;;5;0
Kafana Limun zut;;5;0
Soul Society;;5;0
Geto;;5;0
Tarapanna;;5;0
Čokolada;;5;0
Midnight express;;5;0
Trik;;5;0
Klub Garaza;;5;0
klub skala;;5;0
Club Tunnel;;5;0
Gradska kafana Sinđelić;;5;0
Esco;;5;0
Dzek;;5;0
Caffe Car;;5;0
Sparta;;5;0
Ei Letnji Klub;;5;0
Terrarosa;;5;0
Zappa baza;;5;0
Mala Scena 011;;5;0
Ulica;;5;0
501 Club;501;5;0
Amor;;5;0
Johnnie;;5;0
Kafana Bulevar;;5;0
Joly;;5;0
Matinée;;5;0
Fest;;5;0
20/44;;5;0
Gypsy Jazz club;Gypsy Jazz;5;0
Klub Gradska kafana;;5;0
Karmakoma;;5;0
Masqarade;;5;0
Cajger;;5;0
Beli jelen;;5;0
Lasta;;5;0
Baraka;;5;0
Elektropionir;;5;0
DC Arena Negotin;;5;0
Castello;;5;0
Pajin konak;;5;0
Disko bar Bumerang;;5;0
N Public Summer Club;N Public Summer;5;0
Dva galeba;;5;0
Kod Bizona;;5;0
Caffe Venezia;;5;0
Zappa Barka;;5;0
Moja Kafanica;;5;0
Mayer’s;;5;0
CAPO;;5;0
Bistro OpenAir;;5;0
Monako;;5;0
disco club Borboleta;club Borboleta;5;0
Zlatna Pećina;;5;0
Diskoteka;;5;0
"Diskoteka ""Rodeo""";;5;0
Casino Lutrija BiH;;5;0
Night Club Tron;Tron;5;0
Sloga;;5;0
"Disco club ""Virus""";"club ""Virus""";5;0
"Kafana ""Da me nije""";;5;0
Caffe Bar Vegas;;5;0
"Club ""New Star""";"""New Star""";5;0
Adi;;5;0
SvarogInDoor;;5;0
Absolute;;5;0
Diskoteka BM Trsic;;5;0
Aquarius Vils;;5;0
Elements;;5;0
"Noćni klub ""ART""";;5;0
"Noćni klub ""Time Square""";;5;0
Club Palma;;5;0
Gaudeamus disco club;Gaudeamus disco;5;0
Ali Baba (Pećina);;5;0
"Noćni klub ""Druga priča""";;5;0
Mr. Stefan Browne;;5;0
Nocni club Sindikat;;5;0
Fine Life;;5;0
BUMERANG disco club;BUMERANG disco;5;0
Das ist Walter;;5;0
Pacific;;5;0
River;;5;0
Night club Opera;;5;0
Lukas;;5;0
Night Club Diamond;;5;0
Diskoteka Alien;;5;0
Sunce;;5;0
Imperija;;5;0
MyFace;;5;0
Moment Night Club;;5;0
Club Studio;;5;0
GoldenCube - pub 'n club;GoldenCube|GoldenCube - pub 'n;5;0
Score;;5;0
Drugi Način;;5;0
Caffe CLUB Ćićko;;5;0
Grand Saloon;;5;0
Black and white;;5;0
Cristal S. Club;Cristal S.;5;0
K.U.K;;5;0
Zub;;5;0
Silver and smoke;;5;0
Club 17;;5;0
Diskoteka Alkazar;;5;0
Sri sela;;5;0
Zvono;;5;0
Gradski bazen;;5;0
"Splav ""Sveti Nikola""";;5;0
Alkatraz;;5;0
Together;;5;0
Daleka Obala;;5;0
Galaksija;;5;0
Splav Element;;5;0
Top Hill;;5;0
Buddha Bar;;5;0
Club Municipium S;Municipium S;5;0
Karmin;;5;0
Discoteka Sparta;;5;0
Taqueria;;5;0
Maine Terrazza;;5;0
Ambiente;;5;0
Automata Club;Automata;5;0
Laka;;5;0
Tondo;;5;0
Planet Discoteque;;5;0
Sektor909;;5;0
Privilege Cliub;;5;0
River - Night Club;;5;0
Balet;;5;0
Dominus;;5;0
Disco Club VIP;Club VIP;5;0
Mezo Club;Mezo;5;0
Station 26;;5;0
Jazz Inn;;5;0
Mamas;;5;0
The Harbour Club;Harbour;5;0
Club Pulse;;5;0
Raschekor;;5;0
Havana Summer Club;Havana Summer;5;0
Pure Night Club;;5;0
Ratrak Club;Ratrak;5;0
Magic Club Tirana;;5;0
Brayan;;5;0
Big Love;;5;0
Maximus Club;;5;0
Geri Beach Club;Geri Beach;5;0
Tymi;;5;0
Opium Club;;5;0
Club Shqiponja 2;Shqiponja 2;5;0
Kompleksi Havanna;;5;0
Cavaliero club;Cavaliero;5;0
Bizarre Lounge;;5;0
Babylon Club;;5;0
Club te Tapeti Kuq;te Tapeti Kuq;5;0
Ballkan Club;Ballkan;5;0
Club Butterfly;;5;0
Diaspor Club;Diaspor;5;0
4Elements;;5;0
Hotspot Tirana;;5;0
Oro Bianco;;5;0
Goat;;5;0
Tunel Music Venue;;5;0
Club Buda;;5;0
VA Club;;5;0
Crazy Calvin;;5;0
Cinco Club;;5;0
Silk and Velvet;;5;0
Bar Rumours;;5;0
The Basement Club;;5;0
Metropole Retro Music Club;Metropole Retro;5;0
Theama;;5;0
Ideal;;5;0
Titanic Night CLub;;5;0
Starsky's Club;Starsky's;5;0
Priva;;5;0
4play;;5;0
Glamuor;;5;0
Flairs;;5;0
Almahara Gece Kulübü;;5;0
The Pirates;Pirates;5;0
The Bell;Bell;5;0
Notes Live;;5;0
Bedrock Cafe;;5;0
Guaba;;5;0
Versus Club;Versus;5;0
Night Elements Club;Night Elements;5;0
Breeze;;5;0
Breeze Club;;5;0
Klubd;;5;0
Las Vegas club;;5;0
Florida Gece Kulübü;;5;0
Miss Me Gece Kulübü;;5;0
Faraon Gece Kulübü;;5;0
Harem Night Club;;5;0
Freedom Girls Night Club;Freedom Girls;5;0
İmparator Night Club;İmparator;5;0
Prenses Night Club;Prenses;5;0
Malişka Gece Kulübü;;5;0
Biyax Gece Kulübü;;5;0
Hanedan Gece Kulübü;;5;0
Golden Girls Gece Kulübü;;5;0
Monamour Gece Kulübü;;5;0
Playboy Gece Kulübü;;5;0
Yakamoz Gece Kulübü;;5;0
Rose Afrodit Gece Kulübü;;5;0
Expression;;5;0
The Flintstones;Flintstones;5;0
Sacret Garden;;5;0
Ravens Music Hall;;5;0
Kıbrıs Escort - Kıbrıs Escort Katalog;Kıbrıs Escort;5;0
Dolls Night Club;;5;0
Ibiza Night Club;;5;0
Q Cocktail Bar;;5;0
Doll Palace;;5;0
Pavilion Hall;;5;0
Girne Escort Kataloğu;;5;0
Girne Escort Fiyatları;;5;0
Girne Escort Katalog;;5;0
Girne Escort - Kıbrıs Escort;Girne Escort;5;0
Castle Club;Castle;5;0
Girne VIP Escort;;5;0
Monamour Night Club;Monamour;5;0
Tuttu Frutti Gece Kulübü;;5;0
Rio Night Club;;5;0
Vibes City;;5;0
Apolon;;5;0
Anemon Gece Kulübü;;5;0
Midnight Club;Midnight;5;0
Mid Night Gece Kulübü;;5;0
Blue Night Club;;5;0
Lipstick Night Club;Lipstick;5;0
Club 22;;5;0
Footloose;;5;0
Gianpula;;5;0
Tigullio;;5;0
Club RED;;5;0
Ööklubi Ibiza;;5;0
Rock & Roll;;5;0
Geneva Club;Geneva;5;0
Crisis;;5;0
Club Münt;Münt;5;0
Öökubi;;5;0
Vaarikas;;5;0
Sugar;;5;0
Cocoloco Snack Bar;;5;0
Str&;;5;0
Kohvik-baar Püramiid;;5;0
Helitehas;;5;0
Sossi Klubi;;5;0
Club Tartu;Tartu;5;0
Klubi Võhandu;;5;0
Ööklubi Ööliblikas;;5;0
Hi-Fi Boutique;;5;0
Piidivabrik;;5;0
Tonu's pub;;5;0
Lekker;;5;0
Ööklubi Café Amigo;;5;0
Aptek;;5;0
CatHouse Club;;5;0
Golden Time;;5;0
Klubi Neli;;5;0
Kompanii klubi;;5;0
Lounge Miäli;;5;0
Paparazzi;;5;0
Hall;;5;0
Next Level;;5;0
Sapphire;;5;0
Maasikas;;5;0
Klondaik;;5;0
D3;;5;0
Mjau;;5;0
Laisholm Pub;;5;0
Call Me;;5;0
Fonoklubs;;5;0
Melnā piektdiena;;5;0
Sapņi un kokteiļi;;5;0
One More Club;One More;5;0
OneOne;;5;0
Big 7;;5;0
Fontaine Palace;;5;0
Fontaine GypsyCamp;;5;0
Rigonda;;5;0
Radio bar;;5;0
First;;5;0
Top;;5;0
Piji;;5;0
Kursas Putni;;5;0
Vagonu zāle;Vagonu halle;5;0
Hot-Rio;;5;0
Artilērijas pagrabi;;5;0
Taller;;5;0
Tonuss;;5;0
Bastīlija;;5;0
The Blow;;5;0
Republika;;5;0
Multiklubs;;5;0
de flou;;5;0
Luiize;;5;0
Silrak;;5;0
Pandemonium;;5;0
Valknut;;5;0
Klubs Depo;;5;0
Coyote Fly;;5;0
Tamsta Klubas;;5;0
Soho naktinis klubas;;5;0
Lithuanian wild;;5;0
Salento Disco Pub;;5;0
Loftas;;5;0
Disco 311 Buddha;311 Buddha;5;0
POSH Cocktail Club;POSH Cocktail;5;0
Mix Bar;;5;0
nArauti;;5;0
Trinity;;5;0
Opalocka;;5;0
Materialiste;;5;0
Red Cat;;5;0
Havana social club;;5;0
Puntukas;;5;0
Vakaris Vilnius;Vakaris;5;0
Kablys;;5;0
Jazzpilis;;5;0
Naktinis Tbilisis;;5;0
Naktinis klubas-baras;;5;0
Naktinis Klubas 30;;5;0
Opera CLub;;5;0
Crystal Show Club;Crystal Show;5;0
Nasa Club;Nasa;5;0
Metelica Naktinis Klubas;;5;0
Mazzor Night Club;Mazzor;5;0
Lizdas;;5;0
Marushka;;5;0
Mojito Nights;;5;0
Honeycomb;Golden Room;5;0
2 po 50;;5;0
Mega pramogos;;5;0
Laukinių Vakarų salūnas;;5;0
Pramogų bankas;;5;0
Lemmy;;5;0
Vizbaro Disco;Vizbaro;5;0
Cursal;;5;0
San Remo;;5;0
111;;5;0
Poseidon;;5;0
Panorama Lounge;;5;0
Soho Terrace;;5;0
Rezus+;;5;0
Jazz;;5;0
Berushi;;5;0
Litca;;5;0
Sfera;;5;0
Vip 77;;5;0
Orange;;5;0
Rasputin;;5;0
Romantic;;5;0
Magnet;;5;0
Good Zone;;5;0
Freedom Party Bar;;5;0
Rasputin Club;;5;0
Candies;;5;0
Sentrum;;5;0
Good one;;5;0
PurPur;;5;0
Rafinad People;;5;0
Átlas;;5;0
Alchemist;;5;0
Limon;;5;0
Galaktika Club;;5;0
Nc Dinamit;;5;0
Disel;;5;0
Versal;;5;0
True Man Club;True Man;5;0
Sova;;5;0
Siqueiros;;5;0
Aqua Dance Beach Club;Aqua Dance Beach;5;0
Manufactura;;5;0
Room 59;;5;0
Black and Wite;;5;0
Aqua Dance;;5;0
Ankas;;5;0
Kazanova;;5;0
Hranat;;5;0
Lavanda;;5;0
Romen;;5;0
BROD WAY Concert Hall;;5;0
Axis;;5;0
Manhattan NC;;5;0
Lacy;;5;0
Serebro;;5;0
Caribbean Club;;5;0
Kanyra;;5;0
B'Fly night club;B'Fly;5;0
Eila Night Club;Eila;5;0
Asham;;5;0
Globus;;5;0
RIA;;5;0
Galicia Disco Club;Galicia Disco;5;0
Samba;;5;0
De Luxe cafe;;5;0
Bali;;5;0
Alladin;;5;0
Golden fish;;5;0
The LasVegas;LasVegas;5;0
Diesel Club;Diesel;5;0
Hiresh;;5;0
Barbaris;;5;0
Adrenaline;;5;0
Monte Ray;;5;0
Brasil;;5;0
Jet;;5;0
LEX Lounge Bar;;5;0
Vintage;;5;0
Papa De More;;5;0
Silentium;;5;0
Black Wood;;5;0
IceBerg;;5;0
Power;;5;0
Extreme;;5;0
Pravda club;Pravda;5;0
Maximum;;5;0
Arena Lounge Karaoke Club;Arena Lounge Karaoke;5;0
Reflection;;5;0
Cheshirskiy kot;;5;0
Juice Bar;;5;0
Skyroom;;5;0
Dolce Club;;5;0
Orbita;;5;0
Ozon Club;Ozon;5;0
Chesterfield;;5;0
Voda;;5;0
Humpback Polish;;5;0
Monti;;5;0
Casa de cultură;;5;0
Volume Club;Volume;5;0
Monkey House;;5;0
Caprica;;5;0
General;;5;0
Kontrabass;;5;0
Panorama club;;5;0
Faberge;;5;0
Iznanka BDSM Bar;;5;0
Versailles;;5;0
Catarsis;;5;0
Princess Men’s club;Princess Men’s;5;0
Radmir;;5;0
Pahanini;;5;0
Freeman;;5;0
Meduza.if;;5;0
Zoloto;;5;0
Vegas Night club;;5;0
LF Club;;5;0
Open Kitchen;;5;0
Shade;;5;0
Young;;5;0
Nice Club;;5;0
Senator;;5;0
Kotelnia Ruïn Bar;;5;0
Misto;;5;0
Collider;;5;0
Casta Men's Club;Casta Men's;5;0
Bigme;;5;0
Fortetsia;;5;0
Forsage;;5;0
Rayon;;5;0
Fort Knox;;5;0
NC Magnat;;5;0
Daktus;;5;0
Shark;;5;0
"""mariopark""";;5;0
"Night club ""White""";"""White""";5;0
Madisan rock club;Madisan rock;5;0
Saxon;;5;0
Fun Park;;5;0
Barocco;;5;0
Seven Eleven;;5;0
XLevel;;5;0
Jennifer;;5;0
Queen Kyiv;;5;0
party bar Salvador Dali;;5;0
Pelikan Beach Club;Pelikan Beach;5;0
1+1;;5;0
Intense;;5;0
Chocolate Project;;5;0
Exotic park;;5;0
Disco radio hall;radio hall;5;0
Red Line;;5;0
!Fest Republic;;5;0
Elite Club;;5;0
"Nightclub ""Rich""";"""Rich""";5;0
Liberty of the seas;;5;0
True Man Hot Boat;;5;0
Malevich;;5;0
Mantra Beach Club;Mantra Beach;5;0
S&S Project;;5;0
Platinum 999 club;Platinum 999;5;0
Ibiza Beach Club;Ibiza Beach;5;0
Park Club;Park;5;0
Portofino Beach Resort;;5;0
Lemonade;;5;0
Den Hall;;5;0
Sam Feri;;5;0
Zephyr;;5;0
"""Inout""";;5;0
Buda Andorra;;5;0
Galleria 149;;5;0
Heat Club;Heat;5;0
L'Antirouille;;5;0
PZ City Club;PZ City;5;0
Le Rockstore;;5;0
Fabrique Milano;;5;0
Parco Sempione;;5;0
Circolo Magnolia;;5;0
Rock'n'Roll;;5;0
MIB Milano;;5;0
Garage Underground;;5;0
Torre Velasca;;5;0
Teatro Principe;Principe;5;0
SPACE 25 Toffetti;;5;0
Pata Club;Pata;5;0
Il Moro Club;Il Moro;5;0
Hollywood Rythmoteque;;5;0
Naudo Beach Club NBC;;5;0
Centralino Club;;5;0
Audiodrome Alive Club;Audiodrome Alive;5;0
Tocqueville 13;;5;0
Arenile di Bagnoli;;5;0
NOTORIUS Live Music Club;NOTORIUS Live;5;0
WOW Club;WOW;5;0
Upset;;5;0
Pick-Up;;5;0
Vogue Club;;5;0
Ganas;;5;0
Supermarket Club;;5;0
U-bahn;;5;0
Paranormal Circus;;5;0
Palalassio Ravizza;;5;0
Pas de la Casa;;5;0
Santeria Toscana 31;;5;0
Fort Punta Christo;;5;0
Mall Contemporary Club;Mall Contemporary;5;0
Calcione Castle;;5;0
Kamerlengo Fortress;;5;0
Minimal Club;Minimal;5;0
Reykjavík - Travel;Reykjavík;5;0
Split - Travel;;5;0
Ocean Inn Club;Ocean Inn;5;0
Chantier 109;;5;0
Clorophilla Club;Clorophilla;5;0
Estoril Beach Club;Estoril Beach;5;0
Zero Summer Club;Zero Summer;5;0
Kogin's Club;Kogin's;5;0
Ippodromo Delle Capannelle;;5;0
Officine Farneto;;5;0
K-Beachclub;;5;0
Andrea Doria;;5;0
Justme Porto Cervo;Justme;5;0
Arena del Mare;;5;0
Pyrex Arena;;5;0
Villa Bianco - Old;Villa Bianco;5;0
Sporting Club;Sporting;5;0
909 Club;;5;0
Lido El Caribe;;5;0
Lido Emily's;;5;0
Gate Milano;;5;0
Sesto Senso;;5;0
Q35 Warehouse;;5;0
A Voz do Operário;;5;0
LXFactory;;5;0
Tenuta Villa Rosa;;5;0
Castello di San Giorgio Canavese;;5;0
Tenuta Valminier;;5;0
Gare Porto;;5;0
Club 89;;5;0
Cinecittà World;;5;0
CoffingHouse Dipartimento Di Ingegneria;;5;0
Stazione Leopolda;;5;0
FIL - Feira Internacional de Lisboa;FIL;5;0
Pala DuchessaLia;;5;0
Mediterraneo Club;;5;0
Microclub LX;;5;0
Atlantico Live;;5;0
LAV - Lisboa ao Vivo;;5;0
Time Out Market Studio;;5;0
Plastik Galaxy;;5;0
Il Trappeto;;5;0
PalaEolo;;5;0
Zenit Club Pinerolo;Zenit Club;5;0
Fluo Run - Padova;Fluo Run;5;0
Fluo Run - Bologna;;5;0
Fibre Club;Fibre;5;0
Small Club;Small;5;0
Club Clandestin;Clandestin;5;0
Rebelle;;5;0
Phenomenon;;5;0
Aux Grands Enfants Tennis Clubbing;;5;0
Fell In Love;;5;0
Ginjal Terrasse;;5;0
Orizzonte Discoteque;;5;0
Lido Ascona;;5;0
Al Ponte;;5;0
Ippodromo San Siro Galoppo;;5;0
Praia de Ribeira d´Ilhas;;5;0
Waikiki - Praia da Sereia;;5;0
Anfiteatro delle Cascine;;5;0
Bamboo Club;;5;0
Castelo de Sesimbra;Castelo de;5;0
Fluo Run - Cavriana;;5;0
Sottovento Club;Sottovento;5;0
Praia Fluvial E Piscinas De Fronteira;Praia Fluvial E Piscinas De;5;0
Forte S. João;;5;0
Precisamente A Calafuria;;5;0
Fluo Run - Bari;;5;0
Fluo Run - Forli;;5;0
Fluo Run - Lido di Spina;;5;0
Casa Cuba;;5;0
Golf Club Casalunga;;5;0
The Yacht Week;Yacht Week;5;0
Lido Pescespada;;5;0
Millionaire Disco;Millionaire;5;0
The Boomerang Bar;Boomerang Bar;5;0
V Club Vilamoura;;5;0
Fluo Run - Riolo Terme;;5;0
Tokyo Lisboa;;5;0
Malibù Club;;5;0
Tenuta Castelletto;;5;0
Campo Sportivo Colombo;;5;0
Urban Backyard;;5;0
Polo Fieristico;;5;0
Live Music Club;;5;0
Dhome Club;;5;0
Land;;5;0
Pavilhão Carlos Lopes;;5;0
Papessa Club;Papessa;5;0
São Mamede CAE;;5;0
Lisboa Rio Club;Lisboa Rio;5;0
THE BOAT by Unreleased;THE BOAT|BOAT by Unreleased|BOAT;5;0
Caprice d'Ambiance;;5;0
Colonial;;5;0
Combo Social Club;Combo;5;0
Fluo Run - Castello di Desenzano;;5;0
Touch Club;;5;0
Joy & Joy;;5;0
Primo Piano;;5;0
District 272 Milano;;5;0
Fluo Run - Genova;;5;0
The Class;Class;5;0
Il Ruscello Disco Clubbing;;5;0
El Trò;;5;0
Skate Park;;5;0
Estragon Club;;5;0
Tatanka Club;Tatanka;5;0
Not In Club;Not In;5;0
Fluo Run - Jesolo;;5;0
Lisb-ON Jardim Sonoro;;5;0
Lenox Club;;5;0
Affekt Club;Affekt;5;0
Nora Rotterdam;Nora;5;0
Jazz Club;;5;0
Jeux d'Hiver;;5;0
Tuscany Hall;;5;0
Pink Woman;;5;0
Mind Club;Mind;5;0
Titanic Sur Mer;;5;0
Fluo Run - Cattolica;;5;0
TMR Tombolo Motor racing;;5;0
Fluo Run - Sottomarina;;5;0
Jazz:Re:Found;;5;0
Sacré;;5;0
Lottus After-Hours;;5;0
PalaFacchetti;;5;0
Villa Ormond Sanremo;Villa Ormond;5;0
The Arch;Arch;5;0
Faktory Basement;;5;0
Phi Beach;;5;0
Ambra Night;;5;0
SuperNatural;;5;0
ŌKAH Rooftop;;5;0
Trumps;;5;0
Discoteca Florida;;5;0
Manifattura Tabacchi;;5;0
La Cabane;;5;0
Beach Club Mangrove;;5;0
Ex Kick Off Robbiate;Ex Kick Off;5;0
Bonfim Club;Bonfim;5;0
Sesimbra Natural Park;;5;0
La KAVA Summer Club;La KAVA Summer;5;0
Quinta da Barca;;5;0
Nf-34;;5;0
California Dream;;5;0
Parco Delle Cascine;;5;0
Porto Di Forio;;5;0
à la folie paris;;5;0
Arroz Estúdios;;5;0
Prince Club;;5;0
Billionaire Porto Cervo;Billionaire;5;0
L'Embuscade;;5;0
Sequoia Milano;;5;0
ECHO Open Air;;5;0
Flava Beach;;5;0
The Docks Club;;5;0
40º Degrees Club;40º Degrees;5;0
LaPéniche;;5;0
Le Club Santa Eulália;;5;0
NB Club Figueira;;5;0
Ophelia Catamaran;;5;0
One O One (101);;5;0
Rimini Beach Arena;;5;0
Mirano;;5;0
Loft 58;;5;0
Gallipoli Resort;;5;0
Concorde Atlantique;;5;0
Le Cartel;;5;0
Praia do Bico do Mexilhoeiro;;5;0
Supperclub Cruise;;5;0
Liasti Mykonos;Liasti;5;0
Village Underground Lisboa;;5;0
Pérola Negra Club;;5;0
Palazzo Lepri;;5;0
Castello di Barolo;Castello di;5;0
The KEY;;5;0
Sport Village Club;Sport Village;5;0
Biko;;5;0
Veneto Cable Park;;5;0
Castello Estense;;5;0
I Viali - Shopping Center;I Viali;5;0
The Beach Club Milano;Beach Club Milano;5;0
Djoon;;5;0
La Bellevilloise;;5;0
La Machine du Moulin Rouge;;5;0
La Station - Gare des Mines;;5;0
T7 Paris;;5;0
Wanderlust Paris;Wanderlust;5;0
Yoyo - Palais de Tokyo;;5;0
Venice;;5;0
StraFerrara;;5;0
Gløbe;;5;0
Sound Department;;5;0
Ripping;;5;0
Plein Publiek BXL;;5;0
Pátio da Galé;;5;0
Le Chapiteau - Marseille;Le Chapiteau;5;0
Millionaire Club;;5;0
Hard Rock Café Lyon;Hard Rock Café;5;0
Crazy Bull;;5;0
Auditorium San Domenico;;5;0
Grace Milano;;5;0
Èks Club;Èks;5;0
Hacienda Paris;;5;0
Le Lydia;;5;0
Le Rex de Toulouse;Le Rex de;5;0
Hostellerie du Cheval Blanc;;5;0
Dehors Brut;;5;0
Faust Paris;Faust;5;0
Joséphine;;5;0
Chez Gustave;;5;0
Le Metronum;;5;0
Le Cirque du Bonheur;;5;0
Basic Club;Basic;5;0
Mediterraneo Rome;;5;0
Sky Bar Rooftop - FIL;Sky Bar Rooftop;5;0
OGR - Officine Grandi Riparazioni;OGR;5;0
Q Club Milano;;5;0
Polifonic;;5;0
Rive Rouge;;5;0
Healthy Color;;5;0
Rivolta;;5;0
Bang Venue;;5;0
Top Floor;;5;0
Superlove;;5;0
MONK Roma;;5;0
Palamondo;;5;0
After Ego;;5;0
Palabarton;;5;0
Focus;;5;0
O'Club Toulouse;;5;0
Le Bikini;;5;0
Connexion Live;;5;0
L’Envol Côté Plage;;5;0
Follow Me;;5;0
L'Arena;;5;0
Plaisir Hippique d'Hiver;;5;0
MIND - Milan Innovation District;;5;0
Dock des Suds;;5;0
Quinta das Cruzadas;;5;0
Château de Mayragues;;5;0
W Paris - Opéra;W Paris;5;0
Orange Vélodrome;;5;0
Full Up Club;Full Up;5;0
Cala Felice;;5;0
RM Club;;5;0
Lounge - Kursaal;;5;0
Hippodrome Vivaux Marseille;Hippodrome Vivaux;5;0
Gate 13;;5;0
Enjoy Social Club;;5;0
DO NOT DISTURB by Unreleased;DO NOT DISTURB;5;0
Evergreen;;5;0
La Vela Punta Ala;;5;0
Villa Santa Brigida;;5;0
Lago Ritmo;;5;0
Paillotte Paradise;;5;0
Cantina Roccafiore;;5;0
Botaniko;;5;0
Les Pieds Dans l'Herbe;;5;0
DF Theatre;;5;0
Chez Miné;;5;0
Castello di San Giuseppe;;5;0
Baita Goles;;5;0
Master - Luna Rossa;;5;0
AmarèÉ Club;AmarèÉ;5;0
Jungle Pub;;5;0
Mandarino Club Open Air;;5;0
Sea Public;;5;0
Masseria Del Turco;;5;0
Miradouro Moinho do Penedo;;5;0
Garden Eco Chic;;5;0
Libertos Club Albufeira;Libertos Club;5;0
La Cabane des Amis;;5;0
Culture Hall;;5;0
Berghain | Panorama Bar | Säule;;5;0
about blank;;5;0
Club der Visionaere;der Visionaere;5;0
Ritter Butzke;;5;0
Salon Zur Wilden Renate;;5;0
Weekend Club I Loft I Rooftop;;5;0
Kater Blau;;5;0
Mensch Meier;;5;0
Else;;5;0
Suicide Circus;;5;0
Beate Uwe;;5;0
Electric Brixton;;5;0
Village Underground London;;5;0
93 Feet East;;5;0
Tobacco Dock;;5;0
Toy Room London;;5;0
Junction House;;5;0
Docks Dôme;;5;0
Bahia Beach Club;Bahia Beach;5;0
Palazzo Dama;;5;0
Impérial Premium Bar Brussels;Impérial Premium Bar;5;0
DDR;;5;0
Aula Magna Unitelma Sapienza;;5;0
Istituto Svizzero Villa Maraini;;5;0
Quinta da Pimenteira;;5;0
Théâtre Piccolo;;5;0
Naada 3.0;;5;0
Lisboa à Vista;;5;0
Harbour Music Shelter;;5;0
Quinta do Miratejo;;5;0
Giardini Virgilio;;5;0
Lago di Pusiano;;5;0
Destino Mykonos;;5;0
Lío Mykonos;;5;0
Ftelia;;5;0
Spazio Pratarelle;;5;0
MAST Showcase;;5;0
Dora Dream;;5;0
Tropisme;;5;0
Level Eight Rooftop Bar;;5;0
Champmeslé;;5;0
Levantin Catamaran;;5;0
La Voile Blanche;;5;0
La Collina Teatina;;5;0
Pian dell'Elmo;;5;0
Arcobaleno Beach;;5;0
Monte Alago;;5;0
Teatro di Torre Marrana;di Torre Marrana;5;0
FLAT;;5;0
Baita 1700;;5;0
Belvedere di San Leucio;;5;0
Piscinas Oceânicas de Oeiras;Piscinas Oceânicas de;5;0
Castello di Desana;;5;0
La Vague de Trop;;5;0
The Indy House;Indy House;5;0
Villa Fabri;;5;0
Oh! Sorte;;5;0
Casa da Azenha - Vale de Lobos;Casa da Azenha;5;0
Selina Gerês;;5;0
Complexe KL;;5;0
Stabilimenti Balneari;;5;0
Horizon Pyrénées;;5;0
El Sombrero;;5;0
Dare Beach Club;Dare Beach;5;0
Discothèque Manouchka;Manouchka;5;0
Altice Braga Forum;;5;0
Praia Irmão;;5;0
Bohemian Beach Club;Bohemian Beach;5;0
Redroom Members Club;Redroom Members;5;0
Rama Beach Cafe;;5;0
Mas de la Paix - Manade Saint Louis;Mas de la Paix;5;0
Piscina Olímpica do Restelo;;5;0
Imbarco Perosino;;5;0
Herdade da Emberiza;;5;0
Le Palais Royal;;5;0
Upper Place;;5;0
Palacastellotti;;5;0
Super Bock Arena - Pavilhão Rosa Mota;Super Bock Arena;5;0
Jump in Bastille;;5;0
Nu Bahia;;5;0
Play Club Milano;;5;0
Cargo 111;;5;0
Palà Club;;5;0
Nao;;5;0
Spirito;;5;0
YOU;;5;0
Fábrica de Braço de Prata;;5;0
3H;;5;0
I AM Club;;5;0
Flash Tea Dance;;5;0
Secret Lounge & Bar;;5;0
Ferro Bar;;5;0
Palazzetto dello Sport;;5;0
L'Industrie;;5;0
Cafè BLOOM;;5;0
Le Concept;;5;0
The Sanctuary Eco Retreat;Sanctuary Eco Retreat;5;0
Club Life;;5;0
Bay Club;Bay;5;0
Palapaternesi;;5;0
Nūcleo A70;;5;0
Evita Club;;5;0
Villa Sanquirico;;5;0
Monoski Klub;;5;0
La Boum;;5;0
RCA Club;RCA;5;0
Karlovy Lazne - Nightclub;;5;0
Radost FX Club;;5;0
Teatro da Luz;da Luz;5;0
Folador;;5;0
Mau Maria Discoteca;;5;0
NADA Temple Madeira;;5;0
Garagem Lisboa;;5;0
Buddy;;5;0
Club Haussmann;Haussmann;5;0
Qube Club;;5;0
Armazém 18;;5;0
Little Chelsea Experience;;5;0
Spacy Bar & Disco;Spacy Bar &;5;0
Seven Infinity;;5;0
Guest'S;;5;0
Main Club;Main;5;0
Le Cirque;;5;0
Mélomane Club;Mélomane;5;0
Sbworld;;5;0
The Manzoni;Manzoni;5;0
Teatro EDI Barrio's;EDI Barrio's;5;0
Anfiteatro Baravai;;5;0
Villa Serra;;5;0
Jackstore Social Club;Jackstore;5;0
The Glass Cathedral;Glass Cathedral;5;0
The Sanctuary Milano;Sanctuary Milano;5;0
Aria Club Milano;;5;0
Kapital Andorra Discoteca;Kapital Andorra;5;0
VIP Uliveto Terme;;5;0
Panama Amsterdam;;5;0
La Baraque Originelle;;5;0
AgaveMi;;5;0
Ciné Club;Ciné;5;0
Triangolo Verde;;5;0
Birmingham Event Center;;5;0
BAR Maritime;;5;0
Klub Vertige;;5;0
Palazzo Cuttica;;5;0
Palazzo Langosco;;5;0
Foro Boario;;5;0
Danceteria;;5;0
LUX events;;5;0
Kirchberg Central Park;;5;0
CDD-Club del Diavolo;;5;0
Acte 3;;5;0
Club 44;;5;0
Varanda de Sintra (Natura Park);Varanda de Sintra;5;0
Laguna Fest;;5;0
Condado de Beirós;;5;0
Villa Ottolenghi;;5;0
Villa Filippina;;5;0
The Balcony;Balcony;5;0
La Guinguette des Amoureux;;5;0
Kubu;;5;0
Vivi La Villa;;5;0
Tapada Spot;;5;0
Miss Penelope;;5;0
Villa Glicini;;5;0
Navitas Coliving;;5;0
AMPHITHEATRE, Kirchberg Central park;;5;0
Justme Versilia - Club;Justme Versilia;5;0
Bobbies Wemmel;;5;0
Le QG Club Aubenas;;5;0
Enjoy Park - Parco Santa Barbara;Enjoy Park;5;0
Real Albergo dei Poveri;;5;0
Parco Esposizioni Novegro;;5;0
Ex Deposito Aerei;;5;0
Parco Biblioteca degli Alberi;;5;0
Giardino dei Visionari Bar;;5;0
Lagos;;5;0
La Plage;;5;0
La Place des Canailles;;5;0
Quai de Gaulle;;5;0
Nalu Beach Club;Nalu Beach;5;0
La Scrivana;;5;0
The Royce Brussels;Royce Brussels|Royce;5;0
M/S Bjørnsholm;;5;0
Campo Sportivo Isolabella;;5;0
Tapada da Ajuda;;5;0
Noa Social Club;;5;0
NOA Complexo Satélite Club;NOA Complexo Satélite;5;0
Jardim do Éden;;5;0
H15;;5;0
Luna Club;;5;0
Bar Farm;;5;0
Esterel Arena;;5;0
Lorosae Rising Sun - Beach Club;Lorosae Rising Sun|Lorosae Rising Sun - Beach;5;0
Lorosae Sol Nascente Beach Club;Lorosae Sol Nascente Beach;5;0
Villa Penna;;5;0
"Ex Lavatoio ""U Fuossu""";;5;0
Castelo de Santa Maria da Feira;;5;0
Village Iraty Biarritz;Village Iraty;5;0
Antifestival;;5;0
Cala Maka;;5;0
Masseria Capece;;5;0
Lido Le Palme;;5;0
Castle Drinks Food;;5;0
Tuga Natura Barreiro;Tuga Natura;5;0
Il Quartiere;;5;0
Rooftop Carcavelos;;5;0
Xapas Sessions;;5;0
Acqui Green Park;;5;0
Old Beach Club - São Pedro Moel;Old Beach Club|Old Beach;5;0
Pala CRS;;5;0
Umbria Summer Arena;;5;0
Nbar Nazaré;Nbar;5;0
Envy Secret Garden;;5;0
Le Spark;;5;0
LODO no cais;;5;0
Aegua New Club;Aegua New;5;0
Casa da Praia;;5;0
Tulum Beach Bar;;5;0
Canteen Club;Canteen;5;0
Villa Baucina Pottino;;5;0
Friche de la Belle de Mai;;5;0
The Sanctuary Porto Cervo;Sanctuary Porto Cervo|Sanctuary;5;0
Oratorio San Domenico;;5;0
Les Demoiselles Dupuy;;5;0
Art Haus Club;Art Haus;5;0
Kallima Club;Kallima;5;0
Carmo Rooftop;;5;0
Maika'i (58 Shop);Maika'i;5;0
Bagni Hilton - Bajda Club;Bagni Hilton|Bagni Hilton - Bajda;5;0
Fundbureau;;5;0
Nucleo Club;Nucleo;5;0
Valenciana Bar;;5;0
Sole Pool Club;Sole Pool;5;0
Quinta das Sequoias;;5;0
L'Entre-Pote;;5;0
Bar Nova Vaga;;5;0
Idol Collective;;5;0
L'Étoile Club;;5;0
Neverland;;5;0
WINEART Lounge;;5;0
Kursaal Club;;5;0
Boschetto Contrada Campiglia;;5;0
Danau Beach Club;Danau Beach;5;0
Rocca del Leone;;5;0
Discothèque Esméralda;Esméralda;5;0
Pumpehuset;;5;0
Park Club Vizela;;5;0
Palataurus;;5;0
Rework Club;Rework;5;0
Solid Club;Solid;5;0
Espaço Caramujo;;5;0
Royal Club Odivelas;;5;0
Goofi;;5;0
Officina Giovani;;5;0
Birmingham Palace;;5;0
The Butcher Social Club;Butcher;5;0
Loft Segreto;;5;0
Silicone Club;;5;0
Barabba;;5;0
Dandy Club;Dandy;5;0
Officina Milano;;5;0
MS Stubnitz;;5;0
Room Lx 2022;;5;0
Proximus Lounge;;5;0
Nikki Tiger;;5;0
Espaço Laboratório;;5;0
Clubinho (Bliss Vilamoura);Clubinho;5;0
Le Roi;;5;0
RSO Berlin;RSO;5;0
Fondazione Sandretto Re Rebaudengo;;5;0
Lio London;;5;0
Moya Club;Moya;5;0
Opera Club Conthey;;5;0
Ippodromo di Montebello;;5;0
Carré Montparnasse;;5;0
Jupiter;;5;0
Kattegat Lisboa;;5;0
Spazio Musa;;5;0
Discoteca Jézebel;Jézebel;5;0
The Circle Club;Circle;5;0
Muxima;;5;0
L'Usine à Musique;;5;0
Bahnhof Pauli;;5;0
NOZ;;5;0
Uebel & Gefährlich;;5;0
Lime Milano;;5;0
Republic Milano;;5;0
PalaBurgo;;5;0
The Crane;Crane;5;0
L'Abarset Après - Ski Grandvalira;L'Abarset Après;5;0
Lotto Mons Expo;;5;0
Edelfettwerk;;5;0
Anomalie Art Club;Anomalie Art;5;0
PHYD;;5;0
Barabar;;5;0
The Sneakers Café;Sneakers Café;5;0
IKKI Luxembourg;IKKI;5;0
PAL;;5;0
Common Ground;;5;0
Südpol;;5;0
Casale Dell'Arte;;5;0
PAN;;5;0
Gianca - Underground Club;Gianca|Gianca - Underground;5;0
Mani Club;;5;0
Prince Charles;;5;0
ÆDEN;;5;0
Torre Palazzelle;;5;0
On Sunday;;5;0
Polo del '900;;5;0
Frau Holle;;5;0
Subtonic Dancing Club;Subtonic Dancing;5;0
Baarikärpänen;;5;0
Magma Club;;5;0
Go A Lisboa;;5;0
Jolie;;5;0
Baalsaal;;5;0
Micro Music Club;Micro;5;0
Clubino I Am Summer;;5;0
HANGAR The Club;;5;0
Hbtoo;;5;0
Goorilla Club;Goorilla;5;0
Movida Club;;5;0
NAOS;;5;0
Noomy;;5;0
Cinema Zenith;;5;0
L'Estaminet Matinal;;5;0
KSTL Events;;5;0
Cafe Van Bommel;;5;0
Lian Club;Lian;5;0
Estufa Fria;;5;0
Zapata;;5;0
Circolo Del Design;;5;0
Portao Bar;;5;0
Ribbon Club Culture;;5;0
Binario Dance Club;Binario;5;0
KUBO Lisbon;;5;0
Cap de la Hève;;5;0
Odysseum;;5;0
Cirque Micheletty;;5;0
Le Fost;;5;0
Páteo da Fábrica;;5;0
Fitzroy;;5;0
Karoline;;5;0
Espace 7;;5;0
Mind House;;5;0
Jungla Urbana;;5;0
Secret Legnano;;5;0
Twentyfive Club;Twentyfive;5;0
NAV - Nunca Antes Visto;NAV;5;0
W Algarve;;5;0
Progetto Slip Torino;;5;0
Masseria Wave - La Restuccia;;5;0
Der Player;;5;0
Brass The Studios;;5;0
Masseria Colle Carro;;5;0
Studios Cinematografici De Paolis;;5;0
Praia de Esmoriz;Praia de;5;0
Ecomuseo Mare Memoria Viva;;5;0
Rifugio La Pavoncella;;5;0
ASeven;;5;0
Chiesetta della Misericordia;;5;0
Café au Lait;;5;0
NU Rooftop;;5;0
Le Ciminiere;;5;0
The Eight Rooftop Cocktail Bar;Eight Rooftop Cocktail Bar;5;0
The Social Hub;Social Hub;5;0
Flying House Lisboa;;5;0
Quinta do Joinal;;5;0
Justme Versilia - Beach;;5;0
Estoril Garden;;5;0
Arena del Sound;;5;0
Heaven's Door;;5;0
Castello della Rancia;;5;0
DKR Milano;;5;0
Associazione Bacan;;5;0
Unter;;5;0
Living Garden;;5;0
Casablanca Beach Lounge;;5;0
Palms Dr. Bernard;;5;0
Baleal Offshore Beats;;5;0
Le Capannine;;5;0
Sound Milano;;5;0
San Lorenzo in da Wood;;5;0
The Hospital;Hospital;5;0
Angie's;;5;0
Traffic Club;Traffic;5;0
Passos Manuel;;5;0
Les Chais des Moulins - Dancing;Les Chais des Moulins;5;0
Mas Guilhem;;5;0
Jardim da Torre de Belem;;5;0
La Maison Sage;;5;0
Kozel Carroponte;;5;0
Aures London;Aures;5;0
Quinta dos Sonhos;;5;0
Barco Venus;;5;0
C Mine;;5;0
Blu Playa Catania;Blu Playa;5;0
Palais des congrès de Liège;;5;0
Zero Alassio;;5;0
Favola Disco Club;Favola Disco;5;0
Rowing Club;Rowing;5;0
Palacio Sinel De Cordes;;5;0
Nhow Brussels;Nhow;5;0
Plein Publiek;;5;0
Catamaran Lucile III;;5;0
SEBETHOS - Agriturismo;SEBETHOS;5;0
Ristorante Canottieri Lario;;5;0
Miraya Experience;;5;0
Quinta do Soutelo;;5;0
Parco degli Alpini;;5;0
Plouf Bateau Mousse;;5;0
Rimshot;;5;0
Gatsby Club;;5;0
KØMPLEX Lisbon;KØMPLEX;5;0
Mirari;;5;0
Maryana Beach Lounge;;5;0
Frantic Fest;;5;0
Nave Lady Adriana;;5;0
A11 Galleries;;5;0
MitPenha;;5;0
Golden Cut;;5;0
Cerca Bar;;5;0
Vicci;;5;0
Rooftop Eva;;5;0
Poolside;;5;0
Le Salon Magallon;;5;0
Château-Abbaye de Cassan;;5;0
Chalet Nonna Carmela;;5;0
Honi - Beach Day & Night Bar;Honi;5;0
Les Arches;;5;0
Aperibocca;;5;0
Circle Park;;5;0
Kombi Bar;;5;0
Piscina Zero Club;Piscina Zero;5;0
NICE Disco;;5;0
Locanda in Vigna;;5;0
Cave di Fantiano;;5;0
Piazzale Pala Bus Company;;5;0
Villa Tasca;;5;0
Electronik Terraza;;5;0
LICK Algarve;;5;0
Vila Adentro;;5;0
Maison Roberts Jones;;5;0
Villa Barbieri;;5;0
Extra Extra;;5;0
Blasè;;5;0
Hidron;;5;0
Le vigne incantate - Oltre Club;Le vigne incantate|Le vigne incantate - Oltre;5;0
Cezanne Disco;;5;0
CIRCO - Wild Music Area;CIRCO;5;0
Pin Up Disco Club;Pin Up Disco;5;0
Antiche Fonti;;5;0
Piazza Vittorio Emanuele;;5;0
Le Club South Italy;;5;0
Torre del Molino (Ex Carcere);Torre del Molino;5;0
The Button Factory;Button Factory;5;0
NoSoloÁgua Portimão;NoSoloÁgua;5;0
Neptunes Vilamoura;;5;0
Villa Rey;;5;0
Area Pic Nic Sant'Agata;;5;0
Mesa Verde;;5;0
Casa de Desenho;;5;0
Príncipe do Tejo;;5;0
Merengue Club;Merengue;5;0
MS Hafenperle;;5;0
Blackmoon;;5;0
Tuscany Beach;;5;0
WCCM - Wallonia Conference Center Mons;WCCM|WCCM - Wallonia Conference Center;5;0
Archi Romani;;5;0
Bajda Club;Bajda;5;0
O Jardim;;5;0
Dr Bernard Azul;;5;0
Tartaruga Bar;;5;0
Velho Texas;;5;0
Escala 25;;5;0
Monkey's Club;Monkey's;5;0
Théâtre Molière;;5;0
Le Dome Brussels;Le Dome;5;0
Palazzo Ghilini;;5;0
Virginia Luxury Yacht;;5;0
SAMSARA by Sky Valley;;5;0
Muralhas de Faro;Muralhas de;5;0
Lido La Plancia;;5;0
Piazza San Leonardo;;5;0
Vulcano Beach Club;Vulcano Beach;5;0
MOI Concept Club;MOI Concept;5;0
Teatro Jordão;Jordão;5;0
Discoteca Gilda;;5;0
Club IKONA;;5;0
Café-Concerto RUM by Mavy;Café-Concerto RUM;5;0
Mundet Factory;;5;0
Juniper Club;Juniper;5;0
Distretto Industriale 4;;5;0
Vestigius Club;Vestigius;5;0
New Sol Levante Beach;;5;0
Sabbie D'Oro Beach;;5;0
Stilwerk;;5;0
Le Chihuahua Dodu;;5;0
Ex Macello;;5;0
Théâtre de la mer à Sète;Théâtre de la mer à;5;0
Monsantos Open Air;;5;0
Posto da Onda;;5;0
Ippotur Medieval Resort;;5;0
Le Rouge;;5;0
Castello di Roccavignale;;5;0
Mental Health;;5;0
Ginkò Velvet Room;;5;0
Le Moulin Des Cendrilles;;5;0
Château de Forbin;;5;0
La Villa 41 Night Club;;5;0
Mango Club;;5;0
LIFE Modern Club;LIFE Modern;5;0
Anthares World;;5;0
Disaster;;5;0
Nero Cocktail Bar;;5;0
Jemming City Roof;;5;0
Le Couvent - Roubaix;Le Couvent;5;0
Opus Club;;5;0
Liquid Garden;;5;0
IST;;5;0
Zonnehuis;;5;0
Parvis de La Colombière;;5;0
Black Box Club;;5;0
Quinta Cale D'Água;;5;0
Nhow London;;5;0
THE TRAM by Unreleased;THE TRAM|TRAM by Unreleased|TRAM;5;0
Campo Ostacoli ''La Favorita'';;5;0
Teatro Sociale;Sociale;5;0
Teatro del Lavoro;del Lavoro;5;0
Circolo Sociale;;5;0
Sala Italo Tajo;Italo Tajo;5;0
Armazém 8 Marvila;;5;0
Lumen;;5;0
79 Stoke Newington Rd;;5;0
Villa Bordonaro ai Colli;;5;0
Bliss Disco Club;Bliss Disco;5;0
Duke of Tokyo;;5;0
Inverso;;5;0
The Poet;Poet;5;0
Touchè Club;Touchè;5;0
Palaeventi;;5;0
Rollerland;;5;0
Tranzit;;5;0
Barcine;;5;0
Cratere;;5;0
Atmosfera Discoteca;;5;0
Fiera di Padova;;5;0
Théâtre Mercelis;;5;0
AEVE;;5;0
WonderKlube;;5;0
Basicvillage;;5;0
Opera Music Forum;;5;0
The Maze;;5;0
Lido di Gozzano;;5;0
Salle Java;;5;0
Quilha Mar;;5;0
Base Nautique Lyon Confluence;;5;0
Salle La Maélia;;5;0
Steintorwall 4;;5;0
PalaBattisti;;5;0
Discoteca Sombrero;;5;0
Aforisma & Toy Room;;5;0
Spazio Diaz;;5;0
Docks Event Hall;;5;0
Castello Normanno Svevo di Sannicandro;;5;0
Le Temple;;5;0
Buckingham Club;Buckingham;5;0
Salle Jacques Buravand;;5;0
CafèStreet 45;;5;0
Attitude;;5;0
Daste Bergamo;Daste;5;0
Ponderosa Relax;;5;0
Sands Club;Sands;5;0
Le Mas Underground;;5;0
Drama Bar;;5;0
The Well;Well;5;0
Next Club Strasbourg;;5;0
Mivida;;5;0
Palazzo Tumminello;;5;0
Suspenso;;5;0
Quinta Magnólia;;5;0
Chalet Du Lac;;5;0
Society;;5;0
Bota Club;Bota;5;0
Tank East;;5;0
Quartier Général Oberkampf;;5;0
H2NO;;5;0
Detroit Nantes;;5;0
Baleal Parking;;5;0
Chez Jean-Luc;;5;0
Villa Duchi D'Aosta;;5;0
La Tenda - Theatre;La Tenda;5;0
Capodoglio;;5;0
Zulu Bar;;5;0
Hype Club (Castel Volturno);;5;0
The Place (Green Pea);The Place|Place (Green Pea);5;0
Arena Montedoro;;5;0
Discoteca Tabola;Tabola;5;0
Stardust Original;;5;0
Il Garibaldi Mille Eventi;;5;0
Jolie Club;;5;0
Higher Ground;;5;0
Villa Castelletti;;5;0
Mine Club;Mine;5;0
Industrie Catania;Industrie;5;0
Principino Eventi;;5;0
Grüner Jäger;;5;0
8Marvila & Garagem Lisboa V2;;5;0
Zen Haus;;5;0
Club Sandwich;Sandwich;5;0
KUBO Dancing;;5;0
Murnèe Bistrot;;5;0
Drogheria 36;;5;0
Pane E Tulipani;;5;0
Valata Minusa;;5;0
Bibi Marseille;Bibi;5;0
Poney Club;Poney;5;0
Bleyenberg Den Haag;;5;0
Audioteca;;5;0
Fenice Club;Fenice;5;0
MXMartcenter;;5;0
Inntel Hotels Amsterdam Landmark;;5;0
Yacht Club;Yacht;5;0
MAC Lyon;MAC;5;0
Nur Bar;;5;0
Formula Discoteque;;5;0
Golden Pudel;;5;0
Club Industria;;5;0
Encore Luxembourg;;5;0
This Club Mirano;This Club;5;0
Maison Plénitude;;5;0
REC Club;REC;5;0
Mya Club;;5;0
Victoria's Club;Victoria's;5;0
Rifugio Marini;;5;0
Le Premier;;5;0
Pallas;;5;0
Malì Soundroom;;5;0
The Mojito Factory;Mojito Factory;5;0
WOLF Bruxelles;;5;0
Secret Place;;5;0
Gotec;;5;0
Caffè Batavia;;5;0
Skones;;5;0
Afrobar;;5;0
Inside Club;;5;0
Plan B Cocktail Bar;;5;0
Enfer Club;Enfer;5;0
8Marvila;;5;0
Fiera del Mediterraneo;;5;0
Bourbon Room Porto;Bourbon Room;5;0
Teatro Tam;;5;0
Boston Manor Park;;5;0
Silversquare;;5;0
Les Saint-Pères;;5;0
Maât;;5;0
T-Bone Station Trastevere;;5;0
T-Bone Station Prati;;5;0
T-Bone Station Gianicolense;;5;0
Golf Club Due Ponti;;5;0
Bridge Paris;;5;0
Bamboo Club Pescara;;5;0
La Bush;;5;0
Villa Ada;;5;0
MOJO;;5;0
Schräglage;;5;0
Täubchenthal;;5;0
Nachtleben;;5;0
Club Bahnhof Ehrenfeld;Bahnhof Ehrenfeld;5;0
Orient Express;;5;0
Serán Bendecidos Milano Pop Up FW24;;5;0
Trocadero by Urban;;5;0
Prinzenbar;;5;0
Coliseu Porto Ageas;;5;0
Cruise Center Altona;;5;0
La Piste;;5;0
Auberge de Crussol;;5;0
Reset Bruxelles;;5;0
Bra;;5;0
Limbo Retreats;;5;0
Piazza Arbarello;;5;0
La Terrasse Azura;;5;0
PHOXXI Green Area;;5;0
Pura Vida Club;;5;0
Chapeau Club;Chapeau;5;0
Quartiere Intelligente;;5;0
Ex Convento di San Francesco;;5;0
Domobianca365;;5;0
Hyper Club;Hyper;5;0
With You;;5;0
Mezzaluna;;5;0
ROYA;;5;0
Lampo Milano - Scalo Farini;Lampo Milano;5;0
Praia da Arda;;5;0
The Door Boutique Club;Door Boutique;5;0
Arena Beach Village;;5;0
AC Leon Arena;;5;0
Giardino dei Tempi orto botanico;;5;0
Le Comptoir Général;;5;0
Circle Saints;;5;0
Spazio Ponteromito;;5;0
Gate Club;;5;0
Spazioporto;;5;0
Casa Da Praia Rooftop;;5;0
The Hoxton Brussels;Hoxton Brussels|Hoxton;5;0
Unterm Strich;;5;0
Knokke Out Zoute by Tero;Knokke Out Zoute;5;0
Inntel Hotels Den Haag Marina Beach;;5;0
Tokonoma;;5;0
Arena in Fiera;;5;0
Be Here Brussels;Be Here;5;0
Café Schöne Aussichten (CSA);Café Schöne Aussichten;5;0
SAN PIETRO IN VINCOLI Spazio Teatro;;5;0
PERFORMATORIO - spazio predefinito;PERFORMATORIO;5;0
Botanic Gozzano;Botanic;5;0
Company Club;Company;5;0
Temple Club;;5;0
Carpintarias de São Lázaro;;5;0
Il Palio di Taranto;Il Palio di;5;0
Palazzetto di Carbonia;Palazzetto di;5;0
Archivio Tipografico;;5;0
Tenuta Pavoncelli;;5;0
Les Galeries Montparnasse;;5;0
gg;;5;0
Moe Beach;;5;0
Lumiere Pisa;;5;0
Officine Cantelmo;;5;0
Ms Koi;;5;0
Kulturkirche Altona;;5;0
Jerbéras Club;Jerbéras;5;0
PalaEventi Petrosino;;5;0
Cayo Blanco;;5;0
Praça Hub;;5;0
DumBO;;5;0
Fabbrica Del Vapore;;5;0
River Bar;;5;0
Arena del Flava;;5;0
Marseille Boat Club;Marseille Boat;5;0
Gare Maritime;;5;0
Barrio's Live;;5;0
Perceves ou Não;;5;0
Stand Florio;;5;0
River's King;;5;0
Opium Live;;5;0
Alto Amor;;5;0
Fabbrica di Guido Gobino;;5;0
PONY;;5;0
Tonnara Foderà;;5;0
NOHO;;5;0
Opera Beach Arena;;5;0
Tenuta Tor De' Sordi;;5;0
Mediterranee Luxury Beach Club;Mediterranee Luxury Beach;5;0
Baja delle Sirene;;5;0
Tenuta dei Normanni;;5;0
Mylène;;5;0
La terrasse o2;;5;0
MuK;;5;0
Agriturismo San Giuseppe;;5;0
Villa Figoli;;5;0
Cave di Tufo di Tor Cervara;;5;0
Strandhalle;;5;0
Timbre;;5;0
Piccolo Parco Urbano;;5;0
Le Vignoble;;5;0
Jesolo Music Park;;5;0
Booq;;5;0
Vanity Club;;5;0
Mahiki Club;;5;0
Arena Market;;5;0
MTW;;5;0
Green 2.0;;5;0
Les Souk;;5;0
Hïght Nïght;;5;0
Zero Garden Club;Zero Garden;5;0
Vila Fest;;5;0
Eur Social Park;;5;0
EstatOFF;;5;0
BW Agen;;5;0
Sunset Play;;5;0
Le Bercail;;5;0
OGR Torino Binario 3;;5;0
Spazio Tra;;5;0
ODE Officina degli Esordi;;5;0
ARTiglieria;;5;0
Infinity Paris;;5;0
Milibre;;5;0
Macramè;;5;0
Azienda Agraria Scacciadiavoli;;5;0
Azienda Agricola Raína;;5;0
Mudder Schulten Neubrandenburg;;5;0
Stellwerk Hamburg;;5;0
Sundance Sunday;;5;0
Complesso Zeno;;5;0
Mamaluna;;5;0
Al Pero, Imbarco sul Po;;5;0
Praia Fluvial da vila de Prado;Praia Fluvial da;5;0
Parco Appio;;5;0
ELFER Club;ELFER;5;0
Lido Arturo;;5;0
Porretta Prog Legacy;;5;0
Piscina dei Castelli;;5;0
Take Your Sunnies;;5;0
Masseria Monache Grandi;;5;0
Duna Beach;;5;0
Galerie Kurzweil;;5;0
Robert Johnson;;5;0
Ex Cava di Tufo;;5;0
Tanzhaus West;;5;0
Silbergold;;5;0
Oxi;;5;0
Stadio Bacigalupo;;5;0
Collect;;5;0
Nibiru Beach Club;Nibiru Beach;5;0
Caffè Muller;;5;0
TNT - Marmande;;5;0
Cacao;;5;0
The Pool Bologna;Pool Bologna|Pool;5;0
Company Club Roma;;5;0
Seehaus;;5;0
Chiesa della Consolazione;;5;0
Faculdade de Arquitetura de Lisboa;;5;0
Terrazza panoramica;;5;0
Fox Food Market;;5;0
Cala Diavolo;;5;0
Maya Beach Experience;;5;0
Unica;;5;0
Rock in Roma;;5;0
Sardinha do Tejo;;5;0
Terminal 13;;5;0
Duna Club Circeo;;5;0
Cascina Delle Rose;;5;0
PAV - Parco Arte Vivente;PAV;5;0
Noah Mediterranean Beach;;5;0
Pop'art Club;;5;0
Espace Lumen;;5;0
Villa Viva Roofdrop;;5;0
Arena la Civitella;;5;0
Rotor;;5;0
Vengore;;5;0
Tempio segesta;;5;0
Bvnker;;5;0
Nomade Ostuni;;5;0
Yachting Club;Yachting;5;0
Largo Lisboa;;5;0
Landhaus Walter im Stadtpark Hamburg;Landhaus Walter im Stadtpark;5;0
Parco Industriale Alfa Romeo;;5;0
Il Camporosso;;5;0
Sala Polifunzionale dei Belli da Morire;Polifunzionale dei Belli da Morire;5;0
Warwick Brussels;Warwick;5;0
I Faggi;;5;0
Royal Wellington Hockey;;5;0
Quinta Monte Vale D'Éguas;;5;0
Noctilio;;5;0
Soul Family Gatherings;;5;0
Solum;;5;0
Amano East Side Rooftop;;5;0
Sopravento;;5;0
Giardino Palazzo Bruni - Roccia;Giardino Palazzo Bruni;5;0
Rotonda del Lungomare;;5;0
Lullabay;;5;0
Calathea Beach Club;Calathea Beach;5;0
Trendy;;5;0
Piazza Ariostea;;5;0
SMASH X3 - Bellavista Varese;SMASH X3|SMASH X3 - Bellavista;5;0
Loft Brussels;;5;0
Bowa I Lake This Place;;5;0
Castello di Squillace;;5;0
La Villa Resort;;5;0
Raffo Parco Gondar;;5;0
Clube de Canoagem de Amora;;5;0
GAGA;;5;0
Coda Club;Coda;5;0
Salty Club Caparica;Salty Club;5;0
Deriva;;5;0
MaisonRizza;;5;0
Magnolia;;5;0
Miradouro de Baixo;;5;0
Zénith de Montpellier;;5;0
Mas La Farelle;;5;0
Mamamia Club;;5;0
Cha-Cha Club;;5;0
Cais Rocha Conde de Óbidos;;5;0
Culto;;5;0
The Botanical Club;Botanical;5;0
Lech Atelier;;5;0
Lisa Beach;;5;0
REDS;;5;0
Castello di Donnafugata;;5;0
Scogliera di Pietragrande;;5;0
Ex Palmento;;5;0
Meraki - Praia Velha;;5;0
Panorama / Rooftop du Corum;;5;0
Masseria Procida;;5;0
Piratas Berlin;Piratas;5;0
Favignana;;5;0
Clouds;;5;0
Le BLOCK;;5;0
El Chiringuito - Monteluco;;5;0
Doha Pool Club;Doha Pool;5;0
MS Solar;;5;0
Place de Brouckère;;5;0
Rifugio Laugiane;;5;0
Dodylon Club;Dodylon;5;0
Pampa Sauvage;;5;0
Place Poelaert;;5;0
Haus 73;;5;0
Frau Tanz;;5;0
Hijack Mühlenkamp Hamburg;Hijack Mühlenkamp;5;0
Vesper Beach Club;Vesper Beach;5;0
Barco de São Jorge;;5;0
Flava Kids;;5;0
Le Blue Cargo;;5;0
Béziers Plage;;5;0
La Cour des Miracles;;5;0
Masseria Mavù (Mavùgliola Masseria);Masseria Mavù;5;0
Via Bocca;;5;0
Thierra Club Privè Theatro Events;;5;0
Palazzo S.Anna;;5;0
Theatro Events;;5;0
Twist Theatro;;5;0
Villa Maresca Resort & Sport;;5;0
Plein Publiek Antwerp;;5;0
Tarantella;;5;0
Nhow Amsterdam;;5;0
Schwedlersee Frankfurt;Schwedlersee;5;0
Coco Brussels;;5;0
La Palazzina Sporting Club;La Palazzina Sporting;5;0
Four Viertel;;5;0
The Country Club;;5;0
The Sanctuary Beach House - Itria Valley;The Sanctuary Beach House|Sanctuary Beach House - Itria Valley|Sanctuary Beach House;5;0
Esplanade;;5;0
Nachtasyl;;5;0
Music Station;;5;0
Castello di Bardassano;;5;0
Castello Visconteo - Sforzesco;Castello Visconteo;5;0
Tempio Del Futuro Perduto;;5;0
Playa Del Sol;;5;0
Schlosshotel Berlin by Patrick Hellmann;Schlosshotel Berlin|Schlosshotel;5;0
Ehemaliges Hauptzollamt;;5;0
Süllberg;;5;0
The Lisbon Pub Crawl - Discover Lisbon;The Lisbon Pub Crawl|Lisbon Pub Crawl - Discover Lisbon|Lisbon Pub Crawl - Discover|Lisbon Pub Crawl;5;0
Mad Club Milano;;5;0
Shed Summer Club;Shed Summer;5;0
Marco Geodésico da Eira das Chãs;;5;0
Invidia Reborn;;5;0
Des Bains 1900;;5;0
Arena PalaBigauda;;5;0
Chapelle Argence;;5;0
BBK;;5;0
Palácio do Grilo;;5;0
KØMPLEX Station;;5;0
Sonic Meteor;;5;0
Teatro Lo Spazio;Lo Spazio;5;0
Club-035;;5;0
Collisioni Circus;;5;0
L'Espace 111;;5;0
Nu Park;;5;0
Talea - Orto Botanico;Talea;5;0
Cinema Esedra;;5;0
Chateau de Châteauneuf du Pape;;5;0
Issei Milano;;5;0
Alcazar;;5;0
Mudas;;5;0
Castello dei Doria;;5;0
Foursnacks;;5;0
Il Cielo, Trocadero;;5;0
La Prora lido;;5;0
Nelson Mandela Forum;;5;0
The Roof;;5;0
Schmidts Tivoli;;5;0
AYOKA Event Space;;5;0
Casa Yäla;;5;0
Palazzo Laderchi;;5;0
Ente Liceo Convitto;;5;0
Kais;;5;0
Levrette Café Bordeaux;;5;0
Levrette Café Grenoble;;5;0
Jardins do Palácio do Marques de Pombal;;5;0
Micro Burger Music;;5;0
Ballroom;;5;0
Badehaus Berlin;Badehaus;5;0
Forma;;5;0
I Giardini di San Giacinto;;5;0
Nova Sbe;;5;0
Mercado dos Lavradores;;5;0
MIDA Club;MIDA;5;0
Uptown Geneva;Uptown;5;0
Alma Caparica;;5;0
Shazam Club;Shazam;5;0
SET - Scalo Eventi Torino;SET;5;0
STRAFbar;;5;0
Line Club;Line;5;0
MAAT Garden;;5;0
Tao Disco Club;Tao Disco;5;0
MAAT Central;;5;0
Cinema Teatro Monterosa;;5;0
Parallel22;;5;0
Canava House Club;Canava House;5;0
Afrobar Indoor;;5;0
The Random;;5;0
Gli Aromi;;5;0
Ex-Barbra Brussels;Ex-Barbra;5;0
Terrazza Flegrea;;5;0
Spazio Oretea;;5;0
Volta;;5;0
M' Amoa Club;M' Amoa;5;0
Spirito Brussels;;5;0
Yves Frankfurt;;5;0
Re-Mix Club;;5;0
Roof 175;;5;0
Villa Castelnuovo;;5;0
Khoros Club;Khoros;5;0
Murazzi sul Po;;5;0
Le Bayokos;;5;0
La Notte;;5;0
Bootshaus Alster;;5;0
Family Piknik;;5;0
Milyus Café;;5;0
MAAYA Berlin;MAAYA;5;0
Golf Club Arenzano;Golf Club;5;0
Studio IIII;;5;0
Exponor - Feira Internacional do Porto;Exponor|Exponor - Feira Internacional do;5;0
Halle D;;5;0
Borgo della Mistica;;5;0
Atrio22;;5;0
Atmos;;5;0
Joyt Liège;;5;0
Joyt Antwerpen;;5;0
Adam Riese;;5;0
Contrada Murazzi;;5;0
Nu Doganae;;5;0
Topo Sul;;5;0
Teatro Juvarra;Juvarra;5;0
Arvad;;5;0
Mitra Social Club;Mitra;5;0
Thyme;;5;0
Cortile Cafe;;5;0
ONE.Torino;;5;0
Prisma Vision Club;Prisma Vision;5;0
La Cattedrale;;5;0
Bolivar;;5;0
Ronin;;5;0
Voglia;;5;0
Butterfly Loft - Officine Farneto;Butterfly Loft;5;0
Materia Club;Materia;5;0
Real Companhia Velha;;5;0
Moondoo;;5;0
Crossroads Live Club;Crossroads Live;5;0
Super G Courmayeur;Super G;5;0
Super G Cervinia;;5;0
Super G - Campiglio;;5;0
Q Creative Quarter;;5;0
Bar Chalet Laghetto;;5;0
Birdy Export;;5;0
Villa Rapsodia;;5;0
Aahhh Rooftop München;;5;0
Cilinder;;5;0
A'DAM Tower;;5;0
Mercato del Capo;;5;0
Cotonificio Club;Cotonificio;5;0
MAVV Wine Art Museum;;5;0
Galerie Ravenstein;;5;0
Festsaal Kreuzberg;;5;0
Forever Young Beauty Solutions;;5;0
Rumors;;5;0
Puntalazzo Open art;;5;0
Projet X;;5;0
Zest;;5;0
Villa Favorita;;5;0
Lust Porto;Lust;5;0
Kiva Club;Kiva;5;0
Random Live;;5;0
Arca Milano;;5;0
Little America Store;;5;0
Thinkgood;;5;0
Rūmu;;5;0
Clärchens Ballhaus;;5;0
Dazi Milano;;5;0
Mas de Jonquerolles;;5;0
Discoteca Estaleiro;Estaleiro;5;0
Rock da Baixa Mar;;5;0
H1;;5;0
Hafenklang;;5;0
Hypnotic Club;Hypnotic;5;0
Shatush Mont Blanc;;5;0
NÜA Club;NÜA;5;0
República Da Música;;5;0
Tutto Passa Rooftop;;5;0
Sands Bar;;5;0
Coq Au Vin;;5;0
Savage Club;Savage;5;0
Salone dei Cavalieri;;5;0
AncheCinema;;5;0
MUSE;;5;0
Mach1;;5;0
Teatro Centrale;Centrale;5;0
Comedy Club Four Snacks;;5;0
NTSC;;5;0
Le Bar à Vins;;5;0
Divisions;;5;0
Otel Firenze;;5;0
Clara;;5;0
Al Sazio Wasken Cascina Faustina;;5;0
Ca' Select;;5;0
La Terrasse by Pop'art;La Terrasse;5;0
Villa Tenuta San Germano;;5;0
Le Canard;;5;0
Qi Clubbing;;5;0
Elite Shisha;;5;0
Berliner Bahnhof;;5;0
Villa Cassia;;5;0
692 Secret Garden;;5;0
Lagom;;5;0
Anima Club;Anima;5;0
Terrazza Monteruzzo;;5;0
Lo Scorpione;;5;0
Disco freedom;;5;0
Armazém 7;;5;0
The Porto Pubcrawl;Porto Pubcrawl;5;0
ISound Club;ISound;5;0
Miniera di pece Streppenosa;;5;0
Interference;;5;0
Ground Atelier;;5;0
Forte di Vinadio;;5;0
Häkken;;5;0
Deutsche Bank Park;;5;0
LALUNA I Schloss Maretsch;;5;0
Théâtre Antique de Vienne;Théâtre Antique de;5;0
Dalston Den;;5;0
Bowl Center Échirolles;;5;0
Jost;;5;0
L'Entrepot-Complexe;;5;0
Moritz;;5;0
Solum Paris;;5;0
Blue Institute Of Futures;;5;0
Bi Nuu;;5;0
THE FLAT by Macan;THE FLAT|FLAT by Macan;5;0
Veedel Club;Veedel;5;0
125;;5;0
Sportzone Schlums;;5;0
Sturmhaube;;5;0
Victory Morgana;;5;0
EYBA Spring Conference 2025;;5;0
nhow Milano;;5;0
The Kitchen;Kitchen;5;0
Hangar DS;;5;0
Studio Saglio;;5;0
Republic Korner;;5;0
Yoto;;5;0
Borealis;;5;0
Bar None;;5;0
Palaterni;;5;0
Bürro;;5;0
Mama Kossa;;5;0
Blume Lounge;;5;0
Club Rotes Kliff;Rotes Kliff;5;0
Rifugio Crispi;;5;0
O Bom O Mau E O Vilão;;5;0
Forte Antenne;;5;0
Club B14;B14;5;0
Coco Boule;;5;0
La Rinascente Piazza Fiume Roma;;5;0
Mira Mira;;5;0
Warehouse D - Halle D;Warehouse D;5;0
Le Iene Club;Le Iene;5;0
Teatro Della Tosse;Della Tosse;5;0
La Limonaia - Villa Torlonia;La Limonaia;5;0
Factory46;;5;0
Cascina Lattuada;;5;0
Dancefloor;;5;0
MAD About Juice;;5;0
Centrale Preneste;;5;0
Suglio Business Center;;5;0
YYY;;5;0
PushTheButton;;5;0
L'Argenteria;;5;0
Schrotty;;5;0
Soundscapes Garbicz;Soundscapes;5;0
MOVE - Food & Cocktail;;5;0
Rooftop 105;;5;0
Gazometro;;5;0
Alpexpo;;5;0
AMP;;5;0
Hamptons Scharbeutz;Hamptons;5;0
Le Café du Commerce;;5;0
Eiffel Műhelyház / Eiffel Art Studios;Eiffel Műhelyház;5;0
Baita Son Zuogo;;5;0
Spiaggia San Michele di Pagana a Rapallo;Spiaggia San Michele di Pagana a;5;0
Teatrino (Palazzo Ducale);Teatrino;5;0
Mercato Ittico Darsena;;5;0
Twice Disco;;5;0
Areadocks;;5;0
Maison M;;5;0
Kingston Live;;5;0
Lux Disco Club;Lux Disco;5;0
Terrazza Martini Firenze;;5;0
le labo st Rémy;;5;0
The Door Club;Door;5;0
Festwiese Partschins;;5;0
Château du Val Saint-Lambert;;5;0
nhow Frankfurt;;5;0
LAASLOS LEITENCUP || Fußballplatz Laas;;5;0
Fortuna Irgendwo;;5;0
Casa Giardino;;5;0
Ms Koi Greifswald;;5;0
Cinema Delle Provincie;;5;0
Piazza 1275;;5;0
Il Trappetello;;5;0
Eva Club;;5;0
Mare Mosso;;5;0
Phantom Bar;;5;0
LALUNA I Kurhaus Meran;;5;0
Genova - Darsena;Genova;5;0
Decibel Open Air 2025;;5;0
Magic Yard;;5;0
Zuidplein Theater;;5;0
La Mandra;;5;0
Urban Vior;;5;0
Noir Desir;;5;0
Live Evil;;5;0
The Villa Antwerpen;Villa Antwerpen;5;0
Masseria Montegusto;;5;0
Mercato San Lorenzo;;5;0
Atelier Montez;;5;0
AstiMusica;;5;0
YOU Vilamoura;;5;0
CARDO Brussels;CARDO;5;0
Parco Villa Filippina;;5;0
Archeolido Egnazia;;5;0
Mokka Mitte;;5;0
Cascina Lago Scuro;;5;0
Hangar No.5;;5;0
Ikon Antwerpen;;5;0
Bellatrix Club;Bellatrix;5;0
Levante Beach Club;Levante Beach;5;0
Parco di Zuradili;;5;0
Momah Club;Momah;5;0
Klubovna 2 Patro;;5;0
Ristorante Albachiara;;5;0
Place Royale Du Peyrou;;5;0
Pinky Promise Social Club;Pinky Promise;5;0
Arena Airiciclotteri;;5;0
Spiaggia di Mondello;;5;0
Cinema Florida;;5;0
Am Baumwall 11;;5;0
Aquaresto;;5;0
Il Posto;;5;0
Castello di Moncalieri;;5;0
Borgo Boncompagni Ludovisi;;5;0
Masseria Pilano;;5;0
Sublime la Villa;;5;0
Sportzone Eyrs;;5;0
Comédie de Genève Théâtre;;5;0
Calata Anselmi;;5;0
Dissocle;;5;0
Lido Pantano;;5;0
Valvermelho;;5;0
Alma do Raio;;5;0
Egnazia Beach Club;Egnazia Beach;5;0
Hawaii Bar;;5;0
Il Santos;;5;0
Monastero di Sant'Antonio;;5;0
Cy-Ry Shop;;5;0
Kebap with Attitude - Kreuzberg;Kebap with Attitude;5;0
Alcazar Garden;;5;0
Forte di Gavi;;5;0
Bellini Club;Bellini;5;0
The Mode - Auletta;The Mode|Mode - Auletta|Mode;5;0
Agriturismo Sei Carri;;5;0
Giardino Scotto;;5;0
Torino 4/7;;5;0
Milano 11/7;;5;0
Bologna 18/7;;5;0
Roma 25/7;;5;0
Club Wit;Wit;5;0
Piazza Cattedrale;;5;0
Lilli Escher;;5;0
Bassfachhandel Warehouse Yard;;5;0
Penthouse Elb-Panorama;;5;0
Strandsalon;;5;0
Dream Superclub;;5;0
Beach Neukölln;;5;0
Yamore Disco;Yamore;5;0
Terrazza - Rooftop de La Dune;;5;0
The Flat by Macan Roma;Flat by Macan Roma;5;0
La Rondine;;5;0
EVENTS - Villa Pigne;EVENTS;5;0
Casa da Praia - Carcavelos;;5;0
Kuta Roma;;5;0
LALUNA I Campofranco;;5;0
Villa Renoir;;5;0
MASTER & co. RIVAROSSA;;5;0
Testaccio Estate;;5;0
Moxy Antwerp;Moxy;5;0
Kashmir Lounge;;5;0
Club House San Miniato;House San Miniato;5;0
Ligera With Melissa's;;5;0
Complesso monumentale del San Giovanni;;5;0
Eppol Pie;;5;0
Quinta do Canhoto;;5;0
Ginette Plage;;5;0
Eat the Soup;;5;0
Ex-Isotta Fraschini;;5;0
Parrocchia Maria SS. delle Grazie;;5;0
Cripta747;;5;0
La Strada;;5;0
Carré Mer;;5;0
KHALUMA - ItriaValley;KHALUMA;5;0
TO DREAM - Urban District;TO DREAM;5;0
Vibes Cafe;;5;0
Espargo Beach Maccarese;;5;0
Acampa Plage;;5;0
Pezinhos no Tejo;;5;0
Cantina Tili;;5;0
Giardini Dell'Eden;;5;0
Riva Ostiense;;5;0
Praia da Nova Vaga, Costa da Caparica;Praia da Nova Vaga,;5;0
David Finest Sports Cars;;5;0
Lido Le Macchie;;5;0
Venesco;;5;0
Shaker Lugano;Shaker;5;0
Arena della Musica;;5;0
Haus der Visionäre;;5;0
Pala Pavilhão de Portugal (Open Air);Pala Pavilhão de Portugal;5;0
Culto Private Party;;5;0
Jing Jing;;5;0
Manduca;;5;0
Kalamata Beach;;5;0
Auditorium Parco della Musica;;5;0
Fondo Favarella;;5;0
Boat Party;;5;0
Araucana Sunset Sessions;;5;0
L'Entrepôt Showcases;;5;0
Orto Botanico;;5;0
Wlake Club;Wlake;5;0
LALUNA I Schloss Sigmundskron;;5;0
LALUNA I Philiaz;;5;0
Rave The Planet Parade 2025;;5;0
Masseria Lagarello;;5;0
Marenuvala;;5;0
The Wall Wake Park;Wall Wake Park;5;0
Place d’Espagne;;5;0
Aura Caparica;;5;0
Giardino in Triennale;;5;0
Castello Sforzesco - Cortile Delle Armi;Castello Sforzesco;5;0
GO! Offlocation;;5;0
V-Space;;5;0
Tenuta Bellavista insuese;;5;0
Sala Novelli;Novelli;5;0
Villa Inzoli;;5;0
Ex Copertificio Sonnino;;5;0
Villa Molina;;5;0
Parco di Via Milano a Besozzo;;5;0
Forte Trionfale;;5;0
Lift Brussels;;5;0
Hood;;5;0
Traouc;;5;0
Quinta de Santa Bárbara;;5;0
Boho Village Experience;;5;0
Lido Piscina Conca d'Oro;;5;0
Aria Complex Malta;;5;0
The View Summer Terrace;View Summer Terrace;5;0
Laurus rooftop;;5;0
Scene Brussels;;5;0
Quinta Santo António;;5;0
Area Eventi;;5;0
Agriturismo Posta Mangieri;;5;0
Alibi Music & Spirits;;5;0
AlsterInsel;;5;0
Paulsborn am Grunewaldse;;5;0
Doca de Pedrouços;;5;0
Azhar Dinner & Club;Azhar Dinner &;5;0
Castello Orsini;;5;0
Nereidi Natural Beach;;5;0
Palazzo Re Enzo;;5;0
Cinema Teatro Medica Palace;;5;0
SEEN by Olivier, Rome;SEEN|SEEN by Olivier,;5;0
Li Neuli Country Club;Li Neuli Country;5;0
Justme Garda Lake;;5;0
Nimbus - Cloud Club;Nimbus|Nimbus - Cloud;5;0
Città Studi Biella;Città Studi;5;0
Humanite - La Restuccia - Masseria Urban;Humanite;5;0
River Cruises - Príncipe Perfeito;River Cruises;5;0
Lido Velmare;;5;0
Forte Santo António da Barra;;5;0
Arena 30-40;;5;0
Mašara On The Beach;;5;0
Kuta Porto Rotondo;;5;0
Lago di Bracciano;Lago di;5;0
Skassapanza Chivasso;;5;0
Utopia Summer Bar;;5;0
Yust House;;5;0
Weststadtcafé;;5;0
Neasy;;5;0
Quadrifoglio Beach;;5;0
Santocielo Maccarese;;5;0
Mas De Couran;;5;0
Sanctum Saint-Tropez;Sanctum;5;0
La Fattoria;;5;0
Piscine Geirino;;5;0
Dimora Mazzaro;;5;0
Costa Smeralda;;5;0
Lido Valerio Pathos;;5;0
Revier Südost;;5;0
Open Air Bühne - Mercedes-Benz Museum;Open Air Bühne;5;0
Torre cafe;;5;0
La Rocca di Passignano sul Trasimeno;;5;0
Almira;;5;0
Karo Beach;;5;0
Teatro Ponteromito;Ponteromito;5;0
La Cascina;;5;0
Back Yard Tolentino;Back Yard;5;0
Treehouse Berlin;;5;0
Paint It Black;;5;0
Molo Speca;;5;0
Garden Club Roma;;5;0
Pinède Du Domaine D'O;;5;0
Komplex - Terminal 3;;5;0
Säälchen;;5;0
JUNCAL - Quinta Julia dos Ovos;JUNCAL;5;0
Gaga Rooftop;;5;0
Bagni Azzurri Sanremo;Bagni Azzurri;5;0
Contado degli Ulivi;;5;0
Lido di Lugano;;5;0
The Standard, Brussels;Standard, Brussels;5;0
Thalguter Haus Algund;;5;0
LALUNA I Kellerei Kurtatsch;;5;0
Pineta Porto Rotondo;;5;0
UpsideDown Kiosk Bar;;5;0
Palácio Quinta da Portela;;5;0
Dr. Bernard Caparica;;5;0
Fiera di Roma;;5;0
Damai Exclusive Garden;;5;0
Ziggy Club;Ziggy;5;0
Knust;;5;0
Barsentum;;5;0
Frames;;5;0
Lido di Predosa;;5;0
Circle Club;;5;0
Le Eight;;5;0
Chiesa Madre;;5;0
Barkasse Tanja;;5;0
Lido San Lorenzo;;5;0
Castello dell'Imperatore;;5;0
Golden Hour Altaripa;;5;0
Baffo;;5;0
Água Qlub - Vilamoura;Água Qlub;5;0
Queen Street Club;Queen Street;5;0
Villa Bennici;;5;0
Hall 25;;5;0
ULIA;;5;0
Viar Beach Club;Viar Beach;5;0
Beach Club SO[U]L;;5;0
Thomas Read;;5;0
Luna Springs;;5;0
Zama Beach Club;Zama Beach;5;0
Le Tavernelle;;5;0
Sigurd CPH;;5;0
OVERHEAD I Festung Franzensfeste;;5;0
Giardini del Fierale - Acquaviva (SI);Giardini del Fierale;5;0
Lungomare Falcone Borsellino;;5;0
Philiaz;;5;0
Tag Culture;;5;0
Chalet Sul Lago;;5;0
Poggio Ridente;;5;0
LALUNA I Kränzelhof;;5;0
Torre Caffè;;5;0
Le Dune Beach Club;Le Dune Beach;5;0
Torre Caleo;;5;0
Arena Bocca di Lupo;;5;0
Praterstrand München;;5;0
FP Negoce;;5;0
MS Alexander von Humboldt Boat;;5;0
Caffè del Parco;;5;0
Aranceto Club;Aranceto;5;0
La Peschiera;;5;0
Lido Don Pablo;;5;0
Terrazza Paradiso;;5;0
Fren.Zy Experience 2025;;5;0
Tenuta Chiaramonte;;5;0
Arabesk Disco;Arabesk;5;0
CCLM Boat Party;;5;0
Cannes TFWA 2025;;5;0
In’Side Nightclub;;5;0
The Last Beach;Last Beach;5;0
Campo Sportivo S. Ippolito;;5;0
Parco Ciavocco;;5;0
Lua Beach;;5;0
Torre Vasco da Gama - Babylon 360;Torre Vasco da Gama;5;0
Kumalè;;5;0
Blanco Club;;5;0
Mennea Beach;;5;0
Lido Beach Lounge Cannobio;;5;0
Le Mas de la Plaine;;5;0
Sueño Espresso Bar;;5;0
Quinta Mira Rio;;5;0
Those Who Dance;;5;0
Basis Schlanders;;5;0
Radio Moderne;;5;0
Velvet Club;;5;0
Kalhesa;;5;0
Lilly's Club Paris Fashion Week;;5;0
Padel Yard Reffen Indoors;;5;0
Gleishalle Oberhafen;;5;0
Kent Club;Kent;5;0
GOOSE Eventspace;;5;0
Fundação Champalimaud;;5;0
Vivant, Social Club;Vivant,;5;0
Aeródromo da Maia;;5;0
Astra Kulturhaus;;5;0
Oblivium Sunset;;5;0
Electric Paris;;5;0
Mondojuve Shopping Village;;5;0
San Paolo District;;5;0
You Summer Club Vilamoura;You Summer Club;5;0
BelliFreschi Beach Club;BelliFreschi Beach;5;0
Passeio Marítimo de Alges;;5;0
Botanic District;;5;0
Coffee House Villa Giulia;;5;0
Villa Giulia;;5;0
Lab 54;;5;0
Autodromo di Vallelunga;;5;0
Club Baggerbeest;Baggerbeest;5;0
Spazio Cavea;;5;0
Soluna - Armação de Pêra;Soluna;5;0
Jetlag Open Air;;5;0
Cava Muta;;5;0
Praça Beato;;5;0
Monte da Oliveirinha;;5;0
Cloro;;5;0
Ghota Club;Ghota;5;0
La Cantine;;5;0
Gasolina;;5;0
Giardino Inglese - Parco Mattarella;Giardino Inglese;5;0
Villa Trabia;;5;0
Lucifero Illuminazione;;5;0
Warehouse 303;;5;0
Led Velvet x The Cage at Cocoricò;;5;0
LALUNA I FieraMesse H1 Eventspace;;5;0
Cyborg Disco;;5;0
Westerkerk;;5;0
Santa Hi-Fi Club;Santa Hi-Fi;5;0
Kulturhaus Lana;;5;0
Bada Li';;5;0
Onder Hans;;5;0
Colorais;;5;0
IDB;;5;0
Arzenal Budapest;;5;0
Molo Sant'Eligio;;5;0
Vice Versa;;5;0
Salle Georges Brassens;;5;0
W Florence;;5;0
Casilino Sky Park;;5;0
5ème Anniversaire DRAGSTER;;5;0
Emporio Rondissone;;5;0
Circolo Arci IL PROGRESSO;;5;0
Ristorante Carletto - Pecetto Torinese;Ristorante Carletto;5;0
Viper Club;;5;0
Led Velvet;;5;0
La Soucoupe;;5;0
Le Reborn;;5;0
Slam Skate Bar;;5;0
L’Outside;;5;0
Crazy For Vasco;;5;0
Malcandrino;;5;0
Visionnaire Club;Visionnaire;5;0
Balagan Roma;;5;0
Pineta Napoli;;5;0
Palaghiaccio;;5;0
Six Bar;;5;0
La Biglietteria;;5;0
The Hoxton Rome;Hoxton Rome;5;0
Montresor Tower;;5;0
Palazzo del ghiaccio;;5;0
Qube Disco Roma;;5;0
Nobis Bruneck / Brunico;Nobis Bruneck;5;0
L'Alibi Club;;5;0
Casa Dell'Architettura;;5;0
art'otel;;5;0
Accademia Costume & Moda;;5;0
Tuk Tuk Thai Bar;;5;0
Teatro delle bellezze;delle bellezze;5;0
Barro;;5;0
Tulipane;;5;0
Accademia Artisti;;5;0
Silo Brussels;;5;0
Bovaria;;5;0
WOOM;;5;0
Super G Cortina;;5;0
Villa Madame;;5;0
Bauhaus;;5;0
Hit Discoteca;Hit;5;0
Una Hotels Regina Bari;Una Hotels Regina;5;0
Ponga Club;Ponga;5;0
Casa Vestita;;5;0
Myra Ostraria;;5;0
Angelineria;;5;0
Terzo Tempo;;5;0
Edicola Contemporanea Emporio;;5;0
Pizza Social Club;Pizza;5;0
Manège Fonck;;5;0
Salle L’Alhambra;;5;0
Drilling;;5;0
Les Halles 5;;5;0
Metropolita;;5;0
Void Club;;5;0
Ost Club;Ost;5;0
Loma Liege;Loma;5;0
Sophia Pizzoteca & Bar;;5;0
Nerba;;5;0
Qvinto;;5;0
Auditorium San Francesco al Prato;;5;0
Ecs Dogana;;5;0
Echoes;;5;0
Boomland;;5;0
Coliseu dos Recreios;;5;0
Discoteca Celebrità;;5;0
Christiania Jazz Club & Børneteater;;5;0
Art de Vie;;5;0
Sabajo Concept Bar;;5;0
Floor 17;;5;0
Studio Samen;;5;0
Hub - Casa della Cultura;;5;0
TRUCYS Café Winterhude;;5;0
Postale Feste & Eventi;;5;0
Kantine - Am Berghain;Kantine;5;0
mitte - dolce vita Boutique Padel Club;mitte|mitte - dolce vita Boutique Padel;5;0
Detune;;5;0
The Cellar Club;Cellar;5;0
Castello Volante;;5;0
Ver Season Pass;;5;0
Armazém 8.0 - 8 Marvila;Armazém 8.0;5;0
Area Transumare Fest;;5;0
Le Souplex;;5;0
Finger's Garden;;5;0
LALUNA I Quellenhof;;5;0
Palacio Chiado;;5;0
Chat Noir;;5;0
Cario Club;Cario;5;0
L'Horizon Club;L'Horizon;5;0
Z-Bau;;5;0
Haus 33;;5;0
Die Rakete;;5;0
Santuário;;5;0
Z Point;;5;0
Le Dream Club;Le Dream;5;0
Luna Bar at Parkhotel Mondschein;;5;0
The Pantheon;;5;0
Altes Postlager;;5;0
LOUD;;5;0
Pôle Image;;5;0
Soap House - Ex Saponerie Mira Lanza;Soap House;5;0
Ikon;;5;0
Sage Beach;;5;0
Ballhaus Berlin;Ballhaus;5;0
Padel Yard Jernbanebyen;;5;0
Masseria Pietrasole;;5;0
Trader Hifi;;5;0
Messe Bozen I Fiera Bolzano;Messe Bozen I Fiera;5;0
Mense;;5;0
Puzzle Bar;;5;0
Amare;;5;0
Nieuwe Kerk Den Haag;;5;0
Casa della Contadinanza;;5;0
Seven Club Luxembourg;;5;0
JazzHall;;5;0
Stadt Nürnberg;;5;0
Carl-Orff-Saal (Alter Gasteig);Carl-Orff-Saal;5;0
Filmtheater Sendlinger Tor;;5;0
Graz Orpheum;;5;0
Sala dei Giganti;dei Giganti;5;0
JazzHaus;;5;0
Teatro Dino Buzzati;Dino Buzzati;5;0
Teatro van Westerhout;van Westerhout;5;0
Teatro Mac Mazzieri;Mac Mazzieri;5;0
Summer Beach;;5;0
Villa Marangi;;5;0
Off Market;;5;0
Arsenale Cenci;;5;0
Cace Cultural Porto;Cace Cultural;5;0
Tuxedo;;5;0
Batschkapp;;5;0
Live Music Hall;;5;0
Technikum;;5;0
Kulturzentrum Faust;;5;0
Badawi;;5;0
Bürgersaal Rathaus Naturns;;5;0
Masseria Torrelonga;;5;0
Yuca;;5;0
Chalet Valentino;;5;0
Barberini Palace;;5;0
Castello di Sannicandro di Bari;;5;0
Lift Club;;5;0
Städlin;;5;0
Fusolab;;5;0
Profumo;;5;0
Shari Vari;;5;0
Waldstadion Open Air Trens;;5;0
Opi Arena;;5;0
Lusebar - Domobianca 365;Lusebar;5;0
Laurins Lounge Carezza;;5;0
OVERHEAD I Bolzano;OVERHEAD I;5;0
Ponyhof Club Frankfurt;;5;0
Club Exil;;5;0
Microfase Home;;5;0
Schiefer Areal Dormettingen;;5;0
Palazzo Caracciolo;;5;0
Cuci Club;Cuci;5;0
La Fermata;;5;0
Need Vilamoura;Need;5;0
Exclusiv club Lana;;5;0
Disco Dice Club;Dice;5;0
Flavien Proenca;;5;0
Dogana Catania;Dogana;5;0
Noxis Club Hamburg;Noxis Club;5;0
Bread House;;5;0
TUO;;5;0
Fusion Münster;;5;0
Teatro Il Piccolo;Il Piccolo;5;0
Ossola Events;;5;0
Teatrino di Piazza Marsala;;5;0
Savà Vittoria Lounge Genova;;5;0
Afroschnack;;5;0
The Beerlab Rooftop;Beerlab Rooftop;5;0
M-odu;;5;0
Kassa Hajó;;5;0
Yard White Sand Mountains;;5;0
Chalet Amarena;;5;0
Aos Season Opening;;5;0
Bar Tabac;;5;0
Parco Archeologico di Egnazia;;5;0
Strandhafer Sylt;Strandhafer;5;0
Maxi Discoteca il Globo;;5;0
Stadio Fonte dell'olmo;;5;0
Pavillon Tilsitt;;5;0
Casa Capitão;;5;0
LUDO dine & vibe;;5;0
Ups Ofir;;5;0
Leila;;5;0
Innovation Center Firenze;;5;0
Villa Ciani;;5;0
Quinta Azenhas do Boco;;5;0
Weidendamm;;5;0
L'usine Club;;5;0
Trianglen/Fælledparken;;5;0
Praia do CDS (Barbas);Praia do CDS;5;0
Bocù Genova;;5;0
Maison Rosé;;5;0
Club Pedra do Couto;;5;0
Basement Wiesbaden;;5;0
Bunker Neu-Ulm;;5;0
Coco Loco Bari;;5;0
Palazzo Brancaccio - Spazio Africano;Palazzo Brancaccio;5;0
San Bernardino Mountain Leisure;;5;0
Cibivacco;;5;0
Malzfabrik;;5;0
Le Valmont Club;;5;0
Officine Bellotti;;5;0
Foyer Cafe;;5;0
Georg Elser Halle;;5;0
The Pioneer Experience - Medienschiff;The Pioneer Experience|Pioneer Experience - Medienschiff|Pioneer Experience;5;0
Mandala Beach;;5;0
Shuka Bar;;5;0
Deriva Neukölln;;5;0
Zoona Magnifiique Bolzano;Zoona Magnifiique;5;0
Fonderia delle Arti;;5;0
Villa Noseda;;5;0
LALUNA I Summit Mountain Club;LALUNA I Summit Mountain;5;0
Sin;;5;0
Chalet Club;Chalet;5;0
Vetrère;;5;0
Superfly;;5;0
Dimora Del Sole;;5;0
Victoria Hall;;5;0
Raiffeisen Alpine Lounge;;5;0
The Garden Vauxhall;Garden Vauxhall;5;0
Niji InGalleria;;5;0
Bret Amsterdam;Bret;5;0
Masseria Feudo;;5;0
T&G Agency;;5;0
Sbs cafè;;5;0
Prince Adriatic Resort;;5;0
Ca di Mezzo;;5;0
Badassery;;5;0
Panchina Gigante Di Scaparoni;;5;0
Queeres Zentrum Mannheim;Queeres Zentrum;5;0
UHU Bar;;5;0
Agroittica Siciliana;;5;0
Il Passel;;5;0
Off;;5;0
Motorworld Cologne;Motorworld;5;0
Ex Machina Disco Club;Ex Machina Disco;5;0
Mezzaria Community Hub;;5;0
Unicorn Factory Lisbon;Unicorn Factory;5;0
Club Green Park;Green Park;5;0
Villa Resuttana;;5;0
Zirka;;5;0
Ristorante Al Caiceto;;5;0
Type Club;Type;5;0
Cappella della Madonna della Rosa;;5;0
Arena Villa Peripato;;5;0
DNA Club;;5;0
Lido Genova, lato Caravella;;5;0
Chiesa Valdese di Roma;;5;0
Ubique - Jabal Winery, Tenuta Casella;Ubique;5;0
Aduem Eo;;5;0
Audience;;5;0
Eremo dello Spirito Santo;;5;0
Vybes Club;Vybes;5;0
Ostello Bello Palermo;Ostello Bello;5;0
Het Sieraad;;5;0
Wake n Lake;;5;0
Timone Andora;;5;0
Cittadella di Alessandria;Cittadella di;5;0
Billy's at Berlin;Billy's at;5;0
Billy's Tour in Amsterdam;Billy's Tour in;5;0
Billy's in Munich;Billy's in;5;0
Billy's Vintage in Cologne;Billy's Vintage in;5;0
Zimmerwohnung;;5;0
Rheinwiese Mainz-Kastel;;5;0
Bybaki Hookah Lounge;;5;0
Napoleon Komplex;;5;0
La Prova - Liège;La Prova;5;0
Seven Alma;;5;0
Taverna del grillo;;5;0
AMMOT beachclub;;5;0
Ginarteria;;5;0
En Scred Club;;5;0
Orchideenwelt Gargazon;;5;0
mOtown;;5;0
Necci dal 1924;;5;0
Pavilhão Multiusos de Viseu;Pavilhão Multiusos de;5;0
Folador di Villa Rubini;;5;0
Place du Congres;;5;0
Graf Karl;;5;0
Cantina Rosè;;5;0
Baia San Giorgio;;5;0
Dhārā;;5;0
salmastra & spazio dei pescatori;;5;0
Amavi;;5;0
Lessential;;5;0
Melkior & Bal'tazar;;5;0
Else Klub;;5;0
Lucky Punch Copenhagen;Lucky Punch;5;0
Space For Skate;;5;0
Container Collective;;5;0
Caffè della Vittoria;;5;0
808 Club;808;5;0
Teatro Garibaldi;;5;0
PALOMA l'Atelier (Liège);PALOMA l'Atelier;5;0
Clock Club;Clock;5;0
Mikropol Berlin;Mikropol;5;0
Black Zone;;5;0
Amano Grand Central;;5;0
Spreedampfer;;5;0
LALUNA I Waltherpark Mercato Centrale;;5;0
Beat Boutique;;5;0
Soul Lounge;;5;0
Tranvai;;5;0
K39;;5;0
Favola;;5;0
Brauhaus Knallhütte;;5;0
Sport- und Golf-Resort Gut Wissmannshof;;5;0
Herbsthäuschen;;5;0
Blanco Garden;;5;0
Café Leinpfad;;5;0
Torre Domini;;5;0
Vendome Club Paris;Vendome Club;5;0
Eco Express Waschsalon;;5;0
Lentisco;;5;0
Parco Delle Cave Di Marco Vito;;5;0
Lucky Who;;5;0
Ledera;;5;0
Ex Ma.Ter;;5;0
Suara Beach Club;Suara Beach;5;0
Parco Chico Mendes;;5;0
Praça Amália e o Fado;;5;0
Nüba Jungle;;5;0
Nova Recording Studio;;5;0
La Paillote Bambou;;5;0
Itza La Pyramide;;5;0
Turn Over;;5;0
Palazzina Cinese;;5;0
Bambuko;;5;0
The Cornershop Bar;Cornershop Bar;5;0
Burglehenpark Dorf Tirol;;5;0
El Tiki By Lazo;;5;0
Bugasee;;5;0
Villa Cenci;;5;0
Twiga Milano;;5;0
Twiga Porto Cervo;Twiga;5;0
Uno Malta;;5;0
Lilly's Saint-Tropez;Lilly's;5;0
Villa Domi;;5;0
Laghetto Ledi;;5;0
Point Break Fregene;Point Break;5;0
Apollo Milano;;5;0
Teatro Continuo di Burri;Continuo di Burri;5;0
Griendgarage;;5;0
C.V. Landbouwbelang;;5;0
Castello Miramare Maccarese;;5;0
glimmer;;5;0
Sandhafen;;5;0
Cumeja;;5;0
Tenuta Aniene;;5;0
PalaCorradi;;5;0
RedRum Lisbon;RedRum;5;0
Stef's;;5;0
Vispo;;5;0
Goldberg Studios;;5;0
Kaleido experience;;5;0
PadelX Cremona;PadelX;5;0
O’bar Brussels;;5;0
Kesselhaus München;;5;0
La Voile Bleue - Plage privée;La Voile Bleue;5;0
Bourse/Beurs Rooftop Brussels;Bourse/Beurs Rooftop;5;0
Mojo Jazz Club;Mojo Jazz;5;0
Pados Torino;;5;0
Il Bikini;;5;0
Santomanifesto;;5;0
"Stadio Comunale ""Bernicchi""";;5;0
Anfiteatro Fausto;;5;0
Giulietta al Lago Varese;Giulietta al Lago;5;0
Docebrussels;;5;0
Theata;;5;0
Tinto Terra;;5;0
Area Polivalente Castellazzo Bormida;;5;0
Les Vignes de Châteauneuf-du-Pape;;5;0
Bosco di Alberico;;5;0
Alexandra Hus;;5;0
IKEA Copenhagen;IKEA;5;0
GUD Verbania;GUD;5;0
Ratz Food Market;;5;0
Quebra Beach Club;Quebra Beach;5;0
lieberscholli;;5;0
Spazio Marco Polo;;5;0
Piazza XXIV Maggio;;5;0
Incanto Ristorante;;5;0
Best Point Sport Village;;5;0
Halvandet;;5;0
L’Opificio Italiacamp;;5;0
Piazzale Roma;;5;0
Via Conca d'Oro, 00141 Roma RM;;5;0
Parco Delle Valli;;5;0
Grandangolo;;5;0
Marmalade Studio;;5;0
Tao Experience;;5;0
TUO Bar & Bistro;;5;0
Essigfabrik;;5;0
Palazzo De Gregorio;;5;0
Marmalade Studios;;5;0
Cap 3000;;5;0
Birrificio Lametus;;5;0
Baia Nhà;;5;0
La Romita Summer Club;La Romita Summer;5;0
Castello Sangineto;;5;0
Modular Studio;;5;0
Villa Dei Carrubi;;5;0
Vault Arena;;5;0
THE FLAG Innenhof;FLAG Innenhof;5;0
BeerPong Italia;;5;0
Anfiteatro Cordeschi;;5;0
La Risacca;;5;0
Quai de Heembeek;;5;0
PAL Open Air;;5;0
Le Moon;;5;0
Ristorante Italia;;5;0
Frescura;;5;0
Sporting Feriolo;;5;0
Latta - Fermenti e Miscele;Latta;5;0
Aos Backyard;;5;0
Saphir Arena Club;Saphir Arena;5;0
Casa Lua;;5;0
Stadtparkterrassen;;5;0
Le Bateau Erbatici;;5;0
DeRienzo;;5;0
OVERHEAD I Schloss Runkelstein;;5;0
Terreiro Das Missas;;5;0
Freight Brixton;;5;0
LALUNA I Tarscher Alm;;5;0
Varco 23;;5;0
Cheery on Top;;5;0
Comedy Club Frankfurt;Comedy Club;5;0
Casa Chizo Zé;;5;0
C Beach;;5;0
FIKO By The Beach;;5;0
Sunset vila fest;;5;0
TAK Hannover;TAK;5;0
Nightwash Club;Nightwash;5;0
Packhaus Theater;;5;0
Hebebühne Hamburg;Hebebühne;5;0
La Polveriera;;5;0
Levante Fregene;Levante;5;0
Villa Ulpia;;5;0
Soundgasm;;5;0
Cantina Mario Bagella;;5;0
Ficus;;5;0
Chiosco Civitanova;;5;0
Off Show;;5;0
Mun Camp;;5;0
Donna Vittori - Borgo Agricolo;Donna Vittori;5;0
Parco Meyer;;5;0
Playa De Erno;;5;0
TaunusTurm;;5;0
Substanz;;5;0
Château d'Aubiry;;5;0
Muffathalle;;5;0
Piazza della Chiesa di Diano d’Alba;;5;0
Chefs Warehouse Hamburg;Chefs Warehouse;5;0
Villa Glori;;5;0
Palatenda Caselle;;5;0
Pattaya Club;Pattaya;5;0
Flat Iron Square;;5;0
Rae’s;;5;0
Palmengarten Bar;;5;0
Tyo Tyo;;5;0
Domaine de La Motte Noire;;5;0
Casale del Duca;;5;0
Lago di Viverone;;5;0
Birreghe Terra;;5;0
Südbrücke;;5;0
Monti di Alà dei Sardi;;5;0
Butterfly Bulding;;5;0
Kamaya Beach Club;Kamaya Beach;5;0
Warehouse Elementenstraat;;5;0
Karli Comedy Club;Karli Comedy;5;0
Mod;;5;0
Hilton Brussels Grand Place;;5;0
Locanda 12 Apostoli;;5;0
Ex-Cimitero di San Pietro in Vincoli;;5;0
Mine Summer Fest;;5;0
La Reale Sporting Club;La Reale Sporting;5;0
Casa Canada;;5;0
Nido di Bacco;;5;0
Villa Giulia - Verbania;;5;0
FRAMES wine, food & relax;;5;0
Cascina Santa Margherita;;5;0
Spoiler Food People and Drink;;5;0
Slam - Villa Mercede;Slam;5;0
Laghetto di Tor di Quinto;;5;0
Zona de Lazer da Volta da Lomba;;5;0
UGC Toison d’Or;;5;0
Cinéma Vendôme;;5;0
Materia Terrazza Macro;;5;0
Parco ex Area Pozzi;;5;0
Château De Flaugergues;;5;0
Corte del Medioevo;;5;0
Baia Papaya;;5;0
Heat Beat;;5;0
Elephant Park;;5;0
SAGE Berlin;;5;0
Chiosco by Il Faro;Chiosco;5;0
MyFarini;;5;0
Giardini del Fuenti;;5;0
Ex Bastardini;;5;0
Masseria Scannagatta;;5;0
La Rotonda - Food Rock;;5;0
Tenute Pili;;5;0
Villa e Playground Don Giacomo Donnaloja;;5;0
Hospitalskellerei;;5;0
Café Reitschule;;5;0
VERVE lounge garden;;5;0
Villa Frua;;5;0
Algarve Pub Crawl;;5;0
Teatro Romano;Romano;5;0
Roma Polo Club;Roma Polo;5;0
Experience Factory Antwerp;Experience Factory;5;0
Casa Mundial - Viage;Casa Mundial;5;0
Discus;;5;0
Fuga Experience;;5;0
Lukulule;;5;0
Arena Masseria la Pizzica;;5;0
Albatros Beach Club Area Eventi;;5;0
Thermenplatz Meran;;5;0
Margò Beach Club;Margò Beach;5;0
Terrazzo ~ Rooftop;;5;0
Indra Musikclub;;5;0
LALUNA I Kellerei Bozen;;5;0
VRHQ - Virtual Reality Headquarters;VRHQ;5;0
The Bench Novara;Bench Novara;5;0
Albaia;;5;0
Grotta di San Michele;;5;0
Carnesa;;5;0
Kleiner Schlossplatz;;5;0
Skatehalle;;5;0
Maximiliansstrand;;5;0
"Villa Comunale ""Giuseppe Garibaldi""";;5;0
Fratelli an der Alster;;5;0
Ultima Spiaggia;;5;0
Vogue - Open Air Experience;;5;0
Bagni Cipollini;;5;0
Street Smash Burgers;;5;0
Anfiteatro;;5;0
Quinta das Antilhas;;5;0
Villapiana Country Resort;;5;0
Jardins do Palacio Baldaya;;5;0
Mylana;;5;0
Masseria Angiulli Piccolo;;5;0
Bar do Monte;;5;0
Beach Club La Valletta;;5;0
Joode Lade;;5;0
Stahlwerk;;5;0
Kulturhafen;;5;0
Kalua Lido;;5;0
OST/Viertel;;5;0
Meraviglioso;;5;0
The Bisous;Bisous;5;0
Pirolino Beach;;5;0
Piazza Piccapietra;;5;0
La Marinella Loano;La Marinella;5;0
Rest;;5;0
Schloss Maretsch / Castel Mareccio;Schloss Maretsch;5;0
Padel Frankfurt;Padel;5;0
Sirio Tennis Club;Sirio Tennis;5;0
LALUNA I Weingut J.Hofstätter;;5;0
Frontemare Experience;;5;0
Factory Berlin Strelitzer Str;;5;0
Zai Park;;5;0
Rinascente;;5;0
Sudhaus Kassel;Sudhaus;5;0
Earth;;5;0
Pineta Mirtina;;5;0
Argentario;;5;0
Gutshaus Klein Helle;;5;0
Metamorfosi Park;;5;0
OKTAGONA Brindisi;OKTAGONA;5;0
Clube Caça e Pesca do Alto Douro;;5;0
Dvne Beach Club;Dvne Beach;5;0
Teatro Mario Ceroli;Mario Ceroli;5;0
Gusto Ibleo;;5;0
Post Aperitif Club;Post Aperitif;5;0
Salone Delle Fontane;;5;0
Mangia's Favignana Resort;;5;0
Marearte / Villa delle Palme;Marearte;5;0
Masseria Torcito;;5;0
Oearth Studios;;5;0
Cavo Rooftop;;5;0
Darts Brussels;Darts;5;0
Cais das Pedras;;5;0
ARAXÁ Braga;ARAXÁ;5;0
Protektor Warehouse;;5;0
Tatel Malta;;5;0
Vju im Energiebunker;;5;0
Agrifestival Tarquinia;;5;0
Cobertura da Trindade;;5;0
La Madia;;5;0
Green Heart @ Cloque;;5;0
Sciatt Club;Sciatt;5;0
QB Sestriere;;5;0
Urban Karaoke Namur;Urban Karaoke;5;0
Ta' Qali Basketball Pavilion;;5;0
Kyma Beach Club;Kyma Beach;5;0
La Ciaccia Beach;;5;0
Masseria Popa;;5;0
Castel Boymont;;5;0
Brasserie 1857;;5;0
Azura Summer Club;Azura Summer;5;0
InfoTurmStuttgart (ITS);InfoTurmStuttgart;5;0
Cantine Ligios;;5;0
NRV Clubhaus;;5;0
Kesselhaus Augsburg;Kesselhaus;5;0
Im Wizemann;;5;0
MS Hoppetosse;;5;0
Kalè Beach Club;Kalè Beach;5;0
Coho Beach Club;Coho Beach;5;0
Karlson;;5;0
The Bay Porto Rotondo;Bay Porto Rotondo;5;0
Palazzo La Marmora;;5;0
Mitte - Highline | Boutique Padel Club;Mitte - Highline | Boutique Padel;5;0
Toca Do Sadhu;;5;0
Pink Club;;5;0
Cank;;5;0
Rederij Stiphout;;5;0
I Vigneri di Salvo Foti;;5;0
CHI CHI Lounge Fulda;CHI CHI Lounge;5;0
Anfiteatro La Billellera;;5;0
Greenwood Rooftop;;5;0
Palazzo Arezzo di Trifiletti;;5;0
Jimmi Hütte;;5;0
Barone di Villagrande;;5;0
L’Agora Fattoria Sociale;;5;0
Trinkhall by MAD Café;Trinkhall;5;0
Castel Roncolo - Schloss Runkelstein;Castel Roncolo;5;0
The Circle Paris;Circle Paris;5;0
Jüdisches Museum Frankfurt;Jüdisches Museum;5;0
Costa de Caparica;;5;0
Classico Beach Club;Classico Beach;5;0
Amphithéâtre romain de Fréjus;;5;0
Golfclub Eppan;;5;0
Fábrica XL;;5;0
Align Studio;;5;0
Ex Cantina Sociale Marrubiu;;5;0
Bruit de fond (BDF);Bruit de fond;5;0
Romaero;;5;0
Sunwaves Spring;;5;0
Mountain Village Hasenegg;;5;0
The Swamp;Swamp;5;0
Lido Lana;;5;0
The Flag sky bar;Flag sky bar;5;0
Parco Castello;;5;0
Vista;;5;0
Spaziotempo;;5;0
Spazio Baôm;;5;0
Riserva Natural Experience;;5;0
Ex Teatro;;5;0
Forte dell'Annunziata;;5;0
Kafe Mezès;;5;0
Live Club Zauberberg Passau;Live Club Zauberberg;5;0
Alte Mälzerei;;5;0
Kulturclub schon schön;;5;0
Waldsee;;5;0
Skaters Palace;;5;0
Westand Event & Kultur;;5;0
EXIL live.music.club;;5;0
Audiofficina;;5;0
Salon Du Louvre;;5;0
Ferro Velho;;5;0
Chico Loco;;5;0
Festung Mark (Oberes Gewölbe);Festung Mark;5;0
Golf Beach;;5;0
Quinta do Baião;;5;0
Kooki;;5;0
Podere Monolo;;5;0
Node + Pampa;;5;0
Dock five;;5;0
Circolo dell'Aeronautica Militare;;5;0
Laminor Arena;;5;0
Chiosco Lido di Casalecchio;;5;0
"The Baron""s Hall";"Baron""s Hall";5;0
Le Studio Cannes;;5;0
Die Pumpe;;5;0
DamDam;;5;0
PrimaLinea Studio;;5;0
Praia de Carcavelos;;5;0
Metropolinks Commisary;;5;0
Alta Beach;;5;0
Brasserie 36;;5;0
Galleria;;5;0
Praia de Bafureira;;5;0
Canelas Creative House;;5;0
Cohop;;5;0
Coltura - Listening Bistrot;Coltura;5;0
Niche;;5;0
Pellicano;;5;0
Gutshof Kassel;Gutshof;5;0
Sporting Milano 26 - Disco Club;Sporting Milano 26|Sporting Milano 26 - Disco;5;0
Ostello Bello Bologna;;5;0
Stazione Centrale;;5;0
Department 184;;5;0
Ex Manicomio Santa Maria della Pietà;;5;0
Wallter's Bistro & Kontor;;5;0
Aeroporto Di Padova Gino Allegri;;5;0
Keller Z87;;5;0
Area Spettacolo Pavia;Area Spettacolo;5;0
Eivissa Maastricht;Eivissa;5;0
Outzeit Club;Outzeit;5;0
Al Cavone;;5;0
The Range;Range;5;0
Palazzo Gromo Losa;;5;0
Forte Marghera;;5;0
Avanti Garden;;5;0
Real Albergo Dei Poveri Napoli;;5;0
Money Club Milano;;5;0
Flusso;;5;0
AcquaSanta;;5;0
Azure Club;Azure;5;0
Butschern;;5;0
Salone Comunale Arch. Franco Paglia;;5;0
CLAY;;5;0
Bosco Parrasio;;5;0
Helga;;5;0
Fountain of Justice;;5;0
Piazzale Ankara;;5;0
Area 17 Club;Area 17;5;0
Villa Bussandri;;5;0
Club Bunny;Bunny;5;0
Ex Tranquil Club;Ex Tranquil;5;0
Bunker House;;5;0
Grapes and Plates;;5;0
Château Gravenhof;;5;0
Art Concept;;5;0
THE ORIGINALS Listening Bar;ORIGINALS Listening Bar;5;0
Caos Fest;;5;0
Yellow House Amsterdam;Yellow House;5;0
Il Broletto Food & Drinks;;5;0
Mama Shelter;;5;0
Hiboo Club;;5;0
Minna Thiel;;5;0
Agrobistrot;;5;0
Ballsaal;;5;0
Villa Bria;;5;0
TONO Metzger;;5;0
Ala Polifunzionale Lorenzo Morello;;5;0
Inter60310;;5;0
Mamasita;;5;0
Palazzo dei Congressi;;5;0
Le Moulin de la Solières;;5;0
LAVITA Camp Capitana;;5;0
Elbschmiede;;5;0
Theater des Friedens;;5;0
Hier!;;5;0
Akhnaton;;5;0
50:Hertz;;5;0
Fridas Pier;;5;0
Palavillage;;5;0
